customer_id,signup_date,acquisition_channel,city,segment,order_count,total_spend,avg_order_value,total_units,last_order,session_count,last_session,recency_days,tenure_days,is_vip
1,2022-11-29,ads,Kaohsiung,growth,11.0,80123.75,7283.977272727273,34.0,2025-11-27,32,2025-10-18 14:15:00,34.0,1128,0
2,2023-06-10,social,Taoyuan,new,9.0,31994.75,3554.972222222222,18.0,2025-12-06,29,2025-12-29 03:35:00,25.0,935,0
3,2025-06-09,social,Taipei,growth,9.0,38564.75,4284.972222222223,20.0,2025-12-10,33,2025-12-05 05:47:00,21.0,205,0
4,2024-07-23,partner,Taichung,new,10.0,42867.05,4286.705,23.0,2025-11-12,20,2025-12-27 05:06:00,49.0,526,0
5,2024-11-27,ads,Kaohsiung,vip,17.0,168828.65,9931.097058823529,56.0,2025-10-05,30,2025-10-03 07:19:00,87.0,399,1
6,2024-08-12,social,Hsinchu,growth,8.0,28746.399999999998,3593.2999999999997,14.0,2025-11-17,24,2025-12-16 04:06:00,44.0,506,0
7,2023-10-22,social,Taichung,new,5.0,11464.8,2292.96,7.0,2025-03-10,17,2025-12-30 07:26:00,296.0,801,0
8,2023-04-18,referral,Taipei,vip,22.0,237543.4,10797.427272727273,81.0,2025-12-14,32,2025-12-16 12:31:00,17.0,988,1
9,2024-12-08,referral,Taoyuan,new,6.0,22094.3,3682.383333333333,11.0,2025-12-20,37,2025-12-27 22:50:00,11.0,388,0
10,2024-07-01,ads,Kaohsiung,new,3.0,13352.55,4450.849999999999,5.0,2024-07-11,23,2025-11-25 17:05:00,538.0,548,0
11,2023-11-12,ads,Taichung,growth,5.0,20693.2,4138.64,12.0,2025-08-14,28,2025-11-20 06:10:00,139.0,780,0
12,2023-03-18,ads,Hsinchu,new,7.0,43964.65,6280.664285714286,18.0,2025-09-13,28,2025-12-19 15:20:00,109.0,1019,0
13,2023-08-23,ads,Taoyuan,new,5.0,19386.199999999997,3877.2399999999993,7.0,2025-12-24,15,2025-12-26 17:13:00,7.0,861,0
14,2024-07-19,social,Tainan,new,3.0,11765.7,3921.9,4.0,2025-07-07,16,2025-11-07 07:17:00,177.0,530,0
15,2023-07-21,ads,Taichung,new,11.0,47562.45,4323.859090909091,17.0,2025-10-10,20,2025-12-07 00:22:00,82.0,894,0
16,2024-08-25,partner,Taichung,new,13.0,44701.3,3438.5615384615385,22.0,2025-08-04,31,2025-12-25 12:41:00,149.0,493,0
17,2023-12-03,social,Taichung,growth,6.0,45316.95,7552.825,17.0,2025-10-01,24,2025-12-27 07:34:00,91.0,759,0
18,2023-08-26,ads,Kaohsiung,new,6.0,20142.25,3357.0416666666665,15.0,2025-11-29,33,2025-12-29 10:36:00,32.0,858,0
19,2025-07-07,ads,Kaohsiung,new,6.0,29685.95,4947.658333333334,14.0,2025-06-15,29,2025-12-30 04:30:00,199.0,177,0
20,2025-04-14,social,Kaohsiung,new,8.0,32770.35,4096.29375,15.0,2025-10-21,31,2025-11-21 14:26:00,71.0,261,0
21,2024-09-11,referral,Hsinchu,new,2.0,5278.200000000001,2639.1000000000004,3.0,2025-08-13,17,2025-12-17 22:42:00,140.0,476,0
22,2025-07-19,ads,Tainan,new,3.0,18158.8,6052.933333333333,8.0,2025-09-12,24,2025-11-17 04:51:00,110.0,165,0
23,2025-04-06,social,Taoyuan,new,7.0,24973.25,3567.6071428571427,11.0,2025-07-29,22,2025-12-11 19:41:00,155.0,269,0
24,2025-10-02,social,Hsinchu,growth,8.0,42690.75,5336.34375,21.0,2025-10-17,21,2025-06-25 23:21:00,75.0,90,0
25,2023-02-08,social,Hsinchu,growth,13.0,94477.3,7267.484615384616,43.0,2025-12-14,35,2025-12-28 08:32:00,17.0,1057,0
26,2025-10-01,referral,Taipei,new,8.0,32366.3,4045.7875,18.0,2025-08-08,26,2025-12-29 17:01:00,145.0,91,0
27,2022-12-25,social,Hsinchu,new,14.0,64399.8,4599.9857142857145,31.0,2025-11-26,28,2025-11-18 07:41:00,35.0,1102,0
28,2024-04-22,ads,Kaohsiung,new,9.0,37889.95,4209.9944444444445,18.0,2025-08-21,31,2025-12-01 09:07:00,132.0,618,0
29,2023-03-08,ads,Kaohsiung,new,8.0,18431.45,2303.93125,9.0,2025-12-20,25,2025-12-08 08:33:00,11.0,1029,0
30,2024-08-06,referral,Taipei,new,6.0,11087.55,1847.925,7.0,2025-11-29,25,2025-12-04 06:28:00,32.0,512,0
31,2022-11-29,organic,Taoyuan,growth,7.0,32909.55,4701.364285714286,17.0,2025-07-06,22,2025-11-22 11:56:00,178.0,1128,0
32,2024-07-04,social,Kaohsiung,new,7.0,19203.0,2743.285714285714,15.0,2025-12-09,25,2025-12-14 00:36:00,22.0,545,0
33,2023-07-18,referral,Kaohsiung,new,7.0,17367.850000000002,2481.121428571429,11.0,2025-11-20,28,2025-12-14 22:15:00,41.0,897,0
34,2023-05-05,social,Tainan,vip,18.0,229226.7,12734.816666666668,76.0,2025-12-07,24,2025-12-25 17:56:00,24.0,971,1
35,2024-12-14,ads,Tainan,new,2.0,6394.0,3197.0,4.0,2025-01-20,24,2025-11-22 16:33:00,345.0,382,0
36,2022-12-09,referral,Taichung,growth,10.0,55223.25,5522.325,22.0,2025-12-26,28,2025-11-15 12:55:00,5.0,1118,0
37,2024-07-10,social,Taipei,new,3.0,5793.8,1931.2666666666667,5.0,2025-10-16,30,2025-12-07 16:09:00,76.0,539,0
38,2025-09-13,referral,Taichung,new,5.0,15447.45,3089.4900000000002,11.0,2025-02-20,34,2025-12-20 02:37:00,314.0,109,0
39,2025-05-11,social,Kaohsiung,new,5.0,16638.8,3327.7599999999998,7.0,2025-12-28,24,2025-12-30 11:55:00,3.0,234,0
40,2025-01-04,ads,Taichung,growth,8.0,37057.25,4632.15625,19.0,2025-11-15,19,2025-08-19 23:26:00,46.0,361,0
41,2024-07-16,ads,Kaohsiung,new,8.0,43429.8,5428.725,19.0,2025-10-24,35,2025-12-11 02:27:00,68.0,533,0
42,2023-10-26,social,Taipei,growth,5.0,9974.45,1994.89,12.0,2025-11-22,22,2025-11-26 23:11:00,39.0,797,0
43,2023-04-11,ads,Hsinchu,new,1.0,11607.0,11607.0,4.0,2024-08-18,33,2025-12-11 18:48:00,500.0,995,0
44,2024-12-10,referral,Kaohsiung,vip,19.0,183088.35,9636.228947368421,66.0,2025-12-19,35,2025-11-08 01:04:00,12.0,386,1
45,2022-11-30,referral,Hsinchu,growth,5.0,22544.8,4508.96,10.0,2024-12-03,20,2025-10-15 10:16:00,393.0,1127,0
46,2024-02-20,social,Taipei,new,8.0,20344.75,2543.09375,12.0,2025-12-13,21,2025-12-15 01:37:00,18.0,680,0
47,2023-07-28,ads,Taipei,new,5.0,11692.35,2338.4700000000003,6.0,2025-07-21,26,2025-12-25 12:10:00,163.0,887,0
48,2023-12-01,social,Taichung,new,10.0,39619.2,3961.9199999999996,21.0,2025-11-22,28,2025-11-22 18:36:00,39.0,761,0
49,2025-06-14,social,Taoyuan,vip,14.0,159830.0,11416.42857142857,54.0,2025-12-27,22,2025-12-10 03:20:00,4.0,200,1
50,2024-12-05,social,Taoyuan,growth,10.0,50113.35,5011.335,23.0,2025-11-29,34,2025-12-09 12:13:00,32.0,391,0
51,2025-03-24,partner,Tainan,new,7.0,39593.100000000006,5656.157142857143,16.0,2025-08-31,25,2025-11-27 21:44:00,122.0,282,0
52,2024-05-25,social,Tainan,new,2.0,8469.099999999999,4234.549999999999,4.0,2025-09-09,32,2025-11-02 19:47:00,113.0,585,0
53,2024-03-01,ads,Taipei,new,8.0,41116.799999999996,5139.599999999999,16.0,2025-11-19,24,2025-11-23 14:09:00,42.0,670,0
54,2023-10-23,ads,Taipei,new,7.0,41029.45,5861.349999999999,15.0,2025-12-12,21,2025-12-30 10:37:00,19.0,800,0
55,2024-09-20,ads,Taichung,new,6.0,38784.75,6464.125,19.0,2025-12-14,32,2025-12-22 23:41:00,17.0,467,0
56,2024-08-01,referral,Hsinchu,vip,11.0,129327.85,11757.077272727272,42.0,2025-08-27,44,2025-12-23 12:37:00,126.0,517,1
57,2025-07-17,ads,Kaohsiung,growth,5.0,37638.299999999996,7527.659999999999,14.0,2025-12-12,34,2025-12-09 02:21:00,19.0,167,0
58,2025-09-25,social,Taipei,growth,11.0,46851.5,4259.227272727273,25.0,2025-12-06,31,2025-12-12 11:21:00,25.0,97,0
59,2023-02-26,ads,Taipei,new,8.0,41276.45,5159.55625,15.0,2025-10-10,23,2025-11-28 04:38:00,82.0,1039,0
60,2023-01-02,organic,Tainan,new,3.0,10504.55,3501.5166666666664,5.0,2025-08-28,31,2025-12-27 01:59:00,125.0,1094,0
61,2023-03-08,ads,Tainan,new,5.0,18833.95,3766.79,7.0,2025-09-28,20,2025-11-28 23:38:00,94.0,1029,0
62,2024-08-12,social,Taoyuan,growth,15.0,67753.4,4516.8933333333325,36.0,2025-12-15,30,2025-12-23 19:39:00,16.0,506,0
63,2024-05-16,ads,Taichung,new,8.0,33753.5,4219.1875,12.0,2025-11-06,30,2025-12-25 19:45:00,55.0,594,0
64,2023-06-15,ads,Taoyuan,growth,11.0,55970.3,5088.209090909091,28.0,2025-10-25,25,2025-12-23 05:28:00,67.0,930,0
65,2024-06-17,social,Taichung,growth,6.0,34844.55,5807.425,17.0,2025-11-14,25,2025-12-05 23:06:00,47.0,562,0
66,2024-01-22,social,Kaohsiung,new,3.0,23284.6,7761.533333333333,9.0,2025-12-23,26,2025-12-31 23:33:00,8.0,709,0
67,2024-01-22,social,Tainan,growth,10.0,53711.899999999994,5371.19,25.0,2025-08-11,27,2025-12-13 07:20:00,142.0,709,0
68,2023-06-08,ads,Kaohsiung,new,6.0,15914.65,2652.4416666666666,8.0,2025-07-06,30,2025-12-22 19:10:00,178.0,937,0
69,2025-01-06,referral,Taichung,growth,8.0,33415.15,4176.89375,17.0,2025-11-27,21,2025-12-30 21:08:00,34.0,359,0
70,2025-06-13,ads,Taoyuan,new,8.0,32432.3,4054.0375,13.0,2025-12-25,38,2025-12-08 09:59:00,6.0,201,0
71,2024-01-07,partner,Tainan,new,7.0,32762.9,4680.414285714286,16.0,2025-12-26,28,2025-12-31 14:44:00,5.0,724,0
72,2025-02-14,referral,Kaohsiung,growth,9.0,30377.9,3375.3222222222225,18.0,2025-11-22,36,2025-12-18 06:42:00,39.0,320,0
73,2024-02-17,ads,Kaohsiung,new,9.0,41519.8,4613.311111111111,17.0,2025-12-08,28,2025-12-18 20:38:00,23.0,683,0
74,2023-07-10,ads,Kaohsiung,growth,6.0,19575.8,3262.633333333333,15.0,2025-09-27,22,2025-12-01 03:38:00,95.0,905,0
75,2023-03-06,ads,Taoyuan,new,9.0,30820.05,3424.45,13.0,2025-12-22,26,2025-12-16 18:41:00,9.0,1031,0
76,2024-04-14,ads,Kaohsiung,new,7.0,40822.0,5831.714285714285,15.0,2025-12-11,37,2025-12-09 20:19:00,20.0,626,0
77,2024-01-22,social,Kaohsiung,growth,9.0,46177.1,5130.788888888888,21.0,2025-11-26,28,2025-12-15 10:04:00,35.0,709,0
78,2023-04-10,referral,Tainan,new,4.0,14571.65,3642.9125,9.0,2025-08-30,23,2025-12-21 13:08:00,123.0,996,0
79,2023-01-03,organic,Hsinchu,new,5.0,25289.3,5057.86,11.0,2025-11-12,19,2025-11-23 16:42:00,49.0,1093,0
80,2023-07-08,organic,Taichung,new,4.0,13955.45,3488.8625,7.0,2025-08-04,28,2025-12-27 01:59:00,149.0,907,0
81,2024-11-13,social,Tainan,new,5.0,12583.45,2516.69,5.0,2025-10-29,38,2025-12-17 15:40:00,63.0,413,0
82,2023-12-22,ads,Hsinchu,new,2.0,3192.0,1596.0,3.0,2025-12-23,26,2025-12-05 20:31:00,8.0,740,0
83,2025-09-12,ads,Taipei,new,9.0,19354.85,2150.538888888889,12.0,2025-11-12,33,2025-11-30 23:07:00,49.0,110,0
84,2023-08-18,ads,Hsinchu,growth,15.0,91277.45,6085.163333333333,36.0,2025-12-26,29,2025-12-27 08:53:00,5.0,866,0
85,2025-09-17,ads,Taoyuan,new,4.0,18231.0,4557.75,7.0,2025-01-02,34,2025-12-05 01:43:00,363.0,105,0
86,2024-10-09,social,Taipei,new,9.0,36901.35,4100.15,14.0,2025-11-27,25,2025-12-19 00:40:00,34.0,448,0
87,2025-10-25,social,Hsinchu,growth,13.0,73956.7,5688.9769230769225,28.0,2025-12-21,34,2025-12-03 04:54:00,10.0,67,0
88,2025-08-26,ads,Taichung,new,14.0,43388.350000000006,3099.1678571428574,26.0,2025-09-19,30,2025-12-29 08:55:00,103.0,127,0
89,2023-11-11,ads,Kaohsiung,new,11.0,45912.0,4173.818181818182,17.0,2025-12-27,30,2025-10-31 07:31:00,4.0,781,0
90,2025-12-01,organic,Tainan,new,6.0,32475.65,5412.608333333334,11.0,2025-10-29,23,2025-10-13 03:31:00,63.0,30,0
91,2023-04-24,organic,Taipei,new,2.0,839.25,419.625,2.0,2025-10-28,24,2025-11-30 03:28:00,64.0,982,0
92,2024-05-10,referral,Tainan,new,9.0,34839.1,3871.011111111111,16.0,2025-12-18,33,2025-12-18 16:53:00,13.0,600,0
93,2025-02-13,referral,Taipei,growth,4.0,15793.900000000001,3948.4750000000004,8.0,2025-09-04,25,2025-12-25 18:53:00,118.0,321,0
94,2024-01-22,referral,Taoyuan,growth,12.0,66124.75,5510.395833333333,34.0,2025-12-18,37,2025-11-24 16:52:00,13.0,709,0
95,2025-02-15,social,Kaohsiung,new,6.0,18069.2,3011.5333333333333,9.0,2025-08-15,25,2025-12-30 04:41:00,138.0,319,0
96,2023-02-26,ads,Taichung,new,6.0,21168.0,3528.0,8.0,2025-11-24,30,2025-12-10 04:21:00,37.0,1039,0
97,2024-10-21,ads,Hsinchu,new,4.0,15044.9,3761.225,9.0,2025-06-10,28,2025-10-15 08:03:00,204.0,436,0
98,2025-11-09,referral,Taipei,new,5.0,12016.800000000001,2403.36,9.0,2025-06-07,24,2025-11-12 11:54:00,207.0,52,0
99,2025-02-03,social,Taoyuan,vip,19.0,206892.80000000002,10889.094736842106,72.0,2025-12-29,26,2025-10-23 04:21:00,2.0,331,1
100,2024-06-20,ads,Hsinchu,growth,8.0,46131.95,5766.49375,23.0,2025-11-02,23,2025-12-01 01:20:00,59.0,559,0
101,2023-12-29,referral,Taipei,growth,7.0,45526.85,6503.835714285714,21.0,2025-03-31,24,2025-12-03 08:00:00,275.0,733,0
102,2023-07-22,ads,Taoyuan,new,7.0,35874.8,5124.971428571429,13.0,2025-12-19,26,2025-12-28 01:28:00,12.0,893,0
103,2023-11-04,social,Taichung,new,9.0,24461.65,2717.961111111111,12.0,2025-12-23,26,2025-11-29 06:48:00,8.0,788,0
104,2024-04-01,referral,Taichung,growth,11.0,55365.8,5033.254545454546,29.0,2025-12-13,30,2025-11-21 05:44:00,18.0,639,0
105,2024-04-02,referral,Kaohsiung,new,5.0,12725.45,2545.09,7.0,2025-10-04,29,2025-12-24 11:10:00,88.0,638,0
106,2022-12-21,social,Taichung,new,7.0,23268.8,3324.1142857142854,14.0,2025-10-11,26,2025-11-28 11:27:00,81.0,1106,0
107,2024-07-21,partner,Tainan,new,5.0,21463.25,4292.65,11.0,2025-09-30,38,2025-12-23 18:52:00,92.0,528,0
108,2022-12-04,referral,Taoyuan,new,5.0,25154.4,5030.88,8.0,2025-12-23,27,2025-11-24 11:11:00,8.0,1123,0
109,2025-03-03,ads,Taipei,growth,10.0,49765.95,4976.594999999999,23.0,2025-12-25,26,2025-12-29 05:41:00,6.0,303,0
110,2022-12-11,referral,Kaohsiung,growth,13.0,67902.75,5223.288461538462,30.0,2025-12-20,29,2025-11-28 07:43:00,11.0,1116,0
111,2024-09-19,organic,Taichung,new,7.0,27631.1,3947.2999999999997,13.0,2025-06-29,32,2025-12-31 13:34:00,185.0,468,0
112,2024-02-14,ads,Taoyuan,vip,18.0,198791.8,11043.988888888889,66.0,2025-12-26,33,2025-10-03 04:58:00,5.0,686,1
113,2025-07-29,partner,Hsinchu,new,6.0,35650.15,5941.691666666667,14.0,2025-02-19,25,2025-12-22 23:40:00,315.0,155,0
114,2025-09-27,partner,Taichung,new,7.0,21603.25,3086.1785714285716,10.0,2025-04-24,21,2025-12-30 18:45:00,251.0,95,0
115,2024-08-29,partner,Taichung,vip,18.0,185708.4,10317.133333333333,66.0,2025-12-13,20,2025-12-07 08:04:00,18.0,489,1
116,2023-05-05,partner,Taipei,growth,11.0,79236.95,7203.359090909091,31.0,2025-12-10,21,2025-11-18 06:27:00,21.0,971,0
117,2025-10-04,referral,Taoyuan,new,7.0,31943.95,4563.421428571429,12.0,2025-05-07,29,2025-12-29 03:47:00,238.0,88,0
118,2023-07-14,referral,Taipei,growth,3.0,5222.200000000001,1740.7333333333336,4.0,2025-10-14,32,2025-12-19 15:24:00,78.0,901,0
119,2023-02-08,referral,Taoyuan,new,6.0,18228.1,3038.0166666666664,10.0,2025-12-17,25,2025-11-06 04:08:00,14.0,1057,0
120,2024-11-21,ads,Taipei,new,6.0,25111.75,4185.291666666667,12.0,2025-08-31,31,2025-12-12 17:51:00,122.0,405,0
121,2023-12-17,ads,Tainan,growth,11.0,78337.15,7121.559090909091,32.0,2025-09-30,30,2025-12-20 18:54:00,92.0,745,0
122,2024-10-29,referral,Tainan,new,5.0,11219.85,2243.9700000000003,8.0,2025-06-27,26,2025-12-19 16:36:00,187.0,428,0
123,2023-11-08,referral,Taichung,new,6.0,15440.2,2573.366666666667,10.0,2025-11-12,25,2025-12-17 23:22:00,49.0,784,0
124,2025-05-20,social,Taoyuan,new,4.0,14244.05,3561.0125,8.0,2025-08-22,29,2025-12-08 13:53:00,131.0,225,0
125,2024-08-26,ads,Taichung,new,9.0,28859.399999999998,3206.6,16.0,2025-11-19,26,2025-12-21 20:52:00,42.0,492,0
126,2025-08-29,ads,Taichung,new,4.0,7971.45,1992.8625,7.0,2025-05-06,22,2025-12-21 19:40:00,239.0,124,0
127,2025-11-05,ads,Taoyuan,growth,9.0,35089.6,3898.8444444444444,17.0,2025-06-19,25,2025-12-25 18:11:00,195.0,56,0
128,2024-06-05,social,Taichung,new,8.0,43623.45,5452.93125,17.0,2025-08-31,23,2025-11-20 07:01:00,122.0,574,0
129,2022-12-06,organic,Taipei,growth,6.0,30303.25,5050.541666666667,14.0,2025-10-10,35,2025-12-04 00:49:00,82.0,1121,0
130,2023-03-14,social,Taoyuan,new,5.0,6212.099999999999,1242.4199999999998,8.0,2025-10-07,32,2025-12-29 02:56:00,85.0,1023,0
131,2025-05-29,referral,Tainan,growth,11.0,53512.200000000004,4864.745454545455,25.0,2025-11-23,34,2025-12-07 06:57:00,38.0,216,0
132,2023-06-28,organic,Taichung,new,7.0,16109.55,2301.3642857142854,10.0,2025-06-05,33,2025-12-25 09:56:00,209.0,917,0
133,2024-01-16,referral,Taichung,growth,6.0,32430.0,5405.0,13.0,2025-01-11,29,2025-12-06 11:08:00,354.0,715,0
134,2025-09-18,social,Kaohsiung,new,9.0,55181.9,6131.322222222222,24.0,2025-10-30,29,2025-12-12 20:24:00,62.0,104,0
135,2023-10-29,social,Tainan,growth,8.0,54185.4,6773.175,27.0,2025-05-05,32,2025-12-31 08:52:00,240.0,794,0
136,2024-02-24,partner,Taipei,new,4.0,12980.75,3245.1875,7.0,2025-09-30,24,2025-12-13 21:32:00,92.0,676,0
137,2024-03-09,ads,Taoyuan,new,6.0,12932.9,2155.483333333333,7.0,2025-10-27,31,2025-12-13 21:18:00,65.0,662,0
138,2023-10-02,partner,Taoyuan,new,3.0,21583.6,7194.533333333333,10.0,2025-08-26,33,2025-12-22 06:15:00,127.0,821,0
139,2025-04-21,ads,Hsinchu,new,8.0,33745.5,4218.1875,16.0,2025-11-26,27,2025-12-22 04:28:00,35.0,254,0
140,2025-02-10,referral,Kaohsiung,new,5.0,10233.75,2046.75,8.0,2025-12-28,28,2025-12-10 01:16:00,3.0,324,0
141,2024-09-17,social,Tainan,new,3.0,16001.5,5333.833333333333,7.0,2025-04-26,24,2025-12-08 00:29:00,249.0,470,0
142,2022-12-05,social,Taoyuan,new,8.0,26674.05,3334.25625,11.0,2025-09-28,25,2025-12-05 14:40:00,94.0,1122,0
143,2025-08-09,ads,Taoyuan,new,3.0,7855.1,2618.366666666667,5.0,2024-08-26,27,2025-12-29 23:50:00,492.0,144,0
144,2025-03-24,ads,Hsinchu,new,10.0,48352.1,4835.21,19.0,2025-12-01,33,2025-12-24 14:14:00,30.0,282,0
145,2023-10-11,referral,Taoyuan,new,7.0,24066.9,3438.128571428572,13.0,2025-11-17,30,2025-12-22 15:36:00,44.0,812,0
146,2023-10-04,ads,Taipei,new,5.0,19026.4,3805.28,9.0,2025-03-27,36,2025-12-27 09:59:00,279.0,819,0
147,2025-04-30,social,Kaohsiung,new,5.0,13866.05,2773.21,11.0,2025-11-25,34,2025-12-28 08:54:00,36.0,245,0
148,2025-02-18,referral,Tainan,vip,11.0,133278.75,12116.25,44.0,2025-11-21,28,2025-12-16 01:50:00,40.0,316,1
149,2023-07-20,organic,Taoyuan,vip,10.0,89202.45,8920.244999999999,33.0,2025-10-12,25,2025-11-24 18:12:00,80.0,895,1
150,2024-10-19,social,Tainan,vip,13.0,106674.0,8205.692307692309,38.0,2025-12-29,26,2025-12-08 11:19:00,2.0,438,1
151,2024-02-04,referral,Kaohsiung,new,9.0,53011.85,5890.205555555555,22.0,2025-12-05,21,2025-11-27 00:41:00,26.0,696,0
152,2024-10-20,social,Taoyuan,growth,11.0,49166.549999999996,4469.686363636363,24.0,2025-11-24,22,2025-11-15 00:18:00,37.0,437,0
153,2023-07-21,partner,Taoyuan,growth,8.0,38474.2,4809.275,22.0,2025-08-16,32,2025-12-29 20:18:00,137.0,894,0
154,2023-10-04,social,Taoyuan,vip,14.0,153668.2,10976.300000000001,57.0,2025-11-26,42,2025-12-24 02:48:00,35.0,819,1
155,2024-07-18,referral,Hsinchu,new,5.0,9789.95,1957.9900000000002,6.0,2025-05-26,19,2025-11-07 11:40:00,219.0,531,0
156,2025-05-30,ads,Kaohsiung,growth,8.0,36497.4,4562.175,15.0,2025-10-02,47,2025-12-16 23:05:00,90.0,215,0
157,2025-11-16,social,Tainan,growth,6.0,59421.0,9903.5,19.0,2025-09-24,24,2025-10-05 11:00:00,98.0,45,0
158,2024-07-20,ads,Kaohsiung,growth,5.0,20858.7,4171.74,12.0,2025-05-10,29,2025-12-25 04:51:00,235.0,529,0
159,2024-01-17,social,Kaohsiung,new,8.0,16288.2,2036.025,12.0,2025-12-06,34,2025-12-18 13:49:00,25.0,714,0
160,2024-03-19,social,Taipei,new,4.0,14605.900000000001,3651.4750000000004,5.0,2025-09-10,33,2025-11-30 21:54:00,112.0,652,0
161,2023-10-12,referral,Taichung,growth,13.0,82613.25,6354.865384615385,36.0,2025-11-08,31,2025-12-20 15:59:00,53.0,811,0
162,2024-11-02,referral,Taichung,new,8.0,33268.9,4158.6125,13.0,2025-11-24,31,2025-12-23 07:58:00,37.0,424,0
163,2024-10-08,social,Taichung,growth,8.0,30739.85,3842.48125,16.0,2025-08-20,32,2025-12-23 10:11:00,133.0,449,0
164,2024-01-25,social,Kaohsiung,new,3.0,28433.2,9477.733333333334,11.0,2025-05-09,23,2025-12-10 15:22:00,236.0,706,0
165,2022-12-04,ads,Taipei,new,8.0,27149.800000000003,3393.7250000000004,10.0,2025-08-19,18,2025-12-30 16:24:00,134.0,1123,0
166,2025-02-25,ads,Taoyuan,new,6.0,37929.65,6321.608333333334,16.0,2025-12-22,26,2025-12-31 20:14:00,9.0,309,0
167,2024-09-07,referral,Taipei,growth,7.0,14039.5,2005.642857142857,10.0,2025-12-29,27,2025-10-04 19:17:00,2.0,480,0
168,2024-06-23,social,Hsinchu,new,2.0,16638.8,8319.4,6.0,2025-04-07,33,2025-12-08 07:22:00,268.0,556,0
169,2022-12-12,organic,Taichung,new,4.0,13141.75,3285.4375,6.0,2025-06-09,29,2025-10-13 19:40:00,205.0,1115,0
170,2024-01-18,referral,Tainan,new,6.0,24458.649999999998,4076.441666666666,9.0,2025-09-03,24,2025-12-12 12:37:00,119.0,713,0
171,2025-04-17,referral,Taipei,new,3.0,6758.8,2252.9333333333334,4.0,2025-12-29,25,2025-11-08 04:27:00,2.0,258,0
172,2025-05-09,social,Taipei,new,8.0,31035.1,3879.3875,14.0,2025-11-23,24,2025-12-29 19:06:00,38.0,236,0
173,2024-10-15,ads,Tainan,growth,12.0,58035.450000000004,4836.2875,30.0,2025-10-08,23,2025-12-28 03:24:00,84.0,442,0
174,2025-11-30,partner,Taoyuan,new,7.0,26818.3,3831.1857142857143,9.0,2025-10-07,31,2025-10-04 07:16:00,85.0,31,0
175,2025-04-29,social,Kaohsiung,vip,18.0,152307.7,8461.53888888889,60.0,2025-12-23,38,2025-12-04 12:46:00,8.0,246,1
176,2023-08-22,partner,Taichung,new,4.0,19106.949999999997,4776.737499999999,11.0,2025-04-27,33,2025-12-22 18:06:00,248.0,862,0
177,2023-10-29,social,Hsinchu,growth,7.0,21507.35,3072.4785714285713,12.0,2025-11-27,31,2025-12-14 23:01:00,34.0,794,0
178,2023-01-16,ads,Taipei,new,3.0,9093.150000000001,3031.0500000000006,5.0,2025-06-30,28,2025-12-31 18:40:00,184.0,1080,0
179,2024-01-13,partner,Taipei,new,11.0,28579.199999999997,2598.109090909091,16.0,2025-12-17,28,2025-11-06 02:50:00,14.0,718,0
180,2024-05-15,organic,Tainan,new,6.0,17948.25,2991.375,8.0,2025-09-07,29,2025-12-10 05:03:00,115.0,595,0
181,2023-11-12,social,Tainan,new,4.0,4356.25,1089.0625,5.0,2025-11-17,24,2025-12-27 05:57:00,44.0,780,0
182,2024-02-05,referral,Taipei,new,9.0,29263.0,3251.4444444444443,13.0,2025-11-04,26,2025-12-26 03:33:00,57.0,695,0
183,2023-03-07,ads,Taoyuan,new,2.0,4843.75,2421.875,2.0,2025-12-08,34,2025-12-19 05:24:00,23.0,1030,0
184,2025-05-28,ads,Taichung,new,4.0,6208.3,1552.075,6.0,2025-06-29,30,2025-12-26 22:34:00,185.0,217,0
185,2023-04-14,organic,Taipei,new,12.0,68402.6,5700.216666666667,25.0,2025-12-28,38,2025-12-26 02:58:00,3.0,992,0
186,2023-07-10,ads,Tainan,new,6.0,34006.9,5667.816666666667,15.0,2025-12-25,35,2025-11-27 11:43:00,6.0,905,0
187,2025-05-17,ads,Taoyuan,new,6.0,38562.05,6427.008333333334,13.0,2025-10-06,26,2025-11-19 19:28:00,86.0,228,0
188,2023-01-28,ads,Tainan,new,4.0,8817.75,2204.4375,7.0,2025-08-25,25,2025-12-31 16:04:00,128.0,1068,0
189,2023-04-15,partner,Taipei,new,6.0,22117.05,3686.1749999999997,9.0,2025-12-29,31,2025-12-13 23:57:00,2.0,991,0
190,2024-03-11,partner,Tainan,new,5.0,21239.95,4247.99,7.0,2025-10-08,32,2025-12-02 17:45:00,84.0,660,0
191,2024-02-13,ads,Hsinchu,new,8.0,24577.2,3072.15,13.0,2025-12-18,31,2025-11-23 06:40:00,13.0,687,0
192,2025-01-08,ads,Taichung,new,4.0,24317.199999999997,6079.299999999999,10.0,2025-07-26,30,2025-12-29 22:59:00,158.0,357,0
193,2024-06-25,organic,Hsinchu,growth,6.0,46587.0,7764.5,21.0,2025-09-10,29,2025-12-23 10:46:00,112.0,554,0
194,2023-10-26,social,Tainan,growth,4.0,18189.6,4547.4,11.0,2025-11-23,20,2025-12-14 05:44:00,38.0,797,0
195,2025-09-23,partner,Kaohsiung,vip,22.0,244613.3,11118.786363636364,84.0,2025-12-17,30,2025-12-29 02:46:00,14.0,99,1
196,2025-09-26,social,Taoyuan,new,13.0,55589.4,4276.107692307693,18.0,2025-12-07,31,2025-12-22 21:46:00,24.0,96,0
197,2025-09-05,organic,Kaohsiung,new,8.0,24332.0,3041.5,11.0,2025-11-27,27,2025-12-03 10:06:00,34.0,117,0
198,2024-01-18,social,Taoyuan,growth,14.0,45438.1,3245.578571428571,26.0,2025-11-25,29,2025-12-01 17:11:00,36.0,713,0
199,2023-07-31,social,Taipei,new,2.0,6580.0,3290.0,3.0,2024-01-21,29,2025-11-07 22:40:00,710.0,884,0
200,2024-06-30,referral,Tainan,vip,15.0,80933.85,5395.59,37.0,2025-12-01,27,2025-12-12 00:16:00,30.0,549,1
201,2023-08-30,ads,Taoyuan,growth,7.0,34509.95,4929.992857142856,15.0,2025-12-06,34,2025-12-09 05:08:00,25.0,854,0
202,2022-12-26,organic,Tainan,growth,10.0,59949.95,5994.995,23.0,2025-11-07,27,2025-12-16 16:42:00,54.0,1101,0
203,2024-02-06,organic,Taipei,vip,22.0,239230.8,10874.127272727272,81.0,2025-11-10,15,2025-12-10 05:14:00,51.0,694,1
204,2023-09-28,ads,Tainan,new,8.0,40086.700000000004,5010.837500000001,15.0,2025-08-21,29,2025-12-24 02:19:00,132.0,825,0
205,2023-08-29,referral,Taipei,new,6.0,27146.4,4524.400000000001,13.0,2025-11-07,23,2025-10-07 11:14:00,54.0,855,0
206,2025-10-10,social,Taichung,new,3.0,11611.1,3870.366666666667,5.0,2025-11-06,22,2025-10-08 04:21:00,55.0,82,0
207,2023-05-30,social,Kaohsiung,new,5.0,20780.65,4156.13,11.0,2025-11-24,34,2025-12-08 18:39:00,37.0,946,0
208,2024-05-08,social,Taipei,new,4.0,20671.399999999998,5167.849999999999,8.0,2025-12-05,27,2025-12-31 11:09:00,26.0,602,0
209,2024-01-11,ads,Tainan,new,4.0,15790.55,3947.6375,9.0,2025-08-19,34,2025-12-10 21:12:00,134.0,720,0
210,2025-04-10,partner,Kaohsiung,new,6.0,30305.1,5050.849999999999,12.0,2025-08-13,31,2025-12-05 21:39:00,140.0,265,0
211,2025-08-15,social,Hsinchu,growth,9.0,44652.6,4961.4,24.0,2025-08-13,19,2025-12-15 06:37:00,140.0,138,0
212,2025-06-18,social,Taichung,new,2.0,7859.1,3929.55,3.0,2025-11-02,36,2025-12-13 17:19:00,59.0,196,0
213,2025-11-26,social,Taipei,new,9.0,33473.7,3719.2999999999997,14.0,2025-11-14,29,2025-10-31 04:52:00,47.0,35,0
214,2023-05-24,ads,Tainan,growth,7.0,33034.55,4719.221428571429,17.0,2025-12-31,32,2025-12-18 09:21:00,0.0,952,0
215,2024-06-15,social,Taipei,growth,13.0,74885.7,5760.4384615384615,40.0,2025-09-04,31,2025-11-27 14:03:00,118.0,564,0
216,2025-02-07,referral,Taipei,growth,8.0,61530.2,7691.275,22.0,2025-12-08,30,2025-12-29 11:48:00,23.0,327,0
217,2024-01-18,ads,Taichung,growth,8.0,29067.65,3633.45625,21.0,2025-10-30,32,2025-10-18 12:21:00,62.0,713,0
218,2023-12-03,social,Taoyuan,growth,10.0,35411.35,3541.1349999999998,20.0,2025-11-08,26,2025-12-09 03:41:00,53.0,759,0
219,2023-02-28,ads,Taoyuan,growth,8.0,68745.0,8593.125,28.0,2025-11-14,24,2025-12-31 15:19:00,47.0,1037,0
220,2023-10-20,social,Hsinchu,growth,9.0,48489.15,5387.683333333333,27.0,2025-12-28,26,2025-10-27 20:47:00,3.0,803,0
221,2024-02-21,referral,Taipei,new,4.0,19478.85,4869.7125,11.0,2025-08-09,31,2025-11-01 04:06:00,144.0,679,0
222,2022-12-07,organic,Taichung,growth,5.0,48272.7,9654.539999999999,20.0,2025-08-06,33,2025-12-16 09:02:00,147.0,1120,0
223,2023-06-10,ads,Kaohsiung,new,5.0,15683.2,3136.6400000000003,10.0,2025-12-10,20,2025-12-29 13:51:00,21.0,935,0
224,2024-11-04,organic,Taipei,new,3.0,13088.45,4362.816666666667,9.0,2025-04-20,33,2025-11-27 23:22:00,255.0,422,0
225,2024-06-07,partner,Tainan,new,9.0,38004.25,4222.694444444444,20.0,2025-12-10,22,2025-11-12 13:37:00,21.0,572,0
226,2024-06-28,ads,Tainan,new,6.0,31290.75,5215.125,14.0,2025-12-10,20,2025-11-28 13:32:00,21.0,551,0
227,2024-09-29,ads,Taoyuan,new,7.0,14134.9,2019.2714285714285,12.0,2025-12-22,25,2025-12-27 10:30:00,9.0,458,0
228,2023-04-16,ads,Kaohsiung,new,7.0,24368.45,3481.207142857143,13.0,2025-08-26,34,2025-12-28 14:21:00,127.0,990,0
229,2024-01-25,social,Taipei,new,10.0,30625.85,3062.585,17.0,2025-10-29,27,2025-08-24 03:36:00,63.0,706,0
230,2025-05-31,organic,Kaohsiung,new,7.0,31050.1,4435.728571428571,15.0,2025-10-29,31,2025-12-10 11:27:00,63.0,214,0
231,2022-12-29,ads,Taichung,new,4.0,10940.35,2735.0875,5.0,2025-12-21,31,2025-11-11 17:12:00,10.0,1098,0
232,2024-04-11,social,Kaohsiung,new,9.0,38195.3,4243.922222222222,18.0,2025-11-15,29,2025-12-01 08:54:00,46.0,629,0
233,2023-06-20,referral,Hsinchu,vip,18.0,230839.05,12824.391666666666,78.0,2025-12-23,32,2025-12-25 09:16:00,8.0,925,1
234,2024-04-08,ads,Hsinchu,new,9.0,46270.2,5141.133333333333,19.0,2025-11-19,22,2025-12-26 02:08:00,42.0,632,0
235,2023-01-16,social,Taoyuan,growth,11.0,57098.9,5190.809090909091,28.0,2025-10-23,30,2025-12-14 00:07:00,69.0,1080,0
236,2025-02-27,ads,Taichung,vip,23.0,251884.8,10951.51304347826,83.0,2025-11-23,15,2025-11-21 21:26:00,38.0,307,1
237,2025-10-04,partner,Taipei,growth,11.0,54365.799999999996,4942.345454545454,30.0,2025-10-10,22,2025-11-13 10:27:00,82.0,88,0
238,2024-05-03,referral,Kaohsiung,vip,19.0,202764.85,10671.834210526316,78.0,2025-10-16,35,2025-11-11 02:40:00,76.0,607,1
239,2024-12-15,referral,Hsinchu,new,12.0,77799.35,6483.279166666667,33.0,2025-04-01,28,2025-11-09 19:13:00,274.0,381,0
240,2025-11-29,partner,Hsinchu,growth,9.0,48676.35,5408.483333333334,20.0,2025-11-08,27,2025-12-12 06:23:00,53.0,32,0
241,2024-08-10,social,Hsinchu,new,6.0,42062.0,7010.333333333333,14.0,2025-11-17,19,2025-12-16 17:07:00,44.0,508,0
242,2023-03-16,referral,Taipei,new,5.0,19083.95,3816.79,10.0,2025-12-05,35,2025-12-15 17:01:00,26.0,1021,0
243,2022-11-27,ads,Taoyuan,new,5.0,7527.5,1505.5,6.0,2025-06-08,30,2025-12-30 04:49:00,206.0,1130,0
244,2023-06-21,ads,Taichung,new,7.0,28608.15,4086.878571428572,13.0,2025-11-03,27,2025-12-18 23:49:00,58.0,924,0
245,2023-03-20,ads,Hsinchu,growth,9.0,47920.75,5324.527777777777,21.0,2025-09-03,25,2025-12-09 01:05:00,119.0,1017,0
246,2024-09-05,partner,Taipei,growth,10.0,55141.25,5514.125,23.0,2025-11-18,32,2025-12-02 20:16:00,43.0,482,0
247,2023-07-31,ads,Hsinchu,growth,11.0,46934.7,4266.790909090909,24.0,2025-12-01,26,2025-11-26 13:32:00,30.0,884,0
248,2024-11-25,partner,Kaohsiung,vip,18.0,174541.15,9696.730555555556,70.0,2025-12-24,29,2025-12-13 15:49:00,7.0,401,1
249,2024-12-10,referral,Taichung,new,1.0,3867.0,3867.0,1.0,2024-12-06,27,2025-12-09 15:01:00,390.0,386,0
250,2024-05-29,social,Hsinchu,growth,7.0,39463.75,5637.678571428572,18.0,2025-11-27,27,2025-12-18 16:05:00,34.0,581,0
251,2024-01-21,ads,Taichung,new,7.0,17623.899999999998,2517.7,10.0,2025-11-28,25,2025-11-09 03:25:00,33.0,710,0
252,2024-11-24,referral,Hsinchu,new,7.0,25781.3,3683.042857142857,12.0,2025-11-25,27,2025-12-03 12:11:00,36.0,402,0
253,2023-08-22,partner,Hsinchu,new,5.0,15312.8,3062.56,6.0,2025-06-25,33,2025-11-13 01:06:00,189.0,862,0
254,2023-12-31,referral,Tainan,new,4.0,10764.449999999999,2691.1124999999997,5.0,2025-08-21,27,2025-12-23 23:01:00,132.0,731,0
255,2024-11-30,ads,Taipei,new,10.0,37511.1,3751.1099999999997,16.0,2025-11-23,22,2025-12-12 01:23:00,38.0,396,0
256,2023-02-11,social,Taichung,growth,8.0,41825.05,5228.13125,17.0,2025-12-01,17,2025-11-08 11:35:00,30.0,1054,0
257,2025-11-20,ads,Taipei,new,7.0,37294.75,5327.821428571428,15.0,2025-01-17,22,2025-11-28 19:21:00,348.0,41,0
258,2025-04-18,organic,Taipei,new,6.0,16464.35,2744.058333333333,9.0,2025-12-25,31,2025-12-31 23:50:00,6.0,257,0
259,2024-08-06,social,Kaohsiung,growth,12.0,74924.65,6243.720833333333,27.0,2025-11-07,33,2025-12-28 07:44:00,54.0,512,0
260,2023-07-24,social,Tainan,vip,22.0,246020.94999999998,11182.770454545454,87.0,2025-12-22,33,2025-12-02 13:43:00,9.0,891,1
261,2024-06-20,social,Hsinchu,growth,7.0,53614.9,7659.271428571429,23.0,2025-11-06,15,2025-12-02 15:05:00,55.0,559,0
262,2024-07-15,social,Tainan,growth,15.0,77903.15,5193.543333333333,42.0,2025-12-22,28,2025-11-13 07:58:00,9.0,534,0
263,2025-06-24,social,Taoyuan,growth,8.0,33244.2,4155.525,21.0,2025-10-09,19,2025-12-31 19:08:00,83.0,190,0
264,2023-01-08,social,Taichung,new,9.0,45308.4,5034.266666666666,18.0,2025-06-15,30,2025-12-29 12:24:00,199.0,1088,0
265,2025-08-25,ads,Taipei,vip,16.0,182017.94999999998,11376.121874999999,58.0,2025-12-11,33,2025-11-10 20:56:00,20.0,128,1
266,2024-09-19,partner,Hsinchu,new,7.0,27374.55,3910.65,16.0,2025-12-21,31,2025-11-11 14:52:00,10.0,468,0
267,2023-10-08,ads,Taipei,new,7.0,46818.85,6688.407142857142,16.0,2025-03-27,24,2025-12-26 09:02:00,279.0,815,0
268,2023-12-22,social,Kaohsiung,new,5.0,34877.25,6975.45,11.0,2025-07-06,35,2025-11-16 08:38:00,178.0,740,0
269,2025-02-25,organic,Hsinchu,new,4.0,16180.0,4045.0,8.0,2025-11-21,32,2025-12-09 12:32:00,40.0,309,0
270,2025-06-04,ads,Hsinchu,vip,20.0,226162.75,11308.1375,84.0,2025-12-29,30,2025-12-21 12:02:00,2.0,210,1
271,2025-08-10,ads,Taichung,new,9.0,43598.5,4844.277777777777,17.0,2025-12-06,23,2025-12-31 18:48:00,25.0,143,0
272,2023-02-26,referral,Kaohsiung,new,4.0,7922.4,1980.6,5.0,2025-09-02,25,2025-09-29 10:17:00,120.0,1039,0
273,2025-07-03,social,Tainan,growth,9.0,50982.1,5664.677777777778,27.0,2025-11-30,20,2025-10-16 16:46:00,31.0,181,0
274,2025-10-14,social,Taichung,growth,9.0,31875.55,3541.7277777777776,16.0,2025-12-01,32,2025-12-23 14:20:00,30.0,78,0
275,2025-07-10,social,Taipei,new,8.0,22242.5,2780.3125,14.0,2025-12-02,26,2025-12-24 01:11:00,29.0,174,0
276,2025-04-02,social,Tainan,growth,7.0,34744.9,4963.557142857143,15.0,2025-11-12,19,2025-12-16 12:14:00,49.0,273,0
277,2025-08-28,ads,Hsinchu,new,8.0,45530.45,5691.30625,22.0,2025-03-07,29,2025-12-16 12:48:00,299.0,125,0
278,2023-04-27,referral,Taoyuan,growth,4.0,16102.25,4025.5625,9.0,2025-08-29,35,2025-12-23 21:45:00,124.0,979,0
279,2023-11-11,referral,Hsinchu,new,7.0,28737.85,4105.407142857142,15.0,2025-10-30,23,2025-12-19 10:47:00,62.0,781,0
280,2023-09-06,organic,Taoyuan,new,3.0,13812.4,4604.133333333333,5.0,2025-09-15,32,2025-12-08 10:08:00,107.0,847,0
281,2023-08-29,organic,Taipei,new,7.0,32483.85,4640.55,18.0,2025-10-20,34,2025-11-12 09:50:00,72.0,855,0
282,2023-07-06,partner,Taipei,new,6.0,16384.449999999997,2730.7416666666663,9.0,2025-11-05,28,2025-12-08 16:49:00,56.0,909,0
283,2023-11-08,ads,Kaohsiung,vip,14.0,185690.55,13263.610714285713,61.0,2025-11-22,31,2025-11-24 08:32:00,39.0,784,1
284,2024-02-15,ads,Taoyuan,new,4.0,13730.4,3432.6,6.0,2025-12-13,31,2025-12-29 17:34:00,18.0,685,0
285,2025-08-11,social,Hsinchu,growth,7.0,25380.4,3625.7714285714287,19.0,2025-11-22,20,2025-12-14 06:27:00,39.0,142,0
286,2024-01-07,ads,Taipei,new,6.0,10281.5,1713.5833333333333,7.0,2025-11-27,33,2025-12-31 14:35:00,34.0,724,0
287,2022-12-06,partner,Hsinchu,new,8.0,33007.5,4125.9375,14.0,2025-12-12,26,2025-11-06 08:02:00,19.0,1121,0
288,2025-10-20,ads,Tainan,new,7.0,23280.149999999998,3325.735714285714,10.0,2025-11-20,31,2025-12-19 13:17:00,41.0,72,0
289,2024-07-09,social,Hsinchu,new,5.0,16549.55,3309.91,8.0,2025-10-07,20,2025-10-01 16:37:00,85.0,540,0
290,2024-06-26,partner,Kaohsiung,new,8.0,29301.1,3662.6375,12.0,2025-12-22,20,2025-12-31 22:07:00,9.0,553,0
291,2024-11-30,ads,Taichung,growth,7.0,32983.8,4711.971428571429,19.0,2025-12-16,21,2025-12-15 20:38:00,15.0,396,0
292,2024-12-16,referral,Kaohsiung,vip,11.0,127976.3,11634.209090909091,47.0,2025-12-18,29,2025-10-15 21:33:00,13.0,380,1
293,2025-08-30,ads,Taipei,growth,9.0,38821.45,4313.4944444444445,22.0,2025-12-11,24,2025-12-23 02:36:00,20.0,123,0
294,2024-01-26,ads,Hsinchu,growth,7.0,45481.8,6497.400000000001,17.0,2025-08-16,22,2025-11-05 11:23:00,137.0,705,0
295,2024-02-15,ads,Taoyuan,new,7.0,26793.5,3827.6428571428573,12.0,2025-08-17,29,2025-12-19 08:06:00,136.0,685,0
296,2024-12-04,partner,Tainan,new,7.0,23881.45,3411.6357142857146,8.0,2025-12-31,23,2025-12-02 05:30:00,0.0,392,0
297,2023-08-09,referral,Tainan,new,6.0,40424.85,6737.474999999999,14.0,2025-12-04,31,2025-11-30 00:09:00,27.0,875,0
298,2023-09-30,ads,Tainan,growth,14.0,68648.55,4903.467857142858,34.0,2025-07-10,35,2025-12-26 20:52:00,174.0,823,0
299,2024-09-22,referral,Taichung,new,2.0,10824.35,5412.175,4.0,2025-11-30,21,2025-12-31 13:10:00,31.0,465,0
300,2023-02-06,organic,Tainan,new,3.0,15923.199999999999,5307.733333333333,5.0,2025-11-10,27,2025-12-30 13:32:00,51.0,1059,0
301,2025-03-22,partner,Taichung,new,11.0,45207.7,4109.790909090909,22.0,2025-12-26,21,2025-12-11 18:06:00,5.0,284,0
302,2025-05-12,ads,Taipei,growth,10.0,45738.75,4573.875,22.0,2025-10-05,29,2025-12-03 15:06:00,87.0,233,0
303,2025-10-21,ads,Kaohsiung,growth,11.0,91281.95,8298.35909090909,37.0,2025-12-10,22,2025-12-21 16:03:00,21.0,71,0
304,2025-03-27,social,Taipei,new,4.0,29873.5,7468.375,12.0,2025-12-01,19,2025-09-17 20:00:00,30.0,279,0
305,2025-10-26,ads,Kaohsiung,growth,8.0,33957.0,4244.625,17.0,2025-12-22,28,2025-12-21 16:17:00,9.0,66,0
306,2024-09-26,organic,Tainan,new,3.0,7034.15,2344.7166666666667,3.0,2025-12-19,23,2025-10-01 13:30:00,12.0,461,0
307,2025-05-24,partner,Taoyuan,vip,15.0,130268.95,8684.596666666666,50.0,2025-10-17,28,2025-11-30 04:53:00,75.0,221,1
308,2025-05-01,ads,Taichung,new,11.0,50152.5,4559.318181818182,22.0,2025-12-04,44,2025-12-28 12:14:00,27.0,244,0
309,2023-01-07,organic,Hsinchu,new,4.0,8913.5,2228.375,6.0,2024-10-11,26,2025-10-26 05:24:00,446.0,1089,0
310,2025-11-11,social,Hsinchu,growth,12.0,69411.7,5784.308333333333,36.0,2025-09-15,29,2025-12-07 14:12:00,107.0,50,0
311,2025-08-02,referral,Taichung,growth,9.0,43344.5,4816.055555555556,14.0,2025-12-04,26,2025-12-16 13:02:00,27.0,151,0
312,2025-02-27,social,Taipei,new,6.0,31585.7,5264.283333333334,15.0,2025-12-15,23,2025-12-25 19:19:00,16.0,307,0
313,2024-07-15,referral,Hsinchu,growth,10.0,59403.65,5940.365,26.0,2025-12-22,31,2025-12-31 20:57:00,9.0,534,0
314,2025-05-29,organic,Kaohsiung,new,9.0,53471.75,5941.305555555556,20.0,2025-10-04,32,2025-12-21 03:33:00,88.0,216,0
315,2023-02-07,ads,Tainan,growth,11.0,61811.65,5619.24090909091,34.0,2025-12-29,26,2025-12-04 03:30:00,2.0,1058,0
316,2025-04-14,referral,Kaohsiung,new,8.0,31836.95,3979.61875,16.0,2025-12-11,30,2025-10-16 02:09:00,20.0,261,0
317,2025-08-10,social,Hsinchu,new,4.0,22777.15,5694.2875,8.0,2025-12-16,36,2025-12-07 22:42:00,15.0,143,0
318,2023-01-18,referral,Hsinchu,new,7.0,25242.6,3606.085714285714,11.0,2025-11-14,31,2025-12-30 05:09:00,47.0,1078,0
319,2023-07-05,ads,Taoyuan,new,6.0,25826.15,4304.358333333334,11.0,2025-11-22,35,2025-12-24 17:58:00,39.0,910,0
320,2024-03-02,social,Taichung,vip,17.0,154263.45,9074.320588235294,52.0,2025-12-16,37,2025-12-15 20:20:00,15.0,669,1
321,2024-04-26,ads,Taipei,growth,8.0,47021.9,5877.7375,26.0,2025-12-06,30,2025-12-28 21:57:00,25.0,614,0
322,2023-05-07,ads,Taoyuan,new,5.0,10410.75,2082.15,11.0,2025-11-29,35,2025-10-28 06:25:00,32.0,969,0
323,2023-02-20,ads,Taoyuan,new,3.0,7340.1,2446.7000000000003,6.0,2025-10-03,30,2025-12-15 23:08:00,89.0,1045,0
324,2023-03-06,ads,Taoyuan,growth,9.0,47110.5,5234.5,20.0,2025-08-30,29,2025-10-30 13:02:00,123.0,1031,0
325,2025-06-26,ads,Tainan,vip,18.0,180582.15,10032.341666666667,65.0,2025-12-28,25,2025-11-08 16:36:00,3.0,188,1
326,2023-12-14,ads,Tainan,growth,14.0,72565.95,5183.282142857142,36.0,2025-08-29,31,2025-10-29 09:59:00,124.0,748,0
327,2023-08-03,partner,Taoyuan,growth,5.0,40854.2,8170.839999999999,19.0,2025-11-04,26,2025-12-09 01:21:00,57.0,881,0
328,2024-03-23,organic,Taichung,new,8.0,38706.35,4838.29375,19.0,2025-12-31,24,2025-12-13 21:46:00,0.0,648,0
329,2023-12-13,referral,Kaohsiung,new,3.0,7000.950000000001,2333.65,4.0,2025-09-25,30,2025-12-17 14:19:00,97.0,749,0
330,2025-10-03,partner,Hsinchu,new,9.0,40620.6,4513.4,17.0,2025-11-26,36,2025-12-21 04:01:00,35.0,89,0
331,2024-08-23,social,Kaohsiung,new,0.0,0.0,0.0,0.0,,24,2025-11-23 08:45:00,999.0,495,0
332,2025-07-23,referral,Kaohsiung,growth,9.0,21449.9,2383.3222222222225,16.0,2025-10-13,25,2025-12-31 07:14:00,79.0,161,0
333,2022-12-02,referral,Taoyuan,growth,12.0,46271.049999999996,3855.920833333333,26.0,2025-09-17,27,2025-11-22 18:04:00,105.0,1125,0
334,2023-11-16,partner,Kaohsiung,growth,7.0,28163.85,4023.407142857143,12.0,2025-12-04,21,2025-11-14 16:45:00,27.0,776,0
335,2025-09-16,social,Tainan,vip,18.0,210654.2,11703.011111111111,67.0,2025-11-28,35,2025-12-25 10:58:00,33.0,106,1
336,2024-06-27,ads,Taipei,new,6.0,21905.1,3650.85,9.0,2025-11-26,29,2025-12-26 23:25:00,35.0,552,0
337,2025-08-29,referral,Kaohsiung,vip,18.0,169713.8,9428.544444444444,65.0,2025-12-27,28,2025-10-14 12:00:00,4.0,124,1
338,2023-05-04,referral,Hsinchu,growth,15.0,49413.15,3294.21,31.0,2025-12-27,26,2025-12-04 16:38:00,4.0,972,0
339,2025-08-08,referral,Taipei,new,4.0,6880.7,1720.175,5.0,2024-08-13,29,2025-12-23 12:42:00,505.0,145,0
340,2023-07-09,social,Taoyuan,vip,17.0,188986.8,11116.870588235293,67.0,2025-11-13,33,2025-11-17 07:34:00,48.0,906,1
341,2023-10-07,social,Hsinchu,new,7.0,26431.0,3775.8571428571427,12.0,2025-07-20,20,2025-11-26 15:50:00,164.0,816,0
342,2024-01-29,social,Taoyuan,new,7.0,38155.7,5450.814285714286,18.0,2025-12-24,32,2025-12-26 11:11:00,7.0,702,0
343,2024-11-10,ads,Kaohsiung,growth,7.0,35770.45,5110.064285714286,17.0,2025-12-06,21,2025-12-15 02:56:00,25.0,416,0
344,2024-12-27,referral,Hsinchu,growth,6.0,14183.3,2363.883333333333,10.0,2025-09-17,19,2025-12-28 07:27:00,105.0,369,0
345,2025-06-14,referral,Kaohsiung,new,1.0,4178.099999999999,4178.099999999999,2.0,2024-12-09,37,2025-11-17 12:04:00,387.0,200,0
346,2023-01-17,ads,Kaohsiung,new,5.0,11533.25,2306.65,6.0,2025-07-24,36,2025-11-24 07:05:00,160.0,1079,0
347,2024-11-19,referral,Hsinchu,growth,14.0,64597.1,4614.078571428571,28.0,2025-12-25,28,2025-09-09 16:03:00,6.0,407,0
348,2024-11-25,ads,Kaohsiung,vip,18.0,247357.5,13742.083333333334,80.0,2025-12-30,35,2025-12-17 22:56:00,1.0,401,1
349,2024-09-06,social,Tainan,vip,11.0,92566.4,8415.127272727272,41.0,2025-11-24,29,2025-08-31 22:00:00,37.0,481,1
350,2025-08-15,referral,Taipei,new,1.0,3086.45,3086.45,2.0,2024-11-07,23,2025-12-14 14:05:00,419.0,138,0
351,2024-06-19,organic,Taoyuan,new,7.0,34503.75,4929.107142857143,13.0,2025-10-17,36,2025-12-09 09:42:00,75.0,560,0
352,2023-05-30,referral,Tainan,new,6.0,18810.649999999998,3135.108333333333,10.0,2025-11-11,25,2025-10-13 05:17:00,50.0,946,0
353,2025-05-26,partner,Hsinchu,new,7.0,30749.6,4392.8,13.0,2025-12-27,23,2025-12-24 19:38:00,4.0,219,0
354,2024-11-06,referral,Taichung,new,5.0,24725.75,4945.15,11.0,2025-10-30,29,2025-10-29 03:36:00,62.0,420,0
355,2023-01-22,ads,Kaohsiung,new,8.0,22785.7,2848.2125,17.0,2025-08-20,30,2025-11-22 10:01:00,133.0,1074,0
356,2023-11-15,ads,Taoyuan,growth,9.0,75044.9,8338.322222222221,31.0,2025-08-16,40,2025-12-07 19:44:00,137.0,777,0
357,2024-01-30,social,Kaohsiung,new,8.0,25696.95,3212.11875,13.0,2025-11-25,27,2025-12-26 14:13:00,36.0,701,0
358,2024-05-08,partner,Tainan,new,8.0,35326.5,4415.8125,16.0,2025-12-12,24,2025-12-16 05:11:00,19.0,602,0
359,2024-02-01,referral,Tainan,new,8.0,37192.75,4649.09375,14.0,2025-12-07,22,2025-10-23 14:59:00,24.0,699,0
360,2025-06-03,referral,Taoyuan,growth,6.0,28932.8,4822.133333333333,13.0,2025-09-17,24,2025-12-10 22:07:00,105.0,211,0
361,2023-07-20,partner,Taipei,growth,15.0,77367.5,5157.833333333333,34.0,2025-12-22,22,2025-08-15 06:14:00,9.0,895,0
362,2023-07-13,ads,Kaohsiung,growth,10.0,54689.65,5468.965,27.0,2025-12-22,26,2025-12-30 03:46:00,9.0,902,0
363,2023-02-25,ads,Tainan,new,3.0,15618.9,5206.3,8.0,2025-10-04,17,2025-12-05 00:57:00,88.0,1040,0
364,2024-04-12,organic,Taichung,growth,9.0,46364.15,5151.572222222222,20.0,2025-10-30,31,2025-12-25 09:13:00,62.0,628,0
365,2023-01-25,ads,Taipei,new,7.0,40336.85,5762.407142857142,14.0,2025-12-14,22,2025-12-13 05:00:00,17.0,1071,0
366,2023-07-16,organic,Kaohsiung,new,6.0,24595.0,4099.166666666667,10.0,2025-12-28,26,2025-12-16 00:55:00,3.0,899,0
367,2024-02-22,social,Tainan,growth,10.0,77040.2,7704.0199999999995,32.0,2025-12-04,23,2025-12-30 15:24:00,27.0,678,0
368,2025-08-03,referral,Hsinchu,new,11.0,59202.45,5382.040909090909,24.0,2025-11-23,23,2025-12-11 04:41:00,38.0,150,0
369,2025-05-19,ads,Tainan,growth,4.0,12132.4,3033.1,5.0,2025-11-28,28,2025-12-31 22:33:00,33.0,226,0
370,2023-08-24,organic,Taipei,new,6.0,14657.3,2442.883333333333,10.0,2025-03-26,20,2025-12-20 23:29:00,280.0,860,0
371,2023-04-02,ads,Taichung,new,9.0,35790.9,3976.766666666667,19.0,2025-12-01,37,2025-12-12 16:31:00,30.0,1004,0
372,2025-08-22,referral,Taipei,new,7.0,22030.3,3147.1857142857143,11.0,2025-10-02,29,2025-12-16 07:44:00,90.0,131,0
373,2024-04-08,ads,Tainan,new,10.0,32920.35,3292.035,17.0,2025-11-30,37,2025-12-01 22:10:00,31.0,632,0
374,2024-10-27,organic,Kaohsiung,new,7.0,23552.15,3364.592857142857,12.0,2025-06-22,32,2025-12-15 03:49:00,192.0,430,0
375,2024-07-11,ads,Taipei,growth,12.0,49885.9,4157.158333333334,27.0,2025-12-05,25,2025-10-22 17:19:00,26.0,538,0
376,2024-11-09,partner,Taipei,new,2.0,6670.4,3335.2,2.0,2025-05-01,27,2025-12-30 03:55:00,244.0,417,0
377,2025-03-20,referral,Taoyuan,new,6.0,36321.4,6053.566666666667,15.0,2025-11-29,26,2025-12-11 13:30:00,32.0,286,0
378,2024-12-13,referral,Hsinchu,growth,8.0,34353.2,4294.15,20.0,2025-12-17,29,2025-12-17 15:45:00,14.0,383,0
379,2025-08-25,organic,Kaohsiung,vip,16.0,134136.55,8383.534375,46.0,2025-11-06,19,2025-12-25 09:29:00,55.0,128,1
380,2024-02-21,organic,Taipei,new,7.0,21563.2,3080.457142857143,11.0,2025-12-01,25,2025-12-25 17:27:00,30.0,679,0
381,2024-12-26,ads,Taipei,growth,15.0,87790.9,5852.7266666666665,41.0,2025-11-28,36,2025-12-31 05:53:00,33.0,370,0
382,2025-08-20,organic,Taipei,growth,13.0,76705.9,5900.453846153846,34.0,2025-11-09,21,2025-10-10 06:40:00,52.0,133,0
383,2025-05-28,social,Tainan,vip,18.0,223087.75,12393.763888888889,80.0,2025-12-31,28,2025-12-05 20:19:00,0.0,217,1
384,2025-04-02,organic,Tainan,vip,20.0,188314.2,9415.710000000001,67.0,2025-10-23,32,2025-12-24 04:43:00,69.0,273,1
385,2025-02-16,social,Taoyuan,new,6.0,18373.85,3062.308333333333,8.0,2025-08-09,25,2025-12-04 07:49:00,144.0,318,0
386,2025-03-04,organic,Taipei,growth,10.0,74227.65,7422.764999999999,31.0,2025-11-25,41,2025-12-13 05:56:00,36.0,302,0
387,2025-08-07,partner,Taichung,new,6.0,34845.6,5807.599999999999,14.0,2025-12-11,29,2025-12-06 18:12:00,20.0,146,0
388,2025-11-02,social,Tainan,vip,14.0,159452.75,11389.482142857143,60.0,2025-11-13,36,2025-12-25 03:52:00,48.0,59,1
389,2025-09-22,partner,Taichung,new,3.0,8865.900000000001,2955.3000000000006,7.0,2025-11-06,27,2025-11-11 23:21:00,55.0,100,0
390,2023-05-24,referral,Tainan,vip,11.0,148185.1,13471.372727272728,51.0,2025-12-16,26,2025-12-27 08:56:00,15.0,952,1
391,2023-02-19,social,Hsinchu,vip,16.0,161394.5,10087.15625,54.0,2025-10-17,34,2025-12-14 06:03:00,75.0,1046,1
392,2023-01-13,ads,Taichung,new,4.0,14717.25,3679.3125,9.0,2025-11-25,32,2025-12-10 20:29:00,36.0,1083,0
393,2024-02-22,referral,Tainan,new,5.0,11347.15,2269.43,10.0,2025-12-17,37,2025-12-14 16:46:00,14.0,678,0
394,2023-03-07,ads,Taichung,new,6.0,8352.4,1392.0666666666666,6.0,2025-12-31,27,2025-12-03 18:49:00,0.0,1030,0
395,2025-08-24,partner,Taichung,growth,10.0,49948.4,4994.84,24.0,2025-12-30,30,2025-10-26 10:19:00,1.0,129,0
396,2024-08-04,organic,Hsinchu,new,11.0,62988.0,5726.181818181818,27.0,2025-12-13,39,2025-11-05 19:35:00,18.0,514,0
397,2025-03-04,social,Taipei,new,6.0,12824.7,2137.4500000000003,7.0,2025-10-01,26,2025-12-03 03:51:00,91.0,302,0
398,2023-12-10,ads,Taipei,vip,15.0,141210.44999999998,9414.029999999999,44.0,2025-12-24,20,2025-12-23 03:04:00,7.0,752,1
399,2023-06-26,referral,Taipei,new,3.0,17130.95,5710.316666666667,7.0,2025-12-22,30,2025-11-19 20:20:00,9.0,919,0
400,2025-06-07,ads,Taichung,new,3.0,5615.8,1871.9333333333334,3.0,2025-12-27,27,2025-12-29 05:33:00,4.0,207,0
401,2024-01-17,referral,Hsinchu,vip,14.0,110766.0,7911.857142857143,38.0,2025-12-31,26,2025-12-11 19:15:00,0.0,714,1
402,2024-06-18,social,Tainan,new,9.0,31970.05,3552.2277777777776,14.0,2025-12-28,28,2025-12-26 10:24:00,3.0,561,0
403,2025-11-05,ads,Taoyuan,growth,12.0,51884.6,4323.716666666666,25.0,2025-12-08,29,2025-12-29 02:41:00,23.0,56,0
404,2023-01-12,referral,Taichung,new,10.0,34375.549999999996,3437.5549999999994,17.0,2025-11-30,29,2025-12-17 11:20:00,31.0,1084,0
405,2024-03-23,referral,Taichung,growth,12.0,55391.85,4615.9875,25.0,2025-12-13,33,2025-12-27 00:23:00,18.0,648,0
406,2024-10-13,organic,Hsinchu,new,6.0,26791.600000000002,4465.266666666667,11.0,2025-09-19,30,2025-12-30 14:45:00,103.0,444,0
407,2023-10-09,referral,Kaohsiung,vip,19.0,192347.2,10123.536842105264,69.0,2025-12-13,39,2025-11-23 14:17:00,18.0,814,1
408,2023-12-28,social,Hsinchu,vip,19.0,173376.15,9125.060526315789,73.0,2025-11-25,27,2025-12-29 03:10:00,36.0,734,1
409,2023-10-12,social,Taoyuan,new,6.0,35597.15,5932.858333333334,14.0,2025-12-07,21,2025-12-29 04:29:00,24.0,811,0
410,2025-03-18,social,Hsinchu,new,4.0,20867.699999999997,5216.924999999999,7.0,2024-12-29,22,2025-12-25 12:31:00,367.0,288,0
411,2023-01-21,social,Taichung,growth,5.0,38627.4,7725.4800000000005,14.0,2025-12-09,25,2025-12-28 00:16:00,22.0,1075,0
412,2024-10-07,ads,Taipei,new,10.0,37676.75,3767.675,18.0,2025-10-19,28,2025-11-23 21:57:00,73.0,450,0
413,2024-09-25,ads,Taoyuan,new,9.0,29931.350000000002,3325.7055555555557,15.0,2025-11-07,30,2025-12-19 02:55:00,54.0,462,0
414,2023-12-15,organic,Kaohsiung,new,5.0,23391.05,4678.21,9.0,2025-08-16,26,2025-12-20 03:34:00,137.0,747,0
415,2023-01-01,social,Hsinchu,growth,11.0,72324.45,6574.95,30.0,2025-11-05,35,2025-11-19 21:21:00,56.0,1095,0
416,2025-07-06,organic,Taipei,new,4.0,12647.45,3161.8625,6.0,2025-06-21,32,2025-12-13 02:08:00,193.0,178,0
417,2022-12-21,social,Kaohsiung,new,9.0,36350.0,4038.8888888888887,16.0,2025-11-27,31,2025-12-28 06:44:00,34.0,1106,0
418,2024-10-26,referral,Tainan,new,5.0,18145.35,3629.0699999999997,10.0,2025-11-05,33,2025-12-18 19:47:00,56.0,431,0
419,2024-03-05,ads,Kaohsiung,vip,23.0,246941.05,10736.567391304347,82.0,2025-11-23,32,2025-12-31 15:00:00,38.0,666,1
420,2025-07-04,ads,Kaohsiung,growth,6.0,24921.75,4153.625,12.0,2025-11-07,23,2025-11-02 23:52:00,54.0,180,0
421,2023-10-15,social,Hsinchu,vip,14.0,128597.84999999999,9185.560714285713,51.0,2025-11-07,25,2025-11-23 02:41:00,54.0,808,1
422,2025-11-22,social,Tainan,new,2.0,13783.599999999999,6891.799999999999,5.0,2025-03-15,29,2025-11-20 01:00:00,291.0,39,0
423,2024-03-19,referral,Taoyuan,new,2.0,16604.0,8302.0,6.0,2025-05-28,21,2025-12-26 11:57:00,217.0,652,0
424,2023-09-26,ads,Tainan,new,5.0,18277.1,3655.4199999999996,8.0,2025-12-23,21,2025-12-14 17:06:00,8.0,827,0
425,2024-09-13,social,Hsinchu,new,5.0,16353.05,3270.6099999999997,10.0,2025-05-01,26,2025-11-25 20:25:00,244.0,474,0
426,2024-04-05,referral,Hsinchu,new,7.0,16795.75,2399.3928571428573,10.0,2025-06-09,23,2025-12-01 11:07:00,205.0,635,0
427,2024-03-05,referral,Tainan,growth,13.0,55024.7,4232.66923076923,29.0,2025-09-26,25,2025-12-28 10:08:00,96.0,666,0
428,2023-03-19,referral,Taichung,new,3.0,6009.2,2003.0666666666666,3.0,2025-10-13,24,2025-11-14 02:36:00,79.0,1018,0
429,2024-11-28,ads,Tainan,new,11.0,55085.3,5007.754545454546,19.0,2025-12-16,33,2025-10-03 02:44:00,15.0,398,0
430,2024-07-28,referral,Kaohsiung,new,3.0,8652.9,2884.2999999999997,5.0,2025-10-23,28,2025-12-19 19:07:00,69.0,521,0
431,2025-03-24,referral,Taipei,growth,7.0,43481.9,6211.7,25.0,2025-08-21,21,2025-10-29 19:41:00,132.0,282,0
432,2024-06-18,organic,Tainan,new,2.0,7383.2,3691.6,4.0,2024-09-06,32,2025-12-17 19:44:00,481.0,561,0
433,2025-01-21,social,Kaohsiung,vip,18.0,195180.15,10843.341666666667,65.0,2025-12-06,31,2025-11-12 01:03:00,25.0,344,1
434,2024-11-24,social,Taichung,new,5.0,12913.3,2582.66,6.0,2025-01-14,32,2025-12-02 10:14:00,351.0,402,0
435,2025-01-01,referral,Taipei,growth,12.0,52346.4,4362.2,26.0,2025-05-18,28,2025-12-09 07:06:00,227.0,364,0
436,2023-06-09,partner,Tainan,new,4.0,12860.0,3215.0,5.0,2025-05-30,34,2025-12-27 06:41:00,215.0,936,0
437,2024-11-06,social,Taipei,new,6.0,26211.4,4368.566666666667,13.0,2025-12-25,26,2025-12-07 22:05:00,6.0,420,0
438,2023-10-29,social,Tainan,growth,9.0,68729.4,7636.599999999999,25.0,2025-12-17,35,2025-12-14 15:20:00,14.0,794,0
439,2023-11-08,referral,Tainan,new,4.0,11278.300000000001,2819.5750000000003,7.0,2025-07-02,33,2025-12-22 23:57:00,182.0,784,0
440,2023-05-27,social,Taoyuan,growth,5.0,42162.4,8432.48,14.0,2025-11-01,30,2025-12-24 16:42:00,60.0,949,0
441,2025-02-09,ads,Tainan,new,5.0,28873.8,5774.76,10.0,2025-06-25,23,2025-12-10 23:57:00,189.0,325,0
442,2023-08-11,organic,Hsinchu,vip,18.0,169300.9,9405.605555555556,61.0,2025-12-14,21,2025-12-30 12:34:00,17.0,873,1
443,2024-06-16,referral,Kaohsiung,vip,20.0,179337.15,8966.8575,67.0,2025-09-27,27,2025-12-28 03:01:00,95.0,563,1
444,2023-10-22,social,Taichung,new,11.0,49234.15,4475.831818181819,21.0,2025-12-11,25,2025-12-16 23:04:00,20.0,801,0
445,2025-11-17,organic,Kaohsiung,growth,6.0,23575.7,3929.2833333333333,13.0,2025-10-25,23,2025-11-10 13:29:00,67.0,44,0
446,2025-10-07,social,Taoyuan,new,11.0,44769.85,4069.9863636363634,23.0,2025-12-26,20,2025-12-20 08:03:00,5.0,85,0
447,2024-08-23,social,Tainan,growth,10.0,92391.85,9239.185000000001,38.0,2025-04-29,32,2025-12-29 17:38:00,246.0,495,0
448,2025-11-22,social,Kaohsiung,vip,18.0,160917.75,8939.875,62.0,2025-12-04,32,2025-12-02 11:20:00,27.0,39,1
449,2022-12-03,ads,Kaohsiung,vip,17.0,195344.85,11490.873529411765,68.0,2025-12-14,28,2025-12-04 05:01:00,17.0,1124,1
450,2024-03-15,social,Taoyuan,new,5.0,14146.2,2829.2400000000002,6.0,2025-06-30,29,2025-11-04 19:35:00,184.0,656,0
451,2024-09-05,social,Hsinchu,growth,9.0,46179.5,5131.055555555556,24.0,2025-06-23,33,2025-12-05 00:31:00,191.0,482,0
452,2023-07-12,ads,Taichung,growth,7.0,23186.2,3312.3142857142857,18.0,2025-09-17,23,2025-11-15 07:05:00,105.0,903,0
453,2025-04-13,referral,Taoyuan,new,12.0,61303.4,5108.616666666667,28.0,2025-12-18,33,2025-09-22 23:32:00,13.0,262,0
454,2023-08-30,organic,Kaohsiung,new,4.0,19747.45,4936.8625,8.0,2025-09-01,40,2025-12-27 16:51:00,121.0,854,0
455,2023-12-06,ads,Taipei,new,9.0,22493.75,2499.3055555555557,13.0,2025-12-18,24,2025-12-16 06:11:00,13.0,756,0
456,2024-01-16,organic,Hsinchu,new,4.0,30758.1,7689.525,11.0,2025-12-27,39,2025-12-15 16:05:00,4.0,715,0
457,2023-06-20,ads,Taipei,new,6.0,34273.6,5712.266666666666,11.0,2025-12-31,30,2025-12-29 14:38:00,0.0,925,0
458,2025-04-23,referral,Kaohsiung,new,4.0,14252.55,3563.1375,9.0,2025-05-04,41,2025-12-30 23:57:00,241.0,252,0
459,2025-02-06,social,Kaohsiung,new,5.0,18350.45,3670.09,7.0,2025-06-16,18,2025-09-16 20:42:00,198.0,328,0
460,2023-11-25,social,Tainan,growth,7.0,45507.600000000006,6501.085714285715,18.0,2025-10-27,25,2025-12-25 09:15:00,65.0,767,0
461,2025-04-16,organic,Tainan,new,6.0,23154.85,3859.1416666666664,10.0,2025-12-28,21,2025-09-22 00:11:00,3.0,259,0
462,2024-01-07,partner,Taichung,vip,21.0,231060.3,11002.871428571429,79.0,2025-12-16,35,2025-12-27 10:59:00,15.0,724,1
463,2023-11-25,ads,Taoyuan,new,6.0,26080.05,4346.675,14.0,2025-06-22,23,2025-12-30 20:07:00,192.0,767,0
464,2024-07-04,social,Taichung,new,4.0,34682.65,8670.6625,11.0,2025-12-29,36,2025-12-31 21:21:00,2.0,545,0
465,2023-12-10,social,Hsinchu,new,6.0,19677.399999999998,3279.566666666666,10.0,2025-08-08,25,2025-11-23 04:23:00,145.0,752,0
466,2023-01-12,social,Hsinchu,new,6.0,34523.9,5753.983333333334,15.0,2025-12-26,28,2025-12-17 06:08:00,5.0,1084,0
467,2024-12-14,partner,Kaohsiung,new,7.0,23913.7,3416.2428571428572,11.0,2025-12-26,33,2025-11-06 15:51:00,5.0,382,0
468,2024-09-25,organic,Kaohsiung,new,6.0,22080.0,3680.0,9.0,2025-10-26,21,2025-11-05 00:01:00,66.0,462,0
469,2023-02-17,ads,Taoyuan,new,1.0,348.5,348.5,1.0,2025-09-30,32,2025-11-05 20:26:00,92.0,1048,0
470,2024-04-13,referral,Taichung,new,6.0,21578.2,3596.366666666667,11.0,2025-12-31,26,2025-12-09 04:35:00,0.0,627,0
471,2025-01-03,social,Taoyuan,vip,21.0,207752.19999999998,9892.961904761903,84.0,2025-12-11,30,2025-12-25 20:37:00,20.0,362,1
472,2023-09-07,social,Taoyuan,growth,12.0,67053.2,5587.766666666666,31.0,2025-12-19,34,2025-12-27 14:50:00,12.0,846,0
473,2025-10-13,ads,Taipei,growth,9.0,63606.95,7067.438888888889,27.0,2025-12-15,25,2025-11-15 15:55:00,16.0,79,0
474,2023-09-23,ads,Taipei,growth,10.0,48406.600000000006,4840.660000000001,23.0,2025-11-30,27,2025-12-11 19:15:00,31.0,830,0
475,2025-05-09,ads,Hsinchu,new,7.0,36610.3,5230.042857142857,16.0,2025-10-27,27,2025-11-13 19:26:00,65.0,236,0
476,2023-02-28,social,Hsinchu,growth,10.0,50238.95,5023.8949999999995,25.0,2025-12-26,30,2025-12-03 12:16:00,5.0,1037,0
477,2024-12-02,referral,Kaohsiung,new,5.0,20773.2,4154.64,8.0,2025-10-29,17,2025-11-19 23:23:00,63.0,394,0
478,2024-02-03,partner,Hsinchu,new,10.0,42833.0,4283.3,20.0,2025-11-26,27,2025-12-03 07:06:00,35.0,697,0
479,2024-11-30,partner,Hsinchu,new,4.0,14629.45,3657.3625,7.0,2025-06-08,28,2025-12-29 16:54:00,206.0,396,0
480,2025-03-14,ads,Taipei,new,5.0,26553.8,5310.76,9.0,2025-10-12,21,2025-12-16 00:27:00,80.0,292,0
481,2024-03-31,social,Tainan,new,7.0,22088.550000000003,3155.507142857143,14.0,2025-09-04,27,2025-12-27 20:59:00,118.0,640,0
482,2024-05-01,social,Kaohsiung,new,5.0,11498.85,2299.77,7.0,2025-05-26,19,2025-12-17 09:43:00,219.0,609,0
483,2024-05-19,ads,Kaohsiung,new,8.0,33514.75,4189.34375,17.0,2025-07-03,31,2025-12-17 15:56:00,181.0,591,0
484,2023-07-17,ads,Taoyuan,new,5.0,11120.9,2224.18,8.0,2025-05-01,19,2025-11-24 16:38:00,244.0,898,0
485,2025-03-11,ads,Kaohsiung,vip,19.0,181615.8,9558.726315789472,66.0,2025-12-09,20,2025-12-24 13:22:00,22.0,295,1
486,2024-09-05,referral,Kaohsiung,new,4.0,17069.0,4267.25,9.0,2025-08-16,31,2025-11-07 17:03:00,137.0,482,0
487,2024-11-28,partner,Taichung,new,11.0,41618.95,3783.540909090909,18.0,2025-12-16,29,2025-12-17 19:19:00,15.0,398,0
488,2023-04-03,social,Hsinchu,new,11.0,40615.1,3692.281818181818,22.0,2025-11-20,20,2025-12-29 06:04:00,41.0,1003,0
489,2025-04-28,ads,Taipei,growth,8.0,42650.05,5331.25625,19.0,2025-12-01,26,2025-10-31 15:09:00,30.0,247,0
490,2024-10-24,organic,Kaohsiung,new,6.0,23376.199999999997,3896.033333333333,12.0,2025-12-19,33,2025-12-29 13:00:00,12.0,433,0
491,2025-03-06,organic,Taichung,new,7.0,22508.6,3215.5142857142855,11.0,2025-12-10,23,2025-12-25 03:51:00,21.0,300,0
492,2025-03-23,social,Hsinchu,vip,24.0,289929.15,12080.38125,99.0,2025-12-29,15,2025-11-11 05:33:00,2.0,283,1
493,2024-11-17,ads,Taichung,growth,9.0,49314.55,5479.394444444445,23.0,2025-12-18,29,2025-12-10 04:00:00,13.0,409,0
494,2025-02-07,social,Hsinchu,growth,4.0,18706.65,4676.6625,8.0,2025-08-07,23,2025-09-09 00:24:00,146.0,327,0
495,2025-06-28,referral,Taoyuan,growth,11.0,50607.65,4600.695454545455,24.0,2025-08-19,33,2025-12-27 19:09:00,134.0,186,0
496,2023-08-09,ads,Tainan,new,6.0,31734.85,5289.141666666666,10.0,2025-07-12,24,2025-12-31 11:21:00,172.0,875,0
497,2024-01-28,referral,Taichung,growth,17.0,71994.55,4234.9735294117645,35.0,2025-12-01,43,2025-12-29 12:13:00,30.0,703,0
498,2024-12-16,organic,Taipei,new,7.0,28739.25,4105.607142857143,13.0,2025-09-04,32,2025-12-03 21:57:00,118.0,380,0
499,2025-11-11,referral,Taichung,growth,15.0,52601.6,3506.773333333333,32.0,2025-12-09,29,2025-12-13 18:25:00,22.0,50,0
500,2025-09-30,ads,Tainan,new,6.0,12765.2,2127.5333333333333,7.0,2025-12-24,26,2025-12-23 18:08:00,7.0,92,0
501,2024-08-18,ads,Taipei,new,5.0,13123.15,2624.63,7.0,2025-03-12,28,2025-12-15 17:46:00,294.0,500,0
502,2023-02-14,referral,Taichung,growth,9.0,30617.35,3401.9277777777775,16.0,2025-11-18,34,2025-12-18 00:27:00,43.0,1051,0
503,2025-07-03,ads,Kaohsiung,new,2.0,15445.6,7722.8,4.0,2024-05-05,31,2025-12-04 05:30:00,605.0,181,0
504,2025-09-02,referral,Tainan,growth,11.0,76693.5,6972.136363636364,34.0,2025-12-12,39,2025-12-29 07:47:00,19.0,120,0
505,2023-06-30,ads,Tainan,new,10.0,32719.199999999997,3271.9199999999996,23.0,2025-11-11,25,2025-12-31 23:52:00,50.0,915,0
506,2025-04-27,organic,Taipei,growth,8.0,49362.6,6170.325,18.0,2025-12-13,28,2025-12-23 10:48:00,18.0,248,0
507,2025-09-27,ads,Tainan,new,7.0,35408.3,5058.328571428572,10.0,2025-10-03,19,2025-09-20 22:31:00,89.0,95,0
508,2025-01-31,ads,Tainan,new,4.0,28472.9,7118.225,10.0,2024-12-11,28,2025-12-13 09:41:00,385.0,334,0
509,2025-03-29,social,Taipei,new,6.0,13872.699999999999,2312.1166666666663,9.0,2025-12-23,24,2025-12-08 07:56:00,8.0,277,0
510,2023-10-06,referral,Taoyuan,new,6.0,14792.65,2465.4416666666666,7.0,2025-10-19,20,2025-12-18 21:03:00,73.0,817,0
511,2023-05-29,referral,Taipei,new,5.0,16437.65,3287.53,7.0,2025-02-08,22,2025-11-21 23:27:00,326.0,947,0
512,2022-12-23,partner,Hsinchu,growth,8.0,37632.35,4704.04375,21.0,2025-11-09,31,2025-12-08 07:56:00,52.0,1104,0
513,2023-10-17,social,Taoyuan,growth,14.0,51254.25,3661.0178571428573,28.0,2025-08-05,24,2025-12-25 13:47:00,148.0,806,0
514,2023-10-13,organic,Kaohsiung,new,6.0,33032.950000000004,5505.491666666668,12.0,2025-12-23,25,2025-12-06 21:17:00,8.0,810,0
515,2025-01-22,social,Taoyuan,new,6.0,21474.9,3579.15,10.0,2025-09-24,28,2025-12-01 00:23:00,98.0,343,0
516,2023-09-11,partner,Hsinchu,growth,14.0,99006.09999999999,7071.864285714285,42.0,2025-12-26,23,2025-12-21 06:04:00,5.0,842,0
517,2025-04-07,ads,Hsinchu,new,7.0,30410.45,4344.35,13.0,2025-11-21,24,2025-10-27 09:11:00,40.0,268,0
518,2025-02-06,social,Kaohsiung,vip,14.0,138576.7,9898.335714285715,53.0,2025-12-14,31,2025-11-29 08:24:00,17.0,328,1
519,2024-11-12,ads,Taipei,new,9.0,20387.649999999998,2265.2944444444443,12.0,2025-10-14,32,2025-12-23 10:42:00,78.0,414,0
520,2022-12-03,referral,Taoyuan,growth,10.0,48503.5,4850.35,30.0,2025-11-23,33,2025-12-08 00:02:00,38.0,1124,0
521,2023-04-30,ads,Kaohsiung,new,3.0,9582.35,3194.116666666667,4.0,2025-06-19,24,2025-12-21 23:14:00,195.0,976,0
522,2023-10-31,ads,Hsinchu,growth,8.0,43930.4,5491.3,17.0,2025-12-14,27,2025-12-29 19:49:00,17.0,792,0
523,2023-01-29,ads,Kaohsiung,new,6.0,22735.6,3789.2666666666664,11.0,2025-12-06,23,2025-12-23 17:54:00,25.0,1067,0
524,2024-07-16,ads,Taipei,vip,15.0,156857.75,10457.183333333332,55.0,2025-12-13,18,2025-10-18 00:45:00,18.0,533,1
525,2023-01-07,ads,Taoyuan,new,8.0,39135.5,4891.9375,17.0,2025-12-22,22,2025-09-13 18:37:00,9.0,1089,0
526,2024-07-17,social,Kaohsiung,growth,6.0,22291.0,3715.1666666666665,15.0,2025-08-14,31,2025-10-14 08:12:00,139.0,532,0
527,2023-10-21,ads,Taichung,growth,14.0,64495.85,4606.846428571428,32.0,2025-10-04,31,2025-12-23 18:27:00,88.0,802,0
528,2024-11-25,social,Taichung,new,4.0,8656.2,2164.05,6.0,2025-01-14,28,2025-11-05 10:22:00,351.0,401,0
529,2025-09-14,partner,Taipei,growth,9.0,40462.9,4495.877777777778,17.0,2025-12-31,44,2025-12-18 06:36:00,0.0,108,0
530,2023-05-29,ads,Tainan,growth,10.0,31472.4,3147.2400000000002,18.0,2025-12-31,33,2025-12-29 17:05:00,0.0,947,0
531,2024-07-18,organic,Taipei,new,9.0,42520.8,4724.533333333334,18.0,2025-06-18,28,2025-12-24 01:37:00,196.0,531,0
532,2024-01-28,ads,Taoyuan,new,7.0,29413.449999999997,4201.921428571428,13.0,2025-12-23,25,2025-12-17 04:43:00,8.0,703,0
533,2024-07-20,organic,Taoyuan,growth,12.0,70862.15,5905.179166666666,33.0,2025-11-03,40,2025-12-15 23:34:00,58.0,529,0
534,2025-11-14,social,Tainan,new,4.0,13012.15,3253.0375,6.0,2025-11-30,29,2025-12-03 00:42:00,31.0,47,0
535,2023-06-01,partner,Kaohsiung,new,7.0,22750.7,3250.1,13.0,2025-07-21,21,2025-12-21 14:08:00,163.0,944,0
536,2023-09-03,partner,Taoyuan,new,6.0,28024.649999999998,4670.775,12.0,2025-12-02,31,2025-12-04 13:14:00,29.0,850,0
537,2024-06-17,partner,Kaohsiung,new,5.0,16809.55,3361.91,9.0,2025-09-04,25,2025-10-12 10:25:00,118.0,562,0
538,2025-08-29,ads,Taoyuan,growth,8.0,36146.0,4518.25,14.0,2025-12-06,23,2025-11-10 08:00:00,25.0,124,0
539,2025-05-06,referral,Taipei,new,8.0,44821.0,5602.625,21.0,2025-10-12,25,2025-12-16 02:33:00,80.0,239,0
540,2023-06-14,referral,Taichung,new,5.0,14994.0,2998.8,7.0,2025-11-27,31,2025-11-01 01:31:00,34.0,931,0
541,2025-07-25,organic,Tainan,new,4.0,14423.65,3605.9125,6.0,2025-04-23,33,2025-12-26 01:43:00,252.0,159,0
542,2025-01-06,social,Taoyuan,growth,12.0,57515.200000000004,4792.933333333333,32.0,2025-10-31,27,2025-11-09 18:13:00,61.0,359,0
543,2023-05-10,referral,Kaohsiung,new,4.0,8996.9,2249.225,5.0,2025-04-04,27,2025-10-26 18:10:00,271.0,966,0
544,2024-12-29,organic,Kaohsiung,new,11.0,55725.55,5065.959090909091,21.0,2025-10-20,33,2025-12-13 06:46:00,72.0,367,0
545,2023-04-02,social,Taipei,new,1.0,365.0,365.0,1.0,2024-02-03,39,2025-11-27 21:55:00,697.0,1004,0
546,2023-02-20,referral,Tainan,new,4.0,8693.8,2173.45,6.0,2025-03-27,32,2025-10-20 04:43:00,279.0,1045,0
547,2023-09-17,ads,Tainan,new,6.0,18658.4,3109.7333333333336,12.0,2025-12-27,28,2025-12-11 13:12:00,4.0,836,0
548,2024-08-08,ads,Taipei,growth,10.0,41116.35,4111.635,30.0,2025-11-18,29,2025-12-24 07:28:00,43.0,510,0
549,2023-10-22,social,Taichung,new,6.0,20570.3,3428.383333333333,10.0,2025-04-18,28,2025-11-24 12:41:00,257.0,801,0
550,2023-12-15,ads,Kaohsiung,new,6.0,19467.75,3244.625,10.0,2025-10-23,36,2025-12-24 11:48:00,69.0,747,0
551,2024-01-08,social,Kaohsiung,vip,23.0,254757.05,11076.393478260869,87.0,2025-12-13,28,2025-10-20 05:34:00,18.0,723,1
552,2023-07-11,social,Taoyuan,growth,12.0,69032.3,5752.691666666667,28.0,2025-11-06,21,2025-12-13 23:42:00,55.0,904,0
553,2024-12-19,ads,Taoyuan,growth,10.0,52000.149999999994,5200.014999999999,24.0,2025-12-04,23,2025-12-11 08:00:00,27.0,377,0
554,2024-08-24,ads,Tainan,new,6.0,19048.2,3174.7000000000003,9.0,2025-01-31,29,2025-12-02 22:56:00,334.0,494,0
555,2025-06-06,social,Taoyuan,new,6.0,16257.8,2709.633333333333,7.0,2025-11-29,18,2025-12-24 17:37:00,32.0,208,0
556,2024-01-29,social,Taichung,vip,17.0,192657.75,11332.808823529413,68.0,2025-12-19,26,2025-12-23 01:33:00,12.0,702,1
557,2025-09-27,social,Taipei,new,5.0,15579.3,3115.8599999999997,7.0,2025-12-07,28,2025-11-27 00:20:00,24.0,95,0
558,2024-03-30,ads,Hsinchu,new,8.0,32598.05,4074.75625,16.0,2025-12-14,26,2025-11-30 23:22:00,17.0,641,0
559,2025-04-04,social,Taichung,growth,8.0,61486.25,7685.78125,28.0,2025-11-22,36,2025-12-20 10:07:00,39.0,271,0
560,2022-12-03,referral,Hsinchu,new,5.0,24491.7,4898.34,12.0,2025-12-25,22,2025-12-17 11:07:00,6.0,1124,0
561,2025-07-17,referral,Tainan,new,13.0,62459.65,4804.588461538462,28.0,2025-12-03,31,2025-12-23 10:12:00,28.0,167,0
562,2024-02-04,social,Taichung,vip,19.0,210467.65,11077.244736842105,75.0,2025-11-10,29,2025-12-24 05:06:00,51.0,696,1
563,2023-05-11,organic,Taipei,growth,11.0,60276.45,5479.677272727273,26.0,2025-08-11,32,2025-11-18 16:50:00,142.0,965,0
564,2024-01-19,organic,Taoyuan,new,3.0,5770.1,1923.3666666666668,5.0,2025-04-03,32,2025-12-24 08:04:00,272.0,712,0
565,2023-10-26,social,Kaohsiung,new,5.0,17969.5,3593.9,8.0,2025-12-02,36,2025-12-02 23:18:00,29.0,797,0
566,2025-02-09,referral,Tainan,vip,15.0,156099.3,10406.619999999999,57.0,2025-11-03,29,2025-11-18 16:47:00,58.0,325,1
567,2023-01-10,organic,Hsinchu,new,6.0,22913.050000000003,3818.841666666667,10.0,2025-08-15,24,2025-12-26 19:34:00,138.0,1086,0
568,2024-09-17,ads,Hsinchu,new,4.0,8582.3,2145.575,5.0,2025-05-16,26,2025-12-19 12:34:00,229.0,470,0
569,2024-05-24,organic,Taipei,vip,27.0,301061.05,11150.409259259259,109.0,2025-11-28,23,2025-12-31 13:13:00,33.0,586,1
570,2024-03-04,partner,Taipei,new,8.0,28390.25,3548.78125,13.0,2025-04-28,25,2025-12-25 03:25:00,247.0,667,0
571,2025-01-03,referral,Taipei,growth,11.0,35466.450000000004,3224.2227272727278,24.0,2025-11-18,32,2025-10-24 17:15:00,43.0,362,0
572,2023-06-06,social,Kaohsiung,new,7.0,29773.75,4253.392857142857,16.0,2025-12-22,20,2025-12-09 11:32:00,9.0,939,0
573,2025-06-15,social,Taipei,new,7.0,38383.25,5483.321428571428,17.0,2025-09-15,29,2025-12-05 11:25:00,107.0,199,0
574,2025-02-12,social,Tainan,vip,22.0,231077.2,10503.509090909092,79.0,2025-10-30,36,2025-12-30 04:50:00,62.0,322,1
575,2022-12-06,social,Taipei,new,5.0,9608.400000000001,1921.6800000000003,9.0,2025-05-17,21,2025-12-10 16:07:00,228.0,1121,0
576,2024-05-17,ads,Hsinchu,new,4.0,12786.55,3196.6375,6.0,2025-08-13,27,2025-12-31 20:05:00,140.0,593,0
577,2025-05-28,partner,Taichung,new,9.0,45293.3,5032.588888888889,17.0,2025-12-23,34,2025-11-12 23:28:00,8.0,217,0
578,2023-04-19,social,Taichung,new,8.0,22528.85,2816.10625,12.0,2025-12-31,20,2025-12-25 11:08:00,0.0,987,0
579,2025-09-12,social,Taichung,new,5.0,23680.95,4736.1900000000005,11.0,2025-12-02,35,2025-12-20 11:43:00,29.0,110,0
580,2023-04-12,social,Kaohsiung,growth,9.0,29882.2,3320.2444444444445,14.0,2025-10-04,40,2025-12-10 04:59:00,88.0,994,0
581,2025-05-18,referral,Taichung,new,3.0,7953.25,2651.0833333333335,4.0,2025-11-24,30,2025-12-28 01:11:00,37.0,227,0
582,2024-07-07,ads,Taipei,vip,17.0,151550.3,8914.723529411764,49.0,2025-08-28,15,2025-12-28 09:03:00,125.0,542,1
583,2023-12-15,referral,Taichung,growth,8.0,32472.05,4059.00625,17.0,2025-05-29,23,2025-11-07 07:06:00,216.0,747,0
584,2024-12-19,ads,Taipei,growth,7.0,33041.450000000004,4720.2071428571435,24.0,2025-06-04,19,2025-12-11 13:22:00,210.0,377,0
585,2025-01-27,ads,Hsinchu,vip,25.0,220820.5,8832.82,82.0,2025-10-19,23,2025-12-26 02:54:00,73.0,338,1
586,2023-10-31,social,Taoyuan,new,6.0,16816.2,2802.7000000000003,8.0,2025-11-07,26,2025-12-13 22:47:00,54.0,792,0
587,2024-02-01,organic,Hsinchu,vip,16.0,183876.05000000002,11492.253125000001,68.0,2025-12-13,33,2025-11-08 07:54:00,18.0,699,1
588,2024-02-27,referral,Taichung,growth,11.0,67672.4,6152.036363636363,28.0,2025-12-12,15,2025-10-12 11:34:00,19.0,673,0
589,2024-05-07,ads,Taichung,new,7.0,29892.899999999998,4270.414285714285,12.0,2025-05-05,34,2025-12-23 23:00:00,240.0,603,0
590,2025-03-24,ads,Kaohsiung,growth,10.0,50283.95,5028.3949999999995,23.0,2025-12-30,21,2025-11-08 17:40:00,1.0,282,0
591,2024-01-23,ads,Kaohsiung,growth,8.0,31097.300000000003,3887.1625000000004,16.0,2025-10-20,26,2025-12-02 23:04:00,72.0,708,0
592,2024-01-24,partner,Tainan,growth,11.0,64555.25,5868.659090909091,31.0,2025-11-16,22,2025-11-24 01:39:00,45.0,707,0
593,2024-08-24,organic,Tainan,new,10.0,36960.3,3696.03,18.0,2025-12-30,29,2025-12-16 19:31:00,1.0,494,0
594,2023-06-04,social,Taipei,new,3.0,15240.5,5080.166666666667,5.0,2025-03-17,28,2025-12-17 22:08:00,289.0,941,0
595,2023-03-05,referral,Tainan,new,6.0,29566.45,4927.741666666667,14.0,2025-12-15,33,2025-12-27 00:04:00,16.0,1032,0
596,2024-01-15,ads,Tainan,new,6.0,15218.45,2536.4083333333333,7.0,2025-12-22,21,2025-12-26 01:31:00,9.0,716,0
597,2025-03-11,social,Taipei,new,5.0,13011.6,2602.32,7.0,2025-07-31,33,2025-12-31 10:20:00,153.0,295,0
598,2024-10-23,ads,Taoyuan,vip,23.0,253910.95,11039.606521739131,93.0,2025-12-09,33,2025-11-10 07:13:00,22.0,434,1
599,2024-04-08,referral,Hsinchu,growth,10.0,36889.05,3688.905,18.0,2025-12-12,31,2025-08-30 07:16:00,19.0,632,0
600,2024-12-30,social,Tainan,new,8.0,10163.95,1270.49375,10.0,2025-12-04,24,2025-12-04 21:18:00,27.0,366,0
601,2023-07-12,ads,Hsinchu,new,7.0,25665.55,3666.5071428571428,13.0,2025-11-22,32,2025-12-05 23:48:00,39.0,903,0
602,2025-01-28,ads,Kaohsiung,new,10.0,45959.7,4595.969999999999,24.0,2025-09-10,24,2025-12-07 23:44:00,112.0,337,0
603,2023-11-14,ads,Hsinchu,new,10.0,40003.6,4000.3599999999997,18.0,2025-09-01,25,2025-12-25 11:52:00,121.0,778,0
604,2023-12-04,organic,Hsinchu,growth,6.0,24568.65,4094.775,14.0,2025-08-20,29,2025-11-19 23:26:00,133.0,758,0
605,2024-08-16,referral,Kaohsiung,new,5.0,16017.8,3203.56,7.0,2025-12-26,37,2025-12-23 00:13:00,5.0,502,0
606,2023-09-14,ads,Taipei,growth,5.0,22569.75,4513.95,11.0,2025-02-22,29,2025-12-17 05:39:00,312.0,839,0
607,2024-04-13,referral,Tainan,new,6.0,19557.7,3259.616666666667,10.0,2025-09-02,28,2025-12-23 23:23:00,120.0,627,0
608,2024-04-27,ads,Taichung,new,6.0,29869.85,4978.308333333333,10.0,2025-12-13,28,2025-12-06 15:50:00,18.0,613,0
609,2022-12-24,organic,Taoyuan,growth,7.0,39278.6,5611.228571428571,17.0,2025-11-22,27,2025-10-30 10:14:00,39.0,1103,0
610,2025-04-27,ads,Kaohsiung,vip,20.0,188633.6,9431.68,65.0,2025-12-19,25,2025-11-22 17:18:00,12.0,248,1
611,2024-11-09,ads,Tainan,new,5.0,15810.4,3162.08,8.0,2025-11-29,30,2025-12-01 10:15:00,32.0,417,0
612,2024-04-30,organic,Taichung,new,7.0,23455.2,3350.7428571428572,12.0,2025-08-28,23,2025-12-07 22:00:00,125.0,610,0
613,2023-04-05,organic,Taipei,new,3.0,19849.5,6616.5,8.0,2024-10-07,24,2025-11-22 03:24:00,450.0,1001,0
614,2023-02-12,referral,Hsinchu,new,7.0,19308.95,2758.421428571429,10.0,2025-12-25,24,2025-10-19 05:33:00,6.0,1053,0
615,2024-01-01,social,Taipei,growth,11.0,57785.55,5253.231818181818,25.0,2025-06-15,29,2025-12-13 01:30:00,199.0,730,0
616,2023-10-17,organic,Taipei,new,7.0,37016.85,5288.121428571429,15.0,2025-11-02,18,2025-12-31 12:02:00,59.0,806,0
617,2025-10-09,ads,Hsinchu,growth,13.0,78881.45,6067.803846153846,33.0,2025-11-11,24,2025-11-08 05:20:00,50.0,83,0
618,2025-09-14,social,Taipei,new,4.0,23954.95,5988.7375,10.0,2025-12-14,34,2025-12-15 13:22:00,17.0,108,0
619,2025-06-29,social,Kaohsiung,new,11.0,44092.4,4008.4,20.0,2025-06-03,25,2025-11-25 13:16:00,211.0,185,0
620,2024-02-09,partner,Taichung,growth,7.0,43138.799999999996,6162.685714285713,15.0,2025-12-15,25,2025-12-31 16:18:00,16.0,691,0
621,2023-11-04,ads,Taichung,new,4.0,17397.55,4349.3875,6.0,2025-12-19,23,2025-12-31 04:21:00,12.0,788,0
622,2023-10-06,social,Tainan,new,10.0,37551.75,3755.175,19.0,2025-12-03,34,2025-12-25 14:45:00,28.0,817,0
623,2024-05-10,ads,Kaohsiung,growth,11.0,50637.2,4603.381818181818,29.0,2025-10-27,36,2025-12-23 09:10:00,65.0,600,0
624,2023-02-22,ads,Taipei,new,7.0,25181.35,3597.335714285714,11.0,2025-06-14,20,2025-12-18 19:47:00,200.0,1043,0
625,2023-07-25,social,Kaohsiung,new,5.0,19387.7,3877.54,9.0,2025-09-02,27,2025-12-27 05:45:00,120.0,890,0
626,2023-10-14,referral,Taichung,vip,12.0,127411.6,10617.633333333333,43.0,2025-10-14,32,2025-11-09 22:16:00,78.0,809,1
627,2025-04-08,social,Tainan,growth,6.0,60056.85,10009.475,20.0,2025-08-03,29,2025-12-30 01:37:00,150.0,267,0
628,2025-05-02,social,Taipei,new,4.0,15450.35,3862.5875,7.0,2025-01-25,31,2025-11-24 20:56:00,340.0,243,0
629,2024-11-14,referral,Taichung,growth,12.0,87039.15000000001,7253.262500000001,34.0,2025-12-23,37,2025-11-22 11:34:00,8.0,412,0
630,2025-11-09,ads,Hsinchu,new,7.0,24920.8,3560.1142857142854,11.0,2025-12-13,32,2025-11-23 10:50:00,18.0,52,0
631,2024-12-21,referral,Tainan,vip,28.0,287480.75,10267.169642857143,114.0,2025-11-30,29,2025-12-29 20:03:00,31.0,375,1
632,2023-06-27,social,Kaohsiung,new,2.0,13263.85,6631.925,5.0,2025-10-28,24,2025-11-07 11:00:00,64.0,918,0
633,2023-05-23,ads,Taipei,growth,8.0,42637.8,5329.725,17.0,2025-10-14,23,2025-11-12 14:52:00,78.0,953,0
634,2023-10-13,organic,Hsinchu,new,8.0,22673.9,2834.2375,13.0,2025-11-29,27,2025-11-09 08:40:00,32.0,810,0
635,2025-05-27,social,Hsinchu,new,4.0,18904.6,4726.15,9.0,2025-12-28,23,2025-12-17 09:34:00,3.0,218,0
636,2024-05-27,referral,Taipei,growth,7.0,43479.1,6211.3,22.0,2025-09-28,31,2025-12-30 06:50:00,94.0,583,0
637,2025-01-21,social,Hsinchu,new,4.0,22440.75,5610.1875,8.0,2025-08-18,17,2025-08-31 01:28:00,135.0,344,0
638,2023-07-19,organic,Kaohsiung,new,7.0,57064.75,8152.107142857143,22.0,2025-12-04,33,2025-12-24 12:12:00,27.0,896,0
639,2025-02-01,social,Hsinchu,growth,10.0,53702.600000000006,5370.26,23.0,2025-10-12,28,2025-12-17 05:04:00,80.0,333,0
640,2024-05-02,ads,Taichung,new,7.0,40855.95,5836.564285714286,15.0,2025-12-25,28,2025-12-30 02:14:00,6.0,608,0
641,2025-03-19,organic,Kaohsiung,vip,14.0,158966.65,11354.760714285714,56.0,2025-11-22,18,2025-12-12 03:06:00,39.0,287,1
642,2023-10-11,organic,Hsinchu,new,7.0,20194.5,2884.9285714285716,10.0,2025-08-31,32,2025-12-07 05:22:00,122.0,812,0
643,2024-01-07,referral,Taoyuan,growth,6.0,23921.300000000003,3986.8833333333337,10.0,2025-11-30,24,2025-12-07 10:32:00,31.0,724,0
644,2025-10-01,social,Taoyuan,new,5.0,11934.8,2386.96,8.0,2025-08-30,20,2025-11-13 20:28:00,123.0,91,0
645,2025-11-03,ads,Taipei,new,9.0,30358.699999999997,3373.1888888888884,15.0,2025-12-01,30,2025-12-25 04:12:00,30.0,58,0
646,2025-03-15,partner,Taipei,new,9.0,44079.5,4897.722222222223,21.0,2025-10-28,24,2025-12-30 12:45:00,64.0,291,0
647,2023-09-20,social,Tainan,new,4.0,5794.95,1448.7375,6.0,2025-11-25,16,2025-09-22 00:28:00,36.0,833,0
648,2025-07-11,referral,Taichung,new,6.0,34764.4,5794.066666666667,14.0,2025-12-26,24,2025-12-04 22:26:00,5.0,173,0
649,2023-01-04,ads,Tainan,new,4.0,17914.5,4478.625,8.0,2025-12-25,47,2025-11-07 08:17:00,6.0,1092,0
650,2024-11-22,referral,Taipei,vip,21.0,250465.15,11926.911904761904,93.0,2025-09-02,23,2025-10-15 15:14:00,120.0,404,1
651,2023-09-26,referral,Hsinchu,growth,7.0,14922.05,2131.7214285714285,13.0,2025-11-22,34,2025-09-30 16:52:00,39.0,827,0
652,2024-12-22,ads,Kaohsiung,new,7.0,28433.100000000002,4061.871428571429,14.0,2025-11-02,25,2025-10-27 12:24:00,59.0,374,0
653,2023-08-03,referral,Hsinchu,new,10.0,38234.2,3823.4199999999996,19.0,2025-12-28,35,2025-12-27 10:22:00,3.0,881,0
654,2023-09-14,ads,Kaohsiung,growth,12.0,68764.59999999999,5730.383333333332,32.0,2025-10-30,21,2025-10-14 04:10:00,62.0,839,0
655,2023-04-01,ads,Tainan,new,4.0,8473.3,2118.325,8.0,2025-11-05,26,2025-12-13 22:12:00,56.0,1005,0
656,2024-06-13,ads,Taichung,new,4.0,20456.9,5114.225,8.0,2025-03-16,35,2025-11-21 21:48:00,290.0,566,0
657,2023-01-08,ads,Kaohsiung,new,4.0,15133.999999999998,3783.4999999999995,8.0,2025-03-31,21,2025-12-24 17:17:00,275.0,1088,0
658,2024-04-10,ads,Kaohsiung,new,7.0,33861.8,4837.400000000001,18.0,2025-11-21,28,2025-11-07 06:26:00,40.0,630,0
659,2024-12-07,referral,Taipei,new,7.0,27561.5,3937.3571428571427,12.0,2025-11-24,36,2025-12-27 17:12:00,37.0,389,0
660,2023-05-26,organic,Taoyuan,new,6.0,25603.5,4267.25,12.0,2025-09-07,29,2025-10-30 06:10:00,115.0,950,0
661,2024-10-10,referral,Hsinchu,vip,20.0,184219.75,9210.9875,64.0,2025-12-06,29,2025-12-05 12:28:00,25.0,447,1
662,2023-03-06,ads,Hsinchu,growth,12.0,48313.4,4026.116666666667,22.0,2025-12-11,25,2025-11-22 03:16:00,20.0,1031,0
663,2024-06-26,ads,Tainan,new,8.0,29659.4,3707.425,13.0,2025-11-27,35,2025-12-14 17:39:00,34.0,553,0
664,2023-06-15,ads,Taichung,new,6.0,12369.05,2061.508333333333,8.0,2025-05-27,30,2025-12-19 00:41:00,218.0,930,0
665,2023-08-31,social,Tainan,new,6.0,18601.85,3100.308333333333,11.0,2025-05-10,23,2025-12-30 19:39:00,235.0,853,0
666,2023-01-16,referral,Taipei,new,5.0,11897.25,2379.45,6.0,2025-06-07,25,2025-11-14 03:52:00,207.0,1080,0
667,2025-04-11,ads,Hsinchu,new,4.0,16668.5,4167.125,7.0,2025-04-03,27,2025-12-25 14:10:00,272.0,264,0
668,2024-10-17,partner,Tainan,new,5.0,27960.0,5592.0,15.0,2025-12-11,24,2025-12-05 03:30:00,20.0,440,0
669,2025-08-25,referral,Hsinchu,new,2.0,4953.3,2476.65,3.0,2024-08-26,34,2025-12-30 15:33:00,492.0,128,0
670,2025-07-28,ads,Hsinchu,new,7.0,16894.15,2413.4500000000003,12.0,2025-12-07,24,2025-11-11 20:55:00,24.0,156,0
671,2023-01-14,ads,Taipei,new,4.0,10546.6,2636.65,5.0,2025-12-30,34,2025-12-21 18:21:00,1.0,1082,0
672,2024-05-31,organic,Hsinchu,growth,8.0,40079.2,5009.9,17.0,2025-08-27,22,2025-12-27 02:04:00,126.0,579,0
673,2024-08-23,referral,Hsinchu,new,6.0,23123.9,3853.9833333333336,12.0,2025-12-15,19,2025-12-12 21:44:00,16.0,495,0
674,2024-04-06,ads,Kaohsiung,new,1.0,2083.0,2083.0,1.0,2024-11-14,26,2025-12-25 13:20:00,412.0,634,0
675,2023-12-24,social,Taoyuan,new,10.0,46792.85,4679.285,19.0,2025-12-05,27,2025-09-10 22:06:00,26.0,738,0
676,2023-11-03,social,Tainan,growth,12.0,38811.8,3234.316666666667,26.0,2025-11-26,20,2025-12-16 15:28:00,35.0,789,0
677,2025-04-16,ads,Taoyuan,new,9.0,51770.45,5752.272222222222,19.0,2025-08-11,28,2025-12-17 04:34:00,142.0,259,0
678,2025-01-14,referral,Taipei,new,7.0,46335.85,6619.407142857142,19.0,2025-10-06,31,2025-12-25 14:59:00,86.0,351,0
679,2025-04-29,ads,Tainan,new,4.0,35380.2,8845.05,14.0,2025-11-11,27,2025-12-11 15:13:00,50.0,246,0
680,2023-07-19,ads,Kaohsiung,growth,8.0,27002.05,3375.25625,18.0,2025-01-05,31,2025-12-28 09:57:00,360.0,896,0
681,2024-01-21,referral,Taipei,growth,9.0,65331.9,7259.1,24.0,2025-08-24,28,2025-12-07 08:27:00,129.0,710,0
682,2025-07-29,partner,Taichung,new,7.0,30085.7,4297.957142857143,12.0,2025-11-07,22,2025-11-26 07:32:00,54.0,155,0
683,2023-06-09,referral,Taichung,new,2.0,4963.0,2481.5,2.0,2025-02-14,28,2025-10-31 18:36:00,320.0,936,0
684,2024-07-29,ads,Kaohsiung,new,5.0,14840.6,2968.12,9.0,2025-08-17,27,2025-12-24 19:28:00,136.0,520,0
685,2025-07-25,social,Taipei,growth,6.0,18653.75,3108.9583333333335,10.0,2025-05-20,33,2025-11-06 13:43:00,225.0,159,0
686,2024-05-29,social,Kaohsiung,new,4.0,15459.5,3864.875,6.0,2024-08-28,26,2025-12-13 14:34:00,490.0,581,0
687,2025-10-19,referral,Kaohsiung,new,6.0,19552.25,3258.7083333333335,10.0,2025-12-27,25,2025-11-12 16:44:00,4.0,73,0
688,2023-03-28,referral,Tainan,new,3.0,9227.5,3075.8333333333335,6.0,2025-12-07,24,2025-11-17 02:10:00,24.0,1009,0
689,2025-10-26,referral,Taichung,vip,14.0,125587.85,8970.560714285715,49.0,2025-11-26,26,2025-12-07 19:14:00,35.0,66,1
690,2024-02-29,ads,Hsinchu,growth,8.0,50832.35,6354.04375,25.0,2025-11-02,27,2025-12-28 07:15:00,59.0,671,0
691,2022-12-08,referral,Taoyuan,growth,13.0,57106.35,4392.796153846154,30.0,2025-12-21,21,2025-12-28 14:10:00,10.0,1119,0
692,2022-12-07,referral,Taipei,growth,13.0,66686.05,5129.696153846154,29.0,2025-12-17,31,2025-11-28 19:47:00,14.0,1120,0
693,2025-07-28,ads,Tainan,new,6.0,13488.099999999999,2248.0166666666664,11.0,2025-11-28,36,2025-12-05 23:52:00,33.0,156,0
694,2025-02-14,ads,Taichung,new,7.0,26848.1,3835.442857142857,15.0,2025-04-17,23,2025-11-26 07:39:00,258.0,320,0
695,2022-12-28,social,Kaohsiung,vip,21.0,224195.85,10675.992857142857,79.0,2025-10-21,24,2025-11-13 22:05:00,71.0,1099,1
696,2023-01-20,social,Taipei,vip,14.0,119986.9,8570.492857142857,44.0,2025-12-13,28,2025-10-13 13:33:00,18.0,1076,1
697,2024-09-04,organic,Taoyuan,new,6.0,28416.7,4736.116666666667,13.0,2025-11-17,23,2025-12-24 12:45:00,44.0,483,0
698,2024-11-08,social,Tainan,new,3.0,11357.95,3785.9833333333336,8.0,2025-08-01,37,2025-12-25 08:01:00,152.0,418,0
699,2025-09-05,referral,Taipei,new,4.0,19729.85,4932.4625,9.0,2025-01-17,32,2025-12-24 03:04:00,348.0,117,0
700,2025-11-15,ads,Taoyuan,new,4.0,5932.8,1483.2,4.0,2025-07-27,24,2025-12-31 04:27:00,157.0,46,0
701,2024-08-27,ads,Tainan,new,14.0,45041.3,3217.2357142857145,22.0,2025-12-10,27,2025-12-06 05:39:00,21.0,491,0
702,2025-09-03,ads,Tainan,growth,18.0,127260.0,7070.0,55.0,2025-10-01,24,2025-12-06 14:58:00,91.0,119,0
703,2025-07-04,organic,Tainan,growth,8.0,40641.85,5080.23125,19.0,2025-12-03,33,2025-12-30 21:08:00,28.0,180,0
704,2023-09-27,ads,Tainan,new,7.0,18224.55,2603.5071428571428,9.0,2025-05-02,28,2025-11-27 21:43:00,243.0,826,0
705,2023-09-30,ads,Hsinchu,new,4.0,10833.55,2708.3875,6.0,2025-09-01,26,2025-12-02 15:29:00,121.0,823,0
706,2023-12-04,social,Taipei,new,9.0,40264.05,4473.783333333334,17.0,2025-10-21,35,2025-11-12 14:07:00,71.0,758,0
707,2023-12-31,organic,Taipei,new,8.0,48422.799999999996,6052.849999999999,16.0,2025-11-11,21,2025-12-15 11:27:00,50.0,731,0
708,2024-11-18,social,Tainan,new,5.0,17715.15,3543.03,11.0,2025-07-08,18,2025-12-08 02:01:00,176.0,408,0
709,2023-04-28,referral,Taipei,growth,7.0,40256.549999999996,5750.935714285713,17.0,2025-09-30,23,2025-12-14 12:54:00,92.0,978,0
710,2024-12-07,social,Taipei,new,3.0,11093.75,3697.9166666666665,6.0,2025-09-09,15,2025-11-22 22:37:00,113.0,389,0
711,2024-05-14,ads,Taipei,growth,12.0,55936.85,4661.404166666666,27.0,2025-12-04,33,2025-12-28 19:44:00,27.0,596,0
712,2023-06-25,social,Taipei,vip,19.0,182138.35,9586.228947368421,66.0,2025-10-30,41,2025-12-11 13:59:00,62.0,920,1
713,2025-03-27,referral,Hsinchu,new,7.0,28615.9,4087.9857142857145,15.0,2025-11-27,28,2025-12-16 09:52:00,34.0,279,0
714,2024-03-21,referral,Tainan,vip,15.0,168767.0,11251.133333333333,58.0,2025-11-08,27,2025-11-19 18:53:00,53.0,650,1
715,2024-07-05,ads,Hsinchu,growth,7.0,38621.75,5517.392857142857,20.0,2025-11-24,35,2025-12-26 13:58:00,37.0,544,0
716,2024-05-22,ads,Hsinchu,new,7.0,32427.399999999998,4632.485714285714,12.0,2025-12-05,36,2025-12-30 17:23:00,26.0,588,0
717,2024-03-17,referral,Tainan,new,5.0,11751.15,2350.23,7.0,2025-11-20,34,2025-12-31 09:31:00,41.0,654,0
718,2025-08-19,social,Tainan,new,2.0,12560.9,6280.45,3.0,2025-05-06,27,2025-11-29 09:58:00,239.0,134,0
719,2025-09-14,ads,Taichung,new,8.0,18237.7,2279.7125,10.0,2025-12-18,23,2025-11-27 07:56:00,13.0,108,0
720,2025-11-08,ads,Taipei,new,5.0,15035.5,3007.1,6.0,2025-11-04,24,2025-12-29 07:31:00,57.0,53,0
721,2025-01-17,partner,Hsinchu,new,9.0,25008.95,2778.7722222222224,16.0,2025-11-04,15,2025-08-19 00:12:00,57.0,348,0
722,2024-07-03,social,Kaohsiung,new,3.0,20901.8,6967.266666666666,7.0,2025-10-23,25,2025-10-22 18:46:00,69.0,546,0
723,2023-11-30,organic,Tainan,growth,5.0,26038.65,5207.7300000000005,11.0,2025-06-17,28,2025-11-30 07:17:00,197.0,762,0
724,2024-03-05,ads,Hsinchu,growth,7.0,23836.75,3405.25,11.0,2025-12-24,23,2025-12-13 05:12:00,7.0,666,0
725,2024-05-08,partner,Taoyuan,new,11.0,54758.65,4978.059090909091,23.0,2025-12-11,18,2025-10-30 05:09:00,20.0,602,0
726,2024-04-07,referral,Kaohsiung,vip,20.0,203911.35,10195.567500000001,72.0,2025-09-09,27,2025-12-26 22:19:00,113.0,633,1
727,2023-08-03,social,Taoyuan,new,11.0,41223.25,3747.568181818182,20.0,2025-12-29,25,2025-11-17 06:59:00,2.0,881,0
728,2025-10-03,social,Taoyuan,new,8.0,23041.85,2880.23125,14.0,2025-11-14,21,2025-12-19 07:48:00,47.0,89,0
729,2024-02-08,social,Taichung,growth,4.0,25113.45,6278.3625,11.0,2025-02-06,33,2025-12-01 13:04:00,328.0,692,0
730,2024-05-03,social,Taoyuan,growth,14.0,83103.45,5935.960714285714,38.0,2025-10-27,42,2025-12-25 21:35:00,65.0,607,0
731,2025-08-16,ads,Taichung,new,6.0,19157.7,3192.9500000000003,10.0,2025-09-30,28,2025-12-10 10:12:00,92.0,137,0
732,2025-10-21,organic,Taipei,new,8.0,24437.45,3054.68125,12.0,2025-08-26,33,2025-12-01 15:30:00,127.0,71,0
733,2023-04-09,social,Taipei,new,6.0,36312.25,6052.041666666667,11.0,2025-12-25,29,2025-11-16 21:37:00,6.0,997,0
734,2024-05-18,referral,Taoyuan,new,6.0,31646.95,5274.491666666667,13.0,2025-08-10,30,2025-11-01 14:03:00,143.0,592,0
735,2023-01-05,referral,Taichung,new,10.0,38599.35,3859.935,18.0,2025-11-15,30,2025-11-11 10:28:00,46.0,1091,0
736,2024-01-28,ads,Tainan,growth,14.0,77394.8,5528.2,31.0,2025-12-30,28,2025-12-10 13:24:00,1.0,703,0
737,2025-11-30,ads,Hsinchu,new,4.0,7589.35,1897.3375,7.0,2025-09-21,36,2025-12-21 12:34:00,101.0,31,0
738,2025-04-23,social,Hsinchu,growth,6.0,45258.149999999994,7543.024999999999,17.0,2025-11-09,40,2025-12-17 15:15:00,52.0,252,0
739,2024-07-23,partner,Taipei,growth,5.0,27423.1,5484.62,13.0,2025-12-20,37,2025-12-11 08:14:00,11.0,526,0
740,2024-03-25,organic,Taipei,growth,10.0,33175.85,3317.585,15.0,2025-11-11,32,2025-12-27 02:50:00,50.0,646,0
741,2024-03-15,ads,Kaohsiung,growth,12.0,95756.05,7979.670833333334,36.0,2025-12-30,34,2025-12-08 12:00:00,1.0,656,0
742,2024-05-03,referral,Taoyuan,new,9.0,33005.55,3667.2833333333338,18.0,2025-05-26,24,2025-11-10 11:21:00,219.0,607,0
743,2023-09-29,referral,Taichung,growth,11.0,32617.4,2965.218181818182,20.0,2025-09-09,38,2025-12-06 04:46:00,113.0,824,0
744,2023-02-18,social,Tainan,new,11.0,45611.25,4146.477272727273,24.0,2025-12-01,36,2025-10-10 20:24:00,30.0,1047,0
745,2024-05-26,social,Kaohsiung,new,6.0,23005.1,3834.183333333333,13.0,2025-12-28,31,2025-12-09 04:42:00,3.0,584,0
746,2025-11-28,ads,Taichung,new,5.0,19688.7,3937.7400000000002,10.0,2025-11-03,28,2025-10-22 09:25:00,58.0,33,0
747,2023-10-03,organic,Taichung,growth,10.0,37553.95,3755.3949999999995,22.0,2025-12-02,21,2025-12-21 14:31:00,29.0,820,0
748,2024-11-19,organic,Hsinchu,vip,18.0,163483.25,9082.402777777777,66.0,2025-12-18,30,2025-12-20 23:45:00,13.0,407,1
749,2024-05-30,ads,Hsinchu,growth,12.0,79236.9,6603.075,32.0,2025-09-04,23,2025-12-27 20:37:00,118.0,580,0
750,2023-07-11,ads,Taichung,growth,8.0,31228.2,3903.525,17.0,2025-07-30,35,2025-12-31 17:29:00,154.0,904,0
751,2023-07-04,ads,Taipei,new,6.0,22126.0,3687.6666666666665,7.0,2025-10-08,29,2025-12-31 01:48:00,84.0,911,0
752,2023-05-21,organic,Taoyuan,new,2.0,12916.1,6458.05,5.0,2025-12-23,29,2025-10-26 23:56:00,8.0,955,0
753,2023-03-28,social,Tainan,new,9.0,42915.2,4768.355555555555,18.0,2025-11-15,24,2025-12-16 17:39:00,46.0,1009,0
754,2025-11-10,partner,Taipei,growth,9.0,42565.2,4729.466666666666,24.0,2025-11-04,27,2025-12-29 09:49:00,57.0,51,0
755,2025-09-02,partner,Taoyuan,new,8.0,42026.8,5253.35,15.0,2025-09-20,21,2025-12-30 14:22:00,102.0,120,0
756,2025-06-10,ads,Taoyuan,vip,11.0,90821.1,8256.463636363636,37.0,2025-11-28,17,2025-11-25 08:59:00,33.0,204,1
757,2024-12-27,social,Taoyuan,new,4.0,11879.85,2969.9625,7.0,2025-08-13,30,2025-10-31 07:02:00,140.0,369,0
758,2023-08-18,social,Kaohsiung,new,7.0,32875.450000000004,4696.492857142858,16.0,2025-11-29,27,2025-12-31 23:03:00,32.0,866,0
759,2025-09-28,organic,Tainan,growth,6.0,29810.1,4968.349999999999,13.0,2025-12-03,26,2025-12-26 11:12:00,28.0,94,0
760,2023-01-08,ads,Hsinchu,new,0.0,0.0,0.0,0.0,,20,2025-11-23 18:35:00,999.0,1088,0
761,2024-09-10,referral,Taoyuan,new,4.0,27522.9,6880.725,9.0,2025-08-08,31,2025-12-07 09:10:00,145.0,477,0
762,2024-09-19,ads,Tainan,growth,13.0,50134.5,3856.5,21.0,2025-12-08,42,2025-09-28 06:39:00,23.0,468,0
763,2024-07-06,referral,Tainan,new,4.0,15283.8,3820.95,8.0,2025-10-21,31,2025-12-30 06:57:00,71.0,543,0
764,2023-04-11,referral,Hsinchu,new,10.0,54895.85,5489.585,21.0,2025-12-18,23,2025-12-16 09:21:00,13.0,995,0
765,2023-12-25,social,Taichung,vip,13.0,110268.84999999999,8482.21923076923,36.0,2025-12-19,16,2025-12-29 20:15:00,12.0,737,1
766,2025-11-11,ads,Kaohsiung,new,6.0,15282.35,2547.0583333333334,11.0,2025-08-02,22,2025-12-19 20:51:00,151.0,50,0
767,2023-11-28,ads,Tainan,new,4.0,18220.05,4555.0125,8.0,2025-12-28,20,2025-12-21 11:46:00,3.0,764,0
768,2025-10-16,ads,Taoyuan,new,8.0,32850.45,4106.30625,14.0,2025-12-11,22,2025-10-19 14:28:00,20.0,76,0
769,2025-05-16,social,Hsinchu,new,4.0,20972.7,5243.175,9.0,2025-12-27,29,2025-12-02 03:01:00,4.0,229,0
770,2025-01-16,organic,Tainan,new,3.0,6119.0,2039.6666666666667,5.0,2025-08-11,20,2025-12-31 16:37:00,142.0,349,0
771,2023-06-03,ads,Hsinchu,new,7.0,24507.1,3501.0142857142855,12.0,2025-12-10,36,2025-12-26 02:04:00,21.0,942,0
772,2025-02-11,ads,Hsinchu,new,3.0,5818.85,1939.6166666666668,3.0,2025-02-23,26,2025-11-23 00:11:00,311.0,323,0
773,2023-03-28,referral,Taipei,new,8.0,18807.25,2350.90625,12.0,2025-07-10,30,2025-12-31 19:14:00,174.0,1009,0
774,2023-01-10,ads,Taichung,new,6.0,33703.9,5617.316666666667,12.0,2025-11-24,19,2025-11-29 18:50:00,37.0,1086,0
775,2024-11-02,referral,Taichung,new,7.0,37437.9,5348.271428571429,23.0,2025-12-13,26,2025-10-03 10:02:00,18.0,424,0
776,2025-08-04,ads,Tainan,new,8.0,27056.75,3382.09375,10.0,2025-12-10,26,2025-12-07 23:59:00,21.0,149,0
777,2025-01-23,ads,Tainan,new,4.0,12293.75,3073.4375,7.0,2025-12-02,28,2025-12-15 21:55:00,29.0,342,0
778,2024-12-13,referral,Taichung,new,3.0,5817.75,1939.25,3.0,2025-12-09,32,2025-12-25 12:43:00,22.0,383,0
779,2023-02-17,referral,Tainan,new,6.0,21416.85,3569.475,11.0,2025-12-24,24,2025-11-07 06:33:00,7.0,1048,0
780,2022-12-30,ads,Hsinchu,new,6.0,13221.8,2203.633333333333,9.0,2025-09-29,27,2025-12-19 18:45:00,93.0,1097,0
781,2025-10-09,ads,Hsinchu,new,3.0,10484.0,3494.6666666666665,4.0,2025-08-26,32,2025-12-14 00:47:00,127.0,83,0
782,2025-02-27,ads,Kaohsiung,new,8.0,24582.2,3072.775,12.0,2025-08-31,24,2025-11-28 02:09:00,122.0,307,0
783,2023-11-13,referral,Kaohsiung,new,11.0,95357.5,8668.863636363636,31.0,2025-09-06,30,2025-11-28 17:06:00,116.0,779,0
784,2024-04-20,referral,Tainan,new,8.0,33788.7,4223.5875,15.0,2025-09-01,30,2025-12-22 15:36:00,121.0,620,0
785,2023-03-29,ads,Taoyuan,new,4.0,11790.25,2947.5625,8.0,2025-10-19,18,2025-12-31 07:36:00,73.0,1008,0
786,2023-10-25,social,Kaohsiung,growth,7.0,19503.75,2786.25,14.0,2025-04-15,17,2025-12-05 16:12:00,260.0,798,0
787,2023-02-14,organic,Taichung,new,3.0,9954.1,3318.0333333333333,6.0,2025-08-06,35,2025-11-16 11:47:00,147.0,1051,0
788,2024-12-19,ads,Kaohsiung,new,6.0,13822.5,2303.75,9.0,2025-09-07,31,2025-12-29 12:26:00,115.0,377,0
789,2024-09-28,social,Taichung,new,5.0,15065.15,3013.0299999999997,6.0,2025-08-02,27,2025-12-25 11:45:00,151.0,459,0
790,2025-12-01,organic,Tainan,new,5.0,13843.4,2768.68,10.0,2025-12-06,33,2025-12-21 18:19:00,25.0,30,0
791,2024-09-18,social,Taichung,vip,22.0,256092.5,11640.568181818182,81.0,2025-11-30,23,2025-10-17 22:14:00,31.0,469,1
792,2025-11-08,ads,Taipei,new,9.0,32296.1,3588.4555555555553,17.0,2025-10-18,20,2025-12-25 15:59:00,74.0,53,0
793,2025-10-19,social,Taoyuan,new,4.0,8567.35,2141.8375,6.0,2025-12-22,34,2025-12-29 08:50:00,9.0,73,0
794,2024-11-15,social,Taichung,new,5.0,16090.0,3218.0,6.0,2025-07-09,28,2025-08-27 10:19:00,175.0,411,0
795,2025-04-09,partner,Tainan,new,5.0,25000.65,5000.13,8.0,2025-01-09,19,2025-10-08 20:55:00,356.0,266,0
796,2025-11-26,organic,Tainan,new,7.0,21309.55,3044.2214285714285,13.0,2025-08-19,26,2025-12-14 17:35:00,134.0,35,0
797,2023-12-09,ads,Taipei,new,4.0,11104.8,2776.2,7.0,2025-12-12,25,2025-12-30 20:55:00,19.0,753,0
798,2025-04-01,social,Kaohsiung,new,6.0,46091.75,7681.958333333333,16.0,2025-03-14,22,2025-11-04 08:47:00,292.0,274,0
799,2024-06-12,referral,Kaohsiung,new,5.0,18367.85,3673.5699999999997,8.0,2025-05-28,34,2025-12-05 14:13:00,217.0,567,0
800,2023-03-30,organic,Hsinchu,new,5.0,28877.45,5775.49,11.0,2025-05-12,26,2025-12-24 05:09:00,233.0,1007,0
801,2023-07-02,referral,Taichung,vip,17.0,146174.9,8598.523529411765,59.0,2025-11-19,21,2025-12-01 13:23:00,42.0,913,1
802,2024-05-08,organic,Kaohsiung,growth,7.0,25969.0,3709.8571428571427,12.0,2025-09-02,28,2025-12-10 00:32:00,120.0,602,0
803,2023-02-18,ads,Tainan,growth,8.0,43228.35,5403.54375,20.0,2025-12-10,31,2025-12-08 20:51:00,21.0,1047,0
804,2023-02-26,ads,Hsinchu,growth,6.0,24821.8,4136.966666666666,12.0,2025-12-16,27,2025-12-15 05:29:00,15.0,1039,0
805,2023-09-28,social,Taoyuan,new,3.0,6653.65,2217.883333333333,3.0,2024-10-23,20,2025-12-22 20:52:00,434.0,825,0
806,2022-12-20,social,Taipei,new,5.0,8017.5,1603.5,9.0,2025-10-05,30,2025-12-23 11:49:00,87.0,1107,0
807,2022-12-04,ads,Tainan,new,8.0,31314.1,3914.2625,17.0,2025-10-17,30,2025-12-29 10:03:00,75.0,1123,0
808,2023-03-28,referral,Taichung,growth,10.0,34738.7,3473.87,21.0,2025-08-05,22,2025-12-30 15:51:00,148.0,1009,0
809,2023-06-20,organic,Taichung,new,5.0,14608.5,2921.7,9.0,2025-12-24,31,2025-12-27 17:15:00,7.0,925,0
810,2024-11-08,referral,Taichung,growth,6.0,30460.8,5076.8,15.0,2025-10-18,34,2025-12-16 09:42:00,74.0,418,0
811,2025-10-12,referral,Hsinchu,growth,12.0,65178.15,5431.5125,29.0,2025-11-07,24,2025-12-18 14:24:00,54.0,80,0
812,2023-02-19,ads,Kaohsiung,growth,12.0,75726.0,6310.5,31.0,2025-10-11,30,2025-12-27 15:25:00,81.0,1046,0
813,2022-11-30,social,Taichung,growth,4.0,18990.949999999997,4747.737499999999,8.0,2025-11-15,34,2025-12-12 02:24:00,46.0,1127,0
814,2024-10-08,organic,Taipei,vip,13.0,172467.45,13266.726923076923,61.0,2025-12-18,26,2025-12-27 16:00:00,13.0,449,1
815,2024-08-12,ads,Taipei,growth,5.0,35228.2,7045.639999999999,13.0,2025-12-28,27,2025-12-31 01:48:00,3.0,506,0
816,2025-03-17,ads,Tainan,new,7.0,23815.85,3402.2642857142855,17.0,2025-12-18,35,2025-12-27 14:47:00,13.0,289,0
817,2024-08-06,referral,Tainan,new,5.0,24447.15,4889.43,10.0,2025-10-25,28,2025-12-15 20:04:00,67.0,512,0
818,2023-04-01,ads,Kaohsiung,new,6.0,18331.8,3055.2999999999997,13.0,2025-10-06,14,2025-12-21 21:52:00,86.0,1005,0
819,2025-07-20,organic,Taichung,new,2.0,15839.1,7919.55,6.0,2025-12-23,34,2025-12-27 18:04:00,8.0,164,0
820,2025-02-20,referral,Taipei,growth,10.0,66658.55,6665.8550000000005,30.0,2025-11-29,31,2025-09-25 22:28:00,32.0,314,0
821,2024-07-23,organic,Kaohsiung,new,10.0,34127.25,3412.725,15.0,2025-10-24,20,2025-09-01 10:57:00,68.0,526,0
822,2023-08-23,referral,Taoyuan,new,7.0,18167.15,2595.307142857143,12.0,2025-12-28,26,2025-12-29 07:04:00,3.0,861,0
823,2023-04-12,referral,Kaohsiung,new,6.0,21499.55,3583.258333333333,11.0,2025-12-19,30,2025-12-20 19:55:00,12.0,994,0
824,2025-11-06,referral,Tainan,new,8.0,37839.6,4729.95,20.0,2025-12-08,26,2025-12-26 22:37:00,23.0,55,0
825,2024-07-02,referral,Taipei,new,6.0,21147.7,3524.616666666667,10.0,2025-12-16,23,2025-12-31 06:44:00,15.0,547,0
826,2024-05-22,social,Taichung,growth,2.0,6043.599999999999,3021.7999999999997,4.0,2025-11-19,31,2025-10-13 05:58:00,42.0,588,0
827,2025-07-12,ads,Tainan,new,1.0,1026.0,1026.0,1.0,2025-02-28,29,2025-10-29 21:56:00,306.0,172,0
828,2023-09-07,referral,Taichung,new,8.0,18774.9,2346.8625,11.0,2025-08-14,33,2025-12-28 22:26:00,139.0,846,0
829,2023-10-02,social,Taoyuan,new,8.0,28731.9,3591.4875,15.0,2025-12-11,35,2025-12-16 15:32:00,20.0,821,0
830,2023-03-26,referral,Taipei,new,4.0,22020.449999999997,5505.112499999999,7.0,2025-01-29,35,2025-12-29 03:13:00,336.0,1011,0
831,2025-11-05,ads,Tainan,growth,7.0,44782.1,6397.442857142857,19.0,2025-11-26,29,2025-11-22 18:16:00,35.0,56,0
832,2025-03-13,referral,Hsinchu,new,7.0,22937.15,3276.7357142857145,11.0,2025-08-09,28,2025-12-15 21:23:00,144.0,293,0
833,2024-01-06,ads,Hsinchu,new,7.0,30858.55,4408.364285714286,9.0,2025-08-04,35,2025-10-24 04:45:00,149.0,725,0
834,2023-10-13,organic,Taipei,new,5.0,14609.55,2921.91,9.0,2025-10-30,38,2025-11-19 09:53:00,62.0,810,0
835,2023-05-19,social,Taipei,growth,11.0,70865.65,6442.331818181818,29.0,2025-12-31,25,2025-09-23 19:11:00,0.0,957,0
836,2024-12-05,social,Taichung,new,6.0,13894.1,2315.6833333333334,9.0,2025-08-26,27,2025-12-15 13:41:00,127.0,391,0
837,2024-11-24,social,Kaohsiung,new,5.0,13850.8,2770.16,7.0,2025-10-28,31,2025-12-20 02:28:00,64.0,402,0
838,2024-10-10,ads,Kaohsiung,vip,18.0,194237.35,10790.96388888889,62.0,2025-11-09,30,2025-11-18 22:51:00,52.0,447,1
839,2025-05-12,social,Taipei,growth,3.0,13269.25,4423.083333333333,7.0,2025-01-24,25,2025-11-08 19:19:00,341.0,233,0
840,2023-10-26,ads,Taoyuan,new,5.0,14705.150000000001,2941.03,8.0,2025-11-14,33,2025-11-20 13:52:00,47.0,797,0
841,2024-01-19,social,Tainan,new,7.0,26956.25,3850.8928571428573,15.0,2025-10-20,34,2025-12-31 13:21:00,72.0,712,0
842,2024-11-28,social,Taoyuan,new,4.0,13719.9,3429.975,7.0,2025-05-11,20,2025-10-21 05:03:00,234.0,398,0
843,2023-06-19,ads,Taoyuan,new,6.0,13277.599999999999,2212.933333333333,10.0,2025-08-23,26,2025-12-31 12:58:00,130.0,926,0
844,2023-06-15,social,Taoyuan,vip,21.0,215388.4,10256.590476190477,81.0,2025-11-23,23,2025-12-23 13:35:00,38.0,930,1
845,2023-03-21,organic,Taipei,new,4.0,19652.8,4913.2,8.0,2025-10-23,31,2025-12-02 13:45:00,69.0,1016,0
846,2025-02-16,social,Taichung,new,3.0,12343.15,4114.383333333333,5.0,2025-12-05,27,2025-12-06 00:36:00,26.0,318,0
847,2024-09-21,social,Taichung,new,7.0,16730.899999999998,2390.128571428571,11.0,2025-10-30,27,2025-12-07 20:08:00,62.0,466,0
848,2023-03-14,ads,Taoyuan,new,11.0,39412.3,3582.9363636363637,23.0,2025-12-09,37,2025-12-26 23:33:00,22.0,1023,0
849,2024-09-22,social,Taoyuan,growth,12.0,74363.8,6196.983333333334,41.0,2025-11-26,27,2025-10-30 18:39:00,35.0,465,0
850,2024-09-09,social,Taoyuan,new,3.0,9173.8,3057.933333333333,4.0,2025-12-17,28,2025-11-29 12:33:00,14.0,478,0
851,2023-06-18,referral,Tainan,growth,8.0,47235.25,5904.40625,17.0,2025-10-22,27,2025-12-10 08:06:00,70.0,927,0
852,2024-02-26,ads,Hsinchu,growth,10.0,64234.2,6423.42,33.0,2025-08-12,25,2025-12-10 00:12:00,141.0,674,0
853,2024-03-10,social,Taipei,new,9.0,17803.25,1978.138888888889,12.0,2025-12-30,31,2025-12-18 23:00:00,1.0,661,0
854,2025-05-02,ads,Kaohsiung,new,9.0,33457.0,3717.4444444444443,14.0,2024-12-29,37,2025-12-21 20:46:00,367.0,243,0
855,2025-02-12,ads,Kaohsiung,growth,10.0,52561.45,5256.1449999999995,24.0,2025-08-18,29,2025-11-19 04:59:00,135.0,322,0
856,2025-08-25,organic,Hsinchu,new,8.0,18798.949999999997,2349.8687499999996,11.0,2025-11-10,29,2025-12-19 03:26:00,51.0,128,0
857,2025-07-17,ads,Taichung,vip,17.0,183957.0,10821.0,68.0,2025-09-07,22,2025-10-27 07:41:00,115.0,167,1
858,2025-11-03,ads,Kaohsiung,growth,5.0,20485.35,4097.07,12.0,2025-11-27,22,2025-12-20 21:24:00,34.0,58,0
859,2024-11-02,social,Taichung,growth,8.0,52630.95,6578.86875,24.0,2025-08-01,30,2025-12-19 20:46:00,152.0,424,0
860,2024-11-05,ads,Tainan,vip,11.0,75795.8,6890.527272727273,31.0,2025-11-21,30,2025-12-15 08:30:00,40.0,421,1
861,2023-12-21,social,Taoyuan,growth,13.0,68363.3,5258.715384615385,30.0,2025-12-08,33,2025-10-18 09:38:00,23.0,741,0
862,2025-11-04,social,Taichung,new,5.0,19470.1,3894.0199999999995,13.0,2025-11-13,24,2025-11-08 20:14:00,48.0,57,0
863,2025-08-17,partner,Taoyuan,vip,18.0,194590.65,10810.591666666667,75.0,2025-12-30,29,2025-12-12 14:11:00,1.0,136,1
864,2025-02-27,social,Taoyuan,growth,4.0,14392.45,3598.1125,7.0,2025-10-25,19,2025-11-27 04:26:00,67.0,307,0
865,2024-04-19,organic,Taichung,vip,16.0,207909.05,12994.315625,74.0,2025-12-01,22,2025-12-25 12:39:00,30.0,621,1
866,2023-12-05,partner,Hsinchu,new,4.0,17234.449999999997,4308.612499999999,8.0,2025-09-19,29,2025-12-07 15:25:00,103.0,757,0
867,2024-05-31,referral,Kaohsiung,new,4.0,13981.3,3495.325,6.0,2025-09-12,25,2025-12-19 02:07:00,110.0,579,0
868,2025-11-11,ads,Tainan,new,3.0,22582.600000000002,7527.533333333334,9.0,2025-08-10,21,2025-12-14 02:10:00,143.0,50,0
869,2023-08-12,referral,Kaohsiung,new,5.0,19142.95,3828.59,9.0,2025-01-27,34,2025-12-30 09:11:00,338.0,872,0
870,2023-07-07,ads,Kaohsiung,new,5.0,23985.9,4797.18,10.0,2025-11-11,29,2025-12-23 21:20:00,50.0,908,0
871,2024-07-28,organic,Taipei,new,4.0,10932.7,2733.175,7.0,2024-09-05,26,2025-12-19 14:19:00,482.0,521,0
872,2024-09-18,ads,Taoyuan,new,10.0,37761.6,3776.16,19.0,2025-07-11,41,2025-12-07 09:41:00,173.0,469,0
873,2022-12-20,social,Taichung,new,9.0,24643.7,2738.188888888889,12.0,2025-06-27,18,2025-11-20 17:10:00,187.0,1107,0
874,2024-01-19,referral,Taipei,new,9.0,39760.9,4417.877777777778,15.0,2025-11-30,43,2025-12-11 17:14:00,31.0,712,0
875,2024-08-04,partner,Taoyuan,new,5.0,11596.15,2319.23,7.0,2025-12-06,41,2025-12-23 03:53:00,25.0,514,0
876,2025-07-20,social,Taichung,new,9.0,24206.6,2689.6222222222223,14.0,2025-11-18,26,2025-11-27 23:17:00,43.0,164,0
877,2024-01-26,organic,Tainan,growth,14.0,42845.4,3060.3857142857146,24.0,2025-12-16,29,2025-11-12 04:03:00,15.0,705,0
878,2024-02-24,social,Hsinchu,new,5.0,22414.100000000002,4482.820000000001,8.0,2025-12-19,24,2025-11-12 01:02:00,12.0,676,0
879,2023-03-24,social,Tainan,new,7.0,21904.5,3129.214285714286,10.0,2025-12-18,21,2025-11-25 11:52:00,13.0,1013,0
880,2024-07-20,partner,Kaohsiung,new,2.0,4949.0,2474.5,2.0,2025-10-09,31,2025-12-24 16:23:00,83.0,529,0
881,2023-01-10,referral,Taipei,new,8.0,20395.4,2549.425,11.0,2025-12-27,29,2025-10-16 01:18:00,4.0,1086,0
882,2023-11-01,ads,Hsinchu,growth,12.0,72024.25,6002.020833333333,29.0,2025-11-20,37,2025-12-14 09:17:00,41.0,791,0
883,2025-11-05,partner,Kaohsiung,new,4.0,7699.95,1924.9875,6.0,2025-11-13,24,2025-12-12 21:02:00,48.0,56,0
884,2025-04-08,ads,Hsinchu,new,5.0,25922.850000000002,5184.570000000001,11.0,2025-08-25,36,2025-12-31 07:54:00,128.0,267,0
885,2024-02-26,ads,Taichung,vip,17.0,195787.5,11516.911764705883,68.0,2025-11-20,25,2025-12-21 00:44:00,41.0,674,1
886,2024-02-02,referral,Taipei,new,9.0,45456.85,5050.761111111111,19.0,2025-12-18,33,2025-12-16 15:57:00,13.0,698,0
887,2023-07-05,social,Hsinchu,new,14.0,49281.7,3520.121428571428,24.0,2025-12-11,22,2025-12-17 23:00:00,20.0,910,0
888,2025-05-31,ads,Taipei,new,12.0,33207.85,2767.320833333333,17.0,2025-10-27,20,2025-12-11 04:21:00,65.0,214,0
889,2023-02-19,referral,Tainan,new,8.0,28094.15,3511.76875,13.0,2025-12-08,40,2025-12-21 14:09:00,23.0,1046,0
890,2025-03-10,referral,Taoyuan,new,4.0,12234.2,3058.55,7.0,2025-12-08,26,2025-10-22 18:50:00,23.0,296,0
891,2024-10-08,ads,Kaohsiung,new,6.0,31178.2,5196.366666666667,15.0,2025-09-21,20,2025-12-31 09:48:00,101.0,449,0
892,2024-01-04,organic,Kaohsiung,new,6.0,34326.35,5721.058333333333,17.0,2025-12-04,29,2025-11-18 15:44:00,27.0,727,0
893,2022-12-23,ads,Kaohsiung,new,8.0,38508.1,4813.5125,20.0,2025-10-29,27,2025-11-11 19:02:00,63.0,1104,0
894,2023-09-24,social,Taipei,growth,8.0,43271.15,5408.89375,20.0,2025-10-12,39,2025-12-10 06:05:00,80.0,829,0
895,2025-04-24,referral,Taipei,new,2.0,6874.5,3437.25,3.0,2025-06-15,29,2025-12-30 02:54:00,199.0,251,0
896,2024-01-14,ads,Taipei,growth,8.0,23671.6,2958.95,13.0,2025-09-28,34,2025-12-09 10:37:00,94.0,717,0
897,2023-04-28,social,Hsinchu,new,7.0,30989.25,4427.035714285715,12.0,2025-11-04,36,2025-12-05 06:03:00,57.0,978,0
898,2025-10-30,ads,Hsinchu,new,2.0,5039.1,2519.55,2.0,2025-05-02,18,2025-12-19 07:03:00,243.0,62,0
899,2025-05-10,social,Taipei,new,5.0,32510.8,6502.16,11.0,2025-12-24,37,2025-12-09 23:33:00,7.0,235,0
900,2023-11-12,referral,Taoyuan,new,8.0,43999.1,5499.8875,22.0,2025-11-25,33,2025-12-26 21:35:00,36.0,780,0
901,2024-04-20,referral,Taoyuan,growth,7.0,53637.0,7662.428571428572,21.0,2025-06-04,26,2025-11-30 20:56:00,210.0,620,0
902,2025-04-19,social,Taipei,growth,11.0,59636.95,5421.540909090909,30.0,2025-12-12,28,2025-10-29 03:22:00,19.0,256,0
903,2025-11-12,social,Taoyuan,vip,12.0,107354.1,8946.175000000001,46.0,2025-10-03,25,2025-12-30 07:11:00,89.0,49,1
904,2024-08-26,ads,Taoyuan,growth,10.0,57893.950000000004,5789.395,30.0,2025-11-11,29,2025-11-04 12:46:00,50.0,492,0
905,2024-10-13,social,Taoyuan,new,9.0,36862.6,4095.8444444444444,18.0,2025-12-27,37,2025-12-17 06:37:00,4.0,444,0
906,2024-01-03,ads,Taipei,vip,12.0,141959.9,11829.991666666667,46.0,2025-12-20,25,2025-10-07 07:27:00,11.0,728,1
907,2025-05-06,organic,Taichung,new,9.0,42919.6,4768.844444444444,21.0,2025-11-26,30,2025-12-15 09:11:00,35.0,239,0
908,2025-10-10,partner,Taichung,new,6.0,24746.449999999997,4124.408333333333,11.0,2025-11-01,24,2025-12-08 15:24:00,60.0,82,0
909,2025-08-14,referral,Taoyuan,new,7.0,21502.5,3071.785714285714,10.0,2025-12-16,24,2025-12-15 12:46:00,15.0,139,0
910,2024-05-15,ads,Taipei,vip,21.0,199225.45,9486.926190476192,64.0,2025-12-10,24,2025-12-06 23:51:00,21.0,595,1
911,2022-12-03,organic,Taipei,growth,6.0,34247.25,5707.875,16.0,2025-12-22,27,2025-11-19 22:52:00,9.0,1124,0
912,2025-07-07,social,Taipei,new,3.0,16039.65,5346.55,6.0,2025-06-17,28,2025-09-18 13:42:00,197.0,177,0
913,2024-01-27,referral,Taichung,new,6.0,23389.9,3898.316666666667,11.0,2025-10-31,20,2025-12-09 11:47:00,61.0,704,0
914,2025-07-19,ads,Taipei,vip,25.0,343618.25,13744.73,116.0,2025-12-07,18,2025-12-07 10:07:00,24.0,165,1
915,2025-07-28,social,Taipei,new,4.0,13114.699999999999,3278.6749999999997,8.0,2025-10-12,24,2025-12-11 19:00:00,80.0,156,0
916,2025-10-23,organic,Taipei,growth,9.0,53311.65,5923.516666666666,20.0,2025-12-29,33,2025-12-19 17:05:00,2.0,69,0
917,2023-07-28,social,Taoyuan,vip,32.0,363166.85,11348.9640625,129.0,2025-12-27,41,2025-12-30 15:16:00,4.0,887,1
918,2022-12-23,referral,Tainan,growth,9.0,48541.75,5393.527777777777,20.0,2025-09-02,23,2025-12-21 23:25:00,120.0,1104,0
919,2024-12-25,ads,Tainan,new,6.0,21835.8,3639.2999999999997,10.0,2025-08-10,26,2025-11-26 03:33:00,143.0,371,0
920,2023-03-02,ads,Taoyuan,vip,19.0,193618.3,10190.436842105262,70.0,2025-12-08,32,2025-12-25 13:29:00,23.0,1035,1
921,2024-06-10,social,Taoyuan,new,7.0,33056.45,4722.349999999999,15.0,2025-12-19,29,2025-12-26 02:05:00,12.0,569,0
922,2023-06-26,social,Taoyuan,new,6.0,18621.25,3103.5416666666665,10.0,2025-04-14,22,2025-12-05 16:30:00,261.0,919,0
923,2023-09-06,ads,Taichung,growth,12.0,49599.7,4133.308333333333,24.0,2025-11-14,25,2025-10-18 03:36:00,47.0,847,0
924,2023-12-16,social,Tainan,growth,14.0,75080.90000000001,5362.921428571429,34.0,2025-12-30,23,2025-11-28 10:46:00,1.0,746,0
925,2023-12-13,social,Taipei,growth,3.0,4897.5,1632.5,3.0,2025-12-22,32,2025-11-30 15:50:00,9.0,749,0
926,2023-05-19,ads,Kaohsiung,new,7.0,38867.45,5552.492857142856,16.0,2025-10-03,25,2025-12-12 16:11:00,89.0,957,0
927,2023-08-31,social,Kaohsiung,new,4.0,9603.5,2400.875,7.0,2024-12-25,41,2025-12-28 23:09:00,371.0,853,0
928,2025-08-12,partner,Tainan,new,5.0,12927.05,2585.41,7.0,2025-12-10,25,2025-09-12 23:01:00,21.0,141,0
929,2025-07-11,ads,Hsinchu,new,3.0,12102.0,4034.0,4.0,2025-06-21,23,2025-12-13 21:49:00,193.0,173,0
930,2023-06-19,social,Taichung,growth,9.0,57496.2,6388.466666666666,23.0,2025-10-09,22,2025-09-01 17:03:00,83.0,926,0
931,2023-01-28,ads,Kaohsiung,new,11.0,53943.75,4903.977272727273,24.0,2025-12-24,36,2025-10-11 16:49:00,7.0,1068,0
932,2024-01-01,referral,Taichung,new,4.0,17010.75,4252.6875,8.0,2025-09-24,35,2025-12-28 16:30:00,98.0,730,0
933,2024-02-29,social,Kaohsiung,new,9.0,26420.15,2935.5722222222225,12.0,2025-12-19,34,2025-12-11 00:36:00,12.0,671,0
934,2022-12-26,ads,Taoyuan,new,8.0,32312.25,4039.03125,13.0,2025-10-11,23,2025-12-12 07:49:00,81.0,1101,0
935,2024-08-24,referral,Tainan,vip,17.0,213095.3,12535.017647058823,70.0,2025-12-13,28,2025-12-31 03:12:00,18.0,494,1
936,2023-05-08,ads,Taipei,new,3.0,7302.849999999999,2434.2833333333333,5.0,2025-04-30,28,2025-11-19 21:51:00,245.0,968,0
937,2024-03-26,organic,Taipei,growth,7.0,51694.9,7384.9857142857145,19.0,2025-12-11,24,2025-12-16 04:13:00,20.0,645,0
938,2024-05-28,ads,Taichung,new,7.0,27923.65,3989.092857142857,12.0,2025-12-29,32,2025-12-12 07:51:00,2.0,582,0
939,2024-05-16,social,Kaohsiung,new,10.0,52216.05,5221.6050000000005,19.0,2025-12-18,27,2025-10-18 00:14:00,13.0,594,0
940,2024-03-28,ads,Tainan,new,5.0,16051.75,3210.35,6.0,2025-07-27,35,2025-12-20 01:59:00,157.0,643,0
941,2023-04-22,partner,Hsinchu,new,7.0,32394.4,4627.771428571429,14.0,2025-10-23,28,2025-12-02 00:35:00,69.0,984,0
942,2023-03-08,ads,Tainan,new,6.0,14791.1,2465.1833333333334,9.0,2025-11-06,38,2025-12-21 06:10:00,55.0,1029,0
943,2023-02-28,social,Kaohsiung,growth,9.0,25145.7,2793.9666666666667,17.0,2025-05-23,24,2025-12-15 00:18:00,222.0,1037,0
944,2024-10-16,social,Tainan,new,4.0,31374.6,7843.65,12.0,2025-08-05,32,2025-12-18 08:10:00,148.0,441,0
945,2024-09-06,social,Kaohsiung,new,7.0,24032.0,3433.1428571428573,13.0,2025-11-07,27,2025-12-16 08:51:00,54.0,481,0
946,2024-01-18,social,Taipei,new,4.0,6243.3,1560.825,7.0,2025-07-30,39,2025-12-29 23:56:00,154.0,713,0
947,2025-08-14,ads,Taoyuan,growth,10.0,45582.55,4558.255,26.0,2025-12-23,25,2025-12-01 16:03:00,8.0,139,0
948,2025-10-17,social,Hsinchu,new,7.0,32370.5,4624.357142857143,14.0,2025-04-25,23,2025-09-14 12:09:00,250.0,75,0
949,2023-10-01,ads,Taipei,new,7.0,35631.3,5090.185714285714,14.0,2025-08-02,30,2025-11-30 00:58:00,151.0,822,0
950,2024-02-14,referral,Taoyuan,new,2.0,8937.2,4468.6,3.0,2025-05-24,25,2025-09-25 17:10:00,221.0,686,0
951,2024-03-14,ads,Kaohsiung,new,3.0,10624.05,3541.35,5.0,2025-11-29,30,2025-10-19 03:47:00,32.0,657,0
952,2023-06-12,organic,Kaohsiung,growth,12.0,69260.0,5771.666666666667,31.0,2025-08-18,30,2025-12-31 19:37:00,135.0,933,0
953,2023-08-07,ads,Taichung,new,6.0,28788.949999999997,4798.158333333333,13.0,2025-12-02,30,2025-10-28 04:01:00,29.0,877,0
954,2025-11-11,social,Tainan,growth,6.0,50604.6,8434.1,17.0,2025-09-08,32,2025-12-31 18:05:00,114.0,50,0
955,2024-05-05,ads,Kaohsiung,growth,9.0,43715.9,4857.322222222222,18.0,2025-09-04,36,2025-12-27 05:14:00,118.0,605,0
956,2025-04-09,social,Kaohsiung,new,2.0,17715.149999999998,8857.574999999999,8.0,2025-08-24,29,2025-09-22 02:16:00,129.0,266,0
957,2023-01-27,organic,Kaohsiung,new,2.0,7954.6,3977.3,5.0,2025-06-13,34,2025-11-03 06:35:00,201.0,1069,0
958,2023-06-04,referral,Taichung,new,3.0,17516.0,5838.666666666667,6.0,2025-08-09,30,2025-12-17 09:37:00,144.0,941,0
959,2024-11-17,ads,Hsinchu,new,9.0,61210.05,6801.116666666667,20.0,2025-08-14,25,2025-12-21 15:17:00,139.0,409,0
960,2025-06-22,social,Taoyuan,new,10.0,30221.300000000003,3022.13,17.0,2025-11-05,27,2025-12-08 04:04:00,56.0,192,0
961,2023-09-09,partner,Taipei,new,7.0,35596.85,5085.2642857142855,14.0,2025-12-13,30,2025-10-09 20:13:00,18.0,844,0
962,2025-08-06,social,Taoyuan,new,6.0,60792.3,10132.050000000001,21.0,2025-10-04,20,2025-11-01 18:20:00,88.0,147,0
963,2023-05-29,partner,Tainan,new,5.0,20828.35,4165.67,8.0,2025-11-16,30,2025-12-25 00:39:00,45.0,947,0
964,2024-11-21,partner,Taipei,new,6.0,21222.55,3537.0916666666667,10.0,2025-11-07,28,2025-12-18 02:48:00,54.0,405,0
965,2025-11-18,social,Kaohsiung,growth,12.0,48103.7,4008.6416666666664,25.0,2025-12-31,34,2025-12-22 07:31:00,0.0,43,0
966,2024-08-19,social,Kaohsiung,new,4.0,8429.5,2107.375,5.0,2025-08-29,30,2025-12-28 14:22:00,124.0,499,0
967,2023-10-01,social,Kaohsiung,new,6.0,39287.4,6547.900000000001,13.0,2025-07-08,20,2025-10-07 20:08:00,176.0,822,0
968,2023-08-22,organic,Taoyuan,new,6.0,24401.1,4066.85,9.0,2025-12-17,26,2025-10-15 02:57:00,14.0,862,0
969,2024-06-18,referral,Taichung,vip,22.0,230425.25,10473.875,80.0,2025-10-09,25,2025-12-08 04:57:00,83.0,561,1
970,2024-12-07,social,Taoyuan,growth,10.0,79845.4,7984.539999999999,32.0,2025-12-29,19,2025-12-18 00:04:00,2.0,389,0
971,2024-09-30,ads,Taipei,growth,11.0,66582.0,6052.909090909091,27.0,2025-12-04,22,2025-11-01 18:27:00,27.0,457,0
972,2024-01-01,ads,Taichung,new,5.0,33221.5,6644.3,13.0,2025-11-23,32,2025-11-17 11:35:00,38.0,730,0
973,2024-12-23,social,Tainan,growth,12.0,67260.25,5605.020833333333,38.0,2025-08-05,18,2025-12-21 01:51:00,148.0,373,0
974,2023-12-10,social,Kaohsiung,growth,7.0,37532.55,5361.792857142857,15.0,2025-12-23,18,2025-10-31 07:56:00,8.0,752,0
975,2024-07-17,ads,Taichung,new,4.0,19049.5,4762.375,9.0,2025-12-03,32,2025-11-29 09:12:00,28.0,532,0
976,2025-05-26,ads,Kaohsiung,new,7.0,35970.4,5138.628571428571,14.0,2025-12-24,27,2025-12-15 04:23:00,7.0,219,0
977,2024-04-27,ads,Hsinchu,new,7.0,18306.35,2615.192857142857,9.0,2025-08-29,28,2025-12-11 18:34:00,124.0,613,0
978,2023-09-15,referral,Taipei,new,4.0,15429.050000000001,3857.2625000000003,9.0,2025-07-18,33,2025-10-26 18:16:00,166.0,838,0
979,2023-02-09,ads,Taichung,new,5.0,16933.85,3386.7699999999995,8.0,2025-05-18,23,2025-12-08 00:06:00,227.0,1056,0
980,2025-08-09,ads,Taoyuan,new,12.0,51072.2,4256.016666666666,23.0,2025-11-11,25,2025-12-13 19:49:00,50.0,144,0
981,2025-03-03,referral,Hsinchu,vip,19.0,235406.1,12389.794736842106,81.0,2025-12-11,28,2025-12-05 13:13:00,20.0,303,1
982,2023-06-13,social,Taipei,vip,11.0,141212.35,12837.486363636364,47.0,2025-12-05,28,2025-12-30 10:14:00,26.0,932,1
983,2024-02-10,ads,Kaohsiung,growth,7.0,39747.25,5678.178571428572,19.0,2025-07-21,33,2025-12-23 05:48:00,163.0,690,0
984,2023-03-23,ads,Kaohsiung,growth,10.0,35775.2,3577.5199999999995,24.0,2025-06-17,26,2025-12-28 04:12:00,197.0,1014,0
985,2025-06-17,partner,Kaohsiung,growth,9.0,30257.9,3361.988888888889,16.0,2025-10-25,33,2025-12-28 22:30:00,67.0,197,0
986,2024-07-29,ads,Taichung,new,7.0,28178.95,4025.5642857142857,15.0,2025-12-04,35,2025-12-10 21:47:00,27.0,520,0
987,2023-09-18,social,Taoyuan,new,5.0,11281.2,2256.2400000000002,7.0,2025-10-26,28,2025-10-16 15:31:00,66.0,835,0
988,2023-05-12,social,Taipei,vip,27.0,242970.9,8998.922222222222,87.0,2025-12-30,31,2025-11-07 16:49:00,1.0,964,1
989,2024-05-14,social,Taipei,new,11.0,60753.5,5523.045454545455,25.0,2025-11-28,26,2025-12-31 03:19:00,33.0,596,0
990,2024-07-02,referral,Tainan,growth,6.0,32304.7,5384.116666666667,17.0,2025-11-20,28,2025-12-04 19:17:00,41.0,547,0
991,2022-12-03,ads,Taipei,growth,10.0,60058.25,6005.825,24.0,2025-08-05,30,2025-12-20 09:41:00,148.0,1124,0
992,2023-05-04,social,Kaohsiung,new,2.0,9776.849999999999,4888.424999999999,4.0,2024-12-19,30,2025-12-30 14:39:00,377.0,972,0
993,2023-05-02,referral,Taoyuan,new,3.0,9743.65,3247.883333333333,4.0,2025-12-31,22,2025-12-05 21:40:00,0.0,974,0
994,2024-05-08,organic,Tainan,vip,19.0,122347.9,6439.363157894736,48.0,2025-12-09,24,2025-12-18 05:30:00,22.0,602,1
995,2023-01-03,social,Taichung,new,5.0,15314.45,3062.8900000000003,7.0,2025-11-06,32,2025-11-30 08:44:00,55.0,1093,0
996,2025-11-27,ads,Hsinchu,new,10.0,34095.15,3409.5150000000003,20.0,2025-12-05,28,2025-11-23 05:42:00,26.0,34,0
997,2024-04-22,referral,Taichung,new,7.0,23758.35,3394.0499999999997,13.0,2025-07-27,25,2025-12-27 13:03:00,157.0,618,0
998,2023-06-04,organic,Kaohsiung,new,5.0,12394.65,2478.93,8.0,2025-09-14,30,2025-12-04 02:28:00,108.0,941,0
999,2025-01-30,organic,Tainan,new,7.0,30015.65,4287.95,17.0,2025-12-27,28,2025-12-31 03:46:00,4.0,335,0
1000,2024-09-04,ads,Kaohsiung,new,5.0,20285.8,4057.16,11.0,2025-10-24,28,2025-12-04 16:56:00,68.0,483,0
1001,2025-08-26,ads,Tainan,growth,9.0,82140.95,9126.772222222222,28.0,2025-08-18,21,2025-12-17 03:12:00,135.0,127,0
1002,2023-10-19,partner,Hsinchu,new,6.0,24813.3,4135.55,13.0,2025-07-10,27,2025-12-31 17:49:00,174.0,804,0
1003,2023-03-06,referral,Kaohsiung,vip,13.0,117669.8,9051.523076923077,37.0,2025-12-15,25,2025-12-06 16:02:00,16.0,1031,1
1004,2024-07-13,ads,Taipei,growth,8.0,25730.4,3216.3,14.0,2025-12-01,31,2025-12-29 02:53:00,30.0,536,0
1005,2023-09-06,ads,Taichung,growth,7.0,30142.2,4306.028571428572,15.0,2025-10-06,27,2025-11-18 02:56:00,86.0,847,0
1006,2025-06-15,ads,Taoyuan,new,6.0,21805.2,3634.2000000000003,10.0,2025-12-26,27,2025-12-05 15:09:00,5.0,199,0
1007,2024-06-13,referral,Tainan,growth,11.0,54114.85,4919.531818181818,27.0,2025-11-24,24,2025-12-26 02:06:00,37.0,566,0
1008,2024-10-07,referral,Taichung,new,5.0,28380.2,5676.04,10.0,2024-11-27,26,2025-12-11 11:56:00,399.0,450,0
1009,2025-04-09,social,Kaohsiung,vip,17.0,169531.05,9972.414705882353,58.0,2025-09-18,23,2025-12-15 00:17:00,104.0,266,1
1010,2024-01-27,social,Hsinchu,new,5.0,16389.350000000002,3277.8700000000003,8.0,2025-06-17,31,2025-12-30 11:07:00,197.0,704,0
1011,2024-11-23,ads,Taichung,new,6.0,28004.6,4667.433333333333,12.0,2025-09-24,20,2025-12-20 18:57:00,98.0,403,0
1012,2025-01-04,referral,Tainan,growth,8.0,44491.75,5561.46875,22.0,2025-11-24,27,2025-12-30 07:15:00,37.0,361,0
1013,2025-09-18,referral,Hsinchu,growth,7.0,19767.85,2823.9785714285713,12.0,2025-07-24,36,2025-12-04 04:17:00,160.0,104,0
1014,2025-07-18,referral,Tainan,growth,10.0,62970.2,6297.0199999999995,24.0,2025-11-27,26,2025-12-15 08:34:00,34.0,166,0
1015,2024-08-30,ads,Taoyuan,new,3.0,22392.35,7464.116666666666,7.0,2025-11-06,40,2025-12-18 22:07:00,55.0,488,0
1016,2023-11-29,partner,Kaohsiung,new,7.0,27445.0,3920.714285714286,9.0,2025-08-12,19,2025-10-20 21:44:00,141.0,763,0
1017,2023-09-30,partner,Kaohsiung,new,4.0,9788.8,2447.2,4.0,2025-10-31,27,2025-12-31 00:51:00,61.0,823,0
1018,2024-10-08,referral,Taichung,new,4.0,16282.800000000001,4070.7000000000003,8.0,2025-12-08,29,2025-11-19 07:28:00,23.0,449,0
1019,2022-12-06,organic,Kaohsiung,new,6.0,10425.55,1737.5916666666665,8.0,2025-02-27,33,2025-11-25 18:14:00,307.0,1121,0
1020,2024-09-02,ads,Kaohsiung,new,5.0,12467.45,2493.4900000000002,7.0,2025-07-28,23,2025-12-30 22:36:00,156.0,485,0
1021,2024-01-14,ads,Tainan,new,6.0,26273.95,4378.991666666667,12.0,2025-12-03,30,2025-12-29 09:43:00,28.0,717,0
1022,2025-01-07,ads,Taichung,new,6.0,36930.9,6155.150000000001,13.0,2025-05-12,30,2025-12-15 15:50:00,233.0,358,0
1023,2025-03-24,ads,Taoyuan,growth,10.0,60961.9,6096.1900000000005,28.0,2025-10-15,29,2025-12-13 08:34:00,77.0,282,0
1024,2024-01-29,social,Tainan,new,6.0,27458.0,4576.333333333333,10.0,2025-06-14,28,2025-11-16 18:41:00,200.0,702,0
1025,2023-04-23,partner,Kaohsiung,new,4.0,15839.449999999999,3959.8624999999997,7.0,2025-12-17,30,2025-12-08 08:49:00,14.0,983,0
1026,2023-10-28,ads,Taoyuan,new,5.0,12434.05,2486.81,7.0,2025-09-20,21,2025-11-15 12:40:00,102.0,795,0
1027,2023-07-19,social,Taichung,new,4.0,13872.55,3468.1375,5.0,2025-04-01,28,2025-12-04 21:48:00,274.0,896,0
1028,2023-10-03,social,Tainan,growth,6.0,46570.5,7761.75,17.0,2025-11-06,26,2025-11-12 23:10:00,55.0,820,0
1029,2023-09-03,referral,Taoyuan,vip,13.0,146925.25,11301.942307692309,46.0,2025-12-16,31,2025-12-31 06:42:00,15.0,850,1
1030,2023-12-30,social,Taipei,growth,13.0,51976.4,3998.1846153846154,25.0,2025-10-28,35,2025-11-11 10:04:00,64.0,732,0
1031,2023-06-30,organic,Kaohsiung,vip,23.0,271069.9,11785.647826086957,95.0,2025-12-11,33,2025-12-28 15:20:00,20.0,915,1
1032,2023-12-20,organic,Tainan,new,4.0,13083.55,3270.8875,6.0,2025-03-24,29,2025-11-29 03:47:00,282.0,742,0
1033,2025-01-05,social,Kaohsiung,new,2.0,10541.0,5270.5,3.0,2025-05-17,31,2025-12-19 06:08:00,228.0,360,0
1034,2023-08-04,ads,Taipei,growth,13.0,50709.45,3900.726923076923,30.0,2025-12-22,31,2025-12-30 07:37:00,9.0,880,0
1035,2025-08-03,ads,Taichung,new,6.0,19310.75,3218.4583333333335,10.0,2025-12-31,31,2025-12-05 12:23:00,0.0,150,0
1036,2024-01-06,ads,Taipei,growth,13.0,70610.7,5431.592307692307,32.0,2025-11-02,38,2025-11-13 00:36:00,59.0,725,0
1037,2025-09-18,social,Taichung,new,1.0,3762.0,3762.0,1.0,2024-11-02,29,2025-12-17 13:39:00,424.0,104,0
1038,2024-04-15,social,Kaohsiung,new,12.0,29212.949999999997,2434.4125,19.0,2025-10-22,23,2025-09-28 06:47:00,70.0,625,0
1039,2023-05-14,ads,Kaohsiung,vip,23.0,276579.05,12025.17608695652,98.0,2025-12-25,22,2025-12-21 17:48:00,6.0,962,1
1040,2024-04-06,social,Hsinchu,new,7.0,34968.45,4995.492857142856,15.0,2025-11-08,32,2025-12-21 08:24:00,53.0,634,0
1041,2023-12-08,ads,Taichung,growth,9.0,37535.95,4170.661111111111,21.0,2025-12-30,32,2025-12-11 22:55:00,1.0,754,0
1042,2025-07-16,ads,Tainan,growth,4.0,16777.6,4194.4,9.0,2025-10-13,22,2025-12-07 23:40:00,79.0,168,0
1043,2025-02-25,referral,Kaohsiung,new,7.0,25045.350000000002,3577.9071428571433,13.0,2025-10-26,25,2025-12-30 07:36:00,66.0,309,0
1044,2024-06-10,referral,Taipei,new,3.0,6023.099999999999,2007.6999999999998,4.0,2025-10-29,33,2025-12-05 14:30:00,63.0,569,0
1045,2024-02-29,organic,Hsinchu,growth,9.0,52144.65,5793.85,22.0,2025-11-21,23,2025-12-28 02:00:00,40.0,671,0
1046,2025-10-23,referral,Hsinchu,new,10.0,24443.300000000003,2444.3300000000004,16.0,2025-12-11,26,2025-12-20 11:13:00,20.0,69,0
1047,2024-12-06,ads,Taichung,new,6.0,11462.35,1910.3916666666667,9.0,2025-12-02,28,2025-12-23 19:57:00,29.0,390,0
1048,2025-04-11,ads,Taoyuan,new,3.0,14900.5,4966.833333333333,5.0,2025-10-02,27,2025-12-27 06:22:00,90.0,264,0
1049,2023-06-07,ads,Taipei,new,7.0,42689.3,6098.471428571429,16.0,2025-11-15,27,2025-12-04 23:04:00,46.0,938,0
1050,2022-12-19,social,Hsinchu,new,4.0,10794.95,2698.7375,5.0,2025-04-10,25,2025-12-25 08:31:00,265.0,1108,0
1051,2024-03-10,referral,Taipei,new,5.0,12166.05,2433.21,7.0,2025-10-12,29,2025-12-06 14:08:00,80.0,661,0
1052,2025-10-30,ads,Taipei,vip,20.0,234010.0,11700.5,79.0,2025-12-20,30,2025-12-20 17:28:00,11.0,62,1
1053,2023-06-19,ads,Taoyuan,growth,13.0,66662.8,5127.907692307693,30.0,2025-11-25,29,2025-12-29 15:13:00,36.0,926,0
1054,2024-11-14,ads,Taoyuan,vip,26.0,290272.0,11164.307692307691,101.0,2025-10-05,28,2025-11-17 22:08:00,87.0,412,1
1055,2024-05-13,social,Tainan,new,2.0,5189.400000000001,2594.7000000000003,4.0,2024-10-08,24,2025-11-30 14:52:00,449.0,597,0
1056,2024-10-26,social,Tainan,growth,8.0,52513.600000000006,6564.200000000001,22.0,2025-10-26,32,2025-12-30 16:00:00,66.0,431,0
1057,2025-08-09,ads,Tainan,growth,6.0,46471.950000000004,7745.325000000001,18.0,2025-11-16,25,2025-12-14 06:51:00,45.0,144,0
1058,2023-12-13,referral,Taipei,growth,13.0,52266.1,4020.4692307692308,31.0,2025-11-22,30,2025-12-23 00:38:00,39.0,749,0
1059,2023-08-24,social,Taipei,new,8.0,31995.800000000003,3999.4750000000004,14.0,2025-12-20,20,2025-12-23 01:37:00,11.0,860,0
1060,2023-05-27,partner,Taichung,new,5.0,20067.5,4013.5,9.0,2025-08-21,21,2025-12-19 08:56:00,132.0,949,0
1061,2024-05-02,ads,Taoyuan,vip,17.0,160903.19999999998,9464.894117647058,58.0,2025-10-27,26,2025-12-11 20:56:00,65.0,608,1
1062,2025-10-25,referral,Kaohsiung,new,7.0,17124.25,2446.3214285714284,9.0,2025-09-28,29,2025-11-28 04:58:00,94.0,67,0
1063,2023-05-22,referral,Taipei,new,9.0,49755.350000000006,5528.372222222223,26.0,2025-10-21,34,2025-12-20 02:18:00,71.0,954,0
1064,2024-04-26,ads,Kaohsiung,growth,6.0,25575.3,4262.55,16.0,2025-11-02,27,2025-12-07 14:41:00,59.0,614,0
1065,2023-05-28,ads,Taipei,new,3.0,19656.85,6552.283333333333,6.0,2025-01-18,23,2025-12-17 17:43:00,347.0,948,0
1066,2024-12-06,organic,Hsinchu,new,7.0,14556.6,2079.514285714286,13.0,2025-12-07,23,2025-12-26 10:56:00,24.0,390,0
1067,2022-12-03,ads,Tainan,growth,8.0,39752.7,4969.0875,17.0,2025-12-28,34,2025-11-28 23:40:00,3.0,1124,0
1068,2023-07-03,social,Taipei,new,5.0,15229.6,3045.92,11.0,2025-11-15,29,2025-12-08 18:10:00,46.0,912,0
1069,2025-06-19,referral,Taichung,vip,18.0,180235.85,10013.102777777778,58.0,2025-12-20,26,2025-11-09 02:06:00,11.0,195,1
1070,2023-12-14,ads,Hsinchu,new,5.0,24480.699999999997,4896.139999999999,11.0,2025-01-21,25,2025-12-31 05:07:00,344.0,748,0
1071,2023-02-05,ads,Tainan,growth,8.0,46643.0,5830.375,19.0,2025-10-26,23,2025-12-28 06:13:00,66.0,1060,0
1072,2024-04-08,partner,Taichung,new,5.0,22952.95,4590.59,11.0,2025-04-07,30,2025-12-17 18:06:00,268.0,632,0
1073,2023-10-09,partner,Taichung,growth,9.0,40924.75,4547.194444444444,23.0,2025-12-12,28,2025-11-30 09:10:00,19.0,814,0
1074,2023-08-13,organic,Taichung,new,3.0,14521.349999999999,4840.45,7.0,2025-08-01,24,2025-12-27 23:48:00,152.0,871,0
1075,2023-10-19,social,Hsinchu,new,10.0,36673.7,3667.37,19.0,2025-11-23,34,2025-11-23 12:16:00,38.0,804,0
1076,2024-11-24,ads,Kaohsiung,new,8.0,41524.2,5190.525,17.0,2025-12-13,38,2025-12-11 01:53:00,18.0,402,0
1077,2023-02-05,partner,Taoyuan,new,6.0,19206.3,3201.0499999999997,10.0,2025-12-20,24,2025-12-16 21:07:00,11.0,1060,0
1078,2023-08-31,referral,Taipei,growth,13.0,77666.15,5974.319230769231,28.0,2025-08-05,18,2025-10-07 20:36:00,148.0,853,0
1079,2024-05-19,ads,Taipei,new,4.0,11242.95,2810.7375,6.0,2025-10-04,28,2025-12-14 16:59:00,88.0,591,0
1080,2025-06-01,partner,Tainan,new,7.0,35306.25,5043.75,16.0,2025-08-19,32,2025-12-23 18:58:00,134.0,213,0
1081,2024-10-11,social,Kaohsiung,vip,20.0,237407.1,11870.355,81.0,2025-12-04,28,2025-12-23 16:26:00,27.0,446,1
1082,2024-08-09,partner,Tainan,growth,8.0,38416.4,4802.05,21.0,2025-08-26,30,2025-12-09 01:36:00,127.0,509,0
1083,2023-04-23,social,Tainan,new,2.0,5487.55,2743.775,3.0,2024-08-28,28,2025-10-08 01:24:00,490.0,983,0
1084,2024-03-16,social,Hsinchu,new,11.0,33517.05,3047.0045454545457,21.0,2025-11-08,19,2025-12-22 20:32:00,53.0,655,0
1085,2025-08-31,ads,Taichung,new,5.0,14809.5,2961.9,9.0,2025-11-30,20,2025-11-19 15:34:00,31.0,122,0
1086,2023-09-24,ads,Taichung,new,10.0,32444.4,3244.44,19.0,2025-10-13,29,2025-10-21 15:07:00,79.0,829,0
1087,2024-06-15,ads,Taoyuan,new,5.0,17074.0,3414.8,9.0,2025-07-30,36,2025-12-26 17:01:00,154.0,564,0
1088,2023-11-22,ads,Taichung,new,8.0,20893.3,2611.6625,13.0,2025-11-26,23,2025-09-10 12:25:00,35.0,770,0
1089,2024-02-04,referral,Hsinchu,new,7.0,36303.85,5186.2642857142855,18.0,2025-12-03,24,2025-12-31 00:58:00,28.0,696,0
1090,2023-10-27,organic,Tainan,new,6.0,14734.099999999999,2455.683333333333,10.0,2025-11-06,25,2025-12-05 12:58:00,55.0,796,0
1091,2023-04-10,social,Taipei,new,9.0,34288.55,3809.8388888888894,14.0,2025-11-03,26,2025-12-10 00:57:00,58.0,996,0
1092,2023-01-25,social,Hsinchu,growth,6.0,28017.7,4669.616666666667,18.0,2025-12-18,31,2025-12-28 23:20:00,13.0,1071,0
1093,2025-04-01,ads,Tainan,new,3.0,13239.6,4413.2,6.0,2025-12-25,31,2025-12-23 10:19:00,6.0,274,0
1094,2023-05-24,referral,Taipei,growth,11.0,57979.0,5270.818181818182,24.0,2025-08-14,24,2025-12-14 18:36:00,139.0,952,0
1095,2025-09-18,ads,Tainan,new,4.0,17403.149999999998,4350.787499999999,11.0,2025-08-31,27,2025-12-20 23:42:00,122.0,104,0
1096,2025-01-06,social,Taichung,new,8.0,31720.7,3965.0875,19.0,2025-11-24,27,2025-10-29 19:14:00,37.0,359,0
1097,2024-07-09,partner,Taichung,growth,10.0,41737.35,4173.735,19.0,2025-12-15,28,2025-11-16 10:25:00,16.0,540,0
1098,2023-02-07,social,Tainan,new,4.0,11379.35,2844.8375,6.0,2024-11-21,31,2025-12-12 14:07:00,405.0,1058,0
1099,2023-10-11,organic,Kaohsiung,growth,8.0,48809.25,6101.15625,20.0,2025-11-27,23,2025-11-26 13:34:00,34.0,812,0
1100,2025-05-13,social,Kaohsiung,growth,12.0,53982.25,4498.520833333333,28.0,2025-12-07,29,2025-11-26 13:07:00,24.0,232,0
1101,2025-08-06,organic,Kaohsiung,new,6.0,16865.05,2810.8416666666667,11.0,2025-01-06,27,2025-12-26 07:26:00,359.0,147,0
1102,2023-01-01,referral,Taichung,new,5.0,26856.1,5371.219999999999,11.0,2025-03-23,21,2025-12-07 00:31:00,283.0,1095,0
1103,2025-01-14,ads,Taipei,vip,11.0,96368.9,8760.80909090909,43.0,2025-12-10,26,2025-12-13 21:49:00,21.0,351,1
1104,2025-01-01,ads,Tainan,growth,9.0,43445.1,4827.233333333334,23.0,2025-12-12,20,2025-12-20 05:25:00,19.0,364,0
1105,2025-11-24,ads,Tainan,new,7.0,18114.75,2587.8214285714284,9.0,2025-09-22,34,2025-11-28 08:03:00,100.0,37,0
1106,2025-06-15,social,Taoyuan,new,4.0,21809.15,5452.2875,8.0,2025-10-18,25,2025-12-10 15:12:00,74.0,199,0
1107,2025-07-02,partner,Kaohsiung,new,7.0,26223.85,3746.2642857142855,15.0,2025-11-30,28,2025-11-20 06:59:00,31.0,182,0
1108,2023-10-02,referral,Tainan,new,10.0,38513.55,3851.3550000000005,16.0,2025-11-07,30,2025-12-09 08:28:00,54.0,821,0
1109,2023-08-27,referral,Kaohsiung,new,7.0,24245.35,3463.621428571428,14.0,2025-12-26,19,2025-12-09 01:46:00,5.0,857,0
1110,2023-04-06,ads,Kaohsiung,vip,14.0,154899.25,11064.232142857143,55.0,2025-11-20,20,2025-12-28 12:37:00,41.0,1000,1
1111,2025-02-16,ads,Taipei,new,6.0,27668.75,4611.458333333333,16.0,2025-08-04,33,2025-12-17 18:10:00,149.0,318,0
1112,2025-08-29,referral,Hsinchu,new,14.0,61768.2,4412.0142857142855,30.0,2025-11-02,24,2025-10-29 09:16:00,59.0,124,0
1113,2024-04-19,partner,Taoyuan,growth,9.0,42402.0,4711.333333333333,18.0,2025-12-22,20,2025-12-26 20:49:00,9.0,621,0
1114,2024-09-01,referral,Taichung,growth,8.0,40143.15,5017.89375,20.0,2025-11-27,30,2025-12-04 14:00:00,34.0,486,0
1115,2025-05-28,referral,Kaohsiung,new,7.0,23948.75,3421.25,12.0,2025-12-22,33,2025-12-26 08:37:00,9.0,217,0
1116,2023-06-02,ads,Tainan,growth,7.0,45645.899999999994,6520.842857142857,22.0,2025-06-27,27,2025-12-22 00:29:00,187.0,943,0
1117,2024-01-04,social,Tainan,growth,8.0,27740.9,3467.6125,20.0,2025-12-09,29,2025-12-28 17:44:00,22.0,727,0
1118,2023-11-03,partner,Hsinchu,new,4.0,14471.4,3617.85,8.0,2024-10-02,30,2025-12-19 10:04:00,455.0,789,0
1119,2025-03-05,referral,Hsinchu,new,2.0,3351.2,1675.6,2.0,2025-03-17,32,2025-12-26 18:44:00,289.0,301,0
1120,2025-03-25,ads,Taipei,new,7.0,42613.15,6087.592857142858,16.0,2025-06-20,32,2025-12-24 03:25:00,194.0,281,0
1121,2023-07-06,ads,Hsinchu,new,9.0,21703.8,2411.5333333333333,17.0,2025-08-28,27,2025-12-30 11:33:00,125.0,909,0
1122,2025-05-18,ads,Taoyuan,new,9.0,34640.75,3848.972222222222,17.0,2025-12-09,36,2025-12-01 16:47:00,22.0,227,0
1123,2023-05-18,ads,Hsinchu,new,8.0,45446.35,5680.79375,19.0,2025-10-10,32,2025-12-19 18:18:00,82.0,958,0
1124,2024-10-08,social,Taichung,growth,10.0,48474.9,4847.49,27.0,2025-10-12,31,2025-12-02 23:50:00,80.0,449,0
1125,2025-03-01,ads,Hsinchu,growth,13.0,66282.5,5098.653846153846,31.0,2025-12-25,22,2025-12-09 01:11:00,6.0,305,0
1126,2025-07-30,referral,Tainan,new,6.0,16624.35,2770.725,10.0,2025-07-02,25,2025-12-23 01:51:00,182.0,154,0
1127,2023-04-28,organic,Taichung,new,13.0,51527.4,3963.646153846154,20.0,2025-12-12,27,2025-12-11 21:38:00,19.0,978,0
1128,2025-10-29,social,Taipei,growth,10.0,50856.5,5085.65,24.0,2025-12-29,24,2025-11-29 14:24:00,2.0,63,0
1129,2025-09-22,referral,Taipei,new,3.0,8682.9,2894.2999999999997,4.0,2025-06-18,22,2025-10-23 03:27:00,196.0,100,0
1130,2024-11-18,social,Taipei,new,7.0,18958.4,2708.342857142857,12.0,2025-11-28,25,2025-11-19 12:39:00,33.0,408,0
1131,2024-08-30,organic,Tainan,new,6.0,14174.400000000001,2362.4,8.0,2025-06-14,16,2025-12-01 19:41:00,200.0,488,0
1132,2024-08-05,ads,Hsinchu,growth,6.0,21322.6,3553.7666666666664,13.0,2025-12-05,16,2025-11-20 16:41:00,26.0,513,0
1133,2023-10-16,social,Taichung,growth,11.0,74960.25,6814.568181818182,32.0,2025-10-28,30,2025-11-24 20:09:00,64.0,807,0
1134,2025-11-21,social,Taipei,growth,6.0,20573.5,3428.9166666666665,15.0,2025-12-04,25,2025-12-07 18:37:00,27.0,40,0
1135,2024-05-25,social,Taoyuan,growth,6.0,47857.55,7976.258333333334,16.0,2025-12-21,31,2025-12-24 23:44:00,10.0,585,0
1136,2023-07-16,referral,Hsinchu,vip,13.0,175800.4,13523.107692307693,57.0,2025-12-21,28,2025-11-24 16:20:00,10.0,899,1
1137,2025-08-06,social,Kaohsiung,growth,6.0,39280.25,6546.708333333333,15.0,2025-11-18,31,2025-12-09 21:47:00,43.0,147,0
1138,2025-01-28,ads,Kaohsiung,vip,16.0,166183.45,10386.465625,55.0,2025-12-02,23,2025-12-08 05:44:00,29.0,337,1
1139,2025-04-28,social,Taipei,new,1.0,4697.2,4697.2,2.0,2025-03-09,29,2025-12-12 06:56:00,297.0,247,0
1140,2025-08-21,ads,Hsinchu,new,8.0,31052.85,3881.60625,11.0,2025-12-02,23,2025-12-25 15:28:00,29.0,132,0
1141,2024-03-22,social,Hsinchu,new,5.0,26333.899999999998,5266.78,13.0,2025-12-08,32,2025-12-28 15:39:00,23.0,649,0
1142,2025-09-08,social,Taoyuan,new,6.0,19206.649999999998,3201.108333333333,7.0,2025-11-25,32,2025-11-22 04:39:00,36.0,114,0
1143,2023-08-18,referral,Hsinchu,new,9.0,39221.5,4357.944444444444,16.0,2025-08-30,27,2025-12-10 12:13:00,123.0,866,0
1144,2024-01-18,ads,Taipei,growth,11.0,63499.4,5772.672727272728,27.0,2025-09-28,34,2025-12-20 04:10:00,94.0,713,0
1145,2023-06-08,ads,Kaohsiung,new,5.0,13327.0,2665.4,9.0,2025-04-30,37,2025-12-30 20:07:00,245.0,937,0
1146,2024-04-08,ads,Tainan,growth,7.0,17534.75,2504.964285714286,13.0,2025-08-26,40,2025-12-08 19:25:00,127.0,632,0
1147,2023-10-03,ads,Hsinchu,new,4.0,13501.500000000002,3375.3750000000005,8.0,2025-12-27,26,2025-12-31 02:40:00,4.0,820,0
1148,2025-07-12,referral,Kaohsiung,new,11.0,61349.15,5577.195454545455,31.0,2025-12-05,31,2025-12-24 06:34:00,26.0,172,0
1149,2023-03-19,ads,Tainan,growth,8.0,39394.3,4924.2875,17.0,2025-12-13,28,2025-12-27 23:02:00,18.0,1018,0
1150,2023-03-18,ads,Hsinchu,new,7.0,16603.9,2371.9857142857145,9.0,2025-12-12,35,2025-12-25 20:49:00,19.0,1019,0
1151,2023-05-06,ads,Tainan,growth,9.0,49834.15,5537.127777777778,26.0,2025-12-23,23,2025-09-30 06:32:00,8.0,970,0
1152,2025-11-21,social,Taoyuan,new,6.0,20956.6,3492.7666666666664,10.0,2025-12-18,28,2025-12-26 23:24:00,13.0,40,0
1153,2024-07-12,ads,Kaohsiung,vip,15.0,178827.45,11921.83,58.0,2025-11-25,32,2025-12-25 23:01:00,36.0,537,1
1154,2024-08-09,social,Hsinchu,growth,4.0,37861.2,9465.3,16.0,2025-10-08,27,2025-12-30 16:55:00,84.0,509,0
1155,2024-10-11,referral,Taoyuan,new,4.0,6278.900000000001,1569.7250000000001,8.0,2024-11-09,35,2025-12-15 19:49:00,417.0,446,0
1156,2025-08-05,social,Taichung,vip,19.0,223742.35,11775.913157894736,84.0,2025-12-23,22,2025-11-11 17:43:00,8.0,148,1
1157,2023-08-28,social,Kaohsiung,growth,14.0,62309.4,4450.671428571429,28.0,2025-11-30,41,2025-12-24 13:17:00,31.0,856,0
1158,2023-10-07,ads,Taoyuan,vip,13.0,159155.4,12242.723076923077,49.0,2025-12-11,30,2025-12-27 02:30:00,20.0,816,1
1159,2024-04-11,ads,Taipei,new,10.0,26016.550000000003,2601.655,14.0,2025-10-09,25,2025-12-25 00:23:00,83.0,629,0
1160,2024-06-17,ads,Taipei,vip,25.0,257419.65,10296.786,94.0,2025-12-15,32,2025-12-11 05:45:00,16.0,562,1
1161,2025-02-26,referral,Kaohsiung,new,3.0,24965.15,8321.716666666667,10.0,2025-10-17,30,2025-11-24 18:17:00,75.0,308,0
1162,2025-01-10,referral,Taipei,growth,7.0,63929.9,9132.842857142858,19.0,2025-11-27,21,2025-10-23 21:40:00,34.0,355,0
1163,2025-04-07,social,Taipei,new,5.0,35681.399999999994,7136.279999999999,16.0,2025-08-24,33,2025-12-27 16:47:00,129.0,268,0
1164,2023-03-30,social,Tainan,growth,10.0,64503.4,6450.34,21.0,2025-05-28,25,2025-12-18 06:37:00,217.0,1007,0
1165,2023-02-25,partner,Hsinchu,new,8.0,24364.75,3045.59375,13.0,2025-12-23,28,2025-12-28 19:25:00,8.0,1040,0
1166,2025-04-03,social,Hsinchu,new,4.0,10350.8,2587.7,5.0,2025-11-24,25,2025-12-26 22:37:00,37.0,272,0
1167,2025-11-04,referral,Taoyuan,new,2.0,3900.0,1950.0,3.0,2024-09-01,32,2025-11-16 23:55:00,486.0,57,0
1168,2025-07-20,partner,Tainan,new,5.0,22266.5,4453.3,10.0,2025-05-04,25,2025-12-18 03:40:00,241.0,164,0
1169,2024-01-08,organic,Taoyuan,new,5.0,22217.55,4443.51,7.0,2025-10-29,29,2025-12-17 06:35:00,63.0,723,0
1170,2025-09-22,partner,Hsinchu,growth,10.0,47521.95,4752.195,25.0,2025-11-20,27,2025-11-23 18:59:00,41.0,100,0
1171,2025-10-20,social,Kaohsiung,new,7.0,29513.75,4216.25,15.0,2025-12-29,19,2025-12-27 05:57:00,2.0,72,0
1172,2025-10-29,referral,Taoyuan,new,5.0,16718.1,3343.62,7.0,2025-04-21,27,2025-12-22 21:41:00,254.0,63,0
1173,2023-03-21,social,Hsinchu,vip,15.0,144258.85,9617.256666666666,57.0,2025-12-23,34,2025-12-30 17:00:00,8.0,1016,1
1174,2025-10-24,social,Taoyuan,growth,8.0,48148.9,6018.6125,22.0,2025-11-25,16,2025-11-22 19:16:00,36.0,68,0
1175,2025-08-24,ads,Tainan,growth,9.0,47157.2,5239.688888888889,26.0,2025-11-17,29,2025-12-30 22:18:00,44.0,129,0
1176,2024-01-11,social,Kaohsiung,new,6.0,25612.4,4268.733333333334,11.0,2025-08-01,21,2025-12-06 18:16:00,152.0,720,0
1177,2023-10-14,ads,Tainan,new,6.0,31291.75,5215.291666666667,13.0,2025-12-19,30,2025-12-27 18:48:00,12.0,809,0
1178,2023-08-19,social,Taichung,new,5.0,21125.75,4225.15,7.0,2025-05-29,32,2025-12-31 20:48:00,216.0,865,0
1179,2023-08-16,ads,Taichung,growth,11.0,81942.2,7449.290909090909,35.0,2025-07-14,24,2025-12-06 04:27:00,170.0,868,0
1180,2023-01-29,partner,Taoyuan,growth,8.0,40825.55,5103.19375,17.0,2025-02-21,20,2025-12-09 04:41:00,313.0,1067,0
1181,2023-04-05,ads,Hsinchu,new,12.0,46666.75,3888.8958333333335,24.0,2025-11-09,37,2025-12-19 18:01:00,52.0,1001,0
1182,2025-09-27,ads,Taipei,growth,8.0,30820.4,3852.55,15.0,2025-07-19,29,2025-12-30 20:24:00,165.0,95,0
1183,2025-06-30,social,Tainan,growth,13.0,80727.45,6209.803846153846,42.0,2025-11-11,23,2025-12-17 10:54:00,50.0,184,0
1184,2025-01-27,referral,Taichung,new,6.0,20552.399999999998,3425.3999999999996,9.0,2025-10-15,31,2025-09-30 20:22:00,77.0,338,0
1185,2023-11-14,ads,Taoyuan,growth,8.0,27519.05,3439.88125,16.0,2025-12-25,23,2025-12-17 12:12:00,6.0,778,0
1186,2024-07-02,referral,Kaohsiung,new,4.0,13204.8,3301.2,4.0,2025-06-14,21,2025-12-29 18:06:00,200.0,547,0
1187,2023-01-15,social,Taipei,new,6.0,19812.0,3302.0,12.0,2025-12-09,27,2025-11-24 19:36:00,22.0,1081,0
1188,2023-01-27,referral,Taoyuan,growth,10.0,43175.15,4317.515,21.0,2025-12-08,26,2025-10-21 09:29:00,23.0,1069,0
1189,2025-08-19,ads,Taipei,growth,18.0,81851.75,4547.319444444444,44.0,2025-11-04,37,2025-12-07 07:55:00,57.0,134,0
1190,2023-11-27,ads,Kaohsiung,new,8.0,25646.399999999998,3205.7999999999997,14.0,2025-11-22,25,2025-11-24 12:36:00,39.0,765,0
1191,2024-10-03,referral,Taipei,new,6.0,20651.75,3441.9583333333335,13.0,2025-02-15,29,2025-12-15 20:41:00,319.0,454,0
1192,2025-04-15,social,Taipei,growth,5.0,26415.05,5283.01,10.0,2025-12-20,25,2025-12-02 18:41:00,11.0,260,0
1193,2023-03-08,social,Tainan,new,5.0,21276.8,4255.36,8.0,2025-01-24,22,2025-12-30 20:52:00,341.0,1029,0
1194,2023-12-29,organic,Taipei,new,5.0,24333.7,4866.74,11.0,2025-11-30,23,2025-12-31 15:30:00,31.0,733,0
1195,2025-06-02,ads,Taipei,vip,13.0,146549.45,11273.034615384617,52.0,2025-12-22,28,2025-12-23 15:50:00,9.0,212,1
1196,2023-12-01,ads,Kaohsiung,new,8.0,23101.5,2887.6875,15.0,2025-10-09,14,2025-12-11 12:36:00,83.0,761,0
1197,2024-06-09,social,Taipei,growth,8.0,24160.85,3020.10625,18.0,2025-10-18,23,2025-12-13 19:17:00,74.0,570,0
1198,2025-05-11,organic,Kaohsiung,growth,10.0,62329.1,6232.91,23.0,2025-10-29,38,2025-12-28 02:33:00,63.0,234,0
1199,2024-09-28,ads,Tainan,new,5.0,27586.100000000002,5517.22,17.0,2025-12-27,31,2025-12-09 02:53:00,4.0,459,0
1200,2023-09-23,ads,Tainan,growth,7.0,21892.8,3127.542857142857,13.0,2025-11-08,20,2025-12-21 06:57:00,53.0,830,0
1201,2023-06-05,ads,Taoyuan,new,9.0,40104.0,4456.0,15.0,2025-08-19,24,2025-10-23 08:35:00,134.0,940,0
1202,2023-10-02,ads,Tainan,growth,8.0,34334.05,4291.75625,16.0,2025-12-31,27,2025-11-04 06:05:00,0.0,821,0
1203,2025-10-07,social,Tainan,new,9.0,25199.65,2799.961111111111,18.0,2025-12-09,34,2025-11-11 23:11:00,22.0,85,0
1204,2023-03-09,ads,Kaohsiung,new,4.0,18696.75,4674.1875,7.0,2025-10-05,36,2025-11-24 12:49:00,87.0,1028,0
1205,2023-12-24,ads,Tainan,growth,10.0,63719.2,6371.92,27.0,2025-10-22,31,2025-12-31 23:03:00,70.0,738,0
1206,2024-06-28,ads,Taipei,vip,18.0,166814.7,9267.483333333334,66.0,2025-12-26,28,2025-12-23 08:59:00,5.0,551,1
1207,2023-05-23,partner,Taipei,new,3.0,3623.9,1207.9666666666667,4.0,2025-12-30,25,2025-12-14 20:27:00,1.0,953,0
1208,2025-02-28,referral,Tainan,new,6.0,10895.1,1815.8500000000001,6.0,2025-12-29,19,2025-11-16 01:13:00,2.0,306,0
1209,2024-06-25,referral,Tainan,growth,6.0,35150.649999999994,5858.441666666666,14.0,2025-08-30,21,2025-10-25 16:24:00,123.0,554,0
1210,2023-03-05,social,Kaohsiung,growth,5.0,42895.3,8579.060000000001,19.0,2024-11-02,20,2025-12-28 19:57:00,424.0,1032,0
1211,2024-05-25,organic,Tainan,vip,14.0,154660.85,11047.203571428572,52.0,2025-12-30,23,2025-11-26 22:52:00,1.0,585,1
1212,2024-12-10,referral,Kaohsiung,growth,10.0,78640.75,7864.075,30.0,2025-12-13,20,2025-12-06 10:04:00,18.0,386,0
1213,2024-12-11,referral,Taipei,new,4.0,5611.3,1402.825,4.0,2024-12-24,34,2025-12-27 17:09:00,372.0,385,0
1214,2025-08-08,organic,Taichung,growth,4.0,44274.40000000001,11068.600000000002,17.0,2025-12-13,27,2025-11-19 00:11:00,18.0,145,0
1215,2024-06-13,partner,Hsinchu,growth,10.0,46209.15,4620.915,22.0,2025-10-14,27,2025-12-14 19:37:00,78.0,566,0
1216,2025-10-19,ads,Kaohsiung,growth,10.0,51486.700000000004,5148.67,31.0,2025-10-26,24,2025-12-11 16:14:00,66.0,73,0
1217,2023-11-29,ads,Kaohsiung,growth,10.0,39134.05,3913.405,23.0,2025-08-24,28,2025-12-22 05:17:00,129.0,763,0
1218,2025-05-14,partner,Kaohsiung,new,6.0,34250.3,5708.383333333334,13.0,2025-02-28,32,2025-12-18 11:35:00,306.0,231,0
1219,2024-03-06,organic,Taichung,new,3.0,5994.25,1998.0833333333333,4.0,2025-09-19,36,2025-12-26 04:01:00,103.0,665,0
1220,2024-02-09,partner,Hsinchu,new,10.0,33153.7,3315.37,19.0,2025-10-27,29,2025-11-16 02:37:00,65.0,691,0
1221,2023-12-16,organic,Taoyuan,growth,12.0,53058.1,4421.508333333333,27.0,2025-10-24,30,2025-12-13 11:37:00,68.0,746,0
1222,2023-08-17,social,Taoyuan,growth,9.0,50210.600000000006,5578.955555555556,28.0,2025-12-05,33,2025-12-23 13:41:00,26.0,867,0
1223,2025-09-14,partner,Taipei,growth,14.0,68727.6,4909.114285714286,35.0,2025-12-12,29,2025-07-23 11:46:00,19.0,108,0
1224,2024-12-17,social,Taoyuan,growth,6.0,30346.4,5057.733333333334,17.0,2025-05-29,33,2025-12-27 12:43:00,216.0,379,0
1225,2025-08-17,ads,Tainan,new,4.0,10796.15,2699.0375,6.0,2025-12-26,38,2025-12-28 19:36:00,5.0,136,0
1226,2023-07-15,ads,Tainan,new,5.0,13214.400000000001,2642.88,6.0,2025-11-27,28,2025-12-26 11:08:00,34.0,900,0
1227,2025-06-30,referral,Kaohsiung,new,8.0,30705.4,3838.175,16.0,2025-12-13,19,2025-08-10 19:20:00,18.0,184,0
1228,2025-05-25,ads,Taichung,growth,7.0,36483.75,5211.964285714285,18.0,2025-09-23,33,2025-12-23 11:17:00,99.0,220,0
1229,2024-09-06,partner,Hsinchu,growth,11.0,66754.84999999999,6068.6227272727265,32.0,2025-10-04,33,2025-12-19 07:38:00,88.0,481,0
1230,2023-01-21,referral,Kaohsiung,growth,8.0,33513.3,4189.1625,19.0,2025-12-12,28,2025-12-19 01:35:00,19.0,1075,0
1231,2023-04-02,referral,Taichung,growth,9.0,38617.85,4290.872222222222,20.0,2025-12-31,21,2025-12-20 00:56:00,0.0,1004,0
1232,2024-01-07,referral,Kaohsiung,growth,22.0,136707.2,6213.963636363637,63.0,2025-12-25,31,2025-11-18 02:16:00,6.0,724,0
1233,2023-08-20,partner,Taoyuan,new,5.0,7175.0,1435.0,5.0,2025-10-05,35,2025-12-22 04:47:00,87.0,864,0
1234,2022-11-27,referral,Taipei,new,3.0,3196.4,1065.4666666666667,5.0,2025-11-12,17,2025-12-11 07:23:00,49.0,1130,0
1235,2025-11-25,ads,Tainan,new,14.0,78933.7,5638.121428571429,31.0,2025-12-23,24,2025-11-18 20:48:00,8.0,36,0
1236,2025-08-12,referral,Tainan,new,8.0,25285.75,3160.71875,16.0,2025-10-13,34,2025-11-23 11:58:00,79.0,141,0
1237,2024-04-30,ads,Taipei,new,8.0,46344.75,5793.09375,19.0,2025-10-05,36,2025-12-22 03:19:00,87.0,610,0
1238,2025-01-08,social,Taoyuan,new,5.0,30826.65,6165.33,14.0,2025-12-27,18,2025-12-22 04:16:00,4.0,357,0
1239,2023-12-08,referral,Taichung,new,2.0,3042.0,1521.0,2.0,2025-05-24,34,2025-12-28 00:41:00,221.0,754,0
1240,2025-02-26,referral,Kaohsiung,new,6.0,14769.55,2461.5916666666667,8.0,2025-10-16,27,2025-11-16 22:38:00,76.0,308,0
1241,2025-11-05,referral,Taipei,growth,11.0,52975.35,4815.940909090909,23.0,2025-11-14,38,2025-11-25 10:47:00,47.0,56,0
1242,2025-01-29,social,Hsinchu,new,2.0,11505.9,5752.95,5.0,2025-08-25,29,2025-12-20 14:19:00,128.0,336,0
1243,2023-12-06,ads,Taipei,growth,12.0,44337.55,3694.7958333333336,21.0,2025-11-04,32,2025-12-21 20:49:00,57.0,756,0
1244,2024-07-27,referral,Taichung,new,4.0,23116.399999999998,5779.099999999999,11.0,2025-12-23,40,2025-12-26 18:16:00,8.0,522,0
1245,2025-02-14,organic,Taichung,new,10.0,42904.6,4290.46,20.0,2025-10-29,31,2025-12-05 21:58:00,63.0,320,0
1246,2024-02-22,referral,Taipei,new,7.0,24681.1,3525.871428571428,11.0,2025-12-17,34,2025-11-01 22:15:00,14.0,678,0
1247,2024-03-20,social,Tainan,new,6.0,34384.15,5730.691666666667,16.0,2025-11-28,26,2025-12-26 17:03:00,33.0,651,0
1248,2024-08-12,referral,Tainan,vip,24.0,257189.0,10716.208333333334,102.0,2025-10-23,31,2025-11-03 09:25:00,69.0,506,1
1249,2023-03-10,social,Taichung,growth,13.0,90473.75,6959.5192307692305,36.0,2025-12-15,32,2025-12-15 22:37:00,16.0,1027,0
1250,2023-12-16,referral,Taoyuan,new,6.0,19649.75,3274.9583333333335,10.0,2025-09-22,28,2025-12-17 13:14:00,100.0,746,0
1251,2023-06-24,ads,Tainan,new,7.0,30807.9,4401.128571428571,15.0,2025-09-04,30,2025-11-25 02:52:00,118.0,921,0
1252,2025-09-08,ads,Taoyuan,new,8.0,19307.6,2413.45,12.0,2025-11-04,23,2025-11-20 04:40:00,57.0,114,0
1253,2023-10-13,ads,Taichung,vip,16.0,157563.0,9847.6875,62.0,2025-12-03,22,2025-12-25 22:00:00,28.0,810,1
1254,2024-05-23,social,Taoyuan,growth,13.0,64793.45,4984.111538461539,26.0,2025-12-31,18,2025-12-17 21:19:00,0.0,587,0
1255,2023-11-15,ads,Kaohsiung,growth,12.0,72726.35,6060.529166666667,31.0,2025-08-28,26,2025-12-18 00:53:00,125.0,777,0
1256,2024-10-22,ads,Tainan,new,8.0,31654.35,3956.79375,18.0,2025-11-20,28,2025-12-10 05:49:00,41.0,435,0
1257,2023-12-24,social,Taipei,new,11.0,41210.35,3746.3954545454544,20.0,2025-11-12,27,2025-12-24 21:06:00,49.0,738,0
1258,2024-08-30,partner,Taichung,growth,10.0,33834.05,3383.405,23.0,2025-10-29,28,2025-11-22 05:41:00,63.0,488,0
1259,2025-09-26,referral,Taipei,growth,11.0,50661.55,4605.595454545455,29.0,2025-12-11,35,2025-12-26 08:04:00,20.0,96,0
1260,2025-07-26,social,Taichung,new,9.0,38852.9,4316.988888888889,17.0,2025-12-19,28,2025-11-25 21:30:00,12.0,158,0
1261,2023-05-04,social,Taoyuan,new,2.0,8840.6,4420.3,3.0,2024-11-14,24,2025-12-22 13:46:00,412.0,972,0
1262,2025-07-22,ads,Taichung,new,7.0,16957.35,2422.4785714285713,11.0,2025-06-14,28,2025-12-12 03:44:00,200.0,162,0
1263,2025-10-16,partner,Taoyuan,vip,21.0,245443.95,11687.807142857144,82.0,2025-12-02,28,2025-11-16 02:59:00,29.0,76,1
1264,2024-11-12,referral,Tainan,growth,11.0,53957.7,4905.245454545454,26.0,2025-12-22,17,2025-12-26 16:02:00,9.0,414,0
1265,2023-07-03,social,Hsinchu,growth,9.0,46093.8,5121.533333333334,20.0,2025-09-24,27,2025-12-13 05:38:00,98.0,912,0
1266,2024-11-19,social,Kaohsiung,new,4.0,18098.75,4524.6875,6.0,2025-11-23,36,2025-12-29 23:33:00,38.0,407,0
1267,2025-03-14,organic,Taipei,growth,9.0,49532.05,5503.561111111111,18.0,2025-10-16,27,2025-12-31 07:20:00,76.0,292,0
1268,2025-08-05,social,Hsinchu,new,5.0,11690.15,2338.0299999999997,8.0,2025-12-26,31,2025-12-17 23:44:00,5.0,148,0
1269,2024-09-28,ads,Hsinchu,vip,17.0,169164.75,9950.867647058823,57.0,2025-12-03,26,2025-11-18 20:04:00,28.0,459,1
1270,2023-06-09,referral,Hsinchu,growth,10.0,67521.3,6752.13,29.0,2025-11-29,18,2025-12-09 16:19:00,32.0,936,0
1271,2023-05-17,referral,Taipei,growth,9.0,41879.7,4653.299999999999,20.0,2025-06-21,38,2025-11-12 11:27:00,193.0,959,0
1272,2025-09-27,ads,Taoyuan,new,6.0,30089.95,5014.991666666667,11.0,2025-09-20,34,2025-10-23 10:21:00,102.0,95,0
1273,2024-06-12,social,Taoyuan,growth,14.0,71935.05,5138.217857142858,36.0,2025-11-07,26,2025-10-26 04:38:00,54.0,567,0
1274,2025-04-12,social,Kaohsiung,vip,16.0,113015.75,7063.484375,41.0,2025-11-05,33,2025-11-30 20:03:00,56.0,263,1
1275,2025-05-03,ads,Taipei,growth,12.0,58708.4,4892.366666666667,22.0,2025-12-24,26,2025-08-26 01:13:00,7.0,242,0
1276,2022-12-26,social,Taichung,growth,10.0,35158.15,3515.815,24.0,2025-12-20,24,2025-09-24 20:55:00,11.0,1101,0
1277,2024-08-12,referral,Hsinchu,new,5.0,14616.4,2923.2799999999997,8.0,2025-08-15,26,2025-10-22 03:29:00,138.0,506,0
1278,2023-11-10,ads,Kaohsiung,new,9.0,44226.55,4914.061111111111,20.0,2025-12-29,26,2025-11-07 07:20:00,2.0,782,0
1279,2025-06-19,partner,Taoyuan,growth,10.0,60973.45,6097.344999999999,26.0,2025-11-30,24,2025-10-28 01:05:00,31.0,195,0
1280,2023-04-30,organic,Kaohsiung,growth,11.0,60262.45,5478.404545454545,29.0,2025-12-08,30,2025-12-27 20:48:00,23.0,976,0
1281,2025-05-14,organic,Taoyuan,growth,9.0,36159.35,4017.7055555555553,17.0,2025-10-18,21,2025-11-24 16:37:00,74.0,231,0
1282,2023-03-03,referral,Taoyuan,new,6.0,35002.4,5833.733333333334,17.0,2025-12-22,23,2025-12-09 11:00:00,9.0,1034,0
1283,2023-01-19,social,Hsinchu,new,4.0,6061.65,1515.4125,6.0,2025-12-09,26,2025-11-01 09:44:00,22.0,1077,0
1284,2023-10-07,organic,Hsinchu,growth,11.0,61026.25,5547.840909090909,29.0,2025-12-01,32,2025-09-20 17:03:00,30.0,816,0
1285,2023-04-29,referral,Taipei,growth,9.0,41679.35,4631.038888888888,19.0,2025-12-03,28,2025-11-12 22:20:00,28.0,977,0
1286,2023-07-31,ads,Taichung,new,6.0,17335.0,2889.1666666666665,9.0,2025-09-17,23,2025-10-13 02:46:00,105.0,884,0
1287,2024-06-29,referral,Taichung,new,6.0,28185.7,4697.616666666667,12.0,2025-12-23,31,2025-12-16 08:08:00,8.0,550,0
1288,2025-10-11,social,Taoyuan,new,4.0,19653.2,4913.3,6.0,2025-09-15,27,2025-11-23 14:41:00,107.0,81,0
1289,2025-11-04,partner,Taichung,growth,5.0,32131.35,6426.2699999999995,12.0,2025-07-15,19,2025-12-26 00:33:00,169.0,57,0
1290,2022-12-27,social,Taipei,growth,6.0,29577.4,4929.566666666667,15.0,2025-12-13,34,2025-12-15 18:31:00,18.0,1100,0
1291,2024-10-20,organic,Taichung,vip,17.0,195058.3,11474.017647058823,68.0,2025-09-06,27,2025-12-29 02:58:00,116.0,437,1
1292,2023-02-20,organic,Tainan,new,4.0,15904.900000000001,3976.2250000000004,6.0,2025-11-02,23,2025-12-07 00:14:00,59.0,1045,0
1293,2024-12-13,organic,Taipei,new,5.0,19958.05,3991.6099999999997,8.0,2025-04-22,37,2025-12-25 22:58:00,253.0,383,0
1294,2023-11-23,social,Hsinchu,growth,9.0,44684.1,4964.9,26.0,2025-12-27,25,2025-11-10 01:06:00,4.0,769,0
1295,2023-10-05,social,Tainan,growth,6.0,44439.9,7406.650000000001,19.0,2025-10-09,29,2025-12-31 16:08:00,83.0,818,0
1296,2025-06-23,referral,Tainan,new,4.0,24632.9,6158.225,10.0,2025-10-31,29,2025-12-21 04:53:00,61.0,191,0
1297,2025-07-03,referral,Taoyuan,new,5.0,16555.05,3311.0099999999998,8.0,2025-05-28,16,2025-11-04 06:58:00,217.0,181,0
1298,2023-10-23,referral,Tainan,new,4.0,12418.8,3104.7,5.0,2025-03-27,31,2025-12-05 00:56:00,279.0,800,0
1299,2025-07-12,social,Kaohsiung,growth,6.0,36948.45,6158.075,12.0,2025-11-09,28,2025-11-12 03:02:00,52.0,172,0
1300,2025-05-12,social,Taichung,new,9.0,46858.6,5206.511111111111,20.0,2025-10-28,36,2025-12-19 10:34:00,64.0,233,0
1301,2025-02-17,social,Kaohsiung,growth,6.0,24796.45,4132.741666666667,13.0,2025-06-20,16,2025-08-29 07:46:00,194.0,317,0
1302,2024-11-14,ads,Taichung,growth,11.0,55603.0,5054.818181818182,33.0,2025-11-29,26,2025-12-23 17:37:00,32.0,412,0
1303,2024-11-02,ads,Taipei,new,4.0,13790.65,3447.6625,9.0,2025-11-01,28,2025-12-08 22:15:00,60.0,424,0
1304,2024-07-28,organic,Tainan,new,6.0,14418.05,2403.008333333333,8.0,2025-12-10,38,2025-11-23 01:57:00,21.0,521,0
1305,2025-11-13,social,Taoyuan,new,5.0,34158.0,6831.6,12.0,2025-11-02,31,2025-12-14 14:18:00,59.0,48,0
1306,2023-04-01,referral,Kaohsiung,new,7.0,15464.35,2209.192857142857,10.0,2025-12-18,33,2025-12-28 11:20:00,13.0,1005,0
1307,2024-05-23,organic,Kaohsiung,new,4.0,21124.7,5281.175,9.0,2025-11-07,29,2025-11-17 15:22:00,54.0,587,0
1308,2024-03-30,ads,Hsinchu,growth,5.0,27960.4,5592.08,13.0,2025-09-21,33,2025-12-31 21:11:00,101.0,641,0
1309,2024-06-28,ads,Tainan,growth,12.0,79512.75,6626.0625,31.0,2025-11-08,27,2025-12-26 00:48:00,53.0,551,0
1310,2023-03-05,organic,Taoyuan,new,9.0,28791.65,3199.0722222222225,16.0,2025-11-22,28,2025-12-19 16:24:00,39.0,1032,0
1311,2024-07-24,social,Kaohsiung,new,7.0,28932.5,4133.214285714285,11.0,2025-04-21,24,2025-11-10 07:51:00,254.0,525,0
1312,2025-07-14,social,Kaohsiung,new,3.0,11843.85,3947.9500000000003,4.0,2025-11-11,31,2025-11-20 21:34:00,50.0,170,0
1313,2024-04-14,ads,Hsinchu,new,6.0,14927.0,2487.8333333333335,6.0,2025-02-05,34,2025-11-19 05:46:00,329.0,626,0
1314,2024-02-25,social,Taichung,new,4.0,24129.3,6032.325,12.0,2025-05-30,32,2025-12-11 07:03:00,215.0,675,0
1315,2025-09-24,referral,Taipei,vip,14.0,141716.35,10122.596428571429,54.0,2025-11-27,30,2025-11-28 11:49:00,34.0,98,1
1316,2024-01-11,ads,Hsinchu,vip,12.0,124481.7,10373.475,42.0,2025-12-23,28,2025-12-21 17:35:00,8.0,720,1
1317,2024-12-10,ads,Tainan,growth,8.0,41259.3,5157.4125,21.0,2025-10-08,20,2025-09-22 22:59:00,84.0,386,0
1318,2024-01-23,ads,Tainan,new,4.0,16444.85,4111.2125,7.0,2025-12-16,37,2025-12-21 21:32:00,15.0,708,0
1319,2023-07-16,organic,Hsinchu,new,4.0,18387.55,4596.8875,9.0,2025-06-11,32,2025-12-27 17:25:00,203.0,899,0
1320,2024-03-13,partner,Hsinchu,new,7.0,18984.95,2712.1357142857146,10.0,2025-11-17,31,2025-12-21 17:56:00,44.0,658,0
1321,2023-01-09,referral,Taipei,new,3.0,11281.0,3760.3333333333335,4.0,2025-12-28,24,2025-09-04 22:47:00,3.0,1087,0
1322,2025-01-15,ads,Tainan,new,3.0,12600.15,4200.05,5.0,2025-05-04,31,2025-12-24 07:22:00,241.0,350,0
1323,2025-06-29,social,Kaohsiung,new,4.0,17793.2,4448.3,9.0,2025-12-01,23,2025-10-06 07:44:00,30.0,185,0
1324,2025-10-03,referral,Kaohsiung,new,5.0,21236.85,4247.37,8.0,2025-12-27,29,2025-12-25 03:00:00,4.0,89,0
1325,2025-08-09,referral,Hsinchu,new,12.0,56487.549999999996,4707.295833333333,24.0,2025-11-16,33,2025-12-07 15:07:00,45.0,144,0
1326,2024-08-31,partner,Tainan,new,6.0,33145.0,5524.166666666667,13.0,2025-11-20,35,2025-12-19 02:34:00,41.0,487,0
1327,2025-03-07,referral,Kaohsiung,new,7.0,24621.35,3517.335714285714,16.0,2025-12-03,28,2025-12-18 04:26:00,28.0,299,0
1328,2023-04-05,organic,Hsinchu,new,3.0,8974.25,2991.4166666666665,4.0,2025-10-22,26,2025-12-15 08:44:00,70.0,1001,0
1329,2025-01-16,social,Taichung,new,7.0,34653.05,4950.435714285714,16.0,2025-12-28,28,2025-10-03 02:40:00,3.0,349,0
1330,2024-07-26,ads,Hsinchu,growth,8.0,30122.8,3765.35,14.0,2025-12-15,29,2025-12-31 08:30:00,16.0,523,0
1331,2024-09-15,ads,Taipei,vip,12.0,110587.0,9215.583333333334,41.0,2025-11-12,28,2025-12-07 00:37:00,49.0,472,1
1332,2025-02-22,social,Tainan,vip,13.0,151802.75,11677.134615384615,50.0,2025-11-16,33,2025-12-09 23:11:00,45.0,312,1
1333,2024-03-02,partner,Taipei,new,6.0,21376.7,3562.7833333333333,11.0,2025-12-11,32,2025-10-16 22:38:00,20.0,669,0
1334,2025-08-16,social,Tainan,new,8.0,25686.65,3210.83125,17.0,2025-11-20,28,2025-11-14 05:59:00,41.0,137,0
1335,2025-08-08,ads,Tainan,vip,21.0,232551.2,11073.866666666667,78.0,2025-12-06,29,2025-12-23 07:38:00,25.0,145,1
1336,2025-05-31,social,Taipei,vip,24.0,236542.7,9855.945833333333,84.0,2025-12-26,27,2025-10-27 21:17:00,5.0,214,1
1337,2025-03-12,social,Kaohsiung,growth,12.0,58191.3,4849.275000000001,27.0,2025-11-28,36,2025-12-11 04:11:00,33.0,294,0
1338,2023-04-12,organic,Kaohsiung,new,6.0,14613.3,2435.5499999999997,11.0,2025-07-23,23,2025-11-15 18:01:00,161.0,994,0
1339,2025-08-15,referral,Taoyuan,growth,10.0,45538.25,4553.825,19.0,2025-09-08,33,2025-12-20 16:22:00,114.0,138,0
1340,2023-09-08,ads,Taipei,new,5.0,23744.05,4748.8099999999995,10.0,2025-03-06,33,2025-12-31 23:36:00,300.0,845,0
1341,2024-07-18,social,Taichung,growth,9.0,41092.25,4565.805555555556,19.0,2025-11-19,21,2025-10-10 03:39:00,42.0,531,0
1342,2023-05-03,ads,Taichung,new,6.0,31821.25,5303.541666666667,12.0,2025-11-05,23,2025-12-28 00:28:00,56.0,973,0
1343,2024-08-16,ads,Kaohsiung,new,4.0,18131.75,4532.9375,10.0,2025-12-16,34,2025-12-19 10:14:00,15.0,502,0
1344,2025-08-21,ads,Taipei,growth,12.0,40186.6,3348.883333333333,19.0,2025-12-09,28,2025-10-28 17:25:00,22.0,132,0
1345,2024-11-11,ads,Kaohsiung,new,6.0,32009.100000000002,5334.85,11.0,2025-10-28,29,2025-12-05 15:42:00,64.0,415,0
1346,2024-09-13,referral,Hsinchu,new,7.0,35538.9,5076.9857142857145,14.0,2025-11-17,21,2025-12-23 00:55:00,44.0,474,0
1347,2024-02-23,organic,Taoyuan,growth,11.0,62001.850000000006,5636.531818181818,27.0,2025-11-21,29,2025-12-11 22:17:00,40.0,677,0
1348,2023-04-06,social,Taichung,new,11.0,43933.25,3993.931818181818,21.0,2025-11-18,28,2025-12-24 06:50:00,43.0,1000,0
1349,2025-07-28,ads,Taipei,growth,4.0,39323.25,9830.8125,15.0,2025-07-14,30,2025-12-23 09:51:00,170.0,156,0
1350,2024-09-13,partner,Hsinchu,new,9.0,20885.6,2320.6222222222223,13.0,2025-11-27,22,2025-10-29 20:15:00,34.0,474,0
1351,2022-12-05,partner,Hsinchu,new,2.0,4178.35,2089.175,3.0,2025-12-01,35,2025-12-09 01:43:00,30.0,1122,0
1352,2023-05-31,ads,Tainan,vip,16.0,158277.30000000002,9892.331250000001,55.0,2025-10-27,18,2025-12-16 12:28:00,65.0,945,1
1353,2023-09-28,ads,Taichung,growth,6.0,29161.6,4860.266666666666,14.0,2025-11-26,19,2025-12-28 02:45:00,35.0,825,0
1354,2023-10-05,social,Taoyuan,vip,18.0,194486.25,10804.791666666666,79.0,2025-11-15,41,2025-12-15 14:46:00,46.0,818,1
1355,2023-11-30,ads,Taichung,growth,5.0,26402.3,5280.46,10.0,2025-12-27,23,2025-11-21 15:55:00,4.0,762,0
1356,2024-11-01,referral,Kaohsiung,growth,14.0,79047.85,5646.275000000001,33.0,2025-12-18,33,2025-12-06 07:42:00,13.0,425,0
1357,2025-11-09,referral,Kaohsiung,new,8.0,18159.649999999998,2269.9562499999997,10.0,2025-12-31,30,2025-11-28 08:07:00,0.0,52,0
1358,2023-06-30,organic,Taipei,new,8.0,30457.25,3807.15625,13.0,2025-10-27,35,2025-12-16 08:28:00,65.0,915,0
1359,2023-03-05,ads,Tainan,new,10.0,39014.95,3901.495,17.0,2025-09-03,27,2025-12-19 21:20:00,119.0,1032,0
1360,2023-05-20,ads,Taoyuan,growth,8.0,50556.35,6319.54375,22.0,2025-10-16,35,2025-12-24 04:40:00,76.0,956,0
1361,2024-02-24,referral,Tainan,vip,22.0,196244.9,8920.222727272727,77.0,2025-12-07,28,2025-12-07 04:48:00,24.0,676,1
1362,2024-03-18,referral,Kaohsiung,new,8.0,38109.1,4763.6375,19.0,2025-03-27,27,2025-12-24 23:12:00,279.0,653,0
1363,2022-11-30,ads,Kaohsiung,growth,8.0,40376.55,5047.06875,18.0,2025-08-30,26,2025-10-31 18:53:00,123.0,1127,0
1364,2024-08-07,ads,Taichung,growth,10.0,48297.1,4829.71,22.0,2025-10-13,24,2025-11-20 12:10:00,79.0,511,0
1365,2024-09-16,ads,Tainan,new,7.0,20265.2,2895.0285714285715,9.0,2025-12-30,32,2025-12-18 10:55:00,1.0,471,0
1366,2024-03-24,referral,Taichung,new,4.0,27772.6,6943.15,10.0,2025-04-21,39,2025-12-18 09:26:00,254.0,647,0
1367,2023-10-06,ads,Taichung,new,9.0,45409.7,5045.522222222222,17.0,2025-11-16,32,2025-12-15 01:54:00,45.0,817,0
1368,2025-07-31,partner,Taoyuan,new,3.0,5954.95,1984.9833333333333,4.0,2025-11-18,31,2025-12-29 04:34:00,43.0,153,0
1369,2022-12-14,partner,Hsinchu,new,12.0,50909.6,4242.466666666666,22.0,2025-11-26,34,2025-12-14 12:44:00,35.0,1113,0
1370,2025-07-26,social,Kaohsiung,new,4.0,10060.0,2515.0,5.0,2025-01-15,25,2025-11-22 01:13:00,350.0,158,0
1371,2025-08-25,partner,Taichung,new,5.0,20976.6,4195.32,9.0,2025-11-27,31,2025-12-25 16:08:00,34.0,128,0
1372,2023-11-23,social,Taichung,growth,7.0,46664.200000000004,6666.314285714287,19.0,2025-09-12,23,2025-10-25 13:53:00,110.0,769,0
1373,2023-07-20,ads,Hsinchu,new,3.0,17862.7,5954.233333333334,9.0,2025-10-01,23,2025-12-27 20:50:00,91.0,895,0
1374,2023-05-30,social,Taoyuan,vip,12.0,139144.2,11595.35,46.0,2025-10-30,27,2025-12-01 16:47:00,62.0,946,1
1375,2025-09-04,referral,Hsinchu,new,12.0,40475.55,3372.9625,20.0,2025-12-06,30,2025-11-26 01:34:00,25.0,118,0
1376,2025-07-06,social,Taipei,growth,6.0,33397.45,5566.241666666666,16.0,2025-01-11,29,2025-10-30 01:24:00,354.0,178,0
1377,2024-11-29,social,Tainan,growth,16.0,70099.75,4381.234375,34.0,2025-12-13,24,2025-12-23 16:16:00,18.0,397,0
1378,2024-08-26,referral,Taipei,new,7.0,26580.45,3797.207142857143,12.0,2025-12-21,35,2025-12-08 22:19:00,10.0,492,0
1379,2025-01-26,ads,Tainan,growth,9.0,37494.799999999996,4166.0888888888885,20.0,2025-07-26,34,2025-12-10 07:19:00,158.0,339,0
1380,2025-08-30,partner,Tainan,new,7.0,37375.25,5339.321428571428,14.0,2025-09-04,37,2025-12-20 00:33:00,118.0,123,0
1381,2023-06-06,referral,Taoyuan,new,1.0,4377.0,4377.0,1.0,2025-01-18,21,2025-11-24 07:15:00,347.0,939,0
1382,2025-02-04,ads,Taoyuan,growth,6.0,28069.75,4678.291666666667,14.0,2025-09-14,29,2025-12-20 05:46:00,108.0,330,0
1383,2025-01-16,partner,Tainan,new,4.0,9987.5,2496.875,9.0,2025-12-01,25,2025-09-29 09:15:00,30.0,349,0
1384,2025-11-03,referral,Taichung,growth,7.0,45012.5,6430.357142857143,21.0,2025-08-16,29,2025-09-15 11:33:00,137.0,58,0
1385,2023-09-05,social,Taipei,vip,12.0,91204.9,7600.408333333333,36.0,2025-11-01,27,2025-11-19 12:47:00,60.0,848,1
1386,2023-10-10,referral,Kaohsiung,new,12.0,34704.2,2892.0166666666664,19.0,2025-11-01,42,2025-12-31 00:12:00,60.0,813,0
1387,2025-04-25,ads,Taichung,new,8.0,28477.35,3559.66875,15.0,2025-10-12,22,2025-12-04 18:26:00,80.0,250,0
1388,2024-03-19,ads,Kaohsiung,growth,10.0,41070.35,4107.035,23.0,2025-12-20,34,2025-12-28 02:50:00,11.0,652,0
1389,2023-11-23,organic,Tainan,new,6.0,13664.85,2277.475,7.0,2025-12-13,32,2025-10-22 12:24:00,18.0,769,0
1390,2024-12-20,ads,Taichung,growth,7.0,40047.1,5721.0142857142855,21.0,2025-12-12,31,2025-12-20 09:14:00,19.0,376,0
1391,2024-12-20,ads,Taipei,growth,7.0,26568.0,3795.4285714285716,15.0,2025-05-17,27,2025-12-31 07:19:00,228.0,376,0
1392,2024-05-29,social,Taoyuan,new,12.0,35465.8,2955.4833333333336,19.0,2025-09-13,20,2025-11-23 12:36:00,109.0,581,0
1393,2023-05-09,social,Taoyuan,growth,8.0,34978.95,4372.36875,17.0,2025-09-06,34,2025-12-27 21:18:00,116.0,967,0
1394,2024-04-05,ads,Taichung,growth,10.0,45844.65,4584.465,23.0,2025-12-12,28,2025-12-31 08:07:00,19.0,635,0
1395,2023-03-31,ads,Taoyuan,vip,22.0,185226.55,8419.388636363636,71.0,2025-12-30,17,2025-06-22 15:08:00,1.0,1006,1
1396,2025-11-07,organic,Hsinchu,new,6.0,16599.7,2766.616666666667,10.0,2025-11-12,28,2025-12-10 12:25:00,49.0,54,0
1397,2024-07-30,referral,Hsinchu,growth,8.0,42732.7,5341.5875,18.0,2025-11-02,19,2025-12-25 21:50:00,59.0,519,0
1398,2025-08-15,ads,Tainan,new,2.0,14057.5,7028.75,4.0,2025-08-01,21,2025-12-13 10:22:00,152.0,138,0
1399,2023-04-05,social,Tainan,new,7.0,19555.25,2793.6071428571427,12.0,2025-10-23,33,2025-12-30 18:00:00,69.0,1001,0
1400,2023-09-30,social,Kaohsiung,new,8.0,27226.800000000003,3403.3500000000004,15.0,2025-12-11,37,2025-11-08 02:58:00,20.0,823,0
1401,2024-02-20,ads,Tainan,vip,16.0,151247.05,9452.940625,54.0,2025-11-27,31,2025-12-02 07:23:00,34.0,680,1
1402,2023-03-20,ads,Taoyuan,growth,11.0,70264.95,6387.722727272727,26.0,2025-10-15,29,2025-12-12 02:56:00,77.0,1017,0
1403,2023-06-07,social,Taipei,new,5.0,11919.05,2383.81,7.0,2025-05-15,31,2025-12-20 21:26:00,230.0,938,0
1404,2024-07-17,referral,Hsinchu,new,6.0,35413.15,5902.191666666667,13.0,2025-07-23,30,2025-12-08 04:46:00,161.0,532,0
1405,2024-07-28,social,Taoyuan,growth,9.0,35943.8,3993.755555555556,21.0,2025-08-30,31,2025-12-21 15:00:00,123.0,521,0
1406,2024-02-11,organic,Taipei,new,5.0,8349.3,1669.86,5.0,2025-12-15,30,2025-11-01 21:05:00,16.0,689,0
1407,2025-02-19,ads,Hsinchu,new,5.0,19462.35,3892.47,8.0,2025-12-05,33,2025-12-31 14:10:00,26.0,315,0
1408,2024-05-08,partner,Kaohsiung,new,5.0,31287.2,6257.4400000000005,11.0,2025-08-05,28,2025-12-21 19:56:00,148.0,602,0
1409,2025-07-26,social,Taoyuan,growth,13.0,75771.95,5828.611538461539,35.0,2025-11-22,32,2025-12-12 23:06:00,39.0,158,0
1410,2022-12-17,partner,Taichung,growth,5.0,24393.699999999997,4878.74,9.0,2025-08-24,34,2025-12-29 12:39:00,129.0,1110,0
1411,2023-05-31,social,Kaohsiung,new,12.0,35935.35,2994.6124999999997,21.0,2025-10-07,26,2025-12-01 08:41:00,85.0,945,0
1412,2025-06-27,social,Tainan,new,4.0,15653.6,3913.4,7.0,2025-11-14,31,2025-12-24 23:55:00,47.0,187,0
1413,2023-04-05,social,Tainan,new,5.0,13769.7,2753.94,7.0,2025-12-05,21,2025-11-07 07:57:00,26.0,1001,0
1414,2023-09-26,social,Tainan,new,3.0,10567.4,3522.4666666666667,4.0,2024-12-27,24,2025-12-16 08:04:00,369.0,827,0
1415,2023-03-15,referral,Hsinchu,new,6.0,21623.35,3603.8916666666664,12.0,2025-12-04,25,2025-10-16 11:33:00,27.0,1022,0
1416,2023-06-29,partner,Taipei,growth,13.0,90794.1,6984.161538461539,40.0,2025-06-19,25,2025-12-22 17:35:00,195.0,916,0
1417,2023-04-29,organic,Taichung,new,9.0,23925.6,2658.3999999999996,15.0,2025-11-24,18,2025-12-23 12:31:00,37.0,977,0
1418,2023-04-04,referral,Tainan,new,6.0,24865.6,4144.266666666666,10.0,2025-11-23,33,2025-12-28 11:43:00,38.0,1002,0
1419,2023-02-08,social,Taipei,new,4.0,15802.05,3950.5125,6.0,2025-04-13,30,2025-12-16 16:11:00,262.0,1057,0
1420,2024-10-31,ads,Taipei,growth,9.0,39601.35,4400.15,17.0,2025-12-08,29,2025-12-06 03:26:00,23.0,426,0
1421,2024-09-20,social,Taichung,new,4.0,26735.5,6683.875,13.0,2025-11-25,25,2025-12-10 17:51:00,36.0,467,0
1422,2024-05-30,referral,Taichung,growth,15.0,70906.05,4727.070000000001,36.0,2025-12-02,35,2025-12-25 18:59:00,29.0,580,0
1423,2025-07-06,ads,Kaohsiung,vip,11.0,124482.75,11316.613636363636,45.0,2025-12-20,20,2025-11-11 20:02:00,11.0,178,1
1424,2025-02-24,social,Tainan,growth,12.0,90845.05,7570.420833333334,40.0,2025-12-18,21,2025-11-24 07:23:00,13.0,310,0
1425,2024-10-04,organic,Taichung,new,6.0,20646.95,3441.1583333333333,8.0,2025-06-10,31,2025-12-11 08:55:00,204.0,453,0
1426,2023-09-12,social,Hsinchu,new,4.0,15796.9,3949.225,10.0,2024-10-02,25,2025-11-27 14:20:00,455.0,841,0
1427,2024-01-28,referral,Hsinchu,new,8.0,27327.6,3415.95,15.0,2025-09-07,27,2025-12-27 12:47:00,115.0,703,0
1428,2024-09-12,social,Taichung,new,7.0,27623.75,3946.25,15.0,2025-12-01,33,2025-12-30 17:15:00,30.0,475,0
1429,2025-07-05,ads,Tainan,new,6.0,40109.0,6684.833333333333,15.0,2025-12-01,31,2025-12-22 10:50:00,30.0,179,0
1430,2024-07-22,ads,Taoyuan,new,6.0,24886.15,4147.691666666667,12.0,2025-11-28,22,2025-11-21 01:15:00,33.0,527,0
1431,2022-11-27,referral,Taipei,new,4.0,22736.7,5684.175,10.0,2025-11-03,29,2025-12-10 21:52:00,58.0,1130,0
1432,2025-01-25,referral,Tainan,growth,6.0,24713.3,4118.883333333333,13.0,2025-10-23,32,2025-12-03 12:40:00,69.0,340,0
1433,2023-02-28,ads,Taoyuan,vip,12.0,137915.35,11492.945833333333,45.0,2025-08-14,31,2025-12-26 07:20:00,139.0,1037,1
1434,2023-10-31,ads,Hsinchu,new,4.0,7962.400000000001,1990.6000000000001,4.0,2025-10-02,23,2025-11-24 22:01:00,90.0,792,0
1435,2025-04-17,social,Taoyuan,new,11.0,53088.2,4826.2,21.0,2025-10-29,31,2025-11-18 22:16:00,63.0,258,0
1436,2025-12-01,organic,Taichung,new,8.0,26819.15,3352.39375,14.0,2025-12-29,35,2025-12-27 18:14:00,2.0,30,0
1437,2023-05-26,organic,Hsinchu,new,6.0,22098.8,3683.133333333333,9.0,2025-05-10,32,2025-12-26 12:16:00,235.0,950,0
1438,2024-07-24,referral,Taichung,new,8.0,29257.35,3657.16875,14.0,2025-12-24,28,2025-11-25 12:56:00,7.0,525,0
1439,2025-04-16,ads,Taipei,new,4.0,11027.8,2756.95,7.0,2025-07-05,27,2025-11-19 21:01:00,179.0,259,0
1440,2025-07-26,social,Tainan,growth,8.0,43287.4,5410.925,23.0,2025-09-04,39,2025-11-22 07:50:00,118.0,158,0
1441,2025-09-11,ads,Kaohsiung,vip,14.0,157409.9,11243.564285714285,51.0,2025-12-03,33,2025-12-29 06:54:00,28.0,111,1
1442,2023-12-25,organic,Taoyuan,growth,10.0,64149.9,6414.99,32.0,2025-12-13,31,2025-12-29 03:26:00,18.0,737,0
1443,2025-09-06,ads,Taoyuan,vip,23.0,210513.3,9152.752173913042,72.0,2025-12-19,25,2025-12-23 05:42:00,12.0,116,1
1444,2024-09-21,referral,Hsinchu,new,8.0,37792.299999999996,4724.037499999999,14.0,2025-11-23,38,2025-12-07 02:38:00,38.0,466,0
1445,2024-03-04,referral,Taoyuan,new,10.0,37753.75,3775.375,16.0,2025-12-15,33,2025-12-15 15:10:00,16.0,667,0
1446,2023-02-22,social,Tainan,growth,11.0,61124.5,5556.772727272727,29.0,2025-04-26,28,2025-12-30 11:56:00,249.0,1043,0
1447,2023-06-13,social,Taoyuan,growth,10.0,60267.25,6026.725,26.0,2025-08-14,35,2025-12-26 05:23:00,139.0,932,0
1448,2023-05-20,ads,Taipei,new,9.0,21292.25,2365.8055555555557,12.0,2025-11-02,29,2025-12-15 19:28:00,59.0,956,0
1449,2024-06-30,organic,Hsinchu,growth,11.0,67047.3,6095.209090909091,30.0,2025-12-30,23,2025-12-08 16:40:00,1.0,549,0
1450,2024-12-27,social,Kaohsiung,vip,13.0,96338.85,7410.680769230769,38.0,2025-12-03,31,2025-10-10 17:01:00,28.0,369,1
1451,2024-04-16,ads,Tainan,growth,12.0,43027.6,3585.633333333333,26.0,2025-12-17,22,2025-12-14 13:25:00,14.0,624,0
1452,2023-09-17,ads,Taoyuan,growth,11.0,47855.4,4350.49090909091,24.0,2025-11-16,41,2025-12-27 09:07:00,45.0,836,0
1453,2022-12-10,organic,Taipei,growth,13.0,73287.15,5637.473076923076,36.0,2025-09-17,19,2025-11-13 14:13:00,105.0,1117,0
1454,2024-08-28,referral,Hsinchu,new,8.0,25173.100000000002,3146.6375000000003,12.0,2025-11-30,32,2025-12-05 08:07:00,31.0,490,0
1455,2024-05-30,referral,Taoyuan,new,6.0,28643.6,4773.933333333333,10.0,2025-10-03,31,2025-11-05 00:12:00,89.0,580,0
1456,2024-01-01,social,Tainan,vip,18.0,185909.5,10328.305555555555,64.0,2025-09-05,21,2025-12-12 19:25:00,117.0,730,1
1457,2022-12-29,organic,Kaohsiung,vip,24.0,301698.05,12570.752083333333,104.0,2025-12-29,19,2025-12-08 22:23:00,2.0,1098,1
1458,2025-07-09,partner,Kaohsiung,new,7.0,27458.25,3922.6071428571427,13.0,2025-12-10,25,2025-12-08 12:24:00,21.0,175,0
1459,2023-11-12,ads,Taipei,growth,11.0,51593.15,4690.286363636364,24.0,2025-12-14,18,2025-10-26 09:10:00,17.0,780,0
1460,2023-05-02,ads,Taichung,growth,9.0,47225.2,5247.2444444444445,20.0,2025-02-26,24,2025-12-22 12:27:00,308.0,974,0
1461,2025-05-11,organic,Taipei,growth,10.0,61783.1,6178.3099999999995,31.0,2025-12-04,28,2025-12-06 07:33:00,27.0,234,0
1462,2024-04-18,ads,Kaohsiung,new,3.0,14128.849999999999,4709.616666666666,4.0,2025-10-06,22,2025-12-26 22:51:00,86.0,622,0
1463,2023-02-27,organic,Taoyuan,new,4.0,23610.4,5902.6,6.0,2025-08-18,15,2025-10-28 21:42:00,135.0,1038,0
1464,2025-04-22,social,Hsinchu,new,8.0,22771.55,2846.44375,14.0,2024-11-03,33,2025-12-02 21:23:00,423.0,253,0
1465,2024-11-12,social,Kaohsiung,new,12.0,43136.0,3594.6666666666665,20.0,2025-12-22,33,2025-12-04 04:18:00,9.0,414,0
1466,2025-04-27,organic,Tainan,new,3.0,9219.45,3073.15,5.0,2025-08-13,30,2025-12-12 00:46:00,140.0,248,0
1467,2023-10-12,referral,Hsinchu,new,7.0,33030.45,4718.635714285714,16.0,2025-11-20,29,2025-12-26 23:24:00,41.0,811,0
1468,2024-05-17,ads,Taipei,vip,18.0,191349.35,10630.519444444444,69.0,2025-10-28,29,2025-12-30 01:18:00,64.0,593,1
1469,2022-11-27,organic,Taipei,new,7.0,14561.2,2080.171428571429,11.0,2025-12-19,32,2025-12-05 20:03:00,12.0,1130,0
1470,2024-08-31,ads,Taoyuan,new,3.0,9119.55,3039.85,4.0,2025-07-23,28,2025-12-28 09:07:00,161.0,487,0
1471,2024-11-29,referral,Tainan,growth,11.0,60010.549999999996,5455.504545454545,27.0,2025-12-31,19,2025-10-06 12:58:00,0.0,397,0
1472,2025-10-09,social,Taoyuan,new,5.0,28979.75,5795.95,11.0,2025-12-18,23,2025-12-10 20:43:00,13.0,83,0
1473,2024-08-15,social,Tainan,new,5.0,25974.5,5194.9,13.0,2025-08-23,21,2025-12-14 05:45:00,130.0,503,0
1474,2024-02-03,referral,Taoyuan,new,2.0,4922.349999999999,2461.1749999999997,5.0,2025-09-30,24,2025-12-28 06:12:00,92.0,697,0
1475,2025-05-03,ads,Tainan,new,4.0,19317.35,4829.3375,11.0,2025-10-11,21,2025-12-19 16:49:00,81.0,242,0
1476,2025-11-01,partner,Tainan,growth,7.0,42743.7,6106.242857142856,17.0,2025-12-27,34,2025-12-02 23:46:00,4.0,60,0
1477,2025-04-28,partner,Taoyuan,growth,13.0,69668.0,5359.076923076923,30.0,2025-11-07,19,2025-10-22 18:44:00,54.0,247,0
1478,2023-05-27,organic,Taoyuan,new,5.0,23155.35,4631.07,10.0,2025-06-07,20,2025-12-30 12:43:00,207.0,949,0
1479,2024-08-28,ads,Taoyuan,vip,18.0,213323.2,11851.28888888889,81.0,2025-11-22,22,2025-10-04 16:31:00,39.0,490,1
1480,2023-06-02,ads,Taoyuan,new,1.0,4913.4,4913.4,2.0,2024-11-05,19,2025-12-27 20:50:00,421.0,943,0
1481,2025-04-07,partner,Tainan,new,7.0,15103.65,2157.6642857142856,10.0,2025-12-23,25,2025-12-29 08:52:00,8.0,268,0
1482,2025-05-12,ads,Tainan,growth,11.0,49328.9,4484.445454545455,26.0,2025-12-25,33,2025-11-25 07:50:00,6.0,233,0
1483,2024-08-18,referral,Taichung,new,12.0,59598.85,4966.570833333333,23.0,2025-11-15,28,2025-12-29 08:33:00,46.0,500,0
1484,2023-03-13,referral,Tainan,growth,6.0,32618.55,5436.425,14.0,2025-02-27,18,2025-12-29 17:58:00,307.0,1024,0
1485,2024-04-23,social,Tainan,growth,8.0,44425.45,5553.18125,20.0,2025-12-09,24,2025-12-07 21:12:00,22.0,617,0
1486,2025-05-09,social,Taoyuan,growth,7.0,46523.25,6646.178571428572,22.0,2025-05-20,30,2025-12-21 17:15:00,225.0,236,0
1487,2024-08-29,referral,Hsinchu,new,3.0,11155.0,3718.3333333333335,5.0,2025-04-17,25,2025-12-29 21:29:00,258.0,489,0
1488,2024-08-04,ads,Taipei,growth,14.0,84046.3,6003.307142857143,35.0,2025-12-26,31,2025-12-15 05:52:00,5.0,514,0
1489,2023-09-20,organic,Taichung,growth,8.0,53384.5,6673.0625,18.0,2025-12-06,29,2025-12-20 11:54:00,25.0,833,0
1490,2024-06-11,organic,Hsinchu,new,2.0,6307.8,3153.9,3.0,2025-10-10,27,2025-12-05 23:05:00,82.0,568,0
1491,2023-12-10,ads,Taoyuan,new,6.0,29076.2,4846.033333333334,11.0,2025-11-09,29,2025-12-28 07:59:00,52.0,752,0
1492,2024-04-17,social,Taichung,vip,30.0,290641.5,9688.05,106.0,2025-12-19,29,2025-12-09 11:33:00,12.0,623,1
1493,2024-01-18,partner,Kaohsiung,vip,19.0,216981.65,11420.086842105264,72.0,2025-10-03,28,2025-12-10 01:18:00,89.0,713,1
1494,2024-10-10,social,Kaohsiung,new,6.0,25460.6,4243.433333333333,14.0,2025-09-28,31,2025-12-19 10:51:00,94.0,447,0
1495,2023-09-03,organic,Taipei,new,4.0,26781.6,6695.4,12.0,2024-12-07,23,2025-12-31 08:01:00,389.0,850,0
1496,2025-10-17,social,Hsinchu,new,5.0,19546.8,3909.3599999999997,9.0,2025-11-03,29,2025-11-09 13:24:00,58.0,75,0
1497,2024-02-10,organic,Tainan,new,6.0,36593.0,6098.833333333333,16.0,2025-12-24,19,2025-09-16 06:04:00,7.0,690,0
1498,2024-04-29,ads,Tainan,new,3.0,13127.1,4375.7,5.0,2025-08-02,29,2025-11-22 12:17:00,151.0,611,0
1499,2023-07-18,referral,Tainan,new,8.0,36589.65,4573.70625,13.0,2025-11-12,30,2025-10-26 01:30:00,49.0,897,0
1500,2023-12-18,referral,Taipei,new,6.0,15207.7,2534.616666666667,9.0,2025-11-02,20,2025-11-09 06:54:00,59.0,744,0
1501,2024-10-17,social,Tainan,new,5.0,12476.7,2495.34,9.0,2025-04-07,28,2025-12-11 10:06:00,268.0,440,0
1502,2024-11-12,ads,Taipei,growth,9.0,40816.3,4535.144444444445,18.0,2025-11-17,34,2025-12-06 03:17:00,44.0,414,0
1503,2025-04-29,social,Kaohsiung,new,4.0,17913.95,4478.4875,5.0,2025-12-03,26,2025-11-29 17:26:00,28.0,246,0
1504,2025-01-06,ads,Tainan,new,1.0,2521.2999999999997,2521.2999999999997,1.0,2024-01-30,30,2025-12-28 07:29:00,701.0,359,0
1505,2023-01-02,referral,Kaohsiung,growth,8.0,66619.9,8327.4875,30.0,2025-11-18,33,2025-12-31 02:22:00,43.0,1094,0
1506,2023-10-12,ads,Kaohsiung,growth,7.0,39163.65,5594.807142857143,18.0,2025-09-06,30,2025-12-13 00:32:00,116.0,811,0
1507,2023-05-23,ads,Hsinchu,new,10.0,46522.7,4652.2699999999995,22.0,2025-09-05,32,2025-12-27 09:46:00,117.0,953,0
1508,2023-04-27,partner,Tainan,growth,11.0,56883.05,5171.186363636364,20.0,2025-10-07,24,2025-10-22 18:37:00,85.0,979,0
1509,2023-02-06,ads,Kaohsiung,vip,24.0,283365.7,11806.904166666667,100.0,2025-11-30,28,2025-12-01 16:03:00,31.0,1059,1
1510,2024-08-17,social,Hsinchu,new,3.0,4914.8,1638.2666666666667,4.0,2025-10-17,25,2025-12-18 04:53:00,75.0,501,0
1511,2024-05-24,ads,Hsinchu,vip,15.0,186553.5,12436.9,69.0,2025-12-31,27,2025-12-12 16:03:00,0.0,586,1
1512,2024-01-25,referral,Taichung,new,6.0,20116.55,3352.758333333333,9.0,2025-11-14,25,2025-12-29 15:00:00,47.0,706,0
1513,2023-03-22,partner,Taoyuan,new,11.0,28910.75,2628.25,19.0,2025-10-25,29,2025-12-26 06:40:00,67.0,1015,0
1514,2024-11-15,referral,Taipei,new,11.0,39087.85,3553.440909090909,23.0,2025-08-28,31,2025-12-31 18:39:00,125.0,411,0
1515,2024-07-24,referral,Hsinchu,growth,7.0,57857.55,8265.364285714286,22.0,2025-06-24,33,2025-12-13 21:44:00,190.0,525,0
1516,2023-02-23,social,Hsinchu,growth,12.0,52295.649999999994,4357.970833333333,29.0,2025-08-01,29,2025-12-10 05:45:00,152.0,1042,0
1517,2024-02-22,social,Taipei,growth,5.0,15884.399999999998,3176.8799999999997,10.0,2025-11-28,28,2025-11-25 19:16:00,33.0,678,0
1518,2024-12-09,ads,Hsinchu,vip,16.0,156100.25,9756.265625,60.0,2025-12-29,22,2025-11-14 22:25:00,2.0,387,1
1519,2024-05-30,organic,Hsinchu,new,6.0,34334.55,5722.425,15.0,2025-12-24,36,2025-11-24 23:45:00,7.0,580,0
1520,2022-12-05,ads,Taipei,new,4.0,9979.65,2494.9125,10.0,2025-02-07,38,2025-12-04 04:17:00,327.0,1122,0
1521,2024-12-22,social,Taoyuan,new,5.0,19658.6,3931.72,9.0,2025-10-12,26,2025-09-28 05:08:00,80.0,374,0
1522,2023-04-20,social,Tainan,growth,12.0,53772.7,4481.058333333333,25.0,2025-12-14,25,2025-12-06 18:55:00,17.0,986,0
1523,2024-07-25,organic,Taipei,growth,6.0,41536.95,6922.825,19.0,2025-11-28,31,2025-11-16 06:02:00,33.0,524,0
1524,2023-05-02,ads,Tainan,new,7.0,37734.45,5390.635714285714,14.0,2025-12-29,32,2025-10-26 14:13:00,2.0,974,0
1525,2023-07-02,referral,Taichung,growth,7.0,24316.2,3473.7428571428572,12.0,2025-11-11,23,2025-11-24 14:35:00,50.0,913,0
1526,2025-01-19,ads,Taichung,new,7.0,18263.35,2609.0499999999997,11.0,2025-05-15,25,2025-12-22 01:40:00,230.0,346,0
1527,2022-12-24,social,Taoyuan,growth,7.0,19698.35,2814.0499999999997,16.0,2025-11-09,30,2025-12-16 01:08:00,52.0,1103,0
1528,2024-09-03,social,Taipei,new,6.0,15859.75,2643.2916666666665,11.0,2025-12-28,27,2025-12-30 19:13:00,3.0,484,0
1529,2024-09-20,referral,Hsinchu,growth,13.0,50353.85,3873.373076923077,31.0,2025-12-24,25,2025-11-16 04:06:00,7.0,467,0
1530,2025-03-05,ads,Taipei,new,6.0,22132.55,3688.758333333333,11.0,2025-11-29,33,2025-12-08 14:37:00,32.0,301,0
1531,2025-10-11,social,Taipei,new,8.0,31546.2,3943.275,15.0,2025-12-05,26,2025-12-14 11:11:00,26.0,81,0
1532,2025-03-11,referral,Kaohsiung,new,6.0,22243.35,3707.225,11.0,2025-10-30,29,2025-12-30 04:43:00,62.0,295,0
1533,2024-03-25,partner,Taipei,new,7.0,33017.95,4716.849999999999,11.0,2025-04-23,36,2025-12-30 20:19:00,252.0,646,0
1534,2025-07-03,ads,Taoyuan,growth,9.0,40436.6,4492.955555555555,16.0,2025-10-27,30,2025-12-07 17:14:00,65.0,181,0
1535,2025-11-08,ads,Taichung,new,2.0,14540.5,7270.25,5.0,2025-09-06,35,2025-10-06 16:52:00,116.0,53,0
1536,2024-09-08,ads,Taipei,new,7.0,26239.8,3748.542857142857,14.0,2025-10-19,27,2025-11-01 10:57:00,73.0,479,0
1537,2023-03-09,organic,Taipei,new,8.0,23225.350000000002,2903.1687500000003,15.0,2025-05-10,20,2025-12-27 20:46:00,235.0,1028,0
1538,2023-02-23,referral,Kaohsiung,new,12.0,53458.05,4454.837500000001,22.0,2025-10-28,24,2025-12-27 01:20:00,64.0,1042,0
1539,2024-09-06,social,Taoyuan,new,6.0,48496.1,8082.683333333333,15.0,2025-11-09,32,2025-12-04 09:42:00,52.0,481,0
1540,2024-07-10,referral,Taipei,new,6.0,17525.9,2920.9833333333336,10.0,2025-10-17,31,2025-12-30 13:27:00,75.0,539,0
1541,2024-12-17,social,Kaohsiung,growth,8.0,33972.45,4246.55625,20.0,2025-10-10,25,2025-11-12 21:21:00,82.0,379,0
1542,2023-12-08,referral,Taichung,vip,17.0,157699.85,9276.461764705882,58.0,2025-12-01,21,2025-12-25 19:20:00,30.0,754,1
1543,2024-06-09,referral,Taoyuan,vip,21.0,194965.65,9284.07857142857,71.0,2025-12-10,22,2025-11-16 06:47:00,21.0,570,1
1544,2024-08-28,referral,Tainan,new,4.0,11145.25,2786.3125,5.0,2024-06-19,31,2025-12-26 21:56:00,560.0,490,0
1545,2024-03-17,ads,Kaohsiung,new,7.0,27670.55,3952.9357142857143,13.0,2025-08-08,26,2025-12-18 21:48:00,145.0,654,0
1546,2023-09-17,referral,Kaohsiung,new,9.0,25905.55,2878.394444444444,17.0,2025-11-20,20,2025-12-07 14:30:00,41.0,836,0
1547,2023-03-14,ads,Kaohsiung,new,10.0,55912.4,5591.24,21.0,2025-08-31,26,2025-12-17 16:22:00,122.0,1023,0
1548,2025-06-21,organic,Taipei,new,5.0,9683.2,1936.64,6.0,2025-12-15,27,2025-12-14 15:45:00,16.0,193,0
1549,2023-11-30,social,Kaohsiung,new,7.0,27700.05,3957.15,13.0,2025-12-20,31,2025-11-24 16:12:00,11.0,762,0
1550,2023-05-19,referral,Taoyuan,new,3.0,6374.1,2124.7000000000003,4.0,2025-10-30,24,2025-11-29 17:05:00,62.0,957,0
1551,2025-04-09,ads,Taoyuan,growth,7.0,46858.55,6694.078571428572,22.0,2025-12-17,26,2025-12-29 04:42:00,14.0,266,0
1552,2025-04-02,ads,Taoyuan,growth,8.0,43845.45,5480.68125,18.0,2025-12-19,26,2025-11-20 13:42:00,12.0,273,0
1553,2025-05-13,referral,Hsinchu,new,4.0,5558.5,1389.625,6.0,2025-02-21,32,2025-12-31 02:01:00,313.0,232,0
1554,2025-10-05,referral,Taipei,new,5.0,4709.349999999999,941.8699999999999,6.0,2025-11-30,23,2025-11-26 01:49:00,31.0,87,0
1555,2024-04-03,referral,Taipei,new,3.0,6637.950000000001,2212.65,7.0,2025-11-18,27,2025-10-15 16:51:00,43.0,637,0
1556,2025-11-22,ads,Taichung,new,1.0,2555.0,2555.0,1.0,2024-01-15,31,2025-12-19 18:56:00,716.0,39,0
1557,2023-09-13,organic,Taichung,new,3.0,6231.65,2077.2166666666667,3.0,2025-12-01,36,2025-12-25 00:10:00,30.0,840,0
1558,2025-09-29,referral,Hsinchu,new,7.0,30548.55,4364.078571428571,15.0,2025-12-07,34,2025-12-27 14:43:00,24.0,93,0
1559,2023-07-28,organic,Hsinchu,new,2.0,2312.6000000000004,1156.3000000000002,2.0,2025-07-24,25,2025-08-21 13:38:00,160.0,887,0
1560,2023-03-18,referral,Tainan,growth,9.0,49996.399999999994,5555.155555555555,21.0,2025-12-13,27,2025-11-09 18:29:00,18.0,1019,0
1561,2024-03-31,organic,Tainan,vip,21.0,229546.95,10930.807142857144,78.0,2025-12-21,29,2025-12-25 11:44:00,10.0,640,1
1562,2023-01-30,ads,Kaohsiung,new,4.0,11993.3,2998.325,6.0,2025-12-27,24,2025-12-29 08:27:00,4.0,1066,0
1563,2024-11-05,organic,Taichung,new,7.0,31636.899999999998,4519.557142857143,18.0,2025-12-26,28,2025-12-15 03:58:00,5.0,421,0
1564,2025-10-04,partner,Tainan,new,6.0,35224.05,5870.675,17.0,2025-05-26,18,2025-12-06 12:37:00,219.0,88,0
1565,2023-06-29,ads,Kaohsiung,new,5.0,21975.0,4395.0,11.0,2025-11-28,33,2025-12-18 20:07:00,33.0,916,0
1566,2025-01-07,ads,Taipei,new,7.0,9807.5,1401.0714285714287,9.0,2025-08-24,35,2025-11-01 06:53:00,129.0,358,0
1567,2025-01-09,partner,Taipei,new,6.0,22439.3,3739.883333333333,11.0,2025-01-10,25,2025-12-13 21:03:00,355.0,356,0
1568,2025-08-21,social,Kaohsiung,new,5.0,11357.0,2271.4,6.0,2025-10-29,25,2025-12-15 10:55:00,63.0,132,0
1569,2024-03-02,ads,Kaohsiung,new,4.0,7284.05,1821.0125,5.0,2025-06-18,27,2025-12-11 13:50:00,196.0,669,0
1570,2025-03-24,ads,Taoyuan,new,4.0,11451.199999999999,2862.7999999999997,6.0,2025-10-19,32,2025-12-29 08:02:00,73.0,282,0
1571,2024-05-18,organic,Hsinchu,new,5.0,13028.85,2605.77,6.0,2025-12-04,42,2025-12-06 01:43:00,27.0,592,0
1572,2023-02-22,ads,Taichung,growth,9.0,43435.55,4826.172222222222,18.0,2025-10-06,34,2025-12-02 03:31:00,86.0,1043,0
1573,2024-04-23,social,Taoyuan,new,10.0,44365.4,4436.54,19.0,2025-12-01,20,2025-11-07 21:26:00,30.0,617,0
1574,2022-12-29,ads,Kaohsiung,new,6.0,25308.0,4218.0,11.0,2025-12-25,24,2025-12-30 04:54:00,6.0,1098,0
1575,2023-12-03,referral,Taichung,growth,10.0,41700.7,4170.07,22.0,2025-11-21,31,2025-12-23 03:52:00,40.0,759,0
1576,2023-06-04,referral,Tainan,growth,13.0,66710.45,5131.573076923077,29.0,2025-12-27,29,2025-10-01 03:35:00,4.0,941,0
1577,2023-02-15,referral,Taoyuan,new,6.0,35588.9,5931.483333333334,11.0,2025-07-14,39,2025-12-19 13:00:00,170.0,1050,0
1578,2023-04-22,partner,Taipei,growth,5.0,12558.9,2511.7799999999997,11.0,2025-10-17,20,2025-11-24 03:35:00,75.0,984,0
1579,2023-10-06,ads,Taichung,new,5.0,17604.2,3520.84,8.0,2025-11-16,34,2025-12-16 17:19:00,45.0,817,0
1580,2023-06-30,social,Tainan,new,6.0,40853.5,6808.916666666667,16.0,2025-10-10,27,2025-12-30 00:25:00,82.0,915,0
1581,2023-06-17,social,Taipei,new,6.0,24083.05,4013.8416666666667,11.0,2025-06-05,26,2025-11-25 22:04:00,209.0,928,0
1582,2024-04-20,organic,Hsinchu,growth,12.0,46221.3,3851.775,21.0,2025-09-24,22,2025-11-30 09:20:00,98.0,620,0
1583,2025-05-04,partner,Tainan,new,7.0,13156.95,1879.564285714286,11.0,2025-12-02,35,2025-12-12 23:24:00,29.0,241,0
1584,2024-10-09,referral,Taipei,new,13.0,49784.9,3829.6076923076926,22.0,2025-12-04,22,2025-12-18 04:24:00,27.0,448,0
1585,2025-05-28,social,Taipei,new,3.0,12000.6,4000.2000000000003,7.0,2025-12-23,34,2025-10-05 00:56:00,8.0,217,0
1586,2025-04-05,social,Hsinchu,new,4.0,18277.0,4569.25,8.0,2025-07-08,27,2025-11-18 16:07:00,176.0,270,0
1587,2025-04-21,organic,Taoyuan,new,6.0,25887.1,4314.516666666666,12.0,2025-09-11,38,2025-12-13 22:13:00,111.0,254,0
1588,2022-12-02,social,Taichung,new,12.0,53291.0,4440.916666666667,24.0,2025-12-23,25,2025-11-24 08:34:00,8.0,1125,0
1589,2022-12-08,social,Hsinchu,new,2.0,3578.85,1789.425,3.0,2025-05-08,30,2025-12-30 16:42:00,237.0,1119,0
1590,2024-02-07,social,Hsinchu,new,5.0,12995.45,2599.09,6.0,2025-12-18,28,2025-12-30 00:08:00,13.0,693,0
1591,2023-03-25,social,Hsinchu,growth,6.0,32515.0,5419.166666666667,12.0,2025-11-21,15,2025-11-30 09:46:00,40.0,1012,0
1592,2025-06-03,ads,Taichung,growth,9.0,51440.4,5715.6,20.0,2025-10-11,32,2025-12-18 08:40:00,81.0,211,0
1593,2024-06-09,referral,Taipei,new,9.0,49820.65,5535.627777777778,18.0,2025-12-30,30,2025-12-01 15:28:00,1.0,570,0
1594,2025-07-23,ads,Hsinchu,new,8.0,37285.0,4660.625,17.0,2025-11-10,29,2025-12-26 18:33:00,51.0,161,0
1595,2023-01-23,referral,Hsinchu,new,5.0,14580.55,2916.1099999999997,8.0,2025-10-31,33,2025-12-30 05:32:00,61.0,1073,0
1596,2023-08-23,partner,Taichung,vip,28.0,277114.55,9896.948214285714,104.0,2025-12-30,35,2025-12-29 15:59:00,1.0,861,1
1597,2025-04-05,ads,Taichung,new,0.0,0.0,0.0,0.0,,33,2025-12-31 00:57:00,999.0,270,0
1598,2025-11-12,organic,Taoyuan,growth,9.0,36353.95,4039.3277777777776,20.0,2025-12-14,28,2025-12-25 10:45:00,17.0,49,0
1599,2024-05-14,ads,Taichung,new,4.0,19250.2,4812.55,10.0,2025-10-09,16,2025-11-23 07:28:00,83.0,596,0
1600,2025-01-17,social,Taipei,new,9.0,26223.9,2913.766666666667,13.0,2025-11-22,27,2025-12-17 19:26:00,39.0,348,0
1601,2025-03-21,social,Taoyuan,new,10.0,55468.7,5546.87,23.0,2025-09-23,26,2025-12-15 11:18:00,99.0,285,0
1602,2024-11-08,social,Kaohsiung,new,9.0,32976.5,3664.0555555555557,14.0,2025-12-29,19,2025-12-05 12:03:00,2.0,418,0
1603,2023-06-14,ads,Tainan,growth,11.0,53154.55,4832.231818181818,32.0,2025-11-18,16,2025-12-14 20:00:00,43.0,931,0
1604,2023-01-25,social,Taoyuan,vip,19.0,209482.55,11025.397368421052,71.0,2025-10-22,28,2025-12-17 18:19:00,70.0,1071,1
1605,2023-10-31,social,Kaohsiung,new,7.0,33549.45,4792.778571428571,13.0,2025-12-22,31,2025-12-12 04:09:00,9.0,792,0
1606,2024-10-15,partner,Hsinchu,new,6.0,29437.95,4906.325,10.0,2025-05-20,30,2025-07-16 12:27:00,225.0,442,0
1607,2024-01-31,social,Tainan,growth,11.0,29663.45,2696.677272727273,18.0,2025-11-02,33,2025-10-07 03:26:00,59.0,700,0
1608,2023-06-26,referral,Hsinchu,new,7.0,34862.1,4980.3,12.0,2025-11-04,27,2025-12-12 17:01:00,57.0,919,0
1609,2024-09-10,referral,Taoyuan,growth,7.0,42095.649999999994,6013.664285714285,20.0,2025-07-11,34,2025-12-14 14:08:00,173.0,477,0
1610,2023-04-27,referral,Taoyuan,new,6.0,20974.2,3495.7000000000003,9.0,2025-01-03,24,2025-11-20 14:13:00,362.0,979,0
1611,2025-04-19,ads,Kaohsiung,new,10.0,49617.1,4961.71,19.0,2025-08-23,24,2025-09-02 16:29:00,130.0,256,0
1612,2024-01-25,social,Taoyuan,new,5.0,20013.9,4002.78,9.0,2025-12-12,29,2025-12-30 01:45:00,19.0,706,0
1613,2025-08-21,referral,Taipei,new,13.0,45139.65,3472.2807692307692,24.0,2025-11-06,34,2025-12-25 06:27:00,55.0,132,0
1614,2025-02-02,ads,Taoyuan,growth,9.0,49733.85,5525.983333333334,23.0,2025-12-28,29,2025-11-14 13:07:00,3.0,332,0
1615,2023-03-28,ads,Tainan,growth,10.0,59419.799999999996,5941.98,22.0,2025-12-29,24,2025-12-26 16:56:00,2.0,1009,0
1616,2023-07-24,organic,Taichung,new,3.0,10614.5,3538.1666666666665,5.0,2024-05-08,29,2025-11-18 16:48:00,602.0,891,0
1617,2025-03-31,referral,Hsinchu,new,8.0,17483.5,2185.4375,15.0,2025-11-08,30,2025-11-23 21:08:00,53.0,275,0
1618,2023-04-01,ads,Taichung,new,5.0,24816.5,4963.3,9.0,2025-05-14,27,2025-11-12 19:00:00,231.0,1005,0
1619,2024-09-02,organic,Kaohsiung,new,4.0,13966.2,3491.55,8.0,2025-06-05,24,2025-12-04 15:52:00,209.0,485,0
1620,2025-08-15,partner,Taipei,new,8.0,32081.75,4010.21875,13.0,2025-08-05,34,2025-12-30 17:23:00,148.0,138,0
1621,2024-01-27,social,Taoyuan,new,4.0,23938.15,5984.5375,9.0,2025-05-03,24,2025-11-27 18:08:00,242.0,704,0
1622,2023-11-13,referral,Taipei,vip,17.0,162424.35,9554.373529411765,61.0,2025-12-29,29,2025-12-25 02:34:00,2.0,779,1
1623,2024-04-25,social,Taipei,new,9.0,45627.7,5069.7444444444445,20.0,2025-05-12,29,2025-12-26 03:51:00,233.0,615,0
1624,2024-08-20,referral,Kaohsiung,new,6.0,24941.65,4156.941666666667,10.0,2025-06-21,22,2025-12-23 01:43:00,193.0,498,0
1625,2025-02-01,social,Kaohsiung,new,11.0,32592.85,2962.9863636363634,18.0,2025-08-02,33,2025-12-30 03:59:00,151.0,333,0
1626,2023-06-18,ads,Taichung,new,2.0,11692.849999999999,5846.424999999999,5.0,2025-06-02,32,2025-11-30 21:49:00,212.0,927,0
1627,2024-10-04,ads,Taoyuan,new,5.0,37759.45,7551.889999999999,14.0,2025-07-26,29,2025-11-14 04:24:00,158.0,453,0
1628,2024-01-11,ads,Taipei,new,7.0,21572.699999999997,3081.8142857142852,9.0,2025-12-06,23,2025-12-23 18:48:00,25.0,720,0
1629,2025-10-17,social,Taichung,new,6.0,28822.699999999997,4803.783333333333,12.0,2025-12-18,34,2025-12-08 08:34:00,13.0,75,0
1630,2023-08-31,ads,Taichung,growth,8.0,45764.55,5720.56875,21.0,2025-11-27,27,2025-12-19 01:59:00,34.0,853,0
1631,2023-12-26,organic,Hsinchu,vip,20.0,230361.4,11518.07,86.0,2025-11-23,29,2025-11-16 16:55:00,38.0,736,1
1632,2024-02-12,ads,Taoyuan,growth,9.0,36574.6,4063.8444444444444,23.0,2025-08-10,28,2025-11-29 10:38:00,143.0,688,0
1633,2024-01-23,ads,Taoyuan,new,7.0,21130.0,3018.5714285714284,13.0,2025-11-02,34,2025-12-21 10:23:00,59.0,708,0
1634,2022-12-04,social,Taichung,new,6.0,16939.8,2823.2999999999997,12.0,2025-12-16,23,2025-12-18 12:46:00,15.0,1123,0
1635,2023-04-19,partner,Tainan,new,9.0,37213.9,4134.877777777778,16.0,2025-12-12,31,2025-11-19 21:47:00,19.0,987,0
1636,2025-03-14,social,Kaohsiung,growth,12.0,65062.25,5421.854166666667,30.0,2025-12-08,38,2025-12-02 12:37:00,23.0,292,0
1637,2023-05-11,social,Hsinchu,vip,18.0,194575.95,10809.775000000001,69.0,2025-12-08,40,2025-12-08 12:34:00,23.0,965,1
1638,2023-03-03,social,Kaohsiung,growth,9.0,48410.649999999994,5378.961111111111,24.0,2025-10-03,36,2025-12-29 01:03:00,89.0,1034,0
1639,2024-03-13,organic,Hsinchu,growth,10.0,37919.75,3791.975,20.0,2025-12-29,28,2025-12-14 16:25:00,2.0,658,0
1640,2023-08-03,ads,Taichung,vip,23.0,254515.8,11065.904347826086,95.0,2025-12-14,36,2025-12-28 14:04:00,17.0,881,1
1641,2024-06-27,partner,Taichung,new,3.0,11534.4,3844.7999999999997,3.0,2025-09-10,23,2025-12-11 05:23:00,112.0,552,0
1642,2025-04-10,ads,Hsinchu,growth,11.0,65665.1,5969.554545454546,31.0,2025-12-28,25,2025-07-30 03:29:00,3.0,265,0
1643,2023-12-10,ads,Taichung,new,4.0,7634.650000000001,1908.6625000000001,7.0,2025-10-19,27,2025-12-30 14:00:00,73.0,752,0
1644,2024-01-13,referral,Taichung,growth,4.0,28287.25,7071.8125,12.0,2025-10-24,26,2025-12-08 13:30:00,68.0,718,0
1645,2024-04-07,partner,Taichung,new,12.0,38899.8,3241.65,22.0,2025-08-21,39,2025-12-22 04:36:00,132.0,633,0
1646,2023-11-07,social,Taipei,growth,10.0,56454.0,5645.4,22.0,2025-12-24,24,2025-11-14 14:42:00,7.0,785,0
1647,2024-01-02,ads,Hsinchu,new,9.0,26069.95,2896.661111111111,13.0,2025-12-31,24,2025-11-22 05:54:00,0.0,729,0
1648,2025-08-28,ads,Kaohsiung,new,5.0,12107.2,2421.44,9.0,2025-11-18,33,2025-12-17 23:37:00,43.0,125,0
1649,2025-01-15,organic,Taipei,growth,6.0,45390.5,7565.083333333333,19.0,2025-12-17,24,2025-10-21 17:37:00,14.0,350,0
1650,2024-10-24,ads,Taichung,growth,11.0,35292.0,3208.3636363636365,29.0,2025-11-23,24,2025-12-06 20:40:00,38.0,433,0
1651,2025-09-02,social,Taichung,growth,8.0,33118.75,4139.84375,14.0,2025-12-03,23,2025-12-23 05:42:00,28.0,120,0
1652,2024-02-14,organic,Taipei,growth,9.0,42793.05,4754.783333333334,21.0,2025-12-31,32,2025-12-21 23:56:00,0.0,686,0
1653,2024-07-22,social,Taoyuan,new,6.0,32133.75,5355.625,12.0,2025-12-28,28,2025-11-30 09:58:00,3.0,527,0
1654,2025-11-16,ads,Kaohsiung,growth,5.0,45253.2,9050.64,19.0,2025-11-05,35,2025-12-31 01:01:00,56.0,45,0
1655,2022-11-30,social,Hsinchu,growth,9.0,39576.45,4397.383333333333,18.0,2025-10-10,19,2025-11-17 16:46:00,82.0,1127,0
1656,2024-07-14,referral,Taoyuan,new,1.0,6621.3,6621.3,2.0,2024-08-10,23,2025-12-11 12:20:00,508.0,535,0
1657,2022-12-26,ads,Taipei,growth,11.0,44502.5,4045.681818181818,22.0,2025-12-29,33,2025-12-25 16:57:00,2.0,1101,0
1658,2024-03-01,social,Taoyuan,growth,11.0,48596.799999999996,4417.890909090908,23.0,2025-09-24,30,2025-11-25 21:23:00,98.0,670,0
1659,2024-10-21,social,Taoyuan,new,8.0,38400.35,4800.04375,19.0,2025-08-08,28,2025-10-23 00:16:00,145.0,436,0
1660,2025-09-19,ads,Taoyuan,growth,5.0,25429.5,5085.9,13.0,2024-12-23,24,2025-06-16 09:34:00,373.0,103,0
1661,2023-07-25,referral,Hsinchu,new,6.0,13285.6,2214.266666666667,8.0,2025-11-16,20,2025-10-28 02:47:00,45.0,890,0
1662,2025-04-13,ads,Taoyuan,growth,7.0,46673.65,6667.664285714286,20.0,2025-08-15,19,2025-12-24 06:54:00,138.0,262,0
1663,2024-10-05,organic,Taipei,new,4.0,15911.0,3977.75,10.0,2025-12-26,27,2025-11-28 05:53:00,5.0,452,0
1664,2023-09-03,social,Taichung,growth,11.0,69763.45,6342.131818181818,27.0,2025-10-25,29,2025-12-05 06:38:00,67.0,850,0
1665,2025-09-21,ads,Taipei,new,6.0,9202.15,1533.6916666666666,6.0,2025-08-11,35,2025-12-23 18:49:00,142.0,101,0
1666,2025-01-29,social,Taichung,new,1.0,4770.9,4770.9,3.0,2024-01-03,26,2025-09-30 03:39:00,728.0,336,0
1667,2023-03-19,organic,Taichung,new,4.0,8065.700000000001,2016.4250000000002,6.0,2025-10-08,30,2025-12-06 07:05:00,84.0,1018,0
1668,2025-05-18,ads,Tainan,new,2.0,16901.5,8450.75,8.0,2025-03-24,27,2025-11-28 01:52:00,282.0,227,0
1669,2023-09-19,ads,Kaohsiung,new,7.0,32274.75,4610.678571428572,14.0,2025-12-25,24,2025-12-28 21:07:00,6.0,834,0
1670,2023-12-14,referral,Taichung,growth,3.0,12918.449999999999,4306.15,8.0,2024-10-17,30,2025-10-27 14:13:00,440.0,748,0
1671,2025-09-15,social,Tainan,new,8.0,33727.65,4215.95625,16.0,2025-12-13,25,2025-11-27 13:50:00,18.0,107,0
1672,2023-05-19,partner,Taoyuan,new,9.0,40257.2,4473.022222222222,20.0,2025-10-20,26,2025-12-17 22:45:00,72.0,957,0
1673,2024-07-06,ads,Taoyuan,growth,13.0,60351.2,4642.4,31.0,2025-12-03,27,2025-10-25 06:40:00,28.0,543,0
1674,2025-08-10,ads,Taichung,growth,6.0,35593.45,5932.241666666666,15.0,2025-04-12,28,2025-12-24 21:18:00,263.0,143,0
1675,2024-09-03,social,Taichung,new,6.0,14826.099999999999,2471.0166666666664,8.0,2025-07-15,32,2025-12-16 00:42:00,169.0,484,0
1676,2023-03-27,social,Tainan,new,11.0,34631.4,3148.309090909091,19.0,2025-09-13,35,2025-10-30 11:35:00,109.0,1010,0
1677,2024-10-02,referral,Tainan,new,5.0,19699.15,3939.8300000000004,10.0,2025-08-08,26,2025-12-24 11:33:00,145.0,455,0
1678,2024-10-21,social,Taipei,new,3.0,15211.25,5070.416666666667,7.0,2024-04-24,34,2025-12-11 10:58:00,616.0,436,0
1679,2023-06-25,ads,Taipei,new,5.0,10003.95,2000.7900000000002,9.0,2025-08-15,26,2025-12-22 15:16:00,138.0,920,0
1680,2024-12-05,partner,Hsinchu,new,3.0,7311.8,2437.266666666667,3.0,2025-11-09,29,2025-12-16 00:23:00,52.0,391,0
1681,2022-12-19,ads,Tainan,new,8.0,44996.9,5624.6125,14.0,2025-12-01,31,2025-12-27 07:19:00,30.0,1108,0
1682,2025-11-01,ads,Taichung,new,2.0,9514.75,4757.375,4.0,2025-06-11,24,2025-11-21 17:18:00,203.0,60,0
1683,2024-07-25,social,Hsinchu,growth,6.0,30540.7,5090.116666666667,16.0,2025-07-21,27,2025-12-19 14:58:00,163.0,524,0
1684,2024-04-14,social,Hsinchu,new,6.0,15800.7,2633.4500000000003,12.0,2025-11-29,30,2025-12-28 07:50:00,32.0,626,0
1685,2023-12-10,ads,Tainan,new,11.0,48240.65,4385.513636363637,23.0,2025-12-21,29,2025-12-03 04:01:00,10.0,752,0
1686,2024-12-25,referral,Taichung,new,6.0,14753.3,2458.883333333333,9.0,2025-12-09,23,2025-12-20 18:22:00,22.0,371,0
1687,2024-04-25,referral,Tainan,growth,8.0,27639.5,3454.9375,17.0,2025-10-18,38,2025-12-30 09:19:00,74.0,615,0
1688,2023-12-10,referral,Kaohsiung,new,7.0,25482.25,3640.3214285714284,8.0,2025-05-05,23,2025-10-28 13:21:00,240.0,752,0
1689,2023-09-17,ads,Kaohsiung,new,9.0,30760.75,3417.8611111111113,14.0,2025-10-07,27,2025-11-04 11:34:00,85.0,836,0
1690,2023-09-29,ads,Kaohsiung,new,5.0,21281.05,4256.21,14.0,2025-09-21,22,2025-10-17 12:42:00,101.0,824,0
1691,2023-10-22,referral,Taipei,new,8.0,31188.850000000002,3898.6062500000003,14.0,2025-09-04,16,2025-11-18 21:13:00,118.0,801,0
1692,2025-07-28,ads,Taoyuan,new,10.0,40278.65,4027.8650000000002,17.0,2025-12-17,23,2025-12-18 10:11:00,14.0,156,0
1693,2023-08-06,social,Taichung,growth,10.0,60196.7,6019.67,29.0,2025-10-09,30,2025-12-16 13:46:00,83.0,878,0
1694,2024-05-20,ads,Kaohsiung,new,7.0,35768.15,5109.7357142857145,15.0,2025-11-24,30,2025-12-03 20:41:00,37.0,590,0
1695,2024-01-30,ads,Kaohsiung,growth,15.0,75175.75,5011.716666666666,35.0,2025-12-29,26,2025-12-25 23:21:00,2.0,701,0
1696,2022-12-11,social,Tainan,new,8.0,30608.75,3826.09375,19.0,2025-11-05,31,2025-12-21 11:38:00,56.0,1116,0
1697,2024-04-07,ads,Tainan,new,5.0,33175.9,6635.18,12.0,2025-04-30,27,2025-12-01 13:31:00,245.0,633,0
1698,2025-02-11,social,Hsinchu,growth,7.0,14669.0,2095.5714285714284,11.0,2025-07-27,35,2025-12-27 16:24:00,157.0,323,0
1699,2023-07-24,social,Taipei,new,6.0,10371.75,1728.625,7.0,2025-08-06,35,2025-12-13 13:23:00,147.0,891,0
1700,2025-07-23,ads,Hsinchu,new,1.0,7237.299999999999,7237.299999999999,3.0,2024-08-31,32,2025-11-22 06:45:00,487.0,161,0
1701,2024-03-23,ads,Taoyuan,new,5.0,14289.3,2857.8599999999997,10.0,2025-06-02,31,2025-11-15 23:32:00,212.0,648,0
1702,2024-03-18,referral,Taipei,new,8.0,49589.8,6198.725,20.0,2025-08-02,32,2025-12-31 16:55:00,151.0,653,0
1703,2023-08-17,referral,Kaohsiung,new,8.0,25633.35,3204.16875,12.0,2025-11-14,24,2025-12-15 18:54:00,47.0,867,0
1704,2024-02-09,social,Taichung,growth,9.0,51297.05,5699.672222222222,22.0,2025-09-11,27,2025-12-12 00:39:00,111.0,691,0
1705,2025-08-08,referral,Taoyuan,new,5.0,10964.95,2192.9900000000002,8.0,2025-09-10,34,2025-12-25 11:22:00,112.0,145,0
1706,2023-02-07,social,Kaohsiung,growth,7.0,43514.8,6216.400000000001,16.0,2025-09-26,19,2025-11-30 01:22:00,96.0,1058,0
1707,2025-02-10,social,Kaohsiung,growth,3.0,19713.6,6571.2,10.0,2025-11-21,33,2025-11-13 09:14:00,40.0,324,0
1708,2025-02-09,referral,Taoyuan,vip,16.0,183151.55,11446.971875,62.0,2025-12-14,23,2025-12-14 12:34:00,17.0,325,1
1709,2023-09-24,social,Taipei,new,5.0,16921.75,3384.35,10.0,2025-12-03,19,2025-12-16 04:37:00,28.0,829,0
1710,2025-09-14,ads,Taoyuan,new,10.0,34336.0,3433.6,18.0,2025-05-30,28,2025-11-21 17:53:00,215.0,108,0
1711,2025-08-18,referral,Kaohsiung,growth,13.0,85920.5,6609.2692307692305,36.0,2025-11-22,21,2025-12-27 03:57:00,39.0,135,0
1712,2023-11-15,ads,Hsinchu,new,5.0,21719.1,4343.82,9.0,2025-05-15,34,2025-12-18 07:00:00,230.0,777,0
1713,2023-10-12,ads,Taipei,new,7.0,28660.5,4094.3571428571427,14.0,2025-12-04,29,2025-11-07 13:37:00,27.0,811,0
1714,2024-09-13,ads,Kaohsiung,new,4.0,3306.5,826.625,4.0,2025-08-01,38,2025-12-25 21:39:00,152.0,474,0
1715,2023-05-08,ads,Taipei,vip,20.0,206343.1,10317.155,76.0,2025-12-29,28,2025-12-09 15:31:00,2.0,968,1
1716,2023-02-11,referral,Hsinchu,new,7.0,11593.3,1656.185714285714,11.0,2025-04-07,23,2025-11-16 03:33:00,268.0,1054,0
1717,2024-08-12,ads,Taichung,new,8.0,28872.45,3609.05625,17.0,2025-12-08,29,2025-11-08 10:08:00,23.0,506,0
1718,2025-07-30,ads,Tainan,new,7.0,29088.649999999998,4155.521428571428,14.0,2025-01-31,25,2025-11-05 09:16:00,334.0,154,0
1719,2025-03-09,ads,Kaohsiung,new,5.0,19799.7,3959.94,8.0,2025-10-04,25,2025-12-23 17:45:00,88.0,297,0
1720,2025-02-14,ads,Taipei,new,9.0,38656.75,4295.194444444444,16.0,2025-10-15,27,2025-12-01 12:52:00,77.0,320,0
1721,2023-10-01,organic,Tainan,new,9.0,43702.6,4855.844444444444,18.0,2025-09-23,28,2025-12-16 16:57:00,99.0,822,0
1722,2025-11-02,partner,Taichung,growth,11.0,64108.75,5828.068181818182,26.0,2025-11-07,31,2025-11-26 21:13:00,54.0,59,0
1723,2023-06-14,referral,Taipei,new,7.0,22948.899999999998,3278.4142857142856,14.0,2025-09-07,22,2025-12-27 09:16:00,115.0,931,0
1724,2023-01-28,referral,Hsinchu,new,6.0,20643.25,3440.5416666666665,10.0,2024-12-26,28,2025-12-31 12:35:00,370.0,1068,0
1725,2023-08-12,social,Kaohsiung,vip,20.0,214679.05,10733.9525,77.0,2025-12-15,35,2025-12-23 00:42:00,16.0,872,1
1726,2025-01-03,referral,Tainan,growth,8.0,41508.5,5188.5625,19.0,2025-10-29,18,2025-12-31 07:08:00,63.0,362,0
1727,2023-03-20,ads,Tainan,new,6.0,25632.4,4272.066666666667,13.0,2025-05-30,27,2025-11-13 14:58:00,215.0,1017,0
1728,2024-09-03,ads,Taipei,growth,13.0,58738.5,4518.346153846154,29.0,2025-11-22,23,2025-12-30 15:51:00,39.0,484,0
1729,2023-10-02,social,Kaohsiung,growth,10.0,65603.25,6560.325,25.0,2025-10-28,27,2025-12-25 09:03:00,64.0,821,0
1730,2025-05-02,social,Taichung,growth,10.0,57745.15,5774.515,24.0,2025-11-25,22,2025-11-22 00:50:00,36.0,243,0
1731,2024-07-15,referral,Kaohsiung,new,7.0,21366.5,3052.3571428571427,9.0,2025-01-26,26,2025-11-13 12:04:00,339.0,534,0
1732,2025-09-08,ads,Kaohsiung,growth,8.0,39113.5,4889.1875,18.0,2025-12-08,21,2025-12-31 18:38:00,23.0,114,0
1733,2023-06-23,referral,Kaohsiung,new,2.0,21119.9,10559.95,7.0,2025-11-30,25,2025-11-03 03:08:00,31.0,922,0
1734,2025-01-19,ads,Taipei,new,10.0,37130.5,3713.05,18.0,2025-01-27,35,2025-12-30 12:46:00,338.0,346,0
1735,2024-01-27,referral,Taoyuan,new,12.0,46172.85,3847.7374999999997,21.0,2025-09-02,18,2025-10-28 23:10:00,120.0,704,0
1736,2023-06-27,ads,Tainan,new,9.0,25293.6,2810.3999999999996,15.0,2025-04-22,21,2025-12-25 01:09:00,253.0,918,0
1737,2022-12-30,organic,Hsinchu,growth,14.0,88472.45,6319.460714285714,41.0,2025-11-18,28,2025-12-25 19:33:00,43.0,1097,0
1738,2025-06-07,referral,Taoyuan,new,6.0,26899.35,4483.224999999999,12.0,2025-08-02,34,2025-11-17 15:43:00,151.0,207,0
1739,2023-01-11,referral,Taichung,new,9.0,46406.3,5156.2555555555555,21.0,2025-08-21,22,2025-11-09 03:06:00,132.0,1085,0
1740,2025-01-23,social,Tainan,new,7.0,32002.800000000003,4571.828571428572,16.0,2025-10-18,18,2025-12-17 03:37:00,74.0,342,0
1741,2023-08-22,social,Tainan,growth,11.0,70377.8,6397.981818181818,31.0,2025-12-17,37,2025-12-04 22:59:00,14.0,862,0
1742,2025-04-20,social,Taipei,new,10.0,58597.2,5859.719999999999,22.0,2025-11-30,21,2025-12-19 16:25:00,31.0,255,0
1743,2023-03-25,partner,Taichung,new,8.0,36233.25,4529.15625,15.0,2025-11-13,26,2025-08-31 05:26:00,48.0,1012,0
1744,2024-11-18,ads,Taoyuan,growth,7.0,34276.45,4896.635714285714,19.0,2025-12-26,26,2025-12-12 23:52:00,5.0,408,0
1745,2025-08-08,partner,Taoyuan,new,6.0,16966.05,2827.6749999999997,8.0,2025-05-15,27,2025-12-27 02:02:00,230.0,145,0
1746,2025-01-05,ads,Tainan,new,5.0,6372.55,1274.51,7.0,2025-12-26,34,2025-12-24 07:31:00,5.0,360,0
1747,2025-08-16,referral,Tainan,vip,14.0,126308.7,9022.05,42.0,2025-08-03,29,2025-12-18 09:12:00,150.0,137,1
1748,2025-06-05,ads,Taoyuan,growth,11.0,90120.7,8192.790909090909,34.0,2025-12-10,24,2025-12-24 04:20:00,21.0,209,0
1749,2024-10-17,referral,Hsinchu,growth,12.0,84487.75,7040.645833333333,34.0,2025-10-29,30,2025-12-23 08:19:00,63.0,440,0
1750,2023-02-07,ads,Taichung,vip,22.0,181721.45,8260.06590909091,76.0,2025-12-21,25,2025-12-17 12:29:00,10.0,1058,1
1751,2023-04-14,ads,Taoyuan,vip,17.0,122371.15,7198.30294117647,55.0,2025-12-03,26,2025-09-28 11:50:00,28.0,992,1
1752,2025-01-05,organic,Taichung,new,8.0,37947.25,4743.40625,19.0,2025-12-22,29,2025-12-19 08:25:00,9.0,360,0
1753,2023-05-19,ads,Taipei,new,5.0,14506.5,2901.3,10.0,2024-09-11,26,2025-12-12 23:31:00,476.0,957,0
1754,2025-10-09,ads,Taoyuan,vip,18.0,165832.75,9212.930555555555,64.0,2025-12-31,32,2025-12-19 05:53:00,0.0,83,1
1755,2024-01-25,social,Taipei,new,7.0,30342.25,4334.607142857143,14.0,2025-11-21,20,2025-12-26 17:09:00,40.0,706,0
1756,2022-12-07,ads,Kaohsiung,growth,12.0,60509.55,5042.462500000001,28.0,2025-10-11,28,2025-12-19 13:56:00,81.0,1120,0
1757,2025-01-02,referral,Tainan,new,10.0,26373.35,2637.335,16.0,2025-12-21,30,2025-12-07 22:03:00,10.0,363,0
1758,2024-02-15,social,Kaohsiung,growth,9.0,44790.9,4976.766666666666,23.0,2025-11-14,27,2025-12-29 21:38:00,47.0,685,0
1759,2023-09-14,ads,Taipei,new,2.0,4841.95,2420.975,3.0,2025-06-25,23,2025-12-19 04:42:00,189.0,839,0
1760,2024-05-20,social,Taipei,new,8.0,29327.45,3665.93125,15.0,2025-04-08,24,2025-12-08 17:06:00,267.0,590,0
1761,2024-10-08,ads,Tainan,new,9.0,24721.65,2746.8500000000004,13.0,2025-12-23,25,2025-12-31 10:10:00,8.0,449,0
1762,2024-08-24,ads,Taoyuan,growth,7.0,48469.0,6924.142857142857,26.0,2025-10-25,21,2025-11-25 11:36:00,67.0,494,0
1763,2024-10-17,social,Hsinchu,new,8.0,19839.8,2479.975,10.0,2025-10-21,23,2025-12-30 15:25:00,71.0,440,0
1764,2024-08-08,ads,Kaohsiung,new,5.0,20516.1,4103.219999999999,11.0,2025-11-14,33,2025-11-26 00:07:00,47.0,510,0
1765,2025-07-16,referral,Taichung,growth,13.0,69637.4,5356.723076923076,35.0,2025-12-12,23,2025-12-14 15:59:00,19.0,168,0
1766,2023-08-27,partner,Taoyuan,growth,8.0,64496.0,8062.0,20.0,2024-12-01,30,2025-12-30 20:15:00,395.0,857,0
1767,2023-05-13,ads,Taipei,new,4.0,13639.95,3409.9875,6.0,2025-12-02,24,2025-12-30 17:28:00,29.0,963,0
1768,2023-09-28,social,Kaohsiung,new,6.0,19513.65,3252.275,12.0,2025-08-05,24,2025-12-20 01:14:00,148.0,825,0
1769,2024-10-01,ads,Taoyuan,new,5.0,22938.55,4587.71,9.0,2025-08-13,32,2025-12-08 09:58:00,140.0,456,0
1770,2025-08-26,referral,Taoyuan,new,6.0,27773.25,4628.875,12.0,2025-08-10,29,2025-12-24 15:15:00,143.0,127,0
1771,2023-12-29,ads,Kaohsiung,new,2.0,873.05,436.525,2.0,2025-10-06,24,2025-12-26 04:29:00,86.0,733,0
1772,2023-12-07,ads,Tainan,new,4.0,13809.7,3452.425,6.0,2025-05-23,24,2025-10-11 17:12:00,222.0,755,0
1773,2025-05-04,social,Tainan,vip,23.0,301935.05,13127.610869565216,109.0,2025-12-26,45,2025-12-23 00:23:00,5.0,241,1
1774,2023-03-14,referral,Kaohsiung,new,6.0,17364.45,2894.0750000000003,10.0,2025-02-01,26,2025-12-01 00:13:00,333.0,1023,0
1775,2025-08-24,referral,Tainan,new,13.0,50707.45,3900.5730769230768,26.0,2025-11-30,23,2025-12-01 10:34:00,31.0,129,0
1776,2024-05-13,organic,Taoyuan,growth,5.0,17150.45,3430.09,15.0,2025-10-20,27,2025-12-13 20:53:00,72.0,597,0
1777,2024-05-17,ads,Taipei,new,5.0,9934.949999999999,1986.9899999999998,7.0,2025-06-10,22,2025-12-08 20:53:00,204.0,593,0
1778,2025-09-06,social,Kaohsiung,growth,13.0,93439.05,7187.619230769231,40.0,2025-11-28,27,2025-12-31 08:51:00,33.0,116,0
1779,2025-01-29,referral,Taipei,new,6.0,34310.1,5718.349999999999,14.0,2025-08-03,31,2025-12-05 04:58:00,150.0,336,0
1780,2024-06-06,organic,Taoyuan,new,8.0,27775.449999999997,3471.9312499999996,12.0,2025-11-26,21,2025-11-25 08:02:00,35.0,573,0
1781,2023-10-16,social,Kaohsiung,new,7.0,32534.65,4647.807142857143,11.0,2025-12-23,34,2025-12-21 19:22:00,8.0,807,0
1782,2024-08-05,social,Taoyuan,new,5.0,13697.55,2739.5099999999998,7.0,2025-11-14,44,2025-12-20 21:58:00,47.0,513,0
1783,2025-04-20,social,Tainan,new,8.0,21537.8,2692.225,11.0,2025-12-16,30,2025-12-29 09:56:00,15.0,255,0
1784,2023-05-14,ads,Taoyuan,new,9.0,22988.85,2554.3166666666666,18.0,2025-10-02,23,2025-11-20 18:58:00,90.0,962,0
1785,2025-06-17,social,Taoyuan,new,8.0,46629.0,5828.625,21.0,2025-10-30,19,2025-12-10 20:48:00,62.0,197,0
1786,2024-02-18,ads,Hsinchu,vip,9.0,86412.45,9601.383333333333,32.0,2025-12-15,27,2025-11-01 03:57:00,16.0,682,1
1787,2023-01-18,ads,Kaohsiung,new,6.0,29935.0,4989.166666666667,12.0,2025-10-17,32,2025-12-27 10:55:00,75.0,1078,0
1788,2023-02-03,partner,Kaohsiung,new,4.0,11083.4,2770.85,7.0,2025-06-28,29,2025-12-24 16:50:00,186.0,1062,0
1789,2023-09-29,organic,Tainan,new,6.0,23931.25,3988.5416666666665,11.0,2025-06-02,41,2025-12-15 16:39:00,212.0,824,0
1790,2025-09-29,ads,Taoyuan,growth,9.0,46369.4,5152.155555555556,22.0,2025-10-12,27,2025-11-08 19:16:00,80.0,93,0
1791,2023-11-21,referral,Hsinchu,new,5.0,22743.399999999998,4548.679999999999,11.0,2025-02-06,26,2025-12-12 06:42:00,328.0,771,0
1792,2025-09-10,partner,Hsinchu,growth,14.0,79368.2,5669.157142857142,33.0,2025-11-26,35,2025-12-30 20:46:00,35.0,112,0
1793,2024-07-31,referral,Tainan,new,5.0,24525.0,4905.0,10.0,2025-11-08,35,2025-12-31 23:52:00,53.0,518,0
1794,2025-01-30,ads,Taipei,new,9.0,43712.4,4856.933333333333,16.0,2025-10-31,28,2025-12-09 09:49:00,61.0,335,0
1795,2024-12-02,referral,Tainan,growth,5.0,18604.05,3720.81,14.0,2025-08-13,21,2025-12-12 12:40:00,140.0,394,0
1796,2024-05-31,referral,Taichung,new,6.0,16120.0,2686.6666666666665,10.0,2025-12-03,32,2025-12-09 09:46:00,28.0,579,0
1797,2024-01-11,ads,Taichung,growth,11.0,60396.35,5490.577272727272,25.0,2025-10-08,21,2025-12-26 08:46:00,84.0,720,0
1798,2025-11-23,social,Taoyuan,growth,15.0,75084.1,5005.6066666666675,38.0,2025-07-05,27,2025-11-26 14:20:00,179.0,38,0
1799,2024-10-26,social,Hsinchu,new,14.0,53148.65,3796.332142857143,28.0,2025-11-26,30,2025-11-30 03:19:00,35.0,431,0
1800,2023-05-22,partner,Kaohsiung,new,3.0,11978.65,3992.883333333333,5.0,2025-03-26,21,2025-12-27 09:32:00,280.0,954,0
1801,2024-05-28,referral,Tainan,new,6.0,23109.6,3851.6,11.0,2025-12-01,32,2025-12-24 21:40:00,30.0,582,0
1802,2023-02-13,ads,Kaohsiung,new,6.0,30633.949999999997,5105.658333333333,11.0,2025-11-13,36,2025-11-25 16:49:00,48.0,1052,0
1803,2024-08-04,ads,Taipei,new,5.0,21404.25,4280.85,11.0,2025-03-11,27,2025-12-26 00:59:00,295.0,514,0
1804,2023-06-16,social,Taoyuan,new,6.0,16651.45,2775.241666666667,7.0,2025-12-24,31,2025-10-01 17:39:00,7.0,929,0
1805,2024-09-15,ads,Tainan,new,8.0,24354.55,3044.31875,13.0,2025-11-22,28,2025-12-30 09:26:00,39.0,472,0
1806,2025-07-25,social,Hsinchu,new,8.0,26159.2,3269.9,11.0,2025-08-10,30,2025-12-25 11:22:00,143.0,159,0
1807,2023-07-29,social,Tainan,growth,14.0,54909.9,3922.1357142857146,25.0,2025-12-26,24,2025-12-24 15:41:00,5.0,886,0
1808,2022-12-26,social,Taichung,new,7.0,40281.8,5754.542857142857,15.0,2025-11-28,25,2025-12-12 19:26:00,33.0,1101,0
1809,2023-09-02,referral,Tainan,growth,7.0,37584.6,5369.228571428571,19.0,2025-11-26,24,2025-12-24 19:43:00,35.0,851,0
1810,2023-09-22,social,Kaohsiung,new,2.0,5393.2,2696.6,3.0,2025-05-01,36,2025-12-25 04:03:00,244.0,831,0
1811,2023-06-18,social,Taipei,new,9.0,53073.8,5897.088888888889,20.0,2025-03-21,33,2025-11-11 09:09:00,285.0,927,0
1812,2024-06-21,ads,Tainan,growth,12.0,72785.65,6065.470833333333,33.0,2025-10-30,25,2025-11-29 20:43:00,62.0,558,0
1813,2023-06-28,ads,Taichung,growth,8.0,33669.15,4208.64375,14.0,2025-12-01,34,2025-12-17 02:18:00,30.0,917,0
1814,2023-07-14,partner,Taichung,new,6.0,21120.55,3520.0916666666667,12.0,2025-11-23,28,2025-11-12 13:15:00,38.0,901,0
1815,2023-05-23,ads,Taipei,growth,8.0,35553.95,4444.24375,17.0,2025-05-01,28,2025-11-21 01:14:00,244.0,953,0
1816,2024-05-10,referral,Hsinchu,growth,6.0,40174.700000000004,6695.783333333334,16.0,2025-10-29,19,2025-12-07 04:01:00,63.0,600,0
1817,2025-02-07,social,Tainan,growth,7.0,34544.3,4934.900000000001,15.0,2025-03-29,33,2025-12-29 12:21:00,277.0,327,0
1818,2023-06-24,social,Hsinchu,new,7.0,32890.45,4698.635714285714,14.0,2025-10-30,25,2025-12-28 11:24:00,62.0,921,0
1819,2024-10-15,social,Taichung,growth,9.0,43262.950000000004,4806.9944444444445,21.0,2025-12-01,30,2025-10-17 05:14:00,30.0,442,0
1820,2023-04-11,social,Kaohsiung,growth,7.0,35734.5,5104.928571428572,18.0,2025-09-08,27,2025-12-25 06:24:00,114.0,995,0
1821,2024-02-05,social,Hsinchu,new,7.0,19260.25,2751.464285714286,9.0,2025-12-16,22,2025-12-28 13:11:00,15.0,695,0
1822,2024-01-25,ads,Hsinchu,new,7.0,10480.05,1497.1499999999999,11.0,2025-09-12,24,2025-12-20 02:36:00,110.0,706,0
1823,2023-02-13,ads,Taichung,growth,14.0,100062.4,7147.314285714286,39.0,2025-12-29,36,2025-12-22 21:18:00,2.0,1052,0
1824,2024-08-02,social,Hsinchu,new,7.0,33758.450000000004,4822.635714285715,17.0,2024-11-25,31,2025-12-18 22:25:00,401.0,516,0
1825,2025-04-06,referral,Hsinchu,growth,7.0,25524.15,3646.307142857143,13.0,2025-08-15,50,2025-12-24 00:53:00,138.0,269,0
1826,2024-05-27,social,Taipei,new,5.0,15341.1,3068.2200000000003,6.0,2025-12-30,27,2025-12-30 14:21:00,1.0,583,0
1827,2024-02-21,referral,Hsinchu,vip,24.0,208422.85,8684.285416666668,73.0,2025-09-25,33,2025-12-25 01:08:00,97.0,679,1
1828,2025-06-17,organic,Taipei,growth,10.0,62064.8,6206.4800000000005,28.0,2025-12-29,34,2025-12-13 20:51:00,2.0,197,0
1829,2025-08-08,ads,Taichung,new,0.0,0.0,0.0,0.0,,24,2025-12-24 19:18:00,999.0,145,0
1830,2024-07-25,social,Taichung,new,8.0,29888.699999999997,3736.0874999999996,14.0,2025-10-02,30,2025-12-16 00:20:00,90.0,524,0
1831,2023-01-27,social,Taoyuan,new,7.0,14622.75,2088.964285714286,8.0,2025-11-18,31,2025-12-24 11:07:00,43.0,1069,0
1832,2024-09-05,partner,Taichung,growth,5.0,18736.7,3747.34,12.0,2025-06-11,29,2025-11-20 10:05:00,203.0,482,0
1833,2025-06-29,referral,Kaohsiung,new,6.0,13325.4,2220.9,10.0,2025-10-23,32,2025-12-22 10:23:00,69.0,185,0
1834,2024-12-22,social,Kaohsiung,new,8.0,23032.05,2879.00625,9.0,2025-12-24,27,2025-12-17 04:58:00,7.0,374,0
1835,2023-09-02,organic,Taipei,new,6.0,23800.8,3966.7999999999997,8.0,2025-12-24,29,2025-11-27 10:31:00,7.0,851,0
1836,2025-03-05,ads,Taipei,new,1.0,5219.0,5219.0,2.0,2025-01-23,29,2025-12-07 16:46:00,342.0,301,0
1837,2023-03-12,social,Taoyuan,new,7.0,30204.949999999997,4314.992857142856,16.0,2025-11-28,30,2025-11-25 08:50:00,33.0,1025,0
1838,2024-02-24,ads,Kaohsiung,new,4.0,19804.1,4951.025,7.0,2025-10-24,33,2025-12-17 00:46:00,68.0,676,0
1839,2023-09-04,social,Hsinchu,new,5.0,19013.55,3802.71,8.0,2025-11-21,23,2025-08-07 03:59:00,40.0,849,0
1840,2024-07-05,ads,Hsinchu,new,3.0,12985.95,4328.650000000001,5.0,2025-10-26,26,2025-11-13 14:58:00,66.0,544,0
1841,2023-04-06,social,Taoyuan,new,3.0,19211.85,6403.95,9.0,2025-12-11,33,2025-12-30 22:16:00,20.0,1000,0
1842,2024-01-03,partner,Hsinchu,new,5.0,5005.75,1001.15,6.0,2025-11-03,31,2025-12-04 02:16:00,58.0,728,0
1843,2025-03-31,organic,Taoyuan,new,6.0,15623.7,2603.9500000000003,9.0,2025-11-17,27,2025-12-19 07:33:00,44.0,275,0
1844,2024-10-03,ads,Taichung,new,5.0,17325.15,3465.03,6.0,2025-10-20,24,2025-11-22 12:35:00,72.0,454,0
1845,2024-09-30,social,Kaohsiung,new,1.0,4560.0,4560.0,1.0,2025-08-15,37,2025-12-27 21:09:00,138.0,457,0
1846,2022-12-23,social,Kaohsiung,growth,11.0,81094.15,7372.195454545454,33.0,2025-06-26,27,2025-12-20 14:59:00,188.0,1104,0
1847,2025-03-22,ads,Hsinchu,growth,9.0,51849.3,5761.033333333334,22.0,2025-10-16,29,2025-12-22 08:30:00,76.0,284,0
1848,2025-05-14,referral,Kaohsiung,growth,7.0,43695.75,6242.25,17.0,2025-05-28,23,2025-12-27 12:23:00,217.0,231,0
1849,2024-11-05,ads,Tainan,new,4.0,17425.1,4356.275,7.0,2025-11-04,29,2025-12-18 15:42:00,57.0,421,0
1850,2023-07-10,social,Taipei,growth,9.0,46764.0,5196.0,29.0,2025-11-18,25,2025-12-27 07:51:00,43.0,905,0
1851,2024-08-10,organic,Kaohsiung,new,7.0,20805.9,2972.2714285714287,12.0,2025-11-30,28,2025-11-06 02:27:00,31.0,508,0
1852,2025-08-19,referral,Tainan,new,5.0,17662.9,3532.5800000000004,9.0,2025-11-07,43,2025-12-05 12:08:00,54.0,134,0
1853,2024-05-01,ads,Taipei,new,4.0,13875.65,3468.9125,9.0,2025-11-18,25,2025-12-12 18:33:00,43.0,609,0
1854,2022-12-16,organic,Hsinchu,new,6.0,7371.65,1228.6083333333333,7.0,2025-10-13,27,2025-12-27 15:37:00,79.0,1111,0
1855,2024-06-12,referral,Taichung,new,3.0,5776.199999999999,1925.3999999999996,6.0,2024-11-18,25,2025-12-18 12:14:00,408.0,567,0
1856,2023-05-15,partner,Taichung,new,7.0,30993.45,4427.635714285714,15.0,2025-12-07,25,2025-11-15 12:29:00,24.0,961,0
1857,2025-06-25,social,Taichung,vip,20.0,194196.19999999998,9709.81,70.0,2025-10-23,31,2025-12-29 01:17:00,69.0,189,1
1858,2024-09-02,social,Hsinchu,vip,15.0,149691.9,9979.46,53.0,2025-12-23,28,2025-12-30 23:12:00,8.0,485,1
1859,2025-09-03,organic,Kaohsiung,new,8.0,44444.25,5555.53125,17.0,2025-12-27,30,2025-12-01 20:44:00,4.0,119,0
1860,2025-10-04,ads,Kaohsiung,new,3.0,5039.4,1679.8,3.0,2025-12-22,31,2025-12-31 07:06:00,9.0,88,0
1861,2024-03-29,social,Taoyuan,new,4.0,8124.199999999999,2031.0499999999997,7.0,2025-12-23,34,2025-12-11 19:02:00,8.0,642,0
1862,2024-08-02,ads,Taipei,new,10.0,52581.6,5258.16,18.0,2025-12-03,30,2025-12-07 19:52:00,28.0,516,0
1863,2024-01-29,ads,Taipei,new,3.0,10731.55,3577.183333333333,8.0,2025-07-05,27,2025-12-18 16:17:00,179.0,702,0
1864,2025-03-11,ads,Taichung,new,4.0,7904.95,1976.2375,6.0,2025-08-05,28,2025-10-17 06:43:00,148.0,295,0
1865,2024-06-06,organic,Tainan,growth,8.0,38437.6,4804.7,20.0,2025-12-18,30,2025-11-26 18:29:00,13.0,573,0
1866,2024-02-26,social,Tainan,new,9.0,26294.0,2921.5555555555557,14.0,2025-12-01,30,2025-11-13 10:25:00,30.0,674,0
1867,2025-08-14,social,Taoyuan,new,4.0,12199.4,3049.85,4.0,2024-10-30,26,2025-11-23 05:54:00,427.0,139,0
1868,2023-11-02,referral,Taoyuan,new,7.0,23016.25,3288.035714285714,14.0,2025-05-29,26,2025-12-17 06:29:00,216.0,790,0
1869,2025-04-07,social,Taichung,growth,10.0,43258.25,4325.825,25.0,2025-10-01,28,2025-12-29 15:18:00,91.0,268,0
1870,2023-05-23,referral,Tainan,growth,4.0,48890.3,12222.575,16.0,2025-11-17,21,2025-12-09 16:51:00,44.0,953,0
1871,2025-02-08,ads,Kaohsiung,vip,10.0,74971.5,7497.15,29.0,2025-09-26,17,2025-11-26 06:15:00,96.0,326,1
1872,2025-02-14,social,Tainan,new,8.0,31118.9,3889.8625,14.0,2025-12-31,32,2025-12-28 21:00:00,0.0,320,0
1873,2024-12-27,ads,Taichung,new,3.0,7458.0,2486.0,7.0,2025-10-19,32,2025-11-24 16:12:00,73.0,369,0
1874,2025-06-12,ads,Taichung,new,8.0,53396.8,6674.6,18.0,2025-11-01,23,2025-12-21 02:40:00,60.0,202,0
1875,2023-03-29,social,Taichung,growth,5.0,30704.1,6140.82,15.0,2025-12-10,38,2025-12-26 17:53:00,21.0,1008,0
1876,2023-08-06,ads,Taichung,growth,9.0,54409.25,6045.472222222223,24.0,2025-12-26,39,2025-12-21 00:30:00,5.0,878,0
1877,2025-08-06,referral,Taipei,new,4.0,27819.5,6954.875,11.0,2025-03-29,28,2025-12-23 11:34:00,277.0,147,0
1878,2024-08-01,referral,Taoyuan,new,9.0,45492.700000000004,5054.7444444444445,17.0,2025-11-17,24,2025-11-20 19:53:00,44.0,517,0
1879,2023-07-20,ads,Taipei,new,5.0,18540.5,3708.1,8.0,2025-10-16,23,2025-12-18 07:32:00,76.0,895,0
1880,2023-01-15,ads,Kaohsiung,growth,14.0,76836.9,5488.349999999999,37.0,2025-12-02,29,2025-12-17 03:51:00,29.0,1081,0
1881,2023-08-28,ads,Taipei,growth,7.0,30452.65,4350.378571428571,19.0,2025-08-21,26,2025-12-01 03:18:00,132.0,856,0
1882,2025-10-13,ads,Taipei,new,7.0,8999.1,1285.5857142857144,10.0,2025-10-07,30,2025-10-13 19:04:00,85.0,79,0
1883,2023-07-02,partner,Kaohsiung,new,5.0,13974.1,2794.82,8.0,2025-08-31,21,2025-12-29 01:12:00,122.0,913,0
1884,2024-03-27,ads,Taichung,new,5.0,28609.2,5721.84,14.0,2025-06-19,29,2025-12-27 01:37:00,195.0,644,0
1885,2025-06-10,social,Taichung,growth,6.0,19429.05,3238.1749999999997,12.0,2025-12-01,23,2025-12-29 05:32:00,30.0,204,0
1886,2025-04-06,ads,Tainan,new,5.0,26165.600000000002,5233.120000000001,10.0,2025-08-02,21,2025-11-07 09:16:00,151.0,269,0
1887,2023-04-27,social,Taipei,growth,9.0,35845.8,3982.866666666667,21.0,2025-12-16,26,2025-12-01 17:38:00,15.0,979,0
1888,2025-06-23,referral,Kaohsiung,new,7.0,14152.35,2021.7642857142857,11.0,2025-11-05,27,2025-11-19 12:54:00,56.0,191,0
1889,2022-12-20,ads,Hsinchu,new,7.0,23967.350000000002,3423.9071428571433,13.0,2025-03-06,29,2025-12-22 06:44:00,300.0,1107,0
1890,2022-12-08,referral,Kaohsiung,new,7.0,36439.9,5205.7,13.0,2025-12-29,31,2025-12-12 12:41:00,2.0,1119,0
1891,2023-11-20,partner,Taoyuan,vip,18.0,250381.5,13910.083333333334,82.0,2025-11-29,35,2025-12-17 00:51:00,32.0,772,1
1892,2024-07-15,social,Taipei,new,5.0,14188.1,2837.62,5.0,2025-12-01,33,2025-12-29 02:36:00,30.0,534,0
1893,2024-04-09,ads,Tainan,growth,10.0,60508.45,6050.844999999999,30.0,2025-12-20,28,2025-11-25 16:55:00,11.0,631,0
1894,2025-10-17,ads,Taoyuan,growth,16.0,100772.7,6298.29375,46.0,2025-12-19,25,2025-12-28 23:39:00,12.0,75,0
1895,2025-03-08,social,Kaohsiung,new,4.0,15929.75,3982.4375,7.0,2025-02-28,35,2025-12-26 23:34:00,306.0,298,0
1896,2024-09-27,social,Taichung,new,10.0,28864.350000000002,2886.4350000000004,17.0,2025-09-27,18,2025-12-25 04:33:00,95.0,460,0
1897,2023-08-26,ads,Kaohsiung,new,8.0,39285.45,4910.68125,17.0,2025-12-11,38,2025-11-25 16:51:00,20.0,858,0
1898,2025-05-29,referral,Tainan,vip,16.0,165530.15,10345.634375,58.0,2025-12-06,23,2025-12-28 19:25:00,25.0,216,1
1899,2025-01-28,ads,Tainan,new,4.0,16484.9,4121.225,8.0,2025-05-07,27,2025-12-29 07:49:00,238.0,337,0
1900,2023-07-24,organic,Tainan,new,9.0,42715.0,4746.111111111111,18.0,2025-11-19,26,2025-11-21 03:38:00,42.0,891,0
1901,2024-09-03,ads,Taichung,vip,21.0,204189.8,9723.323809523808,74.0,2025-12-25,34,2025-11-23 18:05:00,6.0,484,1
1902,2023-02-02,ads,Tainan,new,2.0,6737.5,3368.75,3.0,2025-01-07,20,2025-12-15 02:13:00,358.0,1063,0
1903,2024-09-07,social,Kaohsiung,new,9.0,32712.3,3634.7,13.0,2025-12-13,44,2025-11-28 14:02:00,18.0,480,0
1904,2024-06-08,ads,Taoyuan,new,2.0,3524.0,1762.0,4.0,2024-10-14,22,2025-11-28 03:21:00,443.0,571,0
1905,2025-11-13,social,Kaohsiung,growth,12.0,88952.7,7412.724999999999,39.0,2025-12-22,17,2025-12-06 22:17:00,9.0,48,0
1906,2024-09-08,ads,Tainan,new,7.0,23740.35,3391.4785714285713,12.0,2025-12-27,28,2025-11-25 12:27:00,4.0,479,0
1907,2024-12-04,ads,Taoyuan,new,7.0,31232.4,4461.771428571429,12.0,2025-12-20,33,2025-12-20 21:08:00,11.0,392,0
1908,2025-06-15,referral,Hsinchu,growth,6.0,35743.8,5957.3,16.0,2025-06-05,32,2025-11-30 06:33:00,209.0,199,0
1909,2024-10-02,partner,Tainan,new,7.0,39794.5,5684.928571428572,18.0,2025-11-11,28,2025-12-14 04:18:00,50.0,455,0
1910,2024-07-24,ads,Kaohsiung,new,4.0,13135.300000000001,3283.8250000000003,7.0,2025-12-07,36,2025-12-11 16:13:00,24.0,525,0
1911,2023-03-04,partner,Taipei,new,3.0,11811.2,3937.066666666667,5.0,2025-03-22,30,2025-12-20 14:38:00,284.0,1033,0
1912,2024-05-26,ads,Taichung,new,8.0,26916.1,3364.5125,12.0,2025-09-02,28,2025-12-21 12:59:00,120.0,584,0
1913,2023-11-10,ads,Taichung,growth,7.0,42607.549999999996,6086.7928571428565,19.0,2025-09-19,24,2025-11-28 03:06:00,103.0,782,0
1914,2023-10-17,partner,Hsinchu,new,5.0,12621.1,2524.2200000000003,6.0,2025-10-04,32,2025-12-16 04:05:00,88.0,806,0
1915,2022-12-21,referral,Tainan,growth,3.0,6965.0,2321.6666666666665,3.0,2025-11-19,38,2025-12-22 14:08:00,42.0,1106,0
1916,2025-08-14,social,Kaohsiung,new,6.0,25353.75,4225.625,12.0,2025-08-28,27,2025-12-29 13:02:00,125.0,139,0
1917,2025-03-06,ads,Taipei,growth,9.0,49312.45,5479.161111111111,27.0,2025-09-22,31,2025-11-29 21:18:00,100.0,300,0
1918,2025-08-13,ads,Taichung,growth,3.0,8778.1,2926.0333333333333,10.0,2025-03-08,29,2025-10-05 06:52:00,298.0,140,0
1919,2024-06-24,social,Taichung,growth,9.0,30618.949999999997,3402.1055555555554,16.0,2025-12-05,36,2025-10-30 21:35:00,26.0,555,0
1920,2025-04-26,ads,Taichung,new,4.0,7293.0,1823.25,6.0,2025-05-30,25,2025-12-02 07:12:00,215.0,249,0
1921,2024-04-28,ads,Taipei,growth,15.0,78146.85,5209.79,33.0,2025-11-08,43,2025-12-27 06:06:00,53.0,612,0
1922,2023-03-11,social,Tainan,new,4.0,16735.1,4183.775,10.0,2025-12-31,32,2025-12-06 14:12:00,0.0,1026,0
1923,2024-05-08,ads,Taoyuan,new,9.0,46280.0,5142.222222222223,22.0,2025-10-09,28,2025-12-22 15:48:00,83.0,602,0
1924,2023-04-11,referral,Taichung,new,4.0,7069.35,1767.3375,5.0,2025-03-21,21,2025-12-30 04:34:00,285.0,995,0
1925,2024-07-04,ads,Taipei,growth,9.0,53278.1,5919.788888888888,20.0,2025-11-24,22,2025-12-20 06:03:00,37.0,545,0
1926,2025-09-16,social,Kaohsiung,new,8.0,35027.05,4378.38125,17.0,2025-09-11,21,2025-08-23 11:59:00,111.0,106,0
1927,2025-05-04,ads,Taoyuan,new,8.0,49907.2,6238.4,19.0,2025-12-27,26,2025-12-21 00:14:00,4.0,241,0
1928,2025-01-04,partner,Tainan,new,9.0,23991.75,2665.75,13.0,2025-12-14,26,2025-12-23 12:50:00,17.0,361,0
1929,2024-10-15,ads,Hsinchu,growth,6.0,25269.3,4211.55,12.0,2025-08-29,28,2025-12-22 14:08:00,124.0,442,0
1930,2024-12-05,referral,Tainan,new,6.0,18214.7,3035.7833333333333,9.0,2025-11-09,24,2025-10-30 22:04:00,52.0,391,0
1931,2024-02-04,ads,Taoyuan,growth,7.0,52456.59999999999,7493.799999999998,19.0,2025-03-24,29,2025-12-27 20:43:00,282.0,696,0
1932,2023-04-17,ads,Taichung,new,8.0,44223.1,5527.8875,19.0,2025-10-30,29,2025-12-28 16:07:00,62.0,989,0
1933,2022-12-25,ads,Kaohsiung,new,10.0,33294.149999999994,3329.4149999999995,18.0,2025-07-26,37,2025-11-17 02:10:00,158.0,1102,0
1934,2024-05-02,social,Hsinchu,growth,12.0,75181.5,6265.125,35.0,2025-12-15,26,2025-11-06 05:32:00,16.0,608,0
1935,2025-01-17,referral,Tainan,new,7.0,31404.15,4486.307142857143,15.0,2025-10-30,28,2025-12-22 05:07:00,62.0,348,0
1936,2024-04-17,ads,Taoyuan,new,6.0,27219.699999999997,4536.616666666666,11.0,2025-11-06,21,2025-12-01 20:27:00,55.0,623,0
1937,2023-05-22,social,Kaohsiung,growth,12.0,82187.25,6848.9375,36.0,2025-12-10,22,2025-12-02 14:28:00,21.0,954,0
1938,2025-10-28,social,Taoyuan,new,5.0,24928.15,4985.63,10.0,2025-11-30,32,2025-12-09 15:33:00,31.0,64,0
1939,2024-11-22,organic,Taipei,growth,7.0,31910.9,4558.7,16.0,2025-12-25,26,2025-12-21 12:17:00,6.0,404,0
1940,2025-11-07,partner,Taichung,vip,25.0,211288.75,8451.55,90.0,2025-11-15,24,2025-11-19 14:36:00,46.0,54,1
1941,2024-04-20,ads,Tainan,new,6.0,26243.95,4373.991666666667,13.0,2025-05-30,32,2025-12-03 13:50:00,215.0,620,0
1942,2025-01-21,referral,Kaohsiung,vip,16.0,147866.3,9241.64375,52.0,2025-12-22,35,2025-12-29 12:29:00,9.0,344,1
1943,2025-01-26,partner,Taoyuan,vip,17.0,227507.1,13382.770588235295,87.0,2025-12-25,34,2025-12-11 08:11:00,6.0,339,1
1944,2023-10-11,referral,Hsinchu,growth,5.0,18585.55,3717.1099999999997,13.0,2025-12-09,27,2025-12-19 10:57:00,22.0,812,0
1945,2023-11-16,ads,Kaohsiung,new,4.0,19261.35,4815.3375,6.0,2025-12-29,30,2025-12-31 08:04:00,2.0,776,0
1946,2025-10-28,social,Tainan,new,7.0,16446.2,2349.457142857143,8.0,2025-12-31,28,2025-12-18 17:20:00,0.0,64,0
1947,2023-05-08,organic,Kaohsiung,growth,14.0,51007.399999999994,3643.3857142857137,33.0,2025-11-14,26,2025-12-21 01:07:00,47.0,968,0
1948,2024-10-14,ads,Taichung,new,2.0,15989.9,7994.95,6.0,2025-10-20,33,2025-11-04 08:27:00,72.0,443,0
1949,2024-07-16,ads,Tainan,vip,16.0,138340.8,8646.3,55.0,2025-10-04,27,2025-12-31 03:34:00,88.0,533,1
1950,2022-12-29,referral,Tainan,growth,9.0,53999.6,5999.955555555555,30.0,2025-12-31,26,2025-12-18 21:59:00,0.0,1098,0
1951,2024-01-03,ads,Tainan,growth,13.0,60964.5,4689.576923076923,36.0,2025-12-31,39,2025-12-20 02:33:00,0.0,728,0
1952,2023-12-14,referral,Taipei,new,4.0,11632.1,2908.025,6.0,2025-02-12,26,2025-12-05 02:13:00,322.0,748,0
1953,2023-05-29,social,Hsinchu,growth,9.0,64807.2,7200.799999999999,24.0,2025-10-30,32,2025-12-10 05:14:00,62.0,947,0
1954,2025-10-20,social,Taipei,new,8.0,25589.9,3198.7375,13.0,2025-11-25,25,2025-12-08 15:35:00,36.0,72,0
1955,2024-06-02,ads,Taoyuan,growth,9.0,48773.95,5419.327777777778,21.0,2025-10-06,39,2025-12-27 10:51:00,86.0,577,0
1956,2023-10-03,ads,Taipei,vip,20.0,188906.8,9445.34,69.0,2025-12-30,22,2025-12-28 18:45:00,1.0,820,1
1957,2025-02-15,social,Tainan,growth,10.0,42772.3,4277.2300000000005,19.0,2025-06-04,39,2025-11-05 05:22:00,210.0,319,0
1958,2025-08-26,referral,Hsinchu,new,5.0,33397.75,6679.55,13.0,2025-06-02,27,2025-12-25 03:24:00,212.0,127,0
1959,2025-11-29,partner,Tainan,vip,15.0,146278.1,9751.873333333333,53.0,2025-10-11,27,2025-12-22 02:18:00,81.0,32,1
1960,2025-11-06,ads,Kaohsiung,new,8.0,42055.15,5256.89375,16.0,2025-12-11,32,2025-12-24 23:52:00,20.0,55,0
1961,2024-03-28,ads,Taipei,growth,10.0,39107.8,3910.78,23.0,2025-12-28,23,2025-12-04 09:58:00,3.0,643,0
1962,2023-09-10,ads,Taoyuan,growth,4.0,11844.05,2961.0125,8.0,2025-11-05,26,2025-10-07 06:33:00,56.0,843,0
1963,2023-05-03,organic,Taichung,new,9.0,13562.95,1506.9944444444445,13.0,2025-10-10,12,2025-10-23 06:09:00,82.0,973,0
1964,2022-11-27,organic,Tainan,new,4.0,19707.25,4926.8125,9.0,2025-12-21,23,2025-12-04 23:09:00,10.0,1130,0
1965,2025-07-17,social,Taoyuan,new,6.0,12865.15,2144.1916666666666,9.0,2025-12-02,33,2025-11-29 16:37:00,29.0,167,0
1966,2023-10-18,ads,Taichung,new,10.0,26629.3,2662.93,17.0,2025-12-02,18,2025-09-07 18:37:00,29.0,805,0
1967,2023-12-11,social,Kaohsiung,new,9.0,36200.75,4022.3055555555557,14.0,2025-12-10,27,2025-12-16 10:07:00,21.0,751,0
1968,2025-07-25,social,Taichung,new,2.0,4456.75,2228.375,3.0,2025-09-09,33,2025-10-31 07:51:00,113.0,159,0
1969,2024-03-07,social,Taoyuan,new,11.0,36004.45,3273.131818181818,19.0,2025-08-21,25,2025-11-17 07:18:00,132.0,664,0
1970,2023-05-12,ads,Hsinchu,new,5.0,10168.25,2033.65,6.0,2025-12-29,28,2025-10-21 15:39:00,2.0,964,0
1971,2024-04-11,partner,Taoyuan,growth,15.0,59750.45,3983.3633333333332,38.0,2025-11-24,26,2025-12-22 01:00:00,37.0,629,0
1972,2024-09-25,ads,Hsinchu,vip,10.0,110756.35,11075.635,37.0,2025-12-21,34,2025-11-19 22:23:00,10.0,462,1
1973,2023-01-05,ads,Taoyuan,growth,6.0,22174.7,3695.7833333333333,9.0,2025-12-17,26,2025-12-23 04:09:00,14.0,1091,0
1974,2024-07-25,ads,Taipei,new,4.0,16915.95,4228.9875,7.0,2025-12-17,25,2025-12-26 01:00:00,14.0,524,0
1975,2024-05-24,referral,Kaohsiung,growth,8.0,30192.05,3774.00625,16.0,2025-08-13,20,2025-12-01 17:51:00,140.0,586,0
1976,2023-10-25,ads,Kaohsiung,new,7.0,28761.199999999997,4108.742857142856,11.0,2025-12-16,34,2025-12-14 08:26:00,15.0,798,0
1977,2023-01-30,organic,Taoyuan,new,5.0,19772.7,3954.54,9.0,2025-09-17,32,2025-12-29 03:17:00,105.0,1066,0
1978,2023-04-10,organic,Tainan,new,4.0,15070.55,3767.6375,7.0,2025-07-06,17,2025-12-27 13:12:00,178.0,996,0
1979,2025-02-13,ads,Tainan,growth,6.0,32049.0,5341.5,12.0,2025-11-06,28,2025-12-22 03:32:00,55.0,321,0
1980,2025-04-09,social,Hsinchu,growth,11.0,52363.55,4760.322727272727,26.0,2025-09-29,22,2025-12-31 03:05:00,93.0,266,0
1981,2024-06-12,social,Hsinchu,new,9.0,31053.3,3450.366666666667,19.0,2025-11-02,31,2025-12-09 14:19:00,59.0,567,0
1982,2023-02-07,referral,Taoyuan,new,10.0,40829.2,4082.9199999999996,23.0,2025-12-31,25,2025-11-28 09:00:00,0.0,1058,0
1983,2023-10-09,social,Taichung,new,10.0,34291.05,3429.1050000000005,20.0,2025-10-14,22,2025-07-04 16:13:00,78.0,814,0
1984,2024-09-21,organic,Kaohsiung,vip,19.0,206219.35,10853.65,73.0,2025-12-28,36,2025-12-16 04:56:00,3.0,466,1
1985,2023-12-25,social,Hsinchu,growth,9.0,43106.9,4789.655555555556,18.0,2025-10-12,37,2025-12-20 18:37:00,80.0,737,0
1986,2025-03-18,referral,Taichung,new,4.0,16047.75,4011.9375,9.0,2025-11-05,35,2025-11-26 04:14:00,56.0,288,0
1987,2024-12-01,social,Kaohsiung,new,1.0,4963.0,4963.0,1.0,2025-11-04,19,2025-11-20 19:12:00,57.0,395,0
1988,2023-05-13,social,Tainan,new,8.0,40866.05,5108.25625,15.0,2025-11-19,36,2025-12-30 04:32:00,42.0,963,0
1989,2023-03-10,referral,Taipei,new,5.0,15213.15,3042.63,8.0,2025-10-08,32,2025-12-21 18:30:00,84.0,1027,0
1990,2023-10-08,ads,Taichung,growth,10.0,64700.049999999996,6470.004999999999,26.0,2025-10-28,39,2025-12-09 16:56:00,64.0,815,0
1991,2023-07-13,referral,Taichung,new,9.0,28244.699999999997,3138.2999999999997,22.0,2025-11-25,33,2025-12-15 15:09:00,36.0,902,0
1992,2023-07-11,organic,Tainan,growth,7.0,36003.0,5143.285714285715,17.0,2025-12-11,31,2025-12-29 02:21:00,20.0,904,0
1993,2023-08-01,ads,Taichung,growth,17.0,108870.25,6404.132352941177,49.0,2025-11-13,32,2025-12-23 09:56:00,48.0,883,0
1994,2024-02-10,ads,Taipei,growth,10.0,56141.0,5614.1,25.0,2025-12-14,25,2025-11-22 21:41:00,17.0,690,0
1995,2023-02-28,social,Taipei,growth,9.0,60561.95,6729.105555555555,26.0,2025-10-07,28,2025-09-15 21:48:00,85.0,1037,0
1996,2025-01-15,social,Hsinchu,new,5.0,23951.7,4790.34,15.0,2025-11-21,30,2025-12-18 09:13:00,40.0,350,0
1997,2024-04-05,referral,Hsinchu,new,8.0,22690.35,2836.29375,13.0,2025-11-16,18,2025-12-30 10:07:00,45.0,635,0
1998,2023-02-21,partner,Taoyuan,new,10.0,44361.25,4436.125,20.0,2025-12-28,21,2025-12-08 22:00:00,3.0,1044,0
1999,2023-12-26,social,Hsinchu,growth,9.0,45511.15,5056.794444444445,24.0,2025-10-03,44,2025-12-16 18:29:00,89.0,736,0
2000,2023-04-04,partner,Hsinchu,new,6.0,31198.449999999997,5199.741666666666,13.0,2025-07-18,28,2025-12-20 12:37:00,166.0,1002,0
2001,2024-10-28,referral,Hsinchu,growth,7.0,39612.049999999996,5658.864285714285,20.0,2025-10-08,22,2025-12-07 02:36:00,84.0,429,0
2002,2024-04-30,referral,Taoyuan,vip,15.0,164370.7,10958.046666666667,58.0,2025-08-26,26,2025-12-31 18:55:00,127.0,610,1
2003,2024-02-22,ads,Taoyuan,new,6.0,18873.65,3145.6083333333336,10.0,2025-10-24,25,2025-12-04 15:30:00,68.0,678,0
2004,2023-07-27,referral,Tainan,new,5.0,12516.05,2503.21,8.0,2025-06-13,17,2025-11-05 14:32:00,201.0,888,0
2005,2024-11-25,referral,Taoyuan,vip,21.0,224198.95,10676.140476190476,73.0,2025-12-24,28,2025-11-17 00:14:00,7.0,401,1
2006,2022-11-29,social,Taoyuan,growth,11.0,71853.9,6532.172727272727,28.0,2025-09-12,35,2025-11-30 22:17:00,110.0,1128,0
2007,2025-11-09,organic,Taoyuan,growth,12.0,50922.65,4243.554166666667,33.0,2025-11-24,31,2025-11-30 04:14:00,37.0,52,0
2008,2023-06-19,partner,Tainan,new,6.0,26586.75,4431.125,10.0,2025-02-28,28,2025-11-10 10:33:00,306.0,926,0
2009,2024-05-31,social,Tainan,vip,11.0,114983.45,10453.040909090909,44.0,2025-12-16,24,2025-12-20 01:00:00,15.0,579,1
2010,2023-04-25,referral,Taichung,new,3.0,12308.3,4102.766666666666,5.0,2025-04-11,27,2025-12-14 11:39:00,264.0,981,0
2011,2024-12-22,ads,Taipei,growth,6.0,47047.65,7841.275000000001,17.0,2025-10-12,27,2025-12-16 16:33:00,80.0,374,0
2012,2023-04-30,ads,Hsinchu,growth,9.0,59380.75,6597.861111111111,26.0,2025-10-19,37,2025-12-14 06:59:00,73.0,976,0
2013,2024-04-21,ads,Tainan,growth,8.0,41528.55,5191.06875,20.0,2025-06-23,28,2025-12-18 00:52:00,191.0,619,0
2014,2024-02-17,ads,Taipei,new,4.0,15588.649999999998,3897.1624999999995,9.0,2025-11-06,27,2025-12-20 01:58:00,55.0,683,0
2015,2025-02-20,referral,Taipei,new,8.0,25495.550000000003,3186.9437500000004,14.0,2025-11-26,24,2025-12-27 17:26:00,35.0,314,0
2016,2023-10-06,organic,Hsinchu,growth,14.0,54473.399999999994,3890.9571428571426,29.0,2025-12-20,25,2025-12-06 02:54:00,11.0,817,0
2017,2023-01-15,ads,Kaohsiung,new,6.0,24149.9,4024.9833333333336,12.0,2025-04-12,33,2025-12-16 17:30:00,263.0,1081,0
2018,2023-12-13,ads,Tainan,new,3.0,7436.4,2478.7999999999997,3.0,2025-11-23,32,2025-12-24 12:16:00,38.0,749,0
2019,2025-09-20,ads,Taipei,new,6.0,21064.600000000002,3510.766666666667,12.0,2025-12-19,23,2025-12-31 11:42:00,12.0,102,0
2020,2024-12-23,referral,Kaohsiung,new,4.0,24758.199999999997,6189.549999999999,8.0,2024-10-30,29,2025-12-06 22:39:00,427.0,373,0
2021,2025-05-27,organic,Kaohsiung,growth,15.0,64964.35,4330.956666666667,32.0,2025-12-26,32,2025-12-28 15:38:00,5.0,218,0
2022,2025-05-06,referral,Hsinchu,new,7.0,31905.15,4557.878571428571,10.0,2025-11-16,33,2025-12-30 19:32:00,45.0,239,0
2023,2023-12-19,referral,Hsinchu,growth,12.0,51860.45,4321.704166666666,28.0,2025-12-30,37,2025-12-17 03:54:00,1.0,743,0
2024,2025-06-19,social,Taichung,new,11.0,34702.85,3154.8045454545454,19.0,2025-12-10,36,2025-12-20 11:01:00,21.0,195,0
2025,2025-06-06,partner,Taoyuan,growth,11.0,62410.95,5673.722727272727,25.0,2025-12-03,44,2025-12-31 18:23:00,28.0,208,0
2026,2024-07-10,referral,Taipei,growth,11.0,35707.75,3246.159090909091,20.0,2025-12-29,33,2025-12-27 03:07:00,2.0,539,0
2027,2022-12-20,social,Tainan,new,9.0,32159.05,3573.2277777777776,18.0,2025-11-15,29,2025-12-10 03:10:00,46.0,1107,0
2028,2023-05-05,referral,Taipei,new,4.0,16260.35,4065.0875,6.0,2024-05-26,33,2025-11-10 15:26:00,584.0,971,0
2029,2023-08-20,social,Taichung,new,5.0,9143.85,1828.77,6.0,2025-08-22,36,2025-12-19 23:12:00,131.0,864,0
2030,2023-11-07,referral,Taichung,growth,7.0,25523.3,3646.1857142857143,11.0,2025-12-06,34,2025-12-29 22:58:00,25.0,785,0
2031,2023-06-10,referral,Tainan,new,5.0,11707.6,2341.52,9.0,2025-10-12,30,2025-12-12 09:36:00,80.0,935,0
2032,2025-04-25,social,Hsinchu,vip,19.0,185980.45,9788.444736842106,65.0,2025-12-17,16,2025-11-27 12:59:00,14.0,250,1
2033,2023-09-01,ads,Taichung,growth,9.0,53877.75,5986.416666666667,22.0,2025-09-16,31,2025-11-04 15:53:00,106.0,852,0
2034,2024-08-11,organic,Kaohsiung,new,7.0,13527.35,1932.4785714285715,10.0,2025-10-27,37,2025-12-24 15:35:00,65.0,507,0
2035,2025-07-02,social,Taoyuan,new,4.0,22261.1,5565.275,9.0,2025-02-13,24,2025-12-11 05:16:00,321.0,182,0
2036,2023-03-04,ads,Kaohsiung,growth,9.0,53604.15,5956.016666666666,27.0,2025-10-28,27,2025-12-17 20:57:00,64.0,1033,0
2037,2024-08-05,partner,Hsinchu,growth,11.0,67752.95,6159.359090909091,28.0,2025-06-08,30,2025-11-29 16:38:00,206.0,513,0
2038,2024-07-11,social,Hsinchu,new,3.0,8944.3,2981.433333333333,4.0,2025-10-31,29,2025-12-31 22:50:00,61.0,538,0
2039,2023-10-22,partner,Hsinchu,new,11.0,35265.15,3205.9227272727276,20.0,2025-09-27,26,2025-11-30 14:20:00,95.0,801,0
2040,2023-12-26,referral,Taichung,new,3.0,10454.5,3484.8333333333335,5.0,2025-08-03,34,2025-12-28 17:20:00,150.0,736,0
2041,2024-10-12,ads,Taipei,growth,7.0,57001.2,8143.028571428571,24.0,2025-09-24,16,2025-10-05 05:32:00,98.0,445,0
2042,2024-12-21,social,Hsinchu,growth,7.0,46899.5,6699.928571428572,16.0,2025-08-12,29,2025-12-31 23:22:00,141.0,375,0
2043,2023-12-30,ads,Kaohsiung,new,7.0,25500.55,3642.9357142857143,10.0,2025-09-08,30,2025-11-21 02:33:00,114.0,732,0
2044,2025-08-29,social,Taichung,growth,11.0,60464.2,5496.745454545454,30.0,2025-12-03,31,2025-12-27 06:00:00,28.0,124,0
2045,2024-11-30,ads,Kaohsiung,new,3.0,19477.05,6492.349999999999,6.0,2025-09-09,29,2025-12-17 13:21:00,113.0,396,0
2046,2025-09-11,ads,Taipei,new,6.0,19722.75,3287.125,11.0,2025-11-06,37,2025-12-28 23:32:00,55.0,111,0
2047,2024-03-27,referral,Hsinchu,new,12.0,34776.9,2898.0750000000003,15.0,2025-12-18,24,2025-11-29 14:10:00,13.0,644,0
2048,2025-05-21,ads,Taipei,growth,13.0,84349.3,6488.407692307693,37.0,2025-12-16,26,2025-12-17 01:35:00,15.0,224,0
2049,2024-11-23,partner,Taoyuan,growth,12.0,59001.15,4916.7625,30.0,2025-12-18,30,2025-12-26 12:48:00,13.0,403,0
2050,2025-08-16,referral,Tainan,vip,20.0,251065.7,12553.285,87.0,2025-12-12,29,2025-11-22 01:55:00,19.0,137,1
2051,2023-08-24,organic,Hsinchu,new,5.0,18873.85,3774.7699999999995,9.0,2025-04-13,30,2025-12-06 01:14:00,262.0,860,0
2052,2023-07-19,ads,Kaohsiung,new,6.0,23971.5,3995.25,11.0,2025-06-14,23,2025-12-15 07:00:00,200.0,896,0
2053,2025-11-11,referral,Taichung,growth,11.0,60825.15,5529.559090909091,28.0,2025-10-22,31,2025-12-04 19:03:00,70.0,50,0
2054,2023-01-01,referral,Hsinchu,new,4.0,18822.0,4705.5,8.0,2025-08-30,20,2025-11-07 23:29:00,123.0,1095,0
2055,2023-10-28,referral,Hsinchu,new,3.0,11397.849999999999,3799.283333333333,8.0,2025-02-12,20,2025-12-25 14:40:00,322.0,795,0
2056,2024-12-01,partner,Kaohsiung,growth,15.0,55218.45,3681.23,33.0,2025-12-19,30,2025-11-09 01:44:00,12.0,395,0
2057,2024-06-18,social,Hsinchu,new,5.0,13705.05,2741.0099999999998,6.0,2025-10-01,23,2025-12-23 08:17:00,91.0,561,0
2058,2023-11-19,ads,Kaohsiung,new,5.0,15605.15,3121.0299999999997,9.0,2025-06-16,24,2025-12-05 13:25:00,198.0,773,0
2059,2024-01-18,organic,Taoyuan,growth,14.0,83064.35,5933.167857142857,40.0,2025-11-04,22,2025-12-18 09:22:00,57.0,713,0
2060,2023-07-11,ads,Taichung,new,6.0,25974.15,4329.025000000001,14.0,2025-08-12,44,2025-12-25 09:30:00,141.0,904,0
2061,2023-05-16,partner,Taichung,new,6.0,20347.949999999997,3391.3249999999994,10.0,2025-10-15,28,2025-12-29 08:23:00,77.0,960,0
2062,2024-11-03,partner,Taoyuan,new,8.0,25750.95,3218.86875,16.0,2025-02-25,35,2025-11-11 08:17:00,309.0,423,0
2063,2023-12-06,referral,Taoyuan,growth,7.0,36089.8,5155.685714285714,14.0,2025-12-17,33,2025-12-29 19:32:00,14.0,756,0
2064,2024-06-22,ads,Taichung,new,5.0,20962.05,4192.41,10.0,2025-11-30,26,2025-12-22 07:07:00,31.0,557,0
2065,2024-04-07,organic,Hsinchu,growth,6.0,16877.55,2812.9249999999997,9.0,2025-12-06,24,2025-09-12 23:15:00,25.0,633,0
2066,2024-08-04,social,Taichung,growth,9.0,36325.35,4036.1499999999996,21.0,2025-07-15,23,2025-12-26 09:27:00,169.0,514,0
2067,2024-10-12,organic,Tainan,growth,11.0,63736.15,5794.195454545455,33.0,2025-11-25,37,2025-11-22 16:34:00,36.0,445,0
2068,2023-05-17,social,Taoyuan,growth,9.0,25263.699999999997,2807.0777777777776,17.0,2025-11-20,29,2025-12-21 13:30:00,41.0,959,0
2069,2023-09-25,organic,Hsinchu,new,8.0,32523.949999999997,4065.4937499999996,18.0,2025-12-16,33,2025-12-14 06:41:00,15.0,828,0
2070,2025-08-18,partner,Taipei,new,4.0,19401.35,4850.3375,7.0,2025-12-30,25,2025-12-20 15:38:00,1.0,135,0
2071,2023-08-13,ads,Tainan,growth,9.0,39815.100000000006,4423.900000000001,18.0,2025-11-24,19,2025-12-24 12:05:00,37.0,871,0
2072,2025-11-03,partner,Taipei,new,2.0,19260.65,9630.325,7.0,2024-12-31,28,2025-10-30 04:22:00,365.0,58,0
2073,2023-11-06,social,Taipei,growth,12.0,47196.95,3933.0791666666664,28.0,2025-09-08,28,2025-11-29 11:51:00,114.0,786,0
2074,2023-10-15,social,Kaohsiung,new,4.0,21280.05,5320.0125,8.0,2025-02-26,31,2025-12-24 07:48:00,308.0,808,0
2075,2024-09-13,ads,Taipei,vip,13.0,148591.55,11430.119230769229,54.0,2025-07-23,34,2025-10-30 23:03:00,161.0,474,1
2076,2025-05-21,partner,Taichung,vip,14.0,154222.4,11015.885714285714,54.0,2025-12-29,29,2025-12-02 16:32:00,2.0,224,1
2077,2023-07-26,social,Taichung,vip,18.0,237634.6,13201.922222222223,82.0,2025-11-09,36,2025-12-11 16:37:00,52.0,889,1
2078,2023-07-21,ads,Taoyuan,growth,6.0,14791.8,2465.2999999999997,10.0,2025-11-12,28,2025-10-09 16:28:00,49.0,894,0
2079,2025-10-27,referral,Taichung,growth,11.0,52350.8,4759.163636363636,23.0,2025-10-08,27,2025-11-30 23:50:00,84.0,65,0
2080,2023-03-04,organic,Taoyuan,new,7.0,27486.800000000003,3926.6857142857148,11.0,2025-12-21,32,2025-12-09 10:24:00,10.0,1033,0
2081,2022-11-29,referral,Kaohsiung,new,7.0,24762.65,3537.5214285714287,13.0,2025-11-16,26,2025-12-03 08:44:00,45.0,1128,0
2082,2023-07-15,organic,Kaohsiung,new,10.0,35364.799999999996,3536.4799999999996,15.0,2025-12-04,25,2025-12-15 10:01:00,27.0,900,0
2083,2023-09-14,ads,Hsinchu,new,5.0,31369.6,6273.92,10.0,2025-11-02,34,2025-12-01 02:20:00,59.0,839,0
2084,2025-01-18,referral,Taoyuan,new,5.0,23168.899999999998,4633.78,10.0,2025-02-15,33,2025-12-27 10:17:00,319.0,347,0
2085,2024-06-07,social,Taoyuan,vip,25.0,258950.75,10358.03,94.0,2025-12-15,34,2025-12-26 15:21:00,16.0,572,1
2086,2024-12-10,ads,Taipei,new,10.0,40366.55,4036.655,17.0,2025-08-03,27,2025-12-24 04:50:00,150.0,386,0
2087,2025-11-25,ads,Taichung,growth,16.0,86113.05,5382.065625,40.0,2025-12-01,28,2025-11-12 17:32:00,30.0,36,0
2088,2025-11-24,social,Taoyuan,new,5.0,16374.8,3274.96,8.0,2025-12-25,27,2025-11-21 04:12:00,6.0,37,0
2089,2023-07-05,referral,Kaohsiung,vip,20.0,209167.25,10458.3625,72.0,2025-12-08,24,2025-12-03 05:22:00,23.0,910,1
2090,2024-07-25,ads,Tainan,new,10.0,34787.45,3478.745,15.0,2025-12-23,23,2025-12-10 06:54:00,8.0,524,0
2091,2023-02-03,social,Taipei,new,1.0,8328.8,8328.8,3.0,2024-02-03,32,2025-12-09 12:47:00,697.0,1062,0
2092,2022-12-21,ads,Taichung,growth,11.0,44403.0,4036.6363636363635,24.0,2025-05-30,25,2025-12-12 22:18:00,215.0,1106,0
2093,2023-06-04,social,Kaohsiung,growth,10.0,33327.55,3332.755,20.0,2025-04-24,41,2025-12-10 15:10:00,251.0,941,0
2094,2025-08-11,ads,Kaohsiung,new,3.0,23727.9,7909.3,8.0,2024-10-29,31,2025-11-20 14:57:00,428.0,142,0
2095,2024-04-28,social,Taoyuan,growth,6.0,30095.449999999997,5015.908333333333,15.0,2025-12-02,35,2025-10-16 04:46:00,29.0,612,0
2096,2025-11-06,ads,Tainan,new,6.0,19438.100000000002,3239.683333333334,8.0,2025-02-11,27,2025-12-25 00:45:00,323.0,55,0
2097,2025-04-16,ads,Tainan,new,6.0,39158.9,6526.483333333334,14.0,2025-08-30,28,2025-11-15 06:59:00,123.0,259,0
2098,2024-08-02,referral,Kaohsiung,new,10.0,30330.250000000004,3033.0250000000005,16.0,2025-11-25,21,2025-11-26 12:34:00,36.0,516,0
2099,2024-06-06,ads,Taipei,growth,9.0,62493.85,6943.761111111111,33.0,2025-11-18,27,2025-10-10 06:46:00,43.0,573,0
2100,2023-09-19,referral,Taipei,growth,7.0,25674.0,3667.714285714286,14.0,2025-11-26,25,2025-12-10 01:09:00,35.0,834,0
2101,2025-01-31,referral,Hsinchu,new,6.0,32890.55,5481.758333333334,14.0,2025-06-04,35,2025-12-30 13:22:00,210.0,334,0
2102,2025-11-27,referral,Tainan,growth,11.0,87831.9,7984.718181818182,35.0,2025-11-06,32,2025-12-30 04:51:00,55.0,34,0
2103,2023-12-20,partner,Hsinchu,growth,9.0,48882.8,5431.422222222222,17.0,2025-12-04,34,2025-12-02 04:08:00,27.0,742,0
2104,2024-07-24,social,Taoyuan,new,3.0,9775.85,3258.616666666667,5.0,2025-01-26,21,2025-09-14 21:47:00,339.0,525,0
2105,2023-04-30,referral,Taipei,growth,11.0,24144.3,2194.9363636363637,17.0,2025-11-06,36,2025-12-28 19:43:00,55.0,976,0
2106,2023-01-15,social,Taipei,new,6.0,29115.05,4852.508333333333,13.0,2025-09-19,27,2025-09-02 09:37:00,103.0,1081,0
2107,2025-03-25,referral,Taipei,new,3.0,17841.1,5947.033333333333,7.0,2024-09-16,35,2025-12-29 19:43:00,471.0,281,0
2108,2025-09-24,social,Tainan,new,5.0,12285.699999999999,2457.14,7.0,2025-06-11,35,2025-12-25 22:22:00,203.0,98,0
2109,2024-02-14,organic,Tainan,new,6.0,20416.3,3402.7166666666667,12.0,2025-08-19,31,2025-08-09 07:17:00,134.0,686,0
2110,2025-07-09,referral,Hsinchu,growth,15.0,82473.25,5498.216666666666,41.0,2025-11-13,27,2025-12-17 04:26:00,48.0,175,0
2111,2023-05-07,referral,Tainan,new,2.0,6287.0,3143.5,2.0,2025-10-23,23,2025-12-05 23:18:00,69.0,969,0
2112,2023-11-10,social,Taoyuan,growth,8.0,42717.1,5339.6375,20.0,2025-10-01,25,2025-11-22 04:59:00,91.0,782,0
2113,2023-04-14,partner,Taipei,new,7.0,30737.85,4391.121428571429,11.0,2025-07-06,28,2025-12-11 21:12:00,178.0,992,0
2114,2025-01-16,social,Taichung,growth,8.0,39460.200000000004,4932.525000000001,15.0,2025-11-14,35,2025-12-20 21:16:00,47.0,349,0
2115,2024-01-14,referral,Taichung,vip,20.0,252970.65,12648.5325,92.0,2025-12-20,29,2025-12-23 19:14:00,11.0,717,1
2116,2023-03-15,ads,Taichung,growth,11.0,58611.649999999994,5328.331818181818,29.0,2025-12-20,42,2025-11-18 13:44:00,11.0,1022,0
2117,2024-08-12,referral,Hsinchu,new,6.0,22495.55,3749.258333333333,11.0,2025-11-22,35,2025-08-28 00:33:00,39.0,506,0
2118,2025-03-02,ads,Hsinchu,vip,14.0,120211.7,8586.55,49.0,2025-12-04,28,2025-11-29 12:14:00,27.0,304,1
2119,2024-05-16,ads,Tainan,new,12.0,50213.95,4184.495833333333,25.0,2025-12-15,27,2025-10-14 13:40:00,16.0,594,0
2120,2023-12-28,ads,Tainan,new,6.0,26697.05,4449.508333333333,12.0,2025-10-30,31,2025-12-26 05:25:00,62.0,734,0
2121,2024-11-20,partner,Taoyuan,new,2.0,12330.0,6165.0,5.0,2025-11-05,21,2025-09-22 12:33:00,56.0,406,0
2122,2022-12-03,social,Taichung,new,6.0,26849.0,4474.833333333333,12.0,2025-11-08,35,2025-12-11 18:14:00,53.0,1124,0
2123,2025-06-17,social,Taoyuan,new,7.0,37478.75,5354.107142857143,15.0,2025-07-30,25,2025-12-29 03:17:00,154.0,197,0
2124,2025-09-22,social,Taoyuan,growth,10.0,40740.35,4074.035,20.0,2025-11-24,33,2025-10-23 01:26:00,37.0,100,0
2125,2025-06-04,social,Hsinchu,new,6.0,22332.899999999998,3722.1499999999996,8.0,2025-08-29,37,2025-11-10 02:51:00,124.0,210,0
2126,2023-12-19,ads,Taoyuan,new,3.0,18269.1,6089.7,9.0,2025-04-15,33,2025-12-11 18:05:00,260.0,743,0
2127,2024-10-04,organic,Taoyuan,vip,19.0,219157.15,11534.586842105264,72.0,2025-12-22,21,2025-12-29 11:42:00,9.0,453,1
2128,2023-08-30,referral,Taipei,new,7.0,30606.6,4372.371428571429,13.0,2025-06-02,34,2025-12-17 17:31:00,212.0,854,0
2129,2025-07-09,social,Tainan,new,7.0,41358.15,5908.307142857143,19.0,2025-12-23,22,2025-12-18 00:45:00,8.0,175,0
2130,2024-01-03,referral,Hsinchu,new,8.0,29664.05,3708.00625,15.0,2025-09-05,26,2025-12-22 01:38:00,117.0,728,0
2131,2025-10-17,social,Taoyuan,growth,9.0,31415.15,3490.5722222222225,19.0,2025-12-26,42,2025-12-12 12:50:00,5.0,75,0
2132,2024-09-23,referral,Kaohsiung,new,6.0,21956.25,3659.375,10.0,2025-11-17,28,2025-12-26 23:27:00,44.0,464,0
2133,2025-07-01,referral,Tainan,vip,12.0,91557.6,7629.8,30.0,2025-12-21,29,2025-12-13 05:50:00,10.0,183,1
2134,2023-09-10,social,Taipei,vip,13.0,103070.0,7928.461538461538,39.0,2025-11-05,29,2025-11-19 21:52:00,56.0,843,1
2135,2022-11-29,ads,Kaohsiung,new,4.0,13390.9,3347.725,8.0,2025-12-16,28,2025-12-31 16:11:00,15.0,1128,0
2136,2025-03-29,ads,Kaohsiung,vip,18.0,186191.9,10343.994444444445,61.0,2025-07-15,23,2025-12-16 08:30:00,169.0,277,1
2137,2024-06-21,referral,Taichung,growth,9.0,35713.0,3968.1111111111113,20.0,2025-11-25,32,2025-10-09 14:52:00,36.0,558,0
2138,2025-11-20,referral,Kaohsiung,growth,9.0,46212.1,5134.677777777778,22.0,2025-08-19,29,2025-12-21 14:18:00,134.0,41,0
2139,2023-06-20,social,Hsinchu,new,9.0,47565.25,5285.027777777777,19.0,2025-12-22,32,2025-12-27 05:33:00,9.0,925,0
2140,2025-04-27,social,Tainan,growth,13.0,64555.45,4965.803846153846,30.0,2025-11-12,27,2025-12-20 02:02:00,49.0,248,0
2141,2025-11-13,ads,Kaohsiung,new,2.0,3148.0,1574.0,2.0,2025-10-23,26,2025-12-05 07:08:00,69.0,48,0
2142,2024-01-07,social,Tainan,new,6.0,24981.05,4163.508333333333,11.0,2025-08-30,25,2025-12-08 11:58:00,123.0,724,0
2143,2024-10-31,partner,Hsinchu,new,10.0,38244.25,3824.425,26.0,2025-11-25,25,2025-12-06 06:37:00,36.0,426,0
2144,2023-12-27,social,Taipei,vip,22.0,238678.5,10849.022727272728,82.0,2025-11-21,27,2025-12-04 20:34:00,40.0,735,1
2145,2025-10-05,referral,Hsinchu,growth,14.0,57713.7,4122.407142857142,33.0,2025-10-06,28,2025-12-03 14:48:00,86.0,87,0
2146,2023-09-28,referral,Taoyuan,new,10.0,45478.05,4547.805,21.0,2025-11-21,19,2025-10-31 01:40:00,40.0,825,0
2147,2024-08-26,ads,Tainan,new,4.0,8450.2,2112.55,5.0,2025-08-05,32,2025-12-29 08:12:00,148.0,492,0
2148,2023-08-05,ads,Taichung,new,5.0,18200.3,3640.06,8.0,2025-08-01,23,2025-12-25 20:28:00,152.0,879,0
2149,2025-09-01,social,Hsinchu,new,8.0,41509.0,5188.625,14.0,2025-11-01,22,2025-12-22 07:11:00,60.0,121,0
2150,2023-03-22,referral,Taichung,new,6.0,17885.8,2980.9666666666667,8.0,2025-12-15,39,2025-11-02 19:26:00,16.0,1015,0
2151,2024-03-06,referral,Kaohsiung,new,2.0,9556.95,4778.475,8.0,2025-12-27,21,2025-12-12 23:41:00,4.0,665,0
2152,2024-02-10,referral,Kaohsiung,new,5.0,31109.6,6221.92,14.0,2025-11-09,26,2025-11-29 21:32:00,52.0,690,0
2153,2025-07-18,partner,Tainan,growth,10.0,50234.649999999994,5023.464999999999,25.0,2025-12-18,34,2025-11-16 18:33:00,13.0,166,0
2154,2024-12-27,referral,Taoyuan,new,7.0,26577.8,3796.828571428571,12.0,2025-12-02,30,2025-12-27 17:16:00,29.0,369,0
2155,2025-11-29,referral,Taoyuan,new,4.0,10575.099999999999,2643.7749999999996,6.0,2025-11-27,21,2025-12-26 08:38:00,34.0,32,0
2156,2024-03-29,ads,Kaohsiung,new,12.0,54112.65,4509.3875,22.0,2025-12-07,30,2025-12-25 03:37:00,24.0,642,0
2157,2023-05-22,ads,Taoyuan,new,3.0,12112.349999999999,4037.4499999999994,5.0,2025-04-22,29,2025-12-25 13:30:00,253.0,954,0
2158,2023-07-30,partner,Taoyuan,new,7.0,30343.3,4334.757142857143,13.0,2025-11-23,26,2025-12-26 20:20:00,38.0,885,0
2159,2023-11-21,organic,Taoyuan,new,10.0,42556.1,4255.61,17.0,2025-10-11,24,2025-12-18 00:30:00,81.0,771,0
2160,2024-11-30,referral,Taoyuan,growth,6.0,35419.6,5903.266666666666,14.0,2025-10-11,23,2025-10-26 12:48:00,81.0,396,0
2161,2025-01-12,ads,Taoyuan,growth,5.0,27278.85,5455.7699999999995,13.0,2025-12-03,25,2025-12-30 03:40:00,28.0,353,0
2162,2025-10-20,partner,Hsinchu,vip,19.0,219199.0,11536.78947368421,80.0,2025-12-04,26,2025-10-20 14:27:00,27.0,72,1
2163,2024-11-28,ads,Tainan,new,6.0,27340.6,4556.766666666666,9.0,2025-10-27,33,2025-11-10 12:54:00,65.0,398,0
2164,2024-05-29,ads,Taichung,new,5.0,26369.6,5273.92,9.0,2025-10-18,21,2025-08-01 03:42:00,74.0,581,0
2165,2023-06-02,social,Taichung,new,9.0,45116.15,5012.905555555556,21.0,2025-10-29,30,2025-12-27 04:34:00,63.0,943,0
2166,2023-09-22,social,Kaohsiung,new,6.0,14673.05,2445.508333333333,9.0,2025-10-01,28,2025-12-26 23:17:00,91.0,831,0
2167,2023-04-26,social,Taoyuan,growth,15.0,83583.05,5572.203333333334,35.0,2025-09-28,34,2025-12-15 07:08:00,94.0,980,0
2168,2024-05-08,partner,Taoyuan,growth,7.0,41534.65,5933.521428571429,23.0,2025-07-08,28,2025-11-25 07:42:00,176.0,602,0
2169,2024-02-28,social,Taipei,new,1.0,111.60000000000001,111.60000000000001,1.0,2025-01-14,26,2025-12-03 13:29:00,351.0,672,0
2170,2023-02-15,social,Tainan,growth,14.0,100699.2,7192.8,43.0,2025-11-24,30,2025-12-29 20:28:00,37.0,1050,0
2171,2025-07-31,referral,Taichung,new,8.0,31558.4,3944.8,13.0,2025-12-15,29,2025-12-31 07:31:00,16.0,153,0
2172,2024-07-27,ads,Hsinchu,growth,11.0,77432.3,7039.3,28.0,2025-10-07,24,2025-12-29 17:01:00,85.0,522,0
2173,2024-08-08,ads,Kaohsiung,growth,15.0,87261.15,5817.41,41.0,2025-09-20,19,2025-12-24 17:42:00,102.0,510,0
2174,2023-02-01,ads,Taipei,new,7.0,24377.4,3482.4857142857145,11.0,2025-12-17,27,2025-12-25 14:36:00,14.0,1064,0
2175,2025-04-12,social,Taoyuan,new,6.0,21406.7,3567.7833333333333,11.0,2025-09-13,30,2025-12-31 19:23:00,109.0,263,0
2176,2025-07-19,referral,Hsinchu,new,5.0,30346.9,6069.38,11.0,2025-10-28,20,2025-12-30 06:38:00,64.0,165,0
2177,2023-03-02,ads,Hsinchu,new,5.0,24403.25,4880.65,10.0,2025-11-27,22,2025-12-15 22:12:00,34.0,1035,0
2178,2024-02-19,ads,Taipei,new,4.0,14703.55,3675.8875,7.0,2025-11-29,24,2025-10-04 20:34:00,32.0,681,0
2179,2025-04-15,organic,Taichung,growth,16.0,92874.5,5804.65625,41.0,2025-12-21,31,2025-12-04 02:02:00,10.0,260,0
2180,2025-01-19,social,Taoyuan,vip,19.0,189446.9,9970.88947368421,72.0,2025-11-20,27,2025-10-06 23:07:00,41.0,346,1
2181,2024-05-14,partner,Taoyuan,new,5.0,17036.0,3407.2,10.0,2024-11-13,28,2025-12-28 16:01:00,413.0,596,0
2182,2023-10-17,organic,Hsinchu,new,3.0,8194.4,2731.4666666666667,3.0,2025-12-29,20,2025-12-29 06:00:00,2.0,806,0
2183,2024-07-03,ads,Tainan,growth,16.0,125013.95,7813.371875,48.0,2025-12-29,25,2025-11-28 17:04:00,2.0,546,0
2184,2023-12-23,ads,Kaohsiung,new,6.0,29879.95,4979.991666666667,12.0,2025-09-14,23,2025-12-09 12:10:00,108.0,739,0
2185,2023-05-25,social,Kaohsiung,new,8.0,37268.45,4658.55625,15.0,2025-06-10,20,2025-12-23 14:25:00,204.0,951,0
2186,2023-08-16,ads,Kaohsiung,growth,7.0,41266.95,5895.278571428571,18.0,2025-10-28,25,2025-12-26 16:59:00,64.0,868,0
2187,2024-07-29,social,Tainan,vip,14.0,120274.1,8591.007142857143,49.0,2025-12-31,21,2025-12-08 22:40:00,0.0,520,1
2188,2023-02-09,ads,Tainan,new,5.0,13478.9,2695.7799999999997,7.0,2025-10-26,21,2025-12-13 04:04:00,66.0,1056,0
2189,2024-07-19,ads,Hsinchu,new,6.0,28729.45,4788.241666666667,11.0,2025-11-07,34,2025-12-24 02:59:00,54.0,530,0
2190,2024-03-28,referral,Taichung,new,3.0,8963.4,2987.7999999999997,3.0,2025-06-19,25,2025-11-10 00:41:00,195.0,643,0
2191,2025-09-30,referral,Taipei,new,1.0,4168.0,4168.0,2.0,2025-12-26,25,2025-12-24 20:38:00,5.0,92,0
2192,2024-10-11,ads,Kaohsiung,new,8.0,25711.15,3213.89375,17.0,2025-10-26,31,2025-12-09 20:50:00,66.0,446,0
2193,2023-03-15,ads,Taoyuan,new,7.0,28270.899999999998,4038.7,9.0,2025-10-06,33,2025-12-25 21:45:00,86.0,1022,0
2194,2023-03-24,ads,Kaohsiung,new,17.0,54794.0,3223.176470588235,30.0,2025-12-30,28,2025-12-08 12:03:00,1.0,1013,0
2195,2023-02-05,referral,Taoyuan,growth,9.0,63472.3,7052.477777777778,25.0,2025-12-04,29,2025-12-26 17:48:00,27.0,1060,0
2196,2023-08-13,ads,Kaohsiung,new,7.0,31478.4,4496.914285714286,17.0,2025-12-20,26,2025-12-08 15:32:00,11.0,871,0
2197,2025-04-07,referral,Tainan,new,7.0,32614.85,4659.2642857142855,15.0,2025-12-09,29,2025-11-16 12:37:00,22.0,268,0
2198,2025-02-07,partner,Taipei,new,14.0,54604.2,3900.2999999999997,29.0,2025-10-11,26,2025-12-29 16:37:00,81.0,327,0
2199,2024-05-07,social,Hsinchu,growth,7.0,40459.55,5779.935714285714,18.0,2025-12-06,22,2025-11-30 05:46:00,25.0,603,0
2200,2025-03-29,referral,Taipei,growth,6.0,44628.05,7438.008333333334,14.0,2025-11-07,26,2025-10-12 20:43:00,54.0,277,0
2201,2024-08-08,referral,Taichung,new,10.0,54747.7,5474.7699999999995,26.0,2025-08-17,33,2025-12-29 06:24:00,136.0,510,0
2202,2025-07-31,organic,Taipei,new,12.0,57731.45,4810.954166666666,27.0,2025-11-11,32,2025-12-30 01:24:00,50.0,153,0
2203,2025-10-02,organic,Tainan,growth,9.0,47131.15,5236.794444444445,24.0,2025-12-13,28,2025-11-27 07:52:00,18.0,90,0
2204,2023-04-30,referral,Taichung,new,1.0,1674.0,1674.0,1.0,2025-03-04,26,2025-12-25 10:41:00,302.0,976,0
2205,2025-02-12,social,Taipei,growth,12.0,66401.6,5533.466666666667,25.0,2025-12-21,23,2025-12-03 11:09:00,10.0,322,0
2206,2024-10-07,referral,Taoyuan,growth,10.0,64360.45,6436.045,28.0,2025-12-15,29,2025-11-29 23:32:00,16.0,450,0
2207,2023-04-04,ads,Taipei,growth,7.0,36748.3,5249.757142857144,14.0,2025-12-12,20,2025-12-24 22:12:00,19.0,1002,0
2208,2023-04-20,referral,Kaohsiung,new,4.0,11390.25,2847.5625,5.0,2025-07-02,24,2025-12-28 19:42:00,182.0,986,0
2209,2023-11-08,organic,Tainan,growth,6.0,22965.55,3827.5916666666667,12.0,2025-08-05,18,2025-11-08 11:11:00,148.0,784,0
2210,2025-01-16,partner,Hsinchu,new,10.0,62930.0,6293.0,25.0,2025-12-06,36,2025-11-29 08:11:00,25.0,349,0
2211,2024-01-20,referral,Taipei,new,7.0,11532.050000000001,1647.4357142857145,10.0,2025-10-04,25,2025-12-30 02:01:00,88.0,711,0
2212,2024-10-18,ads,Taipei,growth,14.0,61030.35,4359.310714285714,30.0,2025-12-31,25,2025-12-04 05:18:00,0.0,439,0
2213,2023-05-14,social,Kaohsiung,new,3.0,11442.300000000001,3814.1000000000004,8.0,2025-01-25,33,2025-12-29 02:02:00,340.0,962,0
2214,2025-01-08,referral,Hsinchu,new,7.0,30166.4,4309.4857142857145,13.0,2025-10-20,28,2025-12-08 07:28:00,72.0,357,0
2215,2025-02-14,organic,Taichung,new,11.0,41686.15,3789.65,19.0,2025-11-25,25,2025-06-20 11:33:00,36.0,320,0
2216,2025-04-26,ads,Taoyuan,new,8.0,26861.05,3357.63125,13.0,2025-11-02,29,2025-12-12 08:33:00,59.0,249,0
2217,2024-01-31,referral,Taoyuan,growth,5.0,20352.8,4070.56,11.0,2025-12-09,18,2025-11-29 14:53:00,22.0,700,0
2218,2023-04-14,organic,Hsinchu,new,4.0,7700.7,1925.175,5.0,2024-08-10,28,2025-11-30 09:10:00,508.0,992,0
2219,2025-05-18,referral,Tainan,new,12.0,40486.5,3373.875,20.0,2025-12-26,33,2025-12-21 08:35:00,5.0,227,0
2220,2025-06-21,ads,Hsinchu,vip,11.0,94593.2,8599.381818181819,37.0,2025-06-04,32,2025-12-22 14:28:00,210.0,193,1
2221,2023-02-05,social,Kaohsiung,new,6.0,40998.85,6833.141666666666,14.0,2025-04-28,34,2025-12-31 06:13:00,247.0,1060,0
2222,2024-11-15,social,Tainan,new,5.0,24385.199999999997,4877.039999999999,8.0,2025-11-16,29,2025-11-28 21:42:00,45.0,411,0
2223,2024-07-27,referral,Kaohsiung,growth,6.0,40164.05,6694.008333333334,16.0,2025-09-28,45,2025-12-19 09:30:00,94.0,522,0
2224,2023-11-14,social,Tainan,growth,12.0,69011.15,5750.929166666666,32.0,2025-12-04,29,2025-12-05 19:53:00,27.0,778,0
2225,2025-03-21,social,Taichung,growth,9.0,43417.7,4824.188888888889,27.0,2025-12-17,38,2025-12-31 08:55:00,14.0,285,0
2226,2024-06-23,ads,Tainan,new,8.0,32903.1,4112.8875,18.0,2025-12-30,30,2025-11-29 10:54:00,1.0,556,0
2227,2025-08-23,ads,Kaohsiung,new,6.0,20908.8,3484.7999999999997,8.0,2025-11-14,18,2025-12-25 10:12:00,47.0,130,0
2228,2025-01-07,ads,Taipei,new,7.0,28989.4,4141.342857142858,13.0,2025-12-17,29,2025-12-20 17:33:00,14.0,358,0
2229,2023-11-11,referral,Taoyuan,vip,19.0,199824.45,10517.076315789474,72.0,2025-11-25,30,2025-12-26 17:03:00,36.0,781,1
2230,2024-08-14,ads,Hsinchu,vip,25.0,282465.7,11298.628,103.0,2025-12-10,41,2025-12-29 06:23:00,21.0,504,1
2231,2023-08-07,organic,Taoyuan,new,7.0,27022.15,3860.307142857143,12.0,2025-05-02,42,2025-12-31 02:46:00,243.0,877,0
2232,2024-03-09,social,Taichung,new,8.0,55018.25,6877.28125,19.0,2025-12-15,23,2025-12-30 16:01:00,16.0,662,0
2233,2022-12-29,ads,Tainan,new,5.0,14139.349999999999,2827.87,7.0,2025-05-28,24,2025-10-13 08:08:00,217.0,1098,0
2234,2025-05-18,ads,Tainan,new,2.0,4003.85,2001.925,4.0,2025-04-02,38,2025-11-14 17:40:00,273.0,227,0
2235,2023-12-20,ads,Taichung,vip,13.0,148666.8,11435.907692307692,59.0,2025-12-30,25,2025-12-25 06:23:00,1.0,742,1
2236,2023-10-02,social,Tainan,new,5.0,32618.9,6523.780000000001,14.0,2025-10-25,23,2025-12-10 14:50:00,67.0,821,0
2237,2025-07-04,ads,Tainan,new,6.0,32498.35,5416.391666666666,13.0,2025-05-28,27,2025-12-23 15:29:00,217.0,180,0
2238,2024-02-24,referral,Kaohsiung,new,3.0,15858.75,5286.25,5.0,2025-08-27,18,2025-11-29 20:20:00,126.0,676,0
2239,2023-09-01,ads,Hsinchu,vip,16.0,190977.1,11936.06875,62.0,2025-12-30,34,2025-12-17 10:27:00,1.0,852,1
2240,2024-10-24,social,Taipei,new,8.0,33347.0,4168.375,15.0,2025-12-26,31,2025-12-13 00:00:00,5.0,433,0
2241,2023-10-28,ads,Hsinchu,growth,9.0,42860.35,4762.261111111111,18.0,2025-11-03,24,2025-12-01 22:10:00,58.0,795,0
2242,2025-05-04,referral,Hsinchu,growth,13.0,76689.05,5899.157692307693,31.0,2025-11-05,25,2025-12-04 12:41:00,56.0,241,0
2243,2023-03-20,referral,Tainan,new,3.0,2589.05,863.0166666666668,3.0,2025-04-29,23,2025-11-15 20:33:00,246.0,1017,0
2244,2025-02-19,social,Taichung,new,10.0,33933.65,3393.3650000000002,20.0,2025-12-15,29,2025-12-27 06:57:00,16.0,315,0
2245,2023-11-24,referral,Tainan,vip,21.0,194218.7,9248.509523809524,71.0,2025-10-27,23,2025-12-20 23:07:00,65.0,768,1
2246,2024-04-18,ads,Taichung,new,7.0,31123.300000000003,4446.185714285714,16.0,2025-12-04,21,2025-12-03 05:26:00,27.0,622,0
2247,2022-11-28,social,Taoyuan,growth,8.0,40513.45,5064.18125,20.0,2025-01-11,24,2025-12-24 03:51:00,354.0,1129,0
2248,2024-06-11,social,Kaohsiung,new,10.0,48224.45,4822.445,21.0,2025-12-19,31,2025-12-17 17:02:00,12.0,568,0
2249,2024-08-06,social,Kaohsiung,new,10.0,19493.7,1949.3700000000001,16.0,2025-12-03,22,2025-12-01 05:00:00,28.0,512,0
2250,2025-05-08,social,Taichung,growth,10.0,71921.59999999999,7192.159999999999,31.0,2025-09-05,25,2025-12-28 10:31:00,117.0,237,0
2251,2024-08-16,partner,Taichung,growth,9.0,41488.7,4609.855555555555,22.0,2025-12-31,21,2025-12-17 07:42:00,0.0,502,0
2252,2023-07-09,organic,Taichung,vip,19.0,200176.7,10535.615789473684,72.0,2025-12-20,34,2025-12-03 19:20:00,11.0,906,1
2253,2023-04-04,ads,Tainan,new,7.0,21499.75,3071.3928571428573,10.0,2025-11-01,19,2025-12-19 09:57:00,60.0,1002,0
2254,2023-09-30,organic,Kaohsiung,new,9.0,23448.6,2605.3999999999996,14.0,2025-08-31,27,2025-12-02 17:08:00,122.0,823,0
2255,2023-04-20,ads,Tainan,growth,11.0,50774.8,4615.890909090909,31.0,2025-11-30,20,2025-11-17 10:20:00,31.0,986,0
2256,2025-01-03,partner,Taichung,new,6.0,16846.45,2807.741666666667,7.0,2025-10-31,25,2025-12-12 17:58:00,61.0,362,0
2257,2024-01-18,referral,Tainan,growth,10.0,46001.35,4600.135,24.0,2025-10-06,27,2025-12-19 05:51:00,86.0,713,0
2258,2025-09-13,ads,Taoyuan,new,8.0,27989.149999999998,3498.6437499999997,14.0,2025-12-21,43,2025-12-26 14:03:00,10.0,109,0
2259,2023-05-18,referral,Taoyuan,new,7.0,29702.65,4243.2357142857145,11.0,2025-09-16,37,2025-12-15 15:41:00,106.0,958,0
2260,2023-06-10,ads,Tainan,growth,11.0,28490.55,2590.0499999999997,21.0,2025-11-17,35,2025-12-28 20:43:00,44.0,935,0
2261,2023-09-13,ads,Kaohsiung,new,5.0,28101.0,5620.2,12.0,2025-12-08,34,2025-12-10 19:36:00,23.0,840,0
2262,2025-03-23,social,Tainan,growth,10.0,40498.35,4049.835,25.0,2025-12-17,28,2025-12-30 13:05:00,14.0,283,0
2263,2023-03-02,referral,Tainan,growth,10.0,44224.75,4422.475,20.0,2025-11-19,27,2025-12-14 19:58:00,42.0,1035,0
2264,2025-08-27,organic,Taoyuan,new,5.0,10727.5,2145.5,9.0,2025-07-06,28,2025-12-16 19:54:00,178.0,126,0
2265,2025-10-26,ads,Kaohsiung,growth,16.0,73470.15,4591.884375,49.0,2025-11-19,28,2025-12-24 15:17:00,42.0,66,0
2266,2025-04-28,referral,Taichung,new,4.0,9804.15,2451.0375,5.0,2025-06-29,30,2025-12-29 09:21:00,185.0,247,0
2267,2024-12-25,social,Taoyuan,new,6.0,12964.800000000001,2160.8,9.0,2025-08-04,23,2025-11-30 15:19:00,149.0,371,0
2268,2025-09-10,referral,Taichung,vip,20.0,217844.15,10892.2075,83.0,2025-12-11,29,2025-12-08 11:12:00,20.0,112,1
2269,2023-01-07,organic,Tainan,new,7.0,27901.85,3985.9785714285713,14.0,2025-11-30,19,2025-12-29 00:44:00,31.0,1089,0
2270,2022-12-27,ads,Tainan,new,3.0,6953.700000000001,2317.9,7.0,2025-09-03,36,2025-12-10 06:55:00,119.0,1100,0
2271,2024-04-12,social,Taipei,growth,7.0,37533.75,5361.964285714285,18.0,2025-12-02,30,2025-11-29 18:18:00,29.0,628,0
2272,2023-11-15,ads,Taipei,new,5.0,19512.2,3902.44,10.0,2025-12-27,14,2025-12-21 12:40:00,4.0,777,0
2273,2022-12-04,social,Hsinchu,new,4.0,15607.400000000001,3901.8500000000004,6.0,2024-12-19,30,2025-12-19 18:15:00,377.0,1123,0
2274,2024-05-23,referral,Tainan,new,9.0,43972.299999999996,4885.81111111111,23.0,2025-10-15,23,2025-12-10 20:17:00,77.0,587,0
2275,2024-12-29,social,Taichung,new,5.0,9138.55,1827.7099999999998,6.0,2025-10-18,31,2025-12-05 14:23:00,74.0,367,0
2276,2024-07-15,ads,Hsinchu,new,9.0,29508.399999999998,3278.7111111111108,17.0,2025-10-12,28,2025-12-09 17:17:00,80.0,534,0
2277,2023-04-02,referral,Kaohsiung,growth,9.0,52378.75,5819.861111111111,30.0,2025-10-28,34,2025-12-29 01:34:00,64.0,1004,0
2278,2022-12-31,organic,Taipei,growth,9.0,65461.55,7273.5055555555555,30.0,2025-12-10,26,2025-11-24 17:36:00,21.0,1096,0
2279,2023-06-27,social,Tainan,new,7.0,24423.85,3489.121428571428,15.0,2025-10-08,33,2025-12-25 13:53:00,84.0,918,0
2280,2025-01-19,ads,Kaohsiung,growth,5.0,24733.300000000003,4946.660000000001,11.0,2025-12-29,21,2025-12-25 21:22:00,2.0,346,0
2281,2025-06-28,organic,Taipei,growth,11.0,63852.7,5804.790909090909,29.0,2025-12-28,24,2025-12-30 18:16:00,3.0,186,0
2282,2023-05-06,ads,Taipei,new,4.0,24596.550000000003,6149.137500000001,10.0,2025-08-16,33,2025-12-21 23:12:00,137.0,970,0
2283,2023-05-01,referral,Taipei,new,6.0,21776.0,3629.3333333333335,9.0,2025-12-20,30,2025-12-11 13:54:00,11.0,975,0
2284,2025-04-20,ads,Taichung,vip,15.0,209480.4,13965.359999999999,71.0,2025-12-13,24,2025-11-16 23:35:00,18.0,255,1
2285,2025-06-07,social,Taichung,vip,18.0,169568.75,9420.486111111111,61.0,2025-11-06,26,2025-12-02 06:12:00,55.0,207,1
2286,2024-10-13,social,Kaohsiung,new,10.0,17803.65,1780.3650000000002,13.0,2025-12-25,25,2025-12-14 22:17:00,6.0,444,0
2287,2025-10-31,ads,Kaohsiung,growth,13.0,97437.1,7495.161538461539,43.0,2025-11-20,21,2025-12-21 01:02:00,41.0,61,0
2288,2023-04-26,social,Tainan,vip,15.0,153685.8,10245.72,51.0,2025-07-27,30,2025-11-19 13:58:00,157.0,980,1
2289,2024-02-18,referral,Kaohsiung,new,9.0,41092.7,4565.855555555555,18.0,2025-12-30,26,2025-10-06 11:42:00,1.0,682,0
2290,2023-09-27,social,Tainan,vip,19.0,213451.4,11234.284210526315,74.0,2025-12-23,27,2025-12-29 04:36:00,8.0,826,1
2291,2024-01-16,partner,Taoyuan,vip,16.0,169044.9,10565.30625,56.0,2025-10-24,24,2025-12-21 05:39:00,68.0,715,1
2292,2025-04-20,social,Tainan,new,6.0,27933.75,4655.625,11.0,2025-10-17,34,2025-12-30 08:52:00,75.0,255,0
2293,2024-03-29,social,Taichung,new,10.0,40656.15,4065.6150000000002,16.0,2025-12-03,25,2025-12-07 13:02:00,28.0,642,0
2294,2025-04-20,referral,Kaohsiung,new,5.0,18652.5,3730.5,8.0,2025-05-31,36,2025-11-27 14:34:00,214.0,255,0
2295,2025-11-01,referral,Taipei,growth,14.0,66114.0,4722.428571428572,37.0,2025-11-23,25,2025-12-18 23:38:00,38.0,60,0
2296,2023-11-02,ads,Tainan,new,5.0,33492.5,6698.5,12.0,2025-11-27,25,2025-12-22 18:43:00,34.0,790,0
2297,2024-10-25,referral,Taoyuan,new,8.0,28009.25,3501.15625,14.0,2025-12-16,30,2025-12-28 10:01:00,15.0,432,0
2298,2023-06-09,ads,Hsinchu,new,7.0,21919.5,3131.3571428571427,14.0,2025-12-06,30,2025-09-28 14:47:00,25.0,936,0
2299,2025-03-10,social,Taichung,new,5.0,17347.8,3469.56,7.0,2025-11-08,27,2025-12-07 10:41:00,53.0,296,0
2300,2025-06-11,social,Taipei,new,7.0,35714.0,5102.0,14.0,2025-11-28,27,2025-12-23 15:25:00,33.0,203,0
2301,2025-02-23,organic,Hsinchu,new,6.0,16018.6,2669.766666666667,11.0,2025-06-21,29,2025-12-29 11:58:00,193.0,311,0
2302,2025-08-20,referral,Kaohsiung,growth,10.0,39237.25,3923.725,23.0,2025-12-28,32,2025-12-27 05:04:00,3.0,133,0
2303,2025-04-21,ads,Hsinchu,new,5.0,15059.35,3011.87,6.0,2025-07-09,28,2025-12-25 17:55:00,175.0,254,0
2304,2025-08-08,ads,Kaohsiung,new,7.0,42214.75,6030.678571428572,16.0,2025-10-25,28,2025-11-21 03:49:00,67.0,145,0
2305,2024-06-15,social,Tainan,new,6.0,35246.95,5874.491666666666,13.0,2025-12-26,34,2025-12-24 17:39:00,5.0,564,0
2306,2025-09-17,referral,Taichung,growth,17.0,94583.95,5563.761764705882,42.0,2025-11-26,35,2025-12-11 19:17:00,35.0,105,0
2307,2025-07-08,social,Hsinchu,growth,11.0,55663.700000000004,5060.336363636364,31.0,2025-12-30,31,2025-12-22 08:11:00,1.0,176,0
2308,2023-07-30,organic,Kaohsiung,growth,7.0,30963.4,4423.342857142858,11.0,2025-12-03,27,2025-12-31 14:55:00,28.0,885,0
2309,2024-07-06,ads,Taoyuan,new,5.0,8294.9,1658.98,5.0,2025-12-24,28,2025-10-24 23:02:00,7.0,543,0
2310,2023-05-01,social,Hsinchu,new,8.0,40552.95,5069.11875,13.0,2025-12-12,31,2025-11-26 02:32:00,19.0,975,0
2311,2023-07-20,ads,Tainan,growth,10.0,43555.4,4355.54,18.0,2025-11-27,27,2025-12-26 10:56:00,34.0,895,0
2312,2024-09-15,social,Taoyuan,growth,13.0,67498.75,5192.211538461538,34.0,2025-06-07,31,2025-12-03 08:03:00,207.0,472,0
2313,2025-05-25,ads,Hsinchu,new,6.0,22479.6,3746.6,11.0,2025-12-04,37,2025-12-29 14:41:00,27.0,220,0
2314,2024-07-29,referral,Taipei,new,7.0,34833.1,4976.157142857142,15.0,2025-12-23,28,2025-11-13 22:54:00,8.0,520,0
2315,2023-06-22,referral,Taipei,new,9.0,42754.25,4750.472222222223,19.0,2025-09-11,26,2025-12-29 23:04:00,111.0,923,0
2316,2025-06-23,ads,Taipei,new,5.0,20108.7,4021.7400000000002,10.0,2025-10-01,25,2025-11-28 21:17:00,91.0,191,0
2317,2023-04-11,referral,Taipei,vip,17.0,188908.65,11112.273529411765,62.0,2025-12-26,28,2025-11-27 09:33:00,5.0,995,1
2318,2024-02-27,organic,Taichung,new,13.0,59013.0,4539.461538461538,25.0,2025-08-23,20,2025-10-12 05:54:00,130.0,673,0
2319,2023-04-05,organic,Tainan,new,1.0,1368.0,1368.0,1.0,2024-12-23,40,2025-12-22 13:35:00,373.0,1001,0
2320,2025-04-08,ads,Taoyuan,growth,13.0,64313.1,4947.161538461538,34.0,2025-11-26,36,2025-12-24 02:13:00,35.0,267,0
2321,2025-01-11,social,Taichung,growth,5.0,24497.449999999997,4899.49,10.0,2025-01-31,21,2025-12-07 15:29:00,334.0,354,0
2322,2025-04-11,partner,Taipei,vip,22.0,251771.3,11444.15,87.0,2025-12-25,34,2025-11-29 18:07:00,6.0,264,1
2323,2023-09-12,referral,Taoyuan,new,6.0,23642.9,3940.4833333333336,11.0,2025-12-02,30,2025-12-10 21:35:00,29.0,841,0
2324,2023-04-09,ads,Kaohsiung,new,9.0,29072.4,3230.266666666667,17.0,2025-11-30,24,2025-11-04 22:06:00,31.0,997,0
2325,2022-12-09,ads,Taichung,new,9.0,41481.4,4609.044444444445,19.0,2025-10-29,28,2025-12-28 06:30:00,63.0,1118,0
2326,2023-07-22,ads,Hsinchu,new,3.0,4211.6,1403.8666666666668,5.0,2025-11-14,30,2025-12-16 17:23:00,47.0,893,0
2327,2024-11-09,referral,Taoyuan,new,6.0,24543.75,4090.625,14.0,2025-07-03,21,2025-12-22 02:51:00,181.0,417,0
2328,2022-11-29,social,Hsinchu,new,3.0,12286.95,4095.65,7.0,2025-11-11,27,2025-11-17 12:46:00,50.0,1128,0
2329,2025-07-08,social,Hsinchu,new,7.0,27225.9,3889.414285714286,13.0,2025-04-05,16,2025-12-27 16:21:00,270.0,176,0
2330,2025-05-16,ads,Hsinchu,new,6.0,28968.800000000003,4828.133333333334,14.0,2025-10-03,25,2025-12-13 04:54:00,89.0,229,0
2331,2025-08-24,social,Taipei,growth,8.0,73363.7,9170.4625,26.0,2025-12-31,27,2025-12-16 08:59:00,0.0,129,0
2332,2023-08-30,social,Hsinchu,new,13.0,46667.4,3589.8,21.0,2025-12-01,33,2025-11-08 15:34:00,30.0,854,0
2333,2024-03-20,organic,Taoyuan,growth,8.0,40224.65,5028.08125,17.0,2025-12-24,28,2025-12-14 16:09:00,7.0,651,0
2334,2023-03-23,ads,Kaohsiung,growth,7.0,27715.449999999997,3959.3499999999995,19.0,2025-07-06,32,2025-12-23 01:05:00,178.0,1014,0
2335,2025-06-08,organic,Tainan,vip,16.0,133043.5,8315.21875,46.0,2025-12-14,34,2025-12-28 03:31:00,17.0,206,1
2336,2025-01-10,social,Taichung,vip,19.0,206924.69999999998,10890.773684210526,68.0,2025-12-26,19,2025-11-26 21:44:00,5.0,355,1
2337,2025-01-18,organic,Taoyuan,growth,9.0,40817.15,4535.238888888889,18.0,2025-10-11,27,2025-11-23 04:57:00,81.0,347,0
2338,2025-04-13,social,Taipei,new,2.0,11669.9,5834.95,4.0,2025-11-28,34,2025-11-06 18:59:00,33.0,262,0
2339,2024-05-26,social,Hsinchu,vip,18.0,154365.0,8575.833333333334,59.0,2025-11-29,28,2025-11-26 05:02:00,32.0,584,1
2340,2023-11-30,social,Hsinchu,vip,23.0,228606.45,9939.410869565218,87.0,2025-11-21,24,2025-12-18 10:46:00,40.0,762,1
2341,2024-05-11,social,Kaohsiung,growth,7.0,48932.049999999996,6990.2928571428565,25.0,2025-12-12,30,2025-11-13 05:53:00,19.0,599,0
2342,2025-08-15,referral,Tainan,growth,10.0,52133.9,5213.39,27.0,2025-11-21,31,2025-12-10 14:22:00,40.0,138,0
2343,2023-08-18,partner,Taipei,new,5.0,28049.0,5609.8,12.0,2025-06-16,31,2025-12-11 21:12:00,198.0,866,0
2344,2025-04-28,ads,Taichung,new,6.0,18164.45,3027.4083333333333,9.0,2025-11-14,21,2025-11-20 07:02:00,47.0,247,0
2345,2024-06-02,ads,Taichung,growth,11.0,56259.05,5114.459090909091,31.0,2025-11-02,23,2025-11-20 07:11:00,59.0,577,0
2346,2023-05-11,ads,Kaohsiung,new,9.0,29197.6,3244.1777777777775,20.0,2025-11-18,25,2025-11-27 21:46:00,43.0,965,0
2347,2024-11-22,social,Hsinchu,new,4.0,14742.95,3685.7375,7.0,2025-07-30,28,2025-11-10 14:28:00,154.0,404,0
2348,2025-06-29,referral,Taipei,growth,5.0,18733.649999999998,3746.7299999999996,9.0,2025-04-29,28,2025-11-30 15:09:00,246.0,185,0
2349,2025-01-09,ads,Taipei,new,7.0,39097.95,5585.421428571428,14.0,2025-12-28,27,2025-12-29 09:47:00,3.0,356,0
2350,2023-04-20,social,Kaohsiung,new,9.0,38991.549999999996,4332.394444444444,18.0,2025-12-29,20,2025-12-05 21:53:00,2.0,986,0
2351,2025-01-13,social,Kaohsiung,growth,10.0,50508.0,5050.8,23.0,2025-11-28,31,2025-12-04 20:14:00,33.0,352,0
2352,2025-05-14,ads,Hsinchu,vip,15.0,145050.35,9670.023333333334,49.0,2025-11-02,30,2025-12-11 19:28:00,59.0,231,1
2353,2023-01-31,social,Hsinchu,new,5.0,21871.55,4374.3099999999995,8.0,2025-10-22,22,2025-12-17 01:04:00,70.0,1065,0
2354,2023-02-12,social,Taipei,new,5.0,38663.7,7732.74,16.0,2025-01-22,20,2025-11-20 09:30:00,343.0,1053,0
2355,2024-04-27,organic,Tainan,growth,11.0,54546.15,4958.74090909091,27.0,2025-12-13,21,2025-12-28 15:21:00,18.0,613,0
2356,2024-05-28,ads,Taichung,new,8.0,30716.699999999997,3839.5874999999996,13.0,2025-09-15,33,2025-12-19 14:33:00,107.0,582,0
2357,2025-03-22,referral,Tainan,vip,16.0,159113.65,9944.603125,56.0,2025-10-29,19,2025-12-25 13:46:00,63.0,284,1
2358,2023-06-05,social,Kaohsiung,vip,17.0,134938.8,7937.576470588235,54.0,2025-11-18,36,2025-12-27 09:51:00,43.0,940,1
2359,2023-05-15,ads,Kaohsiung,new,2.0,2754.0,1377.0,2.0,2025-11-05,24,2025-12-02 04:58:00,56.0,961,0
2360,2024-05-20,referral,Taichung,new,6.0,21409.25,3568.2083333333335,12.0,2025-07-03,39,2025-12-12 15:44:00,181.0,590,0
2361,2023-03-23,referral,Taipei,growth,6.0,39475.75,6579.291666666667,19.0,2025-12-25,34,2025-12-31 18:43:00,6.0,1014,0
2362,2025-09-10,ads,Taipei,new,9.0,39005.7,4333.966666666666,17.0,2025-09-09,27,2025-11-24 23:37:00,113.0,112,0
2363,2025-06-10,ads,Taoyuan,vip,18.0,188237.5,10457.638888888889,74.0,2025-11-27,23,2025-11-20 12:03:00,34.0,204,1
2364,2023-06-22,referral,Taipei,growth,8.0,21420.45,2677.55625,18.0,2025-10-10,28,2025-12-30 02:21:00,82.0,923,0
2365,2025-06-05,ads,Kaohsiung,new,4.0,9538.45,2384.6125,7.0,2025-04-26,31,2025-11-27 12:42:00,249.0,209,0
2366,2024-03-05,social,Hsinchu,growth,7.0,20566.65,2938.092857142857,19.0,2025-12-25,22,2025-12-12 08:41:00,6.0,666,0
2367,2023-09-19,referral,Taipei,growth,12.0,93473.0,7789.416666666667,38.0,2025-11-16,23,2025-10-04 10:14:00,45.0,834,0
2368,2023-05-03,organic,Hsinchu,new,6.0,18729.0,3121.5,10.0,2025-01-19,28,2025-12-30 18:47:00,346.0,973,0
2369,2023-06-18,social,Taipei,growth,12.0,61981.3,5165.108333333334,30.0,2025-12-14,23,2025-12-25 22:06:00,17.0,927,0
2370,2023-07-25,ads,Hsinchu,vip,24.0,253653.15,10568.88125,92.0,2025-12-04,26,2025-12-11 22:32:00,27.0,890,1
2371,2023-12-22,organic,Hsinchu,new,6.0,41941.9,6990.316666666667,13.0,2024-11-23,18,2025-12-08 18:58:00,403.0,740,0
2372,2024-11-13,ads,Taipei,new,6.0,23661.65,3943.6083333333336,10.0,2025-08-11,38,2025-12-14 23:59:00,142.0,413,0
2373,2024-06-07,partner,Tainan,new,3.0,13668.8,4556.266666666666,6.0,2025-11-22,23,2025-10-16 11:03:00,39.0,572,0
2374,2023-02-14,referral,Kaohsiung,new,4.0,8222.7,2055.675,9.0,2025-07-09,24,2025-11-15 04:16:00,175.0,1051,0
2375,2023-03-23,referral,Hsinchu,new,7.0,34614.6,4944.942857142857,14.0,2025-11-01,26,2025-12-31 11:56:00,60.0,1014,0
2376,2024-07-23,ads,Kaohsiung,new,13.0,68512.3,5270.176923076923,36.0,2025-12-26,33,2025-12-07 17:14:00,5.0,526,0
2377,2022-12-19,ads,Taoyuan,new,5.0,22923.15,4584.63,8.0,2025-12-16,31,2025-12-21 16:13:00,15.0,1108,0
2378,2024-12-01,social,Taichung,new,5.0,13693.400000000001,2738.6800000000003,8.0,2025-10-24,35,2025-12-28 20:12:00,68.0,395,0
2379,2023-06-09,ads,Taoyuan,growth,7.0,36258.75,5179.821428571428,15.0,2025-10-19,35,2025-12-24 06:29:00,73.0,936,0
2380,2023-04-01,ads,Hsinchu,growth,3.0,7044.85,2348.2833333333333,4.0,2025-06-08,29,2025-12-08 05:35:00,206.0,1005,0
2381,2023-06-15,ads,Taichung,vip,15.0,175924.25,11728.283333333333,68.0,2025-10-17,32,2025-12-25 15:17:00,75.0,930,1
2382,2025-08-25,ads,Taipei,new,8.0,39924.95,4990.61875,16.0,2025-10-15,28,2025-12-14 16:45:00,77.0,128,0
2383,2023-07-18,referral,Kaohsiung,new,3.0,11689.4,3896.4666666666667,6.0,2025-06-29,25,2025-12-31 08:07:00,185.0,897,0
2384,2025-01-16,partner,Tainan,new,8.0,24405.8,3050.725,14.0,2025-11-12,30,2025-12-02 07:08:00,49.0,349,0
2385,2023-04-24,partner,Hsinchu,new,3.0,29649.25,9883.083333333334,10.0,2025-05-27,25,2025-12-29 07:25:00,218.0,982,0
2386,2023-06-09,social,Kaohsiung,growth,8.0,32900.15,4112.51875,16.0,2025-09-03,29,2025-12-30 10:59:00,119.0,936,0
2387,2023-10-28,ads,Hsinchu,growth,6.0,54796.5,9132.75,23.0,2025-12-15,30,2025-11-29 19:46:00,16.0,795,0
2388,2024-04-23,ads,Kaohsiung,new,11.0,49501.6,4500.145454545454,22.0,2025-12-22,31,2025-12-23 00:54:00,9.0,617,0
2389,2023-10-11,ads,Taoyuan,new,6.0,28439.65,4739.941666666667,15.0,2025-12-30,30,2025-12-19 01:52:00,1.0,812,0
2390,2023-12-26,ads,Taichung,new,9.0,36045.25,4005.027777777778,16.0,2025-08-10,34,2025-12-16 15:44:00,143.0,736,0
2391,2024-12-23,ads,Taipei,new,1.0,8888.65,8888.65,4.0,2024-03-30,31,2025-12-31 07:28:00,641.0,373,0
2392,2024-10-09,social,Kaohsiung,vip,14.0,192567.25,13754.80357142857,72.0,2025-12-19,32,2025-12-30 13:57:00,12.0,448,1
2393,2024-03-12,social,Taipei,growth,6.0,15040.0,2506.6666666666665,12.0,2025-12-07,26,2025-12-24 08:07:00,24.0,659,0
2394,2024-05-16,ads,Taichung,new,6.0,20869.1,3478.183333333333,12.0,2025-12-04,27,2025-12-24 15:15:00,27.0,594,0
2395,2024-06-17,referral,Hsinchu,new,6.0,22989.3,3831.5499999999997,8.0,2025-12-31,22,2025-12-14 22:36:00,0.0,562,0
2396,2023-06-12,referral,Taipei,growth,13.0,58069.15,4466.857692307693,29.0,2025-12-30,21,2025-12-23 16:43:00,1.0,933,0
2397,2023-07-30,social,Taoyuan,new,9.0,44395.25,4932.805555555556,19.0,2025-12-31,34,2025-12-21 17:26:00,0.0,885,0
2398,2025-03-30,ads,Kaohsiung,new,8.0,15884.7,1985.5875,11.0,2025-09-07,27,2025-12-15 14:44:00,115.0,276,0
2399,2024-10-20,social,Taipei,growth,11.0,47764.55,4342.231818181818,25.0,2025-12-29,35,2025-11-04 00:44:00,2.0,437,0
2400,2025-03-24,ads,Taichung,new,8.0,37167.1,4645.8875,16.0,2025-09-21,27,2025-11-21 11:12:00,101.0,282,0
2401,2023-03-21,referral,Tainan,new,1.0,9667.0,9667.0,3.0,2025-01-24,23,2025-11-19 05:07:00,341.0,1016,0
2402,2024-06-16,referral,Taoyuan,new,9.0,27403.1,3044.788888888889,13.0,2025-11-20,25,2025-12-04 03:40:00,41.0,563,0
2403,2025-11-20,social,Taichung,new,5.0,13114.25,2622.85,7.0,2025-06-28,33,2025-12-30 12:53:00,186.0,41,0
2404,2024-06-03,ads,Hsinchu,growth,7.0,30236.550000000003,4319.507142857144,14.0,2025-11-17,28,2025-12-10 11:50:00,44.0,576,0
2405,2023-08-05,referral,Taichung,new,6.0,32310.9,5385.150000000001,13.0,2024-09-23,27,2025-11-24 04:24:00,464.0,879,0
2406,2025-04-18,referral,Hsinchu,new,6.0,14377.15,2396.1916666666666,8.0,2025-12-27,39,2025-12-02 04:52:00,4.0,257,0
2407,2024-02-15,social,Hsinchu,growth,10.0,56197.25,5619.725,28.0,2025-10-26,39,2025-12-27 05:13:00,66.0,685,0
2408,2024-02-21,social,Hsinchu,vip,23.0,189936.25,8258.097826086956,73.0,2025-10-31,23,2025-11-30 15:21:00,61.0,679,1
2409,2022-12-11,organic,Taichung,new,5.0,21882.45,4376.49,8.0,2025-12-21,26,2025-12-29 14:52:00,10.0,1116,0
2410,2025-06-18,social,Taichung,new,11.0,41991.700000000004,3817.4272727272732,21.0,2025-10-04,34,2025-11-22 00:16:00,88.0,196,0
2411,2024-01-04,social,Hsinchu,growth,11.0,57759.5,5250.863636363636,23.0,2025-12-28,37,2025-12-13 07:51:00,3.0,727,0
2412,2023-11-09,ads,Hsinchu,new,7.0,14224.150000000001,2032.0214285714287,9.0,2025-03-28,24,2025-12-12 00:11:00,278.0,783,0
2413,2025-02-12,social,Taoyuan,new,4.0,6389.9,1597.475,7.0,2025-12-13,24,2025-11-28 08:56:00,18.0,322,0
2414,2023-11-11,social,Taipei,new,7.0,22115.45,3159.35,10.0,2025-11-07,36,2025-12-30 22:36:00,54.0,781,0
2415,2023-01-21,social,Kaohsiung,new,13.0,54750.35,4211.565384615385,25.0,2025-09-26,22,2025-12-03 19:14:00,96.0,1075,0
2416,2025-06-01,ads,Hsinchu,new,11.0,40683.25,3698.4772727272725,18.0,2025-09-22,25,2025-12-10 06:45:00,100.0,213,0
2417,2025-02-09,referral,Taipei,new,5.0,10023.400000000001,2004.6800000000003,7.0,2025-01-20,25,2025-12-29 05:27:00,345.0,325,0
2418,2023-12-08,social,Taipei,new,2.0,5152.849999999999,2576.4249999999997,2.0,2024-12-17,35,2025-12-05 10:01:00,379.0,754,0
2419,2025-10-07,social,Kaohsiung,new,14.0,58047.2,4146.228571428571,32.0,2025-11-27,39,2025-12-09 02:50:00,34.0,85,0
2420,2024-03-28,social,Taichung,new,2.0,10912.699999999999,5456.349999999999,4.0,2025-11-16,28,2025-12-21 17:49:00,45.0,643,0
2421,2025-04-07,partner,Hsinchu,new,3.0,6395.9,2131.9666666666667,4.0,2025-12-29,30,2025-11-22 09:30:00,2.0,268,0
2422,2024-09-07,ads,Tainan,new,5.0,16873.4,3374.6800000000003,8.0,2025-11-22,29,2025-12-23 22:44:00,39.0,480,0
2423,2023-08-14,social,Kaohsiung,new,5.0,18795.75,3759.15,7.0,2025-05-07,18,2025-12-31 12:44:00,238.0,870,0
2424,2023-04-06,social,Taichung,growth,5.0,12043.1,2408.62,9.0,2025-11-22,24,2025-12-27 19:17:00,39.0,1000,0
2425,2022-12-19,social,Tainan,growth,5.0,33915.399999999994,6783.079999999999,14.0,2025-12-30,31,2025-12-24 14:57:00,1.0,1108,0
2426,2025-09-04,social,Taipei,growth,9.0,37777.45,4197.4944444444445,18.0,2025-11-20,23,2025-11-27 00:05:00,41.0,118,0
2427,2024-08-31,social,Taoyuan,growth,8.0,56666.1,7083.2625,24.0,2025-11-17,32,2025-12-15 19:46:00,44.0,487,0
2428,2025-02-10,ads,Kaohsiung,growth,13.0,65804.45,5061.880769230769,30.0,2025-12-11,42,2025-10-12 21:37:00,20.0,324,0
2429,2023-10-14,referral,Taipei,new,7.0,41187.65,5883.95,22.0,2025-12-15,20,2025-11-13 01:09:00,16.0,809,0
2430,2025-03-05,referral,Taipei,new,7.0,27164.2,3880.6,14.0,2025-12-20,27,2025-12-18 19:13:00,11.0,301,0
2431,2023-09-09,ads,Taipei,new,3.0,18359.45,6119.816666666667,10.0,2024-12-30,25,2025-12-21 21:54:00,366.0,844,0
2432,2024-11-15,referral,Taipei,growth,16.0,77974.7,4873.41875,42.0,2025-12-03,32,2025-12-16 01:43:00,28.0,411,0
2433,2024-12-25,ads,Taoyuan,new,3.0,1206.45,402.15000000000003,3.0,2025-02-12,23,2025-12-28 22:53:00,322.0,371,0
2434,2024-07-09,social,Kaohsiung,new,6.0,26181.3,4363.55,12.0,2025-07-25,21,2025-12-23 02:44:00,159.0,540,0
2435,2024-08-31,social,Taipei,growth,11.0,47486.65,4316.968181818182,25.0,2025-12-03,23,2025-12-22 16:44:00,28.0,487,0
2436,2024-03-28,referral,Hsinchu,new,4.0,21947.2,5486.8,10.0,2025-02-26,31,2025-12-20 10:47:00,308.0,643,0
2437,2023-08-01,referral,Tainan,new,8.0,19837.15,2479.64375,12.0,2025-12-29,34,2025-12-26 13:29:00,2.0,883,0
2438,2023-02-15,organic,Taichung,new,6.0,28144.25,4690.708333333333,14.0,2025-12-20,34,2025-12-30 16:17:00,11.0,1050,0
2439,2024-07-06,ads,Taipei,growth,8.0,16743.15,2092.89375,14.0,2025-12-30,17,2025-12-27 23:03:00,1.0,543,0
2440,2024-11-10,referral,Tainan,new,8.0,33924.0,4240.5,16.0,2025-11-22,26,2025-12-16 13:22:00,39.0,416,0
2441,2023-07-20,ads,Hsinchu,growth,5.0,25748.2,5149.64,12.0,2025-12-09,22,2025-12-20 05:56:00,22.0,895,0
2442,2023-09-24,partner,Taichung,new,3.0,7853.950000000001,2617.9833333333336,5.0,2025-10-30,32,2025-11-30 07:42:00,62.0,829,0
2443,2023-09-30,referral,Taichung,vip,16.0,169075.8,10567.2375,65.0,2025-12-26,29,2025-12-03 18:37:00,5.0,823,1
2444,2024-01-05,partner,Tainan,new,3.0,12688.0,4229.333333333333,8.0,2024-10-10,48,2025-12-30 11:26:00,447.0,726,0
2445,2025-02-07,ads,Kaohsiung,growth,13.0,46481.15,3575.473076923077,27.0,2025-12-19,21,2025-12-07 08:29:00,12.0,327,0
2446,2025-07-26,social,Hsinchu,growth,10.0,52135.8,5213.58,25.0,2025-05-24,41,2025-12-21 08:26:00,221.0,158,0
2447,2023-02-22,referral,Taichung,growth,5.0,11779.7,2355.94,9.0,2025-03-16,30,2025-12-05 17:22:00,290.0,1043,0
2448,2023-12-26,social,Kaohsiung,new,7.0,21855.4,3122.2000000000003,11.0,2025-11-17,15,2025-10-31 13:34:00,44.0,736,0
2449,2023-09-22,ads,Taipei,new,7.0,43817.200000000004,6259.6,16.0,2025-09-10,33,2025-12-17 11:17:00,112.0,831,0
2450,2023-07-13,referral,Taoyuan,growth,8.0,41811.95,5226.49375,22.0,2025-11-20,22,2025-12-30 05:58:00,41.0,902,0
2451,2025-02-26,social,Taichung,growth,12.0,63463.350000000006,5288.6125,40.0,2025-10-21,33,2025-11-01 17:37:00,71.0,308,0
2452,2025-08-15,partner,Hsinchu,growth,8.0,53705.75,6713.21875,24.0,2025-10-12,26,2025-12-20 18:10:00,80.0,138,0
2453,2025-07-29,ads,Tainan,growth,5.0,23379.65,4675.93,11.0,2025-12-05,32,2025-12-23 06:11:00,26.0,155,0
2454,2023-05-12,referral,Tainan,vip,8.0,100087.34999999999,12510.918749999999,35.0,2025-12-24,26,2025-11-29 01:33:00,7.0,964,1
2455,2023-04-10,ads,Hsinchu,vip,16.0,187295.95,11705.996875,61.0,2025-12-30,37,2025-12-20 04:31:00,1.0,996,1
2456,2022-12-19,referral,Taoyuan,vip,20.0,256556.95,12827.8475,87.0,2025-12-18,32,2025-12-28 05:37:00,13.0,1108,1
2457,2023-01-22,organic,Tainan,growth,11.0,57861.8,5260.163636363636,24.0,2025-12-20,17,2025-12-30 11:22:00,11.0,1074,0
2458,2024-01-08,ads,Taoyuan,new,5.0,21007.4,4201.4800000000005,9.0,2025-07-01,20,2025-12-01 07:56:00,183.0,723,0
2459,2023-02-03,social,Kaohsiung,new,3.0,10889.2,3629.7333333333336,5.0,2025-03-18,26,2025-12-06 15:50:00,288.0,1062,0
2460,2024-11-04,partner,Kaohsiung,new,6.0,31588.55,5264.758333333333,14.0,2025-08-29,28,2025-12-12 06:23:00,124.0,422,0
2461,2024-11-21,referral,Taoyuan,new,6.0,16925.5,2820.9166666666665,10.0,2025-11-15,38,2025-12-16 14:30:00,46.0,405,0
2462,2024-09-01,ads,Tainan,vip,18.0,181573.4,10087.41111111111,62.0,2025-11-10,32,2025-12-26 22:01:00,51.0,486,1
2463,2025-02-12,social,Kaohsiung,vip,13.0,182387.65,14029.81923076923,62.0,2025-10-08,29,2025-12-26 07:26:00,84.0,322,1
2464,2024-12-07,referral,Taipei,growth,4.0,17996.25,4499.0625,9.0,2025-08-22,23,2025-11-11 12:43:00,131.0,389,0
2465,2025-02-13,organic,Taichung,new,6.0,26360.55,4393.425,9.0,2025-10-23,34,2025-12-19 07:38:00,69.0,321,0
2466,2024-09-05,partner,Tainan,vip,24.0,274414.7,11433.945833333333,94.0,2025-12-30,23,2025-12-29 17:58:00,1.0,482,1
2467,2025-05-14,social,Hsinchu,new,6.0,22055.1,3675.85,9.0,2025-07-15,35,2025-11-09 16:05:00,169.0,231,0
2468,2024-10-04,partner,Kaohsiung,growth,14.0,88210.0,6300.714285714285,38.0,2025-12-16,25,2025-12-27 17:36:00,15.0,453,0
2469,2023-04-28,ads,Taoyuan,new,6.0,22177.75,3696.2916666666665,10.0,2025-12-19,22,2025-11-17 18:54:00,12.0,978,0
2470,2025-04-09,social,Taipei,new,2.0,10190.7,5095.35,4.0,2025-10-26,30,2025-12-31 21:26:00,66.0,266,0
2471,2023-01-12,referral,Tainan,new,4.0,34913.65,8728.4125,12.0,2025-10-15,22,2025-10-15 02:08:00,77.0,1084,0
2472,2023-12-12,ads,Taipei,new,9.0,32940.9,3660.1000000000004,16.0,2025-12-25,29,2025-12-11 06:02:00,6.0,750,0
2473,2023-12-27,social,Taichung,new,2.0,4753.8,2376.9,2.0,2024-11-19,22,2025-12-12 00:48:00,407.0,735,0
2474,2025-10-28,organic,Taipei,growth,9.0,57203.9,6355.988888888889,27.0,2025-11-15,23,2025-12-31 20:04:00,46.0,64,0
2475,2024-09-22,partner,Hsinchu,growth,12.0,49166.55,4097.212500000001,22.0,2025-12-18,33,2025-11-07 20:57:00,13.0,465,0
2476,2023-04-24,organic,Taichung,new,3.0,8594.6,2864.866666666667,5.0,2025-12-18,25,2025-12-01 21:48:00,13.0,982,0
2477,2024-11-21,ads,Taipei,new,4.0,14053.25,3513.3125,7.0,2025-08-26,28,2025-12-23 14:34:00,127.0,405,0
2478,2024-09-12,ads,Taoyuan,new,8.0,27099.05,3387.38125,11.0,2025-12-22,26,2025-12-30 17:53:00,9.0,475,0
2479,2024-09-30,social,Taoyuan,new,7.0,23741.85,3391.692857142857,10.0,2025-08-17,32,2025-12-18 19:42:00,136.0,457,0
2480,2023-11-23,social,Taoyuan,growth,8.0,40081.55,5010.19375,19.0,2025-06-30,17,2025-11-06 13:25:00,184.0,769,0
2481,2023-05-06,partner,Hsinchu,new,3.0,13959.0,4653.0,6.0,2025-12-06,34,2025-12-28 04:15:00,25.0,970,0
2482,2025-01-27,ads,Taoyuan,new,6.0,34206.85,5701.141666666666,13.0,2025-12-13,23,2025-11-30 15:30:00,18.0,338,0
2483,2022-12-21,social,Taipei,growth,12.0,44381.45,3698.4541666666664,27.0,2025-12-14,34,2025-12-30 09:31:00,17.0,1106,0
2484,2023-03-23,social,Hsinchu,new,4.0,17642.2,4410.55,6.0,2025-02-20,36,2025-11-22 14:13:00,314.0,1014,0
2485,2024-10-12,partner,Tainan,new,9.0,23869.45,2652.161111111111,16.0,2025-05-17,29,2025-12-28 23:10:00,228.0,445,0
2486,2025-04-27,referral,Kaohsiung,new,4.0,13736.45,3434.1125,5.0,2025-12-08,39,2025-12-10 11:34:00,23.0,248,0
2487,2023-05-16,ads,Hsinchu,new,5.0,15669.15,3133.83,8.0,2025-09-29,24,2025-11-23 09:04:00,93.0,960,0
2488,2024-09-04,social,Taichung,new,6.0,25674.100000000002,4279.016666666667,12.0,2025-05-17,31,2025-12-31 02:47:00,228.0,483,0
2489,2024-02-10,organic,Taoyuan,new,3.0,13437.55,4479.183333333333,8.0,2025-04-08,21,2025-12-29 05:43:00,267.0,690,0
2490,2024-10-13,ads,Kaohsiung,growth,6.0,27300.949999999997,4550.158333333333,12.0,2025-08-26,28,2025-11-11 02:25:00,127.0,444,0
2491,2025-08-27,social,Taichung,new,7.0,33458.65,4779.807142857143,12.0,2025-08-18,31,2025-11-13 19:42:00,135.0,126,0
2492,2025-09-28,social,Hsinchu,growth,7.0,48035.15,6862.164285714286,22.0,2025-10-27,23,2025-10-24 15:37:00,65.0,94,0
2493,2023-12-11,partner,Kaohsiung,new,3.0,22261.4,7420.466666666667,10.0,2024-11-15,25,2025-11-26 09:58:00,411.0,751,0
2494,2023-01-26,ads,Kaohsiung,new,5.0,12004.199999999999,2400.8399999999997,8.0,2025-09-26,24,2025-11-24 10:44:00,96.0,1070,0
2495,2024-04-04,referral,Hsinchu,growth,11.0,68029.2,6184.472727272727,31.0,2025-12-06,18,2025-12-03 23:24:00,25.0,636,0
2496,2024-11-24,social,Kaohsiung,new,6.0,28310.55,4718.425,20.0,2025-09-05,18,2025-11-09 06:44:00,117.0,402,0
2497,2025-01-29,ads,Kaohsiung,growth,18.0,102707.75,5705.986111111111,51.0,2025-11-01,32,2025-12-26 09:36:00,60.0,336,0
2498,2024-12-10,partner,Taichung,growth,12.0,53160.85,4430.070833333333,26.0,2025-12-01,36,2025-12-23 07:24:00,30.0,386,0
2499,2024-10-04,organic,Taichung,new,7.0,21572.2,3081.7428571428572,16.0,2025-12-14,27,2025-12-31 00:45:00,17.0,453,0
2500,2024-11-28,ads,Kaohsiung,new,6.0,12565.7,2094.2833333333333,7.0,2025-11-30,29,2025-12-27 22:40:00,31.0,398,0
