order_id,customer_id,order_date,status,payment_type
1,1524,2024-02-11,completed,atm
2,2408,2025-02-12,completed,cod
3,1730,2025-04-15,completed,wallet
4,2437,2024-05-04,completed,atm
5,863,2024-08-25,completed,wallet
6,1792,2024-05-25,completed,card
7,1397,2025-07-02,completed,atm
8,1665,2025-08-11,completed,card
9,2362,2025-09-09,completed,card
10,348,2025-12-30,completed,card
11,1985,2025-06-13,completed,card
12,535,2025-08-23,cancelled,card
13,1993,2024-08-26,completed,card
14,2073,2025-02-19,completed,atm
15,970,2025-03-01,completed,atm
16,2317,2025-11-13,completed,card
17,606,2024-04-16,completed,card
18,395,2025-08-20,completed,wallet
19,1054,2025-06-08,completed,card
20,371,2024-06-27,completed,card
21,1489,2025-08-29,completed,atm
22,570,2024-11-15,completed,card
23,2419,2024-06-06,completed,atm
24,276,2024-01-28,completed,cod
25,944,2025-08-05,completed,atm
26,2195,2024-09-29,completed,card
27,1211,2024-04-17,completed,wallet
28,2313,2025-12-04,completed,card
29,646,2024-05-23,completed,atm
30,721,2025-07-30,completed,card
31,1269,2024-08-13,completed,atm
32,2336,2024-04-24,refunded,cod
33,1705,2025-09-10,completed,atm
34,1573,2025-01-22,completed,atm
35,1416,2024-08-24,completed,card
36,541,2024-08-01,completed,card
37,1779,2025-03-08,completed,card
38,801,2024-12-25,completed,card
39,2492,2024-02-25,completed,card
40,809,2025-06-28,completed,cod
41,947,2025-12-23,completed,card
42,1016,2024-11-01,completed,atm
43,1887,2024-01-07,completed,cod
44,913,2025-10-31,completed,cod
45,110,2024-10-16,completed,card
46,2295,2024-04-21,completed,card
47,2240,2025-05-06,completed,card
48,2186,2024-11-21,cancelled,atm
49,396,2024-12-19,completed,card
50,285,2025-02-03,completed,cod
51,211,2024-03-11,completed,card
52,2103,2024-03-24,completed,card
53,89,2024-12-05,completed,card
54,489,2024-06-03,completed,atm
55,2329,2024-12-25,completed,atm
56,1887,2025-11-12,cancelled,wallet
57,2127,2024-10-26,completed,card
58,629,2024-06-03,completed,atm
59,687,2024-02-14,completed,card
60,2166,2025-04-26,completed,card
61,1180,2024-09-08,completed,card
62,1473,2025-01-12,completed,atm
63,2350,2025-12-29,completed,card
64,899,2024-08-21,completed,card
65,991,2024-07-12,completed,card
66,167,2025-12-29,completed,card
67,298,2025-03-30,completed,atm
68,1221,2025-08-23,completed,card
69,1902,2024-04-15,completed,card
70,2456,2025-08-08,cancelled,card
71,673,2025-04-15,completed,wallet
72,248,2024-02-03,completed,card
73,2343,2024-08-05,completed,card
74,2006,2025-01-23,completed,card
75,927,2024-06-27,completed,card
76,2370,2024-04-22,completed,card
77,811,2024-04-17,completed,atm
78,1650,2025-07-26,completed,card
79,1013,2024-09-16,completed,card
80,2297,2024-05-30,completed,card
81,81,2024-02-01,completed,card
82,401,2025-04-30,completed,wallet
83,716,2025-08-15,completed,wallet
84,1543,2024-01-06,completed,atm
85,360,2025-09-17,completed,atm
86,106,2024-10-29,completed,cod
87,1750,2025-11-25,completed,wallet
88,297,2024-07-31,completed,atm
89,417,2024-04-30,completed,atm
90,948,2025-01-09,completed,wallet
91,249,2024-03-24,refunded,card
92,1433,2025-07-17,completed,card
93,2298,2025-10-17,completed,atm
94,697,2024-11-08,completed,card
95,32,2024-08-01,completed,card
96,266,2024-08-21,completed,wallet
97,62,2025-12-15,completed,card
98,1007,2025-11-24,completed,card
99,849,2024-06-12,completed,wallet
100,1262,2025-02-20,completed,cod
101,2185,2024-02-04,completed,card
102,95,2025-08-15,completed,atm
103,150,2025-04-27,completed,wallet
104,2370,2025-08-29,completed,wallet
105,1702,2025-04-24,completed,card
106,1344,2024-08-30,completed,card
107,715,2024-11-27,completed,cod
108,262,2025-12-22,completed,cod
109,617,2025-05-05,completed,atm
110,527,2024-05-05,completed,card
111,1798,2024-05-22,cancelled,card
112,1993,2024-06-24,completed,atm
113,474,2025-07-08,completed,card
114,64,2024-03-03,completed,card
115,648,2024-06-13,completed,card
116,2016,2024-10-09,refunded,wallet
117,2362,2025-03-26,completed,atm
118,25,2024-11-08,completed,card
119,1927,2025-12-27,completed,atm
120,988,2025-08-15,completed,cod
121,1360,2024-10-19,completed,card
122,1910,2024-11-18,completed,atm
123,1570,2025-12-30,cancelled,card
124,624,2024-08-19,completed,atm
125,2273,2024-09-10,completed,card
126,2005,2024-08-05,completed,card
127,2106,2024-09-02,completed,cod
128,961,2024-06-05,completed,card
129,1345,2025-10-28,completed,card
130,1372,2025-09-12,completed,wallet
131,730,2025-03-05,completed,card
132,2465,2025-10-23,completed,card
133,202,2025-11-07,completed,atm
134,698,2025-05-03,completed,atm
135,1231,2024-11-09,completed,card
136,1177,2025-06-13,completed,atm
137,334,2025-07-21,completed,atm
138,105,2025-10-04,completed,card
139,1216,2025-02-16,completed,card
140,2475,2024-10-14,completed,card
141,320,2025-04-09,completed,card
142,2381,2025-08-31,completed,card
143,901,2024-12-17,completed,atm
144,285,2024-11-28,completed,card
145,934,2024-02-13,cancelled,cod
146,65,2024-02-11,completed,card
147,1154,2025-02-27,completed,wallet
148,700,2025-07-27,completed,atm
149,1784,2025-10-21,cancelled,card
150,1639,2024-06-29,completed,atm
151,1277,2025-08-15,completed,card
152,237,2025-04-19,completed,atm
153,2095,2025-12-02,completed,card
154,1136,2025-05-27,completed,cod
155,2162,2025-11-29,completed,card
156,2166,2024-08-06,completed,card
157,2053,2024-08-13,completed,card
158,1,2025-07-26,completed,card
159,636,2025-05-13,completed,card
160,918,2024-06-13,completed,wallet
161,365,2025-05-14,completed,card
162,1640,2025-07-20,completed,atm
163,917,2025-04-24,completed,card
164,142,2024-05-03,completed,card
165,252,2024-05-09,completed,card
166,1787,2025-10-17,completed,card
167,712,2024-09-27,completed,wallet
168,68,2024-06-03,completed,wallet
169,202,2024-12-18,completed,atm
170,127,2024-04-21,completed,card
171,1081,2025-06-17,completed,cod
172,1093,2025-01-23,completed,card
173,1291,2025-05-01,completed,atm
174,168,2025-04-07,completed,atm
175,761,2025-01-11,completed,card
176,88,2024-03-16,completed,wallet
177,2438,2025-01-11,completed,wallet
178,819,2025-12-11,completed,card
179,1202,2024-03-12,completed,card
180,337,2024-06-30,completed,atm
181,776,2025-10-25,completed,card
182,2402,2024-02-02,completed,card
183,1974,2025-02-01,cancelled,card
184,1914,2025-10-04,completed,card
185,903,2025-05-25,completed,atm
186,1077,2024-07-13,completed,cod
187,2070,2025-02-05,completed,card
188,1626,2025-02-14,completed,card
189,408,2025-07-08,completed,atm
190,838,2024-11-28,completed,card
191,1002,2024-11-05,completed,cod
192,1646,2025-03-10,refunded,card
193,1709,2024-05-09,cancelled,card
194,1846,2024-03-31,completed,atm
195,2174,2025-07-02,completed,card
196,773,2024-06-18,completed,card
197,1735,2025-03-18,completed,atm
198,1335,2025-08-06,completed,wallet
199,1260,2025-04-13,completed,atm
200,1685,2025-12-21,completed,wallet
201,2335,2025-10-24,completed,card
202,2238,2025-08-27,completed,wallet
203,2402,2025-08-25,completed,card
204,1794,2025-02-14,completed,atm
205,2450,2025-08-29,completed,card
206,302,2024-01-08,completed,card
207,1925,2024-06-23,completed,wallet
208,92,2024-08-23,completed,wallet
209,215,2024-11-18,completed,atm
210,1931,2025-03-24,completed,card
211,17,2024-09-06,completed,atm
212,148,2024-10-16,completed,wallet
213,41,2025-07-03,refunded,card
214,1156,2025-06-15,completed,card
215,2130,2024-09-08,completed,wallet
216,1553,2025-01-01,completed,card
217,2109,2024-07-29,completed,card
218,865,2025-04-14,completed,cod
219,97,2024-03-16,completed,atm
220,695,2024-12-30,completed,atm
221,1502,2025-11-17,completed,cod
222,251,2024-07-25,refunded,atm
223,1959,2024-07-03,completed,card
224,2046,2025-11-06,completed,cod
225,2052,2025-06-14,completed,card
226,520,2024-01-04,completed,atm
227,1625,2025-04-24,completed,wallet
228,1227,2025-04-01,completed,atm
229,594,2024-07-30,completed,atm
230,2224,2025-05-30,completed,wallet
231,1392,2024-12-25,completed,card
232,2180,2025-01-13,completed,wallet
233,1345,2024-02-27,completed,atm
234,404,2025-08-10,completed,cod
235,428,2025-01-10,completed,atm
236,1783,2024-04-04,completed,wallet
237,1234,2025-11-12,completed,card
238,2356,2024-12-05,completed,wallet
239,485,2025-06-26,completed,atm
240,2084,2024-09-29,completed,atm
241,1443,2025-02-14,completed,card
242,2025,2024-01-20,completed,wallet
243,160,2024-05-24,completed,wallet
244,236,2025-11-06,completed,card
245,1681,2024-10-11,completed,atm
246,431,2025-08-18,completed,wallet
247,319,2025-04-18,completed,card
248,2005,2025-06-20,completed,card
249,72,2025-11-05,completed,atm
250,340,2024-06-10,completed,atm
251,619,2024-05-26,completed,card
252,1248,2025-07-31,completed,cod
253,917,2025-06-12,cancelled,card
254,695,2025-04-04,completed,card
255,1532,2025-02-23,completed,wallet
256,34,2024-05-23,completed,card
257,2191,2025-12-26,completed,card
258,1953,2024-12-25,completed,card
259,60,2024-07-09,completed,atm
260,2448,2025-04-01,completed,wallet
261,2427,2024-08-16,completed,cod
262,330,2025-11-26,completed,atm
263,1572,2024-07-16,refunded,card
264,739,2024-10-27,completed,card
265,1357,2025-08-22,completed,card
266,1252,2024-09-24,completed,atm
267,1931,2024-12-06,completed,card
268,891,2025-05-25,completed,atm
269,1401,2025-05-26,completed,card
270,1059,2024-11-04,completed,card
271,897,2024-01-14,completed,wallet
272,1136,2025-10-27,completed,card
273,1601,2025-09-23,completed,card
274,352,2025-08-31,completed,atm
275,2184,2024-04-18,completed,card
276,219,2024-10-10,completed,card
277,1348,2025-07-05,completed,atm
278,34,2024-01-15,completed,wallet
279,1802,2025-11-13,completed,card
280,812,2025-01-30,completed,card
281,1898,2025-09-22,completed,card
282,163,2024-10-25,refunded,card
283,419,2025-05-28,completed,card
284,56,2024-05-10,completed,atm
285,2077,2025-09-19,completed,card
286,2162,2024-02-02,cancelled,cod
287,608,2025-01-22,completed,cod
288,2118,2024-11-23,completed,wallet
289,2032,2025-12-17,completed,atm
290,149,2024-09-23,completed,wallet
291,610,2024-05-20,completed,card
292,1396,2025-10-21,completed,card
293,1113,2025-05-18,completed,card
294,202,2025-01-04,completed,card
295,1905,2025-02-10,completed,atm
296,1854,2025-10-13,completed,card
297,1354,2024-09-20,completed,card
298,2061,2025-10-15,completed,wallet
299,1847,2024-02-08,completed,wallet
300,516,2024-04-23,completed,card
301,1784,2025-03-23,completed,wallet
302,1564,2024-11-29,completed,card
303,1160,2025-04-17,completed,card
304,151,2025-12-05,completed,card
305,213,2024-06-30,completed,card
306,1200,2025-12-28,cancelled,card
307,2256,2025-02-09,completed,card
308,676,2024-08-11,completed,card
309,1395,2024-07-21,completed,card
310,1719,2024-06-23,completed,wallet
311,2073,2024-08-29,completed,wallet
312,2075,2025-11-26,refunded,atm
313,112,2024-05-04,completed,card
314,1229,2025-10-04,completed,card
315,2089,2024-12-07,completed,cod
316,2049,2024-11-16,completed,atm
317,2179,2024-01-12,completed,atm
318,743,2024-01-02,completed,wallet
319,2016,2024-04-06,completed,wallet
320,1509,2024-10-10,completed,wallet
321,1047,2025-12-02,completed,atm
322,257,2024-08-23,refunded,wallet
323,1456,2024-12-08,completed,card
324,836,2024-06-13,completed,card
325,1507,2024-05-23,completed,atm
326,837,2025-04-04,completed,atm
327,51,2025-05-23,completed,card
328,1941,2024-06-19,completed,card
329,1258,2024-01-29,completed,atm
330,1577,2024-12-04,completed,card
331,556,2025-12-14,completed,cod
332,2237,2024-10-26,completed,card
333,991,2025-05-12,completed,card
334,2447,2024-11-30,cancelled,card
335,2495,2024-01-25,completed,card
336,1078,2024-07-16,completed,atm
337,862,2024-05-26,completed,card
338,1761,2025-12-23,completed,card
339,196,2024-03-24,completed,card
340,1771,2025-10-06,completed,card
341,67,2025-06-24,completed,card
342,1347,2025-11-18,completed,wallet
343,1965,2024-03-22,completed,atm
344,1808,2024-03-12,completed,atm
345,1036,2024-11-13,completed,card
346,1023,2025-05-20,completed,atm
347,1133,2024-02-28,completed,card
348,857,2024-07-15,completed,card
349,2180,2024-05-03,completed,wallet
350,2287,2025-04-15,completed,cod
351,798,2024-09-01,completed,card
352,1425,2024-01-01,completed,atm
353,1039,2025-12-02,completed,atm
354,132,2025-06-05,completed,card
355,1973,2025-06-03,completed,card
356,653,2024-02-21,completed,wallet
357,358,2024-09-06,completed,wallet
358,216,2025-05-18,completed,card
359,970,2024-10-27,completed,card
360,1315,2025-02-08,completed,wallet
361,434,2024-05-12,completed,atm
362,28,2025-08-10,completed,card
363,2089,2025-04-03,completed,wallet
364,849,2024-10-07,completed,card
365,448,2024-11-11,completed,wallet
366,310,2024-03-09,completed,wallet
367,1146,2024-01-06,completed,cod
368,238,2024-11-21,completed,card
369,2419,2024-11-20,completed,atm
370,962,2024-12-17,completed,atm
371,338,2025-12-27,completed,card
372,2492,2025-10-23,completed,atm
373,2230,2025-08-10,completed,card
374,357,2024-06-10,completed,card
375,2117,2025-08-01,completed,atm
376,1012,2025-09-16,completed,wallet
377,1799,2025-05-22,completed,cod
378,1717,2025-12-08,completed,atm
379,1450,2024-03-28,completed,wallet
380,514,2025-07-09,completed,card
381,342,2025-12-24,completed,cod
382,2206,2025-05-15,completed,card
383,2252,2025-02-13,completed,card
384,967,2025-04-14,completed,atm
385,1370,2025-12-18,refunded,cod
386,10,2024-03-18,completed,atm
387,1658,2024-07-19,completed,wallet
388,218,2024-11-06,completed,wallet
389,1054,2024-06-29,completed,wallet
390,457,2024-03-05,refunded,wallet
391,1245,2024-06-24,completed,card
392,854,2024-12-01,completed,card
393,419,2025-11-18,completed,atm
394,873,2024-07-04,completed,card
395,1518,2025-01-31,completed,atm
396,1020,2025-07-04,completed,atm
397,2124,2025-11-16,completed,card
398,1985,2025-08-11,completed,card
399,454,2025-09-01,completed,card
400,1812,2025-01-13,completed,card
401,200,2024-05-18,cancelled,atm
402,303,2024-01-22,completed,atm
403,1792,2025-08-05,completed,card
404,1061,2025-10-03,completed,atm
405,1267,2024-07-19,completed,card
406,949,2024-08-21,completed,cod
407,1898,2025-01-13,completed,card
408,852,2024-11-21,completed,cod
409,1901,2024-12-19,completed,card
410,593,2024-12-20,completed,atm
411,357,2025-11-25,completed,atm
412,1676,2025-09-13,completed,card
413,2099,2025-10-08,completed,card
414,1026,2024-01-09,completed,atm
415,208,2025-09-21,cancelled,card
416,2079,2024-02-19,completed,card
417,1538,2025-03-06,completed,card
418,2467,2025-07-15,completed,atm
419,318,2024-03-08,completed,card
420,2356,2025-05-10,completed,atm
421,1297,2025-03-16,completed,card
422,118,2024-04-22,completed,card
423,1612,2024-10-22,completed,atm
424,1438,2024-04-23,completed,atm
425,2392,2024-01-19,completed,card
426,2136,2025-05-01,completed,wallet
427,1341,2024-03-30,completed,card
428,121,2025-08-28,completed,card
429,152,2024-09-23,completed,card
430,1951,2024-07-30,completed,wallet
431,989,2025-11-28,completed,card
432,1491,2024-08-05,completed,card
433,1584,2024-09-17,completed,card
434,2023,2025-05-05,completed,card
435,1813,2024-07-13,completed,card
436,2377,2024-08-27,completed,cod
437,2012,2024-08-12,completed,card
438,1850,2024-10-10,cancelled,card
439,211,2024-10-06,completed,card
440,1377,2025-03-02,completed,card
441,1574,2025-11-04,completed,card
442,190,2024-01-08,completed,card
443,2355,2024-10-16,completed,wallet
444,863,2024-02-02,completed,card
445,1995,2024-06-04,completed,card
446,2345,2024-06-12,completed,atm
447,142,2024-01-11,completed,card
448,1160,2025-08-21,completed,card
449,988,2025-01-21,cancelled,atm
450,1248,2025-03-22,completed,wallet
451,1747,2025-06-17,completed,atm
452,201,2025-03-25,completed,wallet
453,2056,2024-10-27,completed,card
454,2363,2024-05-19,completed,wallet
455,1932,2024-09-04,refunded,card
456,433,2025-06-06,completed,card
457,427,2025-07-15,completed,atm
458,1972,2024-11-10,cancelled,atm
459,316,2025-08-06,completed,cod
460,1512,2025-11-14,completed,atm
461,679,2025-08-23,completed,card
462,814,2024-10-16,completed,card
463,1344,2025-03-16,completed,wallet
464,1909,2024-10-21,completed,card
465,1561,2025-12-24,refunded,atm
466,1714,2025-08-01,completed,card
467,996,2024-05-09,completed,atm
468,1857,2024-06-09,completed,wallet
469,2053,2024-11-25,completed,cod
470,1576,2025-12-07,completed,card
471,2249,2024-06-15,completed,atm
472,2427,2024-12-16,completed,wallet
473,1638,2024-04-12,completed,card
474,59,2024-11-04,completed,atm
475,906,2024-02-09,completed,card
476,1176,2024-02-27,completed,atm
477,195,2025-08-14,completed,card
478,275,2025-10-14,completed,card
479,1804,2024-05-21,completed,card
480,407,2024-10-20,completed,cod
481,288,2025-05-30,completed,card
482,161,2025-03-21,completed,card
483,2021,2025-09-06,completed,card
484,2196,2024-02-07,completed,card
485,393,2024-12-31,cancelled,card
486,265,2025-08-19,completed,wallet
487,2463,2024-06-16,completed,atm
488,2450,2025-11-10,completed,atm
489,2445,2024-01-08,completed,atm
490,1423,2025-02-02,completed,card
491,2423,2024-01-03,completed,card
492,589,2024-08-15,completed,wallet
493,2016,2025-11-22,completed,card
494,1305,2024-11-28,completed,card
495,2023,2024-01-20,completed,atm
496,1506,2025-08-24,completed,wallet
497,1898,2024-02-02,completed,card
498,2026,2025-12-02,completed,card
499,1525,2025-11-24,cancelled,atm
500,1051,2025-10-12,completed,card
501,1054,2024-10-23,completed,card
502,1905,2025-05-24,completed,card
503,233,2024-10-08,completed,cod
504,1563,2025-05-30,completed,cod
505,773,2024-11-15,completed,atm
506,2411,2025-05-05,completed,card
507,1413,2024-08-29,completed,card
508,1994,2024-02-05,completed,atm
509,1993,2025-03-21,completed,atm
510,2402,2024-08-08,completed,card
511,2109,2024-10-11,completed,card
512,492,2024-10-27,completed,atm
513,1263,2025-03-07,completed,card
514,1243,2025-11-01,completed,card
515,815,2025-12-09,completed,cod
516,994,2025-02-07,completed,card
517,2219,2025-12-26,completed,atm
518,1001,2025-04-12,completed,atm
519,988,2025-03-01,completed,card
520,1111,2024-03-21,completed,card
521,645,2025-07-28,completed,atm
522,731,2024-05-19,completed,card
523,1137,2024-02-25,completed,card
524,1978,2025-07-06,completed,cod
525,2212,2024-11-23,completed,cod
526,1450,2024-07-06,completed,wallet
527,1542,2025-01-10,cancelled,card
528,1886,2024-07-07,completed,card
529,1734,2024-08-26,completed,card
530,2171,2024-09-20,completed,card
531,1697,2025-04-30,completed,atm
532,969,2025-08-24,completed,card
533,1444,2025-10-21,completed,card
534,892,2025-10-17,completed,card
535,1444,2024-06-18,completed,wallet
536,2199,2025-11-13,completed,card
537,2089,2024-03-14,completed,card
538,433,2025-02-01,completed,card
539,2215,2024-02-08,completed,atm
540,650,2025-08-10,completed,atm
541,863,2024-10-28,completed,atm
542,1482,2024-08-10,completed,atm
543,1516,2025-01-17,completed,card
544,1678,2024-04-16,completed,card
545,2468,2025-11-06,completed,wallet
546,1727,2025-03-07,completed,atm
547,745,2024-09-03,completed,card
548,1357,2025-01-18,completed,card
549,1188,2024-02-08,completed,cod
550,1511,2025-07-25,completed,wallet
551,847,2024-05-11,completed,card
552,2212,2024-06-15,completed,card
553,157,2024-05-31,completed,card
554,2301,2024-08-28,completed,card
555,717,2024-03-27,completed,atm
556,1874,2024-05-26,completed,wallet
557,1162,2024-12-17,completed,atm
558,712,2024-09-22,completed,card
559,1576,2025-06-01,cancelled,card
560,45,2025-10-26,cancelled,card
561,1821,2024-10-25,completed,card
562,1913,2024-02-20,completed,wallet
563,727,2024-12-21,completed,wallet
564,1673,2025-08-17,completed,atm
565,932,2025-02-02,cancelled,card
566,2375,2024-06-20,completed,card
567,2339,2025-01-07,completed,card
568,1158,2025-08-02,completed,card
569,1725,2024-05-18,completed,card
570,1564,2024-10-03,completed,card
571,960,2025-11-05,completed,wallet
572,1689,2025-10-07,completed,atm
573,676,2025-11-26,completed,card
574,1830,2024-05-15,completed,card
575,865,2024-07-29,completed,atm
576,960,2024-03-17,completed,card
577,1775,2024-02-07,completed,atm
578,266,2024-12-14,completed,card
579,1339,2024-07-19,completed,card
580,4,2025-11-12,completed,atm
581,1637,2025-09-27,completed,card
582,333,2025-09-17,completed,wallet
583,1039,2025-04-13,completed,atm
584,2011,2024-05-26,completed,cod
585,1310,2024-12-23,completed,wallet
586,1112,2025-02-05,completed,card
587,2358,2024-01-19,completed,atm
588,2472,2025-11-21,completed,atm
589,335,2024-02-28,cancelled,card
590,442,2025-06-14,completed,card
591,667,2024-10-12,completed,atm
592,461,2025-06-05,completed,atm
593,561,2025-10-28,completed,card
594,348,2024-06-30,completed,card
595,103,2025-09-20,completed,cod
596,2002,2024-04-23,completed,card
597,1441,2024-10-05,completed,atm
598,1464,2024-11-03,completed,wallet
599,1142,2025-04-07,completed,card
600,1128,2024-12-12,completed,card
601,732,2024-10-07,completed,card
602,2123,2025-04-25,completed,atm
603,524,2025-07-22,completed,atm
604,314,2025-07-14,completed,card
605,578,2025-09-09,completed,card
606,303,2024-05-25,completed,card
607,1191,2025-02-15,completed,atm
608,1538,2025-10-28,completed,wallet
609,1531,2025-02-18,completed,atm
610,1749,2025-02-06,completed,cod
611,265,2025-11-15,completed,atm
612,641,2024-09-06,completed,cod
613,1789,2024-03-09,completed,atm
614,1588,2025-02-05,completed,card
615,81,2025-10-29,completed,card
616,2284,2025-12-13,completed,card
617,855,2025-07-28,completed,cod
618,2086,2024-10-10,completed,atm
619,1276,2024-01-18,completed,atm
620,2372,2024-12-02,completed,card
621,1258,2024-08-29,completed,atm
622,405,2024-05-22,completed,cod
623,516,2024-05-13,completed,card
624,1776,2024-10-23,completed,card
625,2021,2025-01-26,completed,card
626,1365,2024-07-31,cancelled,card
627,11,2024-08-06,completed,card
628,921,2025-09-04,completed,wallet
629,1445,2025-04-27,completed,atm
630,668,2025-05-14,completed,cod
631,1543,2025-03-02,completed,card
632,403,2025-06-28,completed,atm
633,2023,2024-10-24,completed,card
634,286,2025-03-19,completed,wallet
635,544,2025-08-18,completed,card
636,931,2025-01-31,completed,atm
637,453,2025-05-06,completed,wallet
638,1758,2024-01-08,completed,card
639,1637,2024-01-31,completed,card
640,2182,2024-09-20,completed,card
641,2079,2025-10-08,completed,card
642,723,2024-04-30,cancelled,card
643,1128,2024-04-02,completed,atm
644,1509,2024-05-13,completed,atm
645,2304,2024-02-13,cancelled,card
646,1604,2024-11-21,completed,atm
647,998,2025-07-16,completed,wallet
648,1375,2024-12-20,completed,card
649,321,2025-12-06,completed,card
650,1777,2024-12-11,completed,wallet
651,819,2025-12-23,completed,wallet
652,959,2025-08-01,completed,card
653,1408,2025-08-05,completed,cod
654,2355,2024-12-19,completed,card
655,727,2025-05-20,completed,atm
656,1374,2024-07-13,completed,cod
657,2212,2024-02-22,completed,atm
658,1583,2025-12-02,completed,cod
659,239,2024-12-29,completed,atm
660,1408,2024-01-11,completed,wallet
661,1358,2024-08-12,completed,card
662,920,2025-07-11,completed,card
663,506,2025-12-13,completed,wallet
664,1661,2025-11-16,completed,card
665,1613,2025-11-06,completed,card
666,123,2025-11-12,completed,atm
667,1387,2025-10-12,completed,card
668,2170,2024-12-17,cancelled,card
669,2474,2025-11-15,completed,card
670,357,2024-04-09,completed,atm
671,2185,2024-10-23,completed,card
672,1615,2024-12-11,completed,card
673,1913,2025-10-20,cancelled,card
674,2116,2025-08-15,completed,card
675,2131,2024-03-03,completed,card
676,751,2025-10-08,completed,card
677,1716,2024-08-06,completed,atm
678,853,2025-01-06,completed,atm
679,1042,2024-03-25,cancelled,card
680,2039,2024-11-11,completed,card
681,499,2024-03-19,completed,card
682,2363,2024-03-11,completed,card
683,1952,2025-02-12,completed,card
684,2011,2025-06-08,refunded,card
685,2412,2025-03-28,completed,atm
686,1794,2025-10-31,completed,card
687,2443,2024-05-06,completed,card
688,1441,2024-05-07,completed,card
689,607,2024-10-06,completed,card
690,2462,2025-05-02,cancelled,card
691,804,2025-12-16,completed,wallet
692,558,2025-05-25,completed,card
693,2062,2024-12-23,completed,wallet
694,2220,2024-01-17,completed,card
695,994,2025-09-09,completed,atm
696,1694,2025-11-24,completed,cod
697,320,2024-04-13,completed,card
698,2237,2024-05-01,completed,cod
699,1028,2025-09-21,refunded,atm
700,1152,2024-02-02,completed,card
701,1184,2024-04-29,completed,card
702,1269,2024-07-14,completed,card
703,2113,2024-06-14,completed,atm
704,2053,2024-06-28,completed,cod
705,1350,2024-08-13,completed,wallet
706,1331,2024-11-03,completed,atm
707,1543,2025-12-10,completed,card
708,1885,2024-06-12,completed,card
709,1784,2024-07-14,completed,card
710,1850,2024-04-12,completed,wallet
711,1196,2024-08-17,completed,atm
712,703,2024-11-06,completed,card
713,1581,2025-05-25,completed,cod
714,379,2024-12-23,completed,wallet
715,1812,2024-11-24,completed,atm
716,1157,2024-08-15,completed,card
717,509,2025-08-12,completed,wallet
718,2340,2025-03-24,completed,cod
719,2392,2025-10-12,completed,atm
720,1359,2025-01-27,completed,card
721,1511,2025-11-17,completed,card
722,630,2024-10-21,completed,cod
723,1335,2025-11-18,cancelled,atm
724,245,2024-04-21,completed,card
725,391,2025-03-06,completed,card
726,544,2024-01-22,completed,card
727,94,2024-07-23,completed,cod
728,1476,2024-05-01,completed,card
729,459,2025-05-23,completed,card
730,2139,2024-01-08,completed,cod
731,8,2025-12-13,completed,atm
732,1799,2025-02-17,completed,card
733,354,2024-03-26,completed,atm
734,1664,2024-06-17,completed,atm
735,1993,2025-10-03,completed,card
736,2433,2025-10-27,cancelled,card
737,504,2025-12-12,completed,wallet
738,1445,2024-10-12,completed,atm
739,236,2024-06-13,completed,card
740,1211,2024-01-12,completed,atm
741,1947,2025-05-10,completed,wallet
742,1813,2025-11-02,completed,wallet
743,957,2025-02-13,refunded,card
744,174,2025-10-04,completed,card
745,134,2024-02-02,completed,cod
746,962,2025-09-27,completed,card
747,2030,2024-04-19,completed,atm
748,1617,2025-07-12,completed,cod
749,379,2024-04-27,completed,card
750,111,2024-11-05,completed,card
751,812,2025-09-28,completed,wallet
752,883,2024-11-02,completed,atm
753,2168,2025-05-28,completed,atm
754,1521,2025-10-12,completed,card
755,1126,2025-07-02,completed,wallet
756,287,2025-05-06,completed,card
757,1552,2025-12-19,completed,card
758,258,2025-12-11,completed,card
759,2045,2024-09-01,cancelled,atm
760,1628,2024-01-11,completed,wallet
761,1243,2024-02-22,completed,card
762,1537,2024-03-03,completed,card
763,593,2025-01-18,completed,wallet
764,2432,2024-05-06,completed,card
765,1081,2025-05-03,completed,wallet
766,411,2025-05-01,completed,atm
767,393,2025-01-06,completed,atm
768,2073,2024-08-04,completed,card
769,453,2024-05-20,completed,card
770,1212,2024-12-09,completed,card
771,1946,2024-08-09,completed,atm
772,2361,2025-11-26,completed,card
773,1003,2024-11-13,completed,card
774,525,2024-11-23,completed,wallet
775,1452,2024-09-13,completed,card
776,729,2024-08-08,completed,card
777,2419,2024-05-05,completed,atm
778,2176,2024-06-17,completed,card
779,2127,2024-08-20,completed,atm
780,2156,2024-05-18,completed,wallet
781,1400,2025-12-01,completed,card
782,1248,2024-08-02,completed,atm
783,8,2024-09-30,completed,cod
784,1858,2025-01-19,completed,card
785,297,2025-11-06,completed,wallet
786,938,2025-12-29,completed,cod
787,1579,2025-08-12,completed,wallet
788,374,2025-01-12,completed,wallet
789,984,2024-09-10,completed,wallet
790,1230,2025-02-04,completed,card
791,1110,2025-11-10,completed,atm
792,1458,2024-08-01,completed,atm
793,333,2025-02-14,completed,card
794,340,2025-06-19,completed,card
795,1214,2024-10-30,completed,cod
796,1257,2024-04-03,completed,atm
797,2340,2024-06-15,completed,wallet
798,1715,2024-03-16,completed,card
799,62,2025-07-03,completed,card
800,442,2024-10-24,completed,atm
801,1598,2025-10-13,completed,card
802,2461,2024-08-30,completed,card
803,2159,2025-03-30,completed,atm
804,714,2024-05-15,completed,card
805,2164,2024-05-25,completed,atm
806,2110,2025-01-16,completed,card
807,525,2025-02-07,completed,atm
808,2443,2025-01-31,refunded,atm
809,1494,2025-04-17,completed,cod
810,1785,2025-09-20,completed,wallet
811,294,2025-08-16,completed,card
812,447,2025-04-05,completed,cod
813,1332,2024-12-26,completed,atm
814,1422,2025-01-16,completed,atm
815,107,2024-04-27,completed,card
816,600,2024-01-18,completed,atm
817,759,2025-09-20,completed,atm
818,693,2024-08-11,completed,card
819,1428,2025-10-02,completed,atm
820,1999,2025-08-12,completed,card
821,651,2024-11-25,completed,wallet
822,2308,2024-02-18,completed,card
823,725,2025-04-10,completed,card
824,1100,2024-05-18,completed,card
825,2002,2025-01-19,refunded,cod
826,1341,2024-11-11,completed,atm
827,866,2024-06-01,cancelled,card
828,1646,2024-12-01,completed,atm
829,1849,2025-03-12,completed,card
830,1430,2024-08-12,completed,atm
831,1291,2024-08-16,completed,card
832,587,2024-02-01,completed,wallet
833,2180,2025-02-22,completed,card
834,2032,2024-07-31,completed,card
835,681,2024-08-03,completed,atm
836,2390,2024-11-10,completed,wallet
837,668,2024-02-17,completed,card
838,1315,2024-12-10,completed,atm
839,1288,2024-12-17,completed,card
840,816,2024-11-14,completed,card
841,972,2024-05-22,completed,card
842,1110,2024-05-31,completed,wallet
843,2087,2025-02-13,completed,wallet
844,2252,2025-12-20,completed,card
845,2424,2025-11-22,completed,card
846,1880,2025-03-01,completed,atm
847,1235,2025-10-01,completed,card
848,746,2024-03-28,completed,atm
849,1456,2024-06-26,completed,cod
850,251,2024-05-21,completed,card
851,904,2024-12-12,completed,atm
852,2061,2025-10-20,refunded,card
853,358,2024-11-24,completed,card
854,1905,2025-07-31,completed,card
855,344,2025-05-28,completed,atm
856,2180,2025-04-16,completed,card
857,1850,2025-02-01,completed,card
858,1031,2024-08-18,completed,card
859,623,2024-01-02,refunded,card
860,2026,2024-04-19,cancelled,atm
861,2159,2025-06-19,completed,atm
862,455,2024-07-10,completed,card
863,1665,2024-01-19,cancelled,card
864,701,2024-08-18,cancelled,atm
865,1078,2024-08-28,completed,card
866,2062,2024-12-14,completed,atm
867,638,2024-10-16,completed,card
868,1217,2024-08-11,completed,atm
869,907,2025-09-25,completed,card
870,855,2025-05-12,completed,cod
871,1155,2025-07-18,cancelled,wallet
872,624,2024-10-01,completed,wallet
873,530,2024-11-09,completed,atm
874,127,2024-05-30,completed,atm
875,1021,2025-12-03,completed,atm
876,1214,2024-08-21,completed,atm
877,410,2025-08-12,cancelled,wallet
878,2386,2024-08-28,completed,atm
879,1295,2024-10-13,cancelled,card
880,1000,2025-08-27,completed,card
881,1117,2024-10-14,completed,atm
882,2306,2024-11-22,completed,card
883,1990,2024-01-19,completed,atm
884,2145,2025-10-06,completed,card
885,738,2025-11-09,completed,card
886,1518,2025-04-16,completed,wallet
887,426,2024-07-15,completed,atm
888,1560,2024-05-08,completed,card
889,691,2024-10-31,cancelled,wallet
890,2094,2024-01-07,completed,atm
891,1285,2024-05-09,completed,atm
892,1742,2025-06-18,completed,atm
893,585,2025-03-18,completed,wallet
894,580,2025-09-04,completed,card
895,27,2024-09-28,completed,card
896,2457,2025-03-17,completed,atm
897,2136,2024-02-09,completed,card
898,1031,2025-10-30,completed,atm
899,1885,2024-12-15,completed,wallet
900,321,2025-07-08,completed,card
901,1189,2024-05-16,cancelled,card
902,2226,2025-12-30,completed,card
903,1323,2025-04-25,completed,card
904,1891,2025-01-13,completed,card
905,1124,2024-02-01,completed,atm
906,1001,2025-08-18,completed,cod
907,2340,2024-11-11,completed,wallet
908,1405,2025-08-30,completed,atm
909,1603,2024-02-21,completed,card
910,2115,2024-04-22,completed,atm
911,2315,2024-02-15,completed,wallet
912,1149,2024-09-10,completed,cod
913,796,2025-04-27,completed,card
914,636,2025-06-23,refunded,wallet
915,525,2025-04-13,completed,card
916,246,2025-05-20,completed,wallet
917,1784,2024-04-22,completed,card
918,2197,2024-06-11,completed,card
919,1639,2024-08-03,completed,card
920,553,2024-10-26,completed,wallet
921,2399,2024-09-07,completed,card
922,1514,2025-08-28,completed,card
923,2357,2024-04-23,completed,atm
924,1388,2024-07-25,completed,card
925,1217,2024-07-19,completed,card
926,1317,2025-10-08,completed,card
927,1613,2025-09-04,completed,card
928,1195,2025-07-27,completed,wallet
929,2450,2024-05-15,completed,card
930,2336,2024-01-18,completed,wallet
931,1638,2024-02-25,completed,card
932,16,2025-05-21,completed,card
933,794,2025-02-21,completed,atm
934,38,2025-02-20,completed,atm
935,93,2025-09-04,completed,wallet
936,553,2024-03-15,completed,card
937,509,2025-03-13,completed,wallet
938,428,2024-06-14,completed,card
939,2397,2025-02-02,completed,card
940,1658,2024-05-27,completed,wallet
941,2102,2025-09-16,completed,card
942,2239,2024-10-05,completed,card
943,1748,2024-03-05,completed,atm
944,487,2025-12-16,completed,card
945,1354,2025-02-06,completed,card
946,2144,2025-02-09,completed,cod
947,1368,2025-10-03,completed,atm
948,2357,2024-08-20,cancelled,atm
949,104,2024-08-12,completed,cod
950,2271,2025-10-09,completed,wallet
951,2205,2025-05-30,completed,card
952,1740,2024-03-28,completed,card
953,1327,2025-03-19,completed,card
954,1314,2024-04-09,completed,atm
955,2180,2025-08-25,completed,atm
956,1081,2024-09-27,completed,card
957,1789,2025-02-10,completed,cod
958,198,2024-01-16,cancelled,card
959,384,2024-11-09,refunded,atm
960,1921,2025-07-05,completed,atm
961,1728,2025-11-15,completed,card
962,2156,2025-03-29,completed,atm
963,1031,2025-08-27,completed,atm
964,1847,2024-06-18,completed,card
965,1687,2025-10-13,completed,card
966,1428,2025-05-25,completed,cod
967,1249,2024-09-28,completed,card
968,2277,2024-02-14,completed,card
969,2265,2025-11-11,completed,atm
970,758,2025-11-29,completed,cod
971,761,2025-01-10,completed,atm
972,1228,2024-01-29,completed,card
973,784,2024-10-09,completed,card
974,1255,2025-07-11,completed,card
975,587,2025-11-26,completed,card
976,89,2025-12-27,completed,card
977,822,2025-03-16,completed,card
978,1961,2025-08-22,completed,atm
979,2085,2024-05-29,completed,card
980,1507,2024-01-27,completed,wallet
981,1095,2024-10-12,cancelled,card
982,286,2025-11-27,completed,card
983,1561,2025-05-18,completed,atm
984,336,2024-02-26,cancelled,card
985,1483,2025-09-11,completed,card
986,2367,2024-05-30,completed,wallet
987,1122,2025-12-09,completed,card
988,333,2024-01-23,completed,cod
989,1815,2024-03-10,completed,wallet
990,906,2024-10-28,completed,card
991,550,2024-01-30,completed,atm
992,840,2025-11-09,completed,wallet
993,2023,2025-11-24,completed,card
994,988,2024-07-24,completed,card
995,527,2024-03-15,completed,wallet
996,755,2024-03-12,completed,atm
997,2247,2024-01-05,completed,card
998,676,2025-07-02,completed,atm
999,872,2024-12-23,completed,card
1000,321,2024-05-05,completed,card
1001,24,2025-09-06,completed,card
1002,1518,2024-11-12,completed,card
1003,1987,2025-11-04,completed,atm
1004,1354,2024-01-20,completed,card
1005,262,2025-05-22,completed,atm
1006,8,2025-09-02,completed,cod
1007,475,2025-09-08,completed,cod
1008,1459,2024-02-24,completed,wallet
1009,1905,2025-12-22,completed,wallet
1010,2285,2024-04-15,completed,cod
1011,2098,2024-05-31,completed,cod
1012,2241,2024-10-18,completed,card
1013,361,2025-01-09,completed,card
1014,577,2024-10-08,completed,atm
1015,917,2025-11-10,completed,atm
1016,660,2025-09-07,completed,cod
1017,1522,2024-08-15,completed,wallet
1018,2467,2025-07-08,completed,card
1019,1338,2024-08-07,completed,card
1020,1615,2025-10-13,completed,atm
1021,685,2024-11-08,completed,card
1022,1026,2024-12-13,completed,cod
1023,332,2024-05-02,completed,cod
1024,2092,2024-05-24,completed,cod
1025,2408,2025-05-13,completed,card
1026,1204,2024-03-10,completed,atm
1027,226,2024-06-19,completed,atm
1028,2340,2025-11-21,completed,card
1029,816,2024-10-19,completed,card
1030,1232,2024-01-27,completed,card
1031,105,2024-11-08,completed,card
1032,472,2024-11-23,completed,atm
1033,2487,2025-05-26,completed,wallet
1034,619,2024-04-14,completed,atm
1035,271,2025-12-06,completed,atm
1036,780,2025-09-29,completed,card
1037,1497,2024-09-17,completed,card
1038,1412,2025-11-14,completed,card
1039,1258,2024-08-20,completed,card
1040,109,2024-05-06,completed,card
1041,761,2024-04-17,completed,card
1042,1260,2025-12-19,completed,card
1043,593,2024-11-26,completed,card
1044,1592,2025-09-01,completed,card
1045,223,2024-08-01,completed,wallet
1046,21,2025-08-13,completed,card
1047,84,2024-02-08,completed,card
1048,1953,2024-11-29,completed,atm
1049,1010,2024-12-21,completed,card
1050,1202,2024-05-13,completed,atm
1051,2498,2025-12-01,completed,atm
1052,2028,2024-03-04,completed,card
1053,420,2025-11-07,completed,card
1054,482,2025-07-22,refunded,card
1055,972,2024-02-19,completed,atm
1056,94,2025-12-18,completed,wallet
1057,1385,2024-12-05,completed,atm
1058,934,2025-07-24,completed,card
1059,1636,2024-10-18,completed,atm
1060,2481,2025-12-06,completed,card
1061,164,2024-02-06,completed,card
1062,631,2024-02-02,completed,card
1063,1096,2024-07-21,completed,wallet
1064,2396,2025-04-21,completed,atm
1065,1692,2024-09-29,completed,card
1066,1057,2024-10-31,completed,atm
1067,1369,2025-01-08,completed,atm
1068,990,2025-11-20,completed,card
1069,529,2024-04-09,completed,card
1070,542,2024-05-13,completed,wallet
1071,1491,2024-04-13,completed,atm
1072,1344,2024-01-26,completed,cod
1073,2101,2024-06-20,completed,card
1074,617,2024-08-05,completed,wallet
1075,2281,2024-08-26,refunded,cod
1076,622,2025-12-03,completed,card
1077,2451,2025-05-21,completed,atm
1078,1928,2024-01-29,completed,atm
1079,326,2025-07-17,completed,cod
1080,817,2025-10-25,completed,atm
1081,2199,2024-03-16,refunded,atm
1082,17,2025-01-24,cancelled,card
1083,2170,2024-08-17,completed,card
1084,1581,2025-06-05,completed,atm
1085,2219,2024-11-06,completed,atm
1086,83,2025-08-10,completed,card
1087,533,2025-05-18,completed,card
1088,626,2024-10-20,completed,card
1089,554,2024-10-03,completed,cod
1090,34,2024-02-06,completed,atm
1091,1258,2024-04-09,completed,card
1092,2497,2025-11-01,completed,card
1093,768,2024-06-07,completed,cod
1094,1819,2025-10-21,completed,card
1095,507,2024-04-08,completed,atm
1096,2208,2024-02-15,cancelled,cod
1097,2229,2024-02-02,completed,card
1098,742,2025-05-26,completed,card
1099,1871,2025-09-26,completed,card
1100,1284,2025-10-13,completed,card
1101,2184,2025-06-12,completed,atm
1102,2116,2024-08-14,completed,card
1103,1283,2025-01-08,completed,card
1104,2061,2024-09-23,completed,atm
1105,2059,2024-02-20,completed,cod
1106,702,2025-08-06,completed,card
1107,1562,2025-09-05,completed,card
1108,2345,2024-10-03,completed,card
1109,2195,2024-10-25,completed,card
1110,127,2024-10-12,completed,atm
1111,1523,2024-05-29,refunded,card
1112,2212,2025-12-31,completed,wallet
1113,1050,2024-02-18,refunded,atm
1114,1891,2025-08-11,completed,card
1115,2248,2025-12-19,completed,atm
1116,1158,2024-12-13,completed,atm
1117,1728,2024-10-06,completed,card
1118,1779,2025-08-03,completed,card
1119,1230,2024-08-08,completed,cod
1120,1770,2025-01-11,completed,card
1121,68,2025-07-06,completed,card
1122,749,2024-12-29,completed,atm
1123,1099,2024-12-01,completed,card
1124,663,2025-11-19,completed,atm
1125,521,2025-06-19,completed,card
1126,383,2024-10-27,completed,card
1127,417,2024-01-31,completed,wallet
1128,569,2024-01-08,completed,atm
1129,2485,2025-03-15,completed,cod
1130,1530,2025-05-19,completed,atm
1131,1054,2025-02-23,completed,wallet
1132,1511,2024-11-27,completed,cod
1133,1279,2024-12-17,completed,card
1134,1543,2025-03-23,completed,wallet
1135,2026,2025-03-30,completed,card
1136,1587,2024-07-19,completed,card
1137,1165,2025-11-16,completed,atm
1138,96,2024-08-04,completed,card
1139,1481,2025-04-27,completed,card
1140,2366,2024-10-25,cancelled,card
1141,1007,2024-02-15,completed,card
1142,241,2025-11-17,completed,wallet
1143,330,2025-11-17,completed,card
1144,1789,2024-02-06,completed,wallet
1145,1107,2025-10-02,completed,card
1146,1679,2025-02-10,cancelled,wallet
1147,2060,2024-12-04,completed,wallet
1148,1702,2025-03-25,completed,card
1149,2099,2025-09-12,completed,atm
1150,2357,2025-05-15,completed,wallet
1151,1375,2024-12-30,completed,atm
1152,776,2025-06-30,completed,atm
1153,1483,2024-10-24,completed,card
1154,1337,2025-01-24,completed,atm
1155,716,2025-12-05,completed,wallet
1156,2385,2024-01-27,completed,wallet
1157,1545,2024-06-13,completed,atm
1158,1532,2024-01-12,completed,atm
1159,394,2024-11-30,completed,card
1160,2242,2024-01-06,completed,wallet
1161,1525,2024-02-20,completed,card
1162,1160,2024-12-01,completed,card
1163,22,2025-05-01,completed,wallet
1164,1966,2025-12-02,completed,card
1165,988,2024-02-09,completed,card
1166,2499,2025-01-30,completed,card
1167,332,2024-09-26,completed,card
1168,1457,2024-05-10,completed,cod
1169,2419,2024-01-16,completed,card
1170,1170,2024-08-24,completed,atm
1171,1348,2024-11-11,completed,cod
1172,1438,2024-03-11,completed,card
1173,2246,2024-10-02,completed,card
1174,1958,2024-01-12,completed,atm
1175,1967,2024-01-13,completed,wallet
1176,1571,2024-02-04,completed,card
1177,88,2024-08-05,refunded,card
1178,2090,2025-03-06,completed,card
1179,582,2024-08-07,completed,card
1180,2219,2024-08-22,completed,atm
1181,2390,2025-04-23,completed,card
1182,2127,2025-06-03,completed,cod
1183,2050,2025-10-02,completed,wallet
1184,959,2024-04-04,completed,card
1185,1851,2025-01-11,completed,cod
1186,1445,2024-05-21,completed,card
1187,540,2024-03-25,completed,wallet
1188,1750,2025-02-25,cancelled,wallet
1189,613,2024-08-19,completed,card
1190,1587,2024-01-09,completed,card
1191,2316,2024-11-17,completed,card
1192,630,2024-04-14,completed,card
1193,2043,2025-01-05,completed,atm
1194,1281,2025-06-02,completed,cod
1195,2025,2024-05-30,refunded,card
1196,607,2024-11-20,completed,card
1197,766,2025-08-02,completed,wallet
1198,1535,2025-08-19,completed,card
1199,1436,2025-07-16,completed,card
1200,989,2024-03-03,completed,atm
1201,2242,2024-11-08,completed,card
1202,1940,2025-09-21,completed,atm
1203,2110,2025-01-28,completed,wallet
1204,2107,2024-08-14,completed,cod
1205,515,2025-05-03,cancelled,cod
1206,451,2024-08-30,completed,atm
1207,133,2024-12-11,completed,card
1208,1182,2024-04-07,completed,wallet
1209,1039,2024-10-04,completed,cod
1210,1778,2025-11-25,completed,atm
1211,924,2024-11-03,completed,card
1212,2290,2024-10-11,completed,wallet
1213,791,2024-07-11,refunded,card
1214,2131,2025-08-23,completed,card
1215,981,2025-02-10,completed,wallet
1216,624,2025-03-19,completed,atm
1217,41,2025-10-24,completed,atm
1218,510,2024-11-27,cancelled,card
1219,1151,2024-01-23,refunded,card
1220,213,2025-08-12,completed,atm
1221,396,2025-11-05,completed,atm
1222,1481,2025-08-07,completed,cod
1223,2308,2024-10-23,completed,card
1224,563,2025-08-11,completed,card
1225,1184,2024-11-28,completed,card
1226,1284,2024-05-11,completed,card
1227,137,2024-12-23,completed,wallet
1228,1720,2024-11-20,completed,wallet
1229,2023,2025-12-21,completed,cod
1230,945,2025-11-07,completed,cod
1231,2250,2024-10-16,completed,wallet
1232,2462,2024-07-27,completed,card
1233,1472,2024-12-28,completed,card
1234,338,2025-05-13,completed,cod
1235,2446,2024-05-29,completed,card
1236,2315,2025-03-15,completed,card
1237,1650,2024-08-28,completed,atm
1238,97,2024-08-02,completed,card
1239,777,2025-12-02,completed,card
1240,634,2025-10-09,cancelled,card
1241,86,2024-11-29,completed,wallet
1242,2393,2025-09-18,completed,card
1243,701,2025-08-16,completed,card
1244,2466,2024-02-22,completed,atm
1245,1532,2024-01-05,completed,card
1246,1924,2024-04-23,completed,atm
1247,2019,2024-05-25,completed,atm
1248,1443,2024-11-09,completed,cod
1249,583,2025-01-10,completed,wallet
1250,1688,2024-05-30,completed,atm
1251,1604,2024-07-30,completed,card
1252,1075,2025-06-07,completed,atm
1253,1160,2024-07-22,completed,atm
1254,1231,2024-10-12,completed,cod
1255,2198,2025-07-25,completed,cod
1256,762,2024-03-23,completed,atm
1257,1869,2024-02-05,completed,cod
1258,332,2024-07-30,completed,atm
1259,270,2025-12-29,completed,card
1260,1179,2024-04-07,completed,atm
1261,1959,2025-01-03,completed,atm
1262,211,2025-08-13,completed,cod
1263,1654,2025-02-15,completed,card
1264,8,2024-10-24,completed,card
1265,547,2025-02-16,completed,card
1266,920,2025-07-01,completed,wallet
1267,1468,2025-02-09,completed,card
1268,1518,2024-01-26,completed,atm
1269,573,2024-01-18,completed,card
1270,2266,2025-03-22,completed,card
1271,1826,2025-01-20,completed,atm
1272,554,2024-01-25,completed,wallet
1273,427,2024-02-03,completed,wallet
1274,1209,2025-08-29,completed,atm
1275,1477,2024-04-16,completed,atm
1276,1122,2024-11-28,completed,atm
1277,223,2024-08-22,completed,card
1278,2412,2024-11-05,completed,card
1279,1153,2024-01-28,completed,card
1280,1572,2025-08-17,completed,atm
1281,930,2024-12-14,completed,wallet
1282,1730,2024-06-08,completed,atm
1283,2084,2025-01-18,completed,card
1284,284,2025-05-24,completed,atm
1285,1248,2025-10-10,completed,card
1286,2089,2024-11-03,completed,atm
1287,1401,2025-05-19,completed,wallet
1288,962,2024-08-07,completed,card
1289,1156,2025-10-24,completed,card
1290,2290,2024-01-12,completed,cod
1291,2027,2025-09-11,completed,atm
1292,563,2024-01-25,completed,atm
1293,1737,2025-11-18,completed,atm
1294,1967,2025-05-13,completed,wallet
1295,860,2025-06-21,completed,atm
1296,526,2024-03-25,completed,cod
1297,2103,2025-12-04,completed,cod
1298,1606,2025-05-13,cancelled,cod
1299,1765,2024-12-23,completed,card
1300,261,2025-11-16,refunded,card
1301,1717,2025-12-04,completed,atm
1302,1727,2024-08-08,completed,atm
1303,1483,2024-04-15,completed,card
1304,202,2025-05-31,completed,atm
1305,50,2024-01-28,completed,card
1306,235,2025-02-13,completed,atm
1307,462,2024-12-03,completed,card
1308,2098,2024-02-26,completed,wallet
1309,2048,2025-03-17,completed,card
1310,1402,2024-02-04,completed,card
1311,1807,2025-06-18,completed,card
1312,2463,2024-08-26,completed,card
1313,1743,2024-09-14,completed,wallet
1314,1277,2024-12-06,completed,atm
1315,1110,2024-12-27,completed,atm
1316,532,2024-02-15,completed,card
1317,1858,2024-03-13,completed,card
1318,1368,2025-10-07,completed,card
1319,959,2025-08-14,completed,card
1320,209,2025-01-23,completed,card
1321,2125,2024-04-03,completed,card
1322,455,2024-04-24,completed,wallet
1323,1511,2024-06-07,cancelled,card
1324,1993,2024-04-15,completed,card
1325,257,2024-02-21,completed,card
1326,991,2025-08-05,completed,card
1327,1040,2024-04-21,completed,card
1328,1164,2024-12-25,refunded,wallet
1329,543,2025-05-04,refunded,card
1330,2236,2025-10-25,completed,atm
1331,2030,2024-05-22,completed,atm
1332,2027,2024-10-26,completed,wallet
1333,627,2025-05-06,completed,atm
1334,442,2024-03-18,cancelled,atm
1335,2194,2025-12-06,completed,card
1336,1729,2024-06-25,completed,card
1337,307,2025-10-11,completed,wallet
1338,5,2025-06-01,completed,atm
1339,85,2025-01-02,completed,card
1340,1253,2025-08-07,refunded,atm
1341,946,2024-10-07,completed,card
1342,1315,2024-10-21,completed,card
1343,1448,2025-02-08,completed,card
1344,2034,2024-07-31,completed,atm
1345,1299,2025-11-09,completed,wallet
1346,1031,2025-02-03,completed,atm
1347,1610,2025-01-03,completed,cod
1348,735,2024-09-27,completed,card
1349,2286,2024-12-19,completed,cod
1350,293,2025-09-11,completed,wallet
1351,1876,2024-05-19,completed,wallet
1352,1851,2025-10-31,completed,wallet
1353,969,2025-03-22,completed,card
1354,1990,2025-08-29,completed,card
1355,759,2025-03-21,completed,cod
1356,1954,2025-09-03,completed,card
1357,1973,2025-11-20,completed,wallet
1358,2105,2024-10-25,completed,atm
1359,1127,2024-05-10,completed,cod
1360,1638,2024-11-12,completed,atm
1361,1825,2024-02-18,completed,card
1362,2339,2024-01-08,completed,card
1363,442,2025-04-12,cancelled,card
1364,696,2025-01-13,completed,wallet
1365,2412,2024-02-12,completed,card
1366,862,2025-11-04,completed,card
1367,1862,2025-11-19,completed,card
1368,386,2024-07-30,completed,atm
1369,1934,2024-11-26,completed,card
1370,173,2025-04-12,completed,card
1371,536,2024-06-09,completed,wallet
1372,273,2025-09-12,completed,card
1373,1148,2025-01-23,completed,card
1374,1493,2024-05-11,completed,card
1375,2482,2024-04-09,completed,atm
1376,1582,2024-07-05,completed,cod
1377,622,2025-03-11,completed,card
1378,812,2025-05-07,completed,card
1379,537,2024-06-05,completed,atm
1380,795,2024-12-27,completed,wallet
1381,1493,2025-01-24,completed,atm
1382,195,2024-10-22,completed,atm
1383,1020,2025-07-28,completed,card
1384,861,2025-01-05,completed,card
1385,1206,2025-06-11,completed,cod
1386,939,2025-10-10,cancelled,card
1387,2396,2024-04-25,completed,card
1388,2159,2025-10-11,completed,atm
1389,969,2025-04-12,completed,card
1390,2127,2025-09-29,cancelled,card
1391,107,2025-06-30,completed,card
1392,39,2024-02-23,completed,card
1393,111,2024-03-14,completed,atm
1394,1294,2025-12-27,completed,card
1395,1593,2025-10-03,completed,wallet
1396,917,2024-08-07,completed,card
1397,2096,2024-04-02,completed,card
1398,495,2025-08-01,completed,card
1399,892,2025-05-20,cancelled,card
1400,244,2024-08-18,completed,wallet
1401,697,2024-01-03,completed,card
1402,1468,2024-07-10,completed,card
1403,2037,2024-10-01,completed,card
1404,1515,2024-02-21,completed,card
1405,2075,2024-12-08,completed,cod
1406,1450,2025-12-03,completed,card
1407,1372,2025-07-11,completed,card
1408,1379,2024-12-15,completed,card
1409,2249,2024-08-02,completed,card
1410,228,2024-11-15,completed,card
1411,2322,2025-07-31,completed,atm
1412,2086,2025-08-03,completed,wallet
1413,1932,2024-01-01,completed,card
1414,974,2024-01-26,completed,atm
1415,1542,2025-05-04,completed,cod
1416,1361,2025-06-10,completed,wallet
1417,1726,2025-05-08,completed,atm
1418,905,2025-11-24,completed,card
1419,1737,2024-10-16,completed,wallet
1420,1576,2025-09-02,completed,card
1421,1453,2025-09-17,completed,card
1422,2233,2025-05-28,completed,atm
1423,1523,2024-11-24,completed,wallet
1424,1981,2025-01-19,completed,cod
1425,1376,2025-04-05,refunded,card
1426,1602,2025-02-06,completed,card
1427,1632,2024-12-13,completed,wallet
1428,1588,2025-09-26,completed,card
1429,1392,2025-06-16,completed,wallet
1430,1162,2025-08-22,completed,card
1431,2032,2024-05-16,completed,wallet
1432,681,2025-08-24,completed,card
1433,706,2025-03-27,completed,atm
1434,1576,2025-12-27,completed,wallet
1435,173,2025-10-08,completed,cod
1436,1102,2024-03-21,completed,card
1437,1786,2025-05-30,completed,atm
1438,1031,2024-05-27,completed,atm
1439,3,2024-05-29,completed,cod
1440,467,2025-02-15,completed,cod
1441,2248,2025-03-03,completed,cod
1442,1456,2024-06-08,completed,card
1443,2134,2025-05-02,completed,wallet
1444,1833,2025-10-23,completed,atm
1445,1983,2025-01-25,completed,atm
1446,138,2025-08-26,completed,atm
1447,2076,2024-03-01,completed,card
1448,1889,2025-03-06,completed,atm
1449,853,2025-04-17,completed,card
1450,851,2025-10-22,completed,wallet
1451,1923,2024-09-22,completed,atm
1452,1885,2025-01-31,completed,wallet
1453,1071,2024-02-24,completed,cod
1454,2381,2024-01-09,completed,atm
1455,1445,2024-12-24,completed,cod
1456,84,2025-05-25,completed,atm
1457,112,2025-06-15,completed,atm
1458,920,2024-06-17,completed,card
1459,1156,2024-12-20,completed,atm
1460,1168,2024-08-06,refunded,card
1461,909,2025-02-16,completed,cod
1462,1112,2025-06-23,completed,atm
1463,1293,2024-12-16,completed,card
1464,2359,2025-11-05,completed,card
1465,965,2025-12-09,completed,atm
1466,2070,2025-12-30,completed,card
1467,2203,2025-08-30,completed,card
1468,818,2024-04-08,completed,atm
1469,2034,2024-08-08,completed,atm
1470,1704,2024-03-21,completed,cod
1471,1427,2024-11-20,completed,card
1472,2349,2024-05-18,completed,card
1473,1862,2024-09-16,completed,cod
1474,742,2024-08-10,completed,card
1475,1630,2025-02-19,completed,atm
1476,1026,2024-05-08,completed,card
1477,48,2025-05-10,completed,wallet
1478,2469,2024-01-08,completed,card
1479,1340,2025-03-06,completed,card
1480,1160,2025-11-13,completed,card
1481,203,2024-10-20,completed,card
1482,2085,2024-11-22,completed,atm
1483,634,2025-08-30,completed,card
1484,195,2024-10-31,completed,card
1485,2304,2025-04-14,completed,card
1486,34,2024-02-27,completed,wallet
1487,1134,2024-12-24,completed,atm
1488,1601,2024-08-03,completed,atm
1489,884,2024-01-22,completed,card
1490,2239,2024-09-09,completed,card
1491,2358,2025-04-22,completed,card
1492,750,2025-01-06,completed,card
1493,1669,2025-02-03,completed,card
1494,1457,2025-08-13,completed,wallet
1495,847,2024-03-02,refunded,atm
1496,1241,2024-10-11,completed,wallet
1497,1620,2024-03-14,completed,wallet
1498,1035,2024-03-03,completed,card
1499,844,2024-12-17,completed,card
1500,211,2024-05-26,completed,card
1501,758,2024-07-14,completed,card
1502,910,2025-04-22,completed,wallet
1503,1252,2025-05-29,completed,wallet
1504,200,2025-12-01,completed,card
1505,2329,2024-01-28,completed,cod
1506,1797,2024-12-24,completed,card
1507,569,2025-03-11,completed,card
1508,903,2025-03-09,completed,card
1509,1358,2024-12-22,completed,card
1510,595,2025-01-10,completed,card
1511,1454,2024-11-18,completed,atm
1512,115,2025-12-13,completed,card
1513,2080,2025-02-15,completed,cod
1514,292,2024-03-11,completed,wallet
1515,1561,2024-08-05,completed,atm
1516,1069,2025-09-15,completed,atm
1517,592,2024-12-24,completed,atm
1518,103,2025-01-22,completed,atm
1519,1130,2025-02-26,completed,atm
1520,2081,2025-08-06,completed,atm
1521,1813,2025-06-23,completed,atm
1522,1440,2024-06-12,completed,cod
1523,933,2024-03-16,completed,card
1524,663,2024-07-01,completed,wallet
1525,466,2024-10-11,completed,wallet
1526,582,2024-10-17,completed,wallet
1527,1979,2025-05-02,cancelled,card
1528,1832,2025-04-11,refunded,atm
1529,1206,2025-12-22,completed,card
1530,1777,2025-04-19,completed,card
1531,1457,2025-12-29,completed,card
1532,407,2025-01-29,completed,card
1533,1017,2025-10-31,completed,card
1534,16,2025-04-28,completed,card
1535,2020,2024-10-30,completed,card
1536,2496,2024-10-18,completed,card
1537,1160,2025-07-15,completed,card
1538,254,2025-03-01,completed,wallet
1539,1012,2025-01-24,refunded,card
1540,1286,2024-09-09,completed,cod
1541,2407,2024-12-27,completed,cod
1542,1499,2025-10-19,cancelled,atm
1543,1488,2024-03-05,completed,card
1544,62,2024-09-06,completed,wallet
1545,2345,2025-07-27,completed,cod
1546,378,2025-12-17,completed,card
1547,1880,2024-01-29,completed,card
1548,1441,2024-05-23,completed,card
1549,1092,2024-02-28,completed,atm
1550,883,2025-11-13,completed,card
1551,311,2024-07-29,completed,card
1552,1118,2024-07-07,cancelled,card
1553,1216,2025-07-22,completed,card
1554,1309,2025-02-25,completed,card
1555,1464,2024-10-06,completed,cod
1556,1121,2024-01-03,completed,card
1557,1726,2024-02-26,completed,card
1558,852,2025-02-08,completed,wallet
1559,748,2025-09-03,completed,card
1560,910,2024-08-23,completed,atm
1561,196,2024-08-22,completed,card
1562,1035,2024-08-06,completed,card
1563,1495,2025-11-10,refunded,card
1564,687,2025-09-24,completed,atm
1565,769,2024-06-08,completed,atm
1566,2015,2025-06-24,completed,wallet
1567,817,2025-02-18,completed,cod
1568,2039,2024-07-12,completed,card
1569,1674,2025-04-12,completed,wallet
1570,399,2024-01-26,completed,card
1571,271,2025-06-24,completed,card
1572,201,2024-10-17,cancelled,card
1573,569,2025-08-12,completed,card
1574,153,2024-02-25,completed,atm
1575,1361,2025-01-02,refunded,card
1576,1357,2025-11-16,cancelled,card
1577,509,2024-07-24,completed,card
1578,1596,2024-11-03,completed,wallet
1579,3,2025-10-24,completed,card
1580,1052,2025-11-10,completed,card
1581,253,2025-01-01,completed,atm
1582,1481,2025-12-23,completed,card
1583,2262,2025-01-23,completed,atm
1584,1748,2024-01-05,completed,atm
1585,1898,2024-05-29,completed,atm
1586,1720,2025-02-26,completed,atm
1587,645,2025-04-19,completed,atm
1588,2158,2025-11-23,completed,atm
1589,522,2024-01-01,completed,cod
1590,561,2024-03-06,completed,card
1591,1754,2024-01-28,completed,card
1592,1658,2024-07-23,completed,card
1593,906,2024-09-06,completed,atm
1594,1372,2025-07-10,completed,card
1595,1775,2024-11-21,completed,card
1596,396,2024-01-18,completed,wallet
1597,1766,2024-12-01,completed,card
1598,1598,2025-05-04,completed,card
1599,322,2025-11-29,completed,atm
1600,650,2024-07-26,completed,card
1601,525,2025-12-22,completed,atm
1602,1903,2024-01-17,completed,card
1603,2178,2025-11-02,completed,card
1604,18,2024-03-19,completed,card
1605,1498,2025-08-02,completed,card
1606,1531,2024-12-29,completed,cod
1607,2210,2025-12-06,completed,card
1608,2032,2025-07-26,completed,cod
1609,971,2024-03-25,completed,card
1610,307,2024-10-30,completed,atm
1611,2426,2025-01-06,completed,wallet
1612,1336,2024-02-19,completed,cod
1613,200,2024-04-20,completed,card
1614,2110,2024-03-11,completed,wallet
1615,1995,2024-09-12,completed,card
1616,2236,2025-07-22,cancelled,card
1617,1069,2024-04-21,completed,card
1618,1873,2024-02-10,completed,wallet
1619,557,2024-02-26,completed,atm
1620,1088,2024-02-28,completed,card
1621,2124,2025-02-13,completed,wallet
1622,1988,2024-02-20,completed,atm
1623,2284,2025-06-06,completed,card
1624,1537,2024-07-31,completed,cod
1625,1128,2024-12-14,completed,card
1626,1803,2025-03-11,completed,atm
1627,575,2024-09-17,completed,atm
1628,1080,2025-08-17,completed,atm
1629,2414,2025-09-28,completed,atm
1630,1468,2025-01-31,completed,wallet
1631,1874,2024-01-19,completed,card
1632,908,2024-02-03,completed,card
1633,36,2024-10-25,completed,card
1634,1713,2025-08-09,completed,card
1635,1847,2025-04-21,completed,cod
1636,24,2025-10-17,completed,card
1637,748,2025-05-06,completed,card
1638,2281,2025-01-31,completed,card
1639,1170,2024-11-10,completed,card
1640,1426,2024-04-09,completed,wallet
1641,384,2024-11-23,completed,atm
1642,1308,2025-09-21,completed,atm
1643,1112,2024-09-03,completed,cod
1644,2274,2024-04-29,completed,cod
1645,1102,2025-03-23,completed,card
1646,578,2025-07-10,completed,atm
1647,2393,2025-10-30,completed,card
1648,1850,2025-10-26,completed,atm
1649,2468,2024-04-18,cancelled,wallet
1650,2021,2025-01-23,completed,wallet
1651,1516,2024-10-22,completed,wallet
1652,924,2024-05-10,completed,atm
1653,1772,2024-05-19,completed,cod
1654,1785,2025-04-02,completed,card
1655,994,2024-03-21,completed,card
1656,2311,2025-11-27,completed,card
1657,1241,2025-08-08,completed,wallet
1658,2327,2025-07-03,completed,atm
1659,2148,2024-02-11,completed,card
1660,2202,2024-03-05,completed,card
1661,112,2024-08-22,completed,card
1662,202,2024-01-04,completed,card
1663,166,2024-12-09,completed,atm
1664,2180,2024-07-12,completed,card
1665,2133,2025-11-09,cancelled,wallet
1666,2337,2025-01-23,completed,wallet
1667,569,2024-12-18,cancelled,card
1668,349,2024-12-09,completed,card
1669,2318,2024-07-31,completed,card
1670,775,2024-09-08,completed,cod
1671,1470,2025-03-22,completed,wallet
1672,561,2025-05-24,completed,cod
1673,1502,2024-01-18,completed,atm
1674,1235,2024-09-15,refunded,card
1675,2185,2024-07-19,completed,atm
1676,135,2024-01-13,completed,atm
1677,1966,2024-12-15,completed,atm
1678,1439,2024-08-19,completed,cod
1679,737,2024-11-23,completed,atm
1680,2282,2025-08-07,completed,atm
1681,1557,2025-02-10,cancelled,card
1682,1109,2024-05-31,completed,atm
1683,1905,2025-01-07,completed,wallet
1684,670,2025-05-09,completed,card
1685,1598,2024-07-06,completed,atm
1686,2102,2024-11-26,completed,cod
1687,518,2025-08-21,completed,atm
1688,1515,2025-02-22,completed,card
1689,1078,2025-05-12,completed,cod
1690,242,2025-07-25,completed,card
1691,29,2024-10-10,completed,atm
1692,1024,2024-10-01,completed,card
1693,165,2025-02-26,completed,atm
1694,631,2024-01-09,completed,card
1695,412,2024-11-09,completed,card
1696,1174,2025-05-08,refunded,card
1697,2053,2024-03-12,completed,atm
1698,832,2025-08-09,completed,card
1699,1858,2024-12-30,completed,card
1700,13,2024-10-10,completed,atm
1701,2092,2024-12-29,completed,wallet
1702,701,2024-10-05,completed,cod
1703,2445,2024-05-30,completed,atm
1704,1940,2024-05-20,completed,card
1705,1954,2024-05-14,completed,card
1706,702,2024-08-28,completed,atm
1707,1124,2025-10-12,completed,card
1708,1438,2024-02-22,completed,card
1709,1830,2024-02-10,completed,wallet
1710,356,2025-04-01,completed,card
1711,1940,2024-09-21,completed,card
1712,1115,2024-09-11,completed,card
1713,362,2025-09-20,completed,card
1714,1461,2025-01-20,completed,card
1715,2463,2024-10-24,refunded,wallet
1716,585,2024-06-28,completed,wallet
1717,59,2024-05-14,completed,atm
1718,1333,2025-09-05,completed,atm
1719,1956,2024-11-26,completed,atm
1720,2118,2024-10-27,refunded,card
1721,756,2025-01-05,completed,card
1722,87,2025-08-11,completed,card
1723,5,2025-10-03,completed,cod
1724,1538,2025-05-11,completed,card
1725,1824,2024-05-07,completed,atm
1726,1846,2024-06-08,completed,wallet
1727,377,2024-11-12,completed,card
1728,2063,2024-02-10,completed,card
1729,2415,2025-01-31,completed,card
1730,442,2025-12-14,completed,cod
1731,1966,2024-12-09,completed,card
1732,980,2025-03-04,completed,card
1733,1044,2024-02-28,completed,card
1734,1999,2025-09-07,completed,atm
1735,1751,2024-03-12,completed,wallet
1736,142,2025-06-16,completed,card
1737,1228,2025-06-22,completed,card
1738,2370,2024-09-12,completed,card
1739,2264,2024-08-20,completed,card
1740,844,2025-02-27,completed,card
1741,1593,2025-12-30,completed,atm
1742,1355,2025-05-17,completed,card
1743,263,2025-08-09,completed,wallet
1744,2102,2024-05-01,completed,card
1745,2446,2025-04-12,completed,card
1746,1522,2024-01-15,completed,card
1747,407,2024-01-20,refunded,card
1748,1255,2024-03-04,completed,wallet
1749,1808,2024-05-27,completed,card
1750,157,2024-05-20,completed,cod
1751,1028,2025-04-29,completed,atm
1752,587,2025-05-30,refunded,atm
1753,385,2024-10-03,completed,card
1754,437,2024-12-17,completed,card
1755,80,2025-08-04,completed,atm
1756,840,2025-01-30,completed,wallet
1757,976,2025-12-24,completed,atm
1758,1413,2025-01-10,completed,card
1759,1003,2024-05-17,completed,card
1760,321,2025-11-18,completed,card
1761,388,2024-03-21,completed,card
1762,1776,2024-01-26,completed,card
1763,461,2025-12-28,completed,card
1764,1247,2024-10-21,completed,atm
1765,2195,2025-07-06,completed,atm
1766,630,2025-05-11,completed,card
1767,918,2024-11-01,completed,card
1768,334,2025-11-16,completed,atm
1769,1165,2024-12-30,completed,cod
1770,1464,2024-01-10,completed,card
1771,1804,2025-10-28,completed,wallet
1772,420,2025-05-23,completed,card
1773,1127,2024-08-26,completed,card
1774,2252,2024-05-21,completed,card
1775,676,2024-03-11,completed,card
1776,95,2024-02-04,completed,card
1777,1959,2025-09-20,completed,atm
1778,2029,2024-03-30,completed,card
1779,1257,2024-06-23,completed,wallet
1780,636,2024-01-08,completed,atm
1781,1719,2024-07-11,completed,card
1782,814,2025-09-18,completed,wallet
1783,2229,2024-05-06,completed,wallet
1784,1331,2024-10-16,completed,card
1785,2128,2024-11-02,completed,wallet
1786,2435,2024-10-03,completed,card
1787,393,2024-11-14,completed,wallet
1788,2492,2024-11-14,completed,atm
1789,576,2025-08-13,completed,atm
1790,1450,2024-04-14,completed,card
1791,99,2025-06-26,completed,card
1792,2225,2025-05-05,completed,cod
1793,1790,2025-08-08,completed,atm
1794,2360,2024-05-08,completed,atm
1795,556,2025-12-14,completed,card
1796,507,2024-02-21,completed,card
1797,2336,2024-11-23,completed,card
1798,1563,2024-07-23,completed,card
1799,2472,2025-09-07,completed,card
1800,1265,2024-12-04,completed,card
1801,1959,2024-07-07,completed,atm
1802,1735,2025-01-23,completed,card
1803,276,2024-02-11,completed,atm
1804,606,2025-02-22,completed,wallet
1805,448,2024-05-30,completed,atm
1806,1241,2024-10-07,completed,card
1807,474,2025-02-05,completed,wallet
1808,1401,2024-11-17,completed,card
1809,2223,2025-09-28,completed,card
1810,1896,2025-03-16,completed,card
1811,733,2024-01-30,completed,atm
1812,1858,2024-07-05,completed,card
1813,811,2025-05-01,completed,atm
1814,908,2024-04-20,completed,atm
1815,623,2024-11-01,completed,wallet
1816,1631,2024-09-08,completed,card
1817,2311,2024-10-18,completed,cod
1818,735,2025-04-27,completed,card
1819,1428,2024-08-12,completed,card
1820,2366,2024-12-05,completed,card
1821,2049,2024-02-11,completed,atm
1822,673,2024-12-19,completed,wallet
1823,2334,2024-08-06,completed,atm
1824,1143,2024-12-12,completed,atm
1825,1246,2025-10-23,completed,atm
1826,1937,2024-11-11,completed,card
1827,305,2024-12-31,cancelled,card
1828,112,2025-12-26,completed,atm
1829,74,2024-11-04,completed,card
1830,1646,2025-06-06,completed,card
1831,512,2025-04-26,completed,card
1832,2456,2025-09-14,completed,card
1833,816,2024-11-20,refunded,atm
1834,1831,2025-08-01,completed,card
1835,34,2024-04-25,refunded,wallet
1836,1309,2024-10-29,completed,wallet
1837,1447,2024-09-10,cancelled,card
1838,121,2024-12-08,completed,cod
1839,326,2024-04-23,completed,card
1840,661,2025-02-24,completed,card
1841,1640,2025-06-16,completed,card
1842,1649,2024-10-04,completed,atm
1843,2268,2024-12-02,completed,card
1844,527,2025-01-21,completed,card
1845,690,2025-09-22,cancelled,cod
1846,611,2025-07-06,completed,card
1847,886,2025-10-04,completed,wallet
1848,2363,2025-10-26,completed,atm
1849,921,2025-09-09,completed,cod
1850,542,2025-10-31,completed,card
1851,651,2025-08-31,completed,card
1852,807,2025-05-31,completed,atm
1853,1125,2025-02-28,completed,wallet
1854,661,2025-01-26,completed,card
1855,2345,2025-10-18,completed,cod
1856,919,2024-05-31,completed,card
1857,2274,2025-05-20,completed,card
1858,1900,2024-10-22,completed,cod
1859,680,2024-04-23,completed,card
1860,811,2025-03-22,completed,cod
1861,339,2024-01-14,completed,cod
1862,49,2025-05-20,completed,atm
1863,2097,2025-08-22,completed,cod
1864,115,2024-02-20,completed,card
1865,218,2024-07-20,completed,cod
1866,1805,2025-04-15,completed,card
1867,712,2024-01-20,completed,cod
1868,462,2025-01-05,completed,card
1869,1875,2025-03-03,completed,card
1870,1599,2024-06-21,cancelled,atm
1871,1596,2024-02-03,completed,atm
1872,768,2025-07-16,completed,card
1873,337,2025-11-02,completed,card
1874,1575,2025-11-21,completed,card
1875,1457,2025-12-16,completed,card
1876,451,2025-03-29,completed,card
1877,2323,2025-08-14,completed,atm
1878,807,2025-05-27,completed,atm
1879,689,2024-06-17,completed,card
1880,1596,2024-12-27,completed,atm
1881,800,2024-03-22,completed,atm
1882,1128,2024-06-18,completed,card
1883,1901,2025-01-11,completed,card
1884,2269,2025-09-26,completed,card
1885,577,2024-01-22,completed,card
1886,379,2025-11-06,completed,atm
1887,260,2025-02-16,completed,card
1888,879,2025-12-18,completed,card
1889,1052,2025-02-25,completed,card
1890,1617,2025-11-08,completed,card
1891,906,2025-12-20,completed,atm
1892,2432,2025-04-20,completed,card
1893,1686,2024-03-31,completed,atm
1894,2202,2025-01-17,completed,wallet
1895,1416,2024-06-29,cancelled,atm
1896,195,2024-04-11,completed,cod
1897,908,2025-09-25,completed,cod
1898,1211,2024-01-04,completed,wallet
1899,473,2024-09-08,completed,card
1900,539,2025-05-02,completed,card
1901,556,2024-07-19,completed,card
1902,1441,2025-05-29,completed,card
1903,985,2024-12-25,completed,card
1904,1456,2025-02-22,completed,card
1905,1607,2025-07-12,completed,card
1906,2332,2024-10-13,completed,card
1907,838,2024-12-19,completed,card
1908,2209,2024-11-15,completed,wallet
1909,1568,2025-09-09,completed,card
1910,2285,2024-06-13,completed,wallet
1911,719,2025-12-18,completed,wallet
1912,1416,2024-05-11,completed,atm
1913,2013,2024-05-01,completed,card
1914,2388,2025-12-22,completed,card
1915,857,2024-10-22,completed,atm
1916,829,2024-10-15,completed,card
1917,1150,2024-10-16,completed,cod
1918,2143,2025-07-06,completed,card
1919,661,2025-09-03,completed,card
1920,2030,2024-05-20,completed,wallet
1921,2012,2024-05-11,completed,wallet
1922,1951,2025-12-19,completed,cod
1923,1458,2024-10-21,refunded,cod
1924,1633,2025-08-17,completed,wallet
1925,839,2024-01-26,completed,card
1926,1439,2025-07-05,completed,card
1927,2081,2024-07-24,completed,card
1928,2285,2024-11-10,completed,card
1929,1673,2024-08-18,completed,card
1930,213,2025-01-24,completed,atm
1931,2408,2024-10-25,completed,atm
1932,893,2024-10-27,completed,wallet
1933,1200,2024-06-07,completed,card
1934,533,2025-10-25,completed,card
1935,585,2024-08-14,refunded,card
1936,650,2025-04-09,completed,card
1937,1872,2025-12-31,completed,card
1938,875,2025-01-07,completed,atm
1939,782,2025-08-31,completed,wallet
1940,1703,2024-02-01,completed,card
1941,2404,2025-11-17,completed,atm
1942,1791,2025-01-29,completed,card
1943,1168,2025-01-16,completed,atm
1944,1841,2025-01-25,refunded,card
1945,1961,2025-09-05,completed,card
1946,677,2024-09-28,completed,cod
1947,1025,2025-12-17,completed,atm
1948,790,2025-12-05,completed,card
1949,1255,2025-02-10,completed,atm
1950,569,2024-08-19,completed,card
1951,561,2025-03-09,completed,card
1952,2030,2025-12-06,completed,card
1953,1208,2025-12-29,completed,atm
1954,2112,2025-12-02,cancelled,card
1955,972,2024-08-16,completed,card
1956,1866,2024-11-28,completed,card
1957,1292,2025-09-30,completed,card
1958,1013,2024-02-18,completed,card
1959,1430,2025-11-02,completed,card
1960,1046,2025-01-06,completed,wallet
1961,1846,2025-03-20,completed,card
1962,2206,2025-07-13,completed,atm
1963,1049,2024-05-23,completed,wallet
1964,1639,2025-04-28,completed,atm
1965,1177,2024-06-21,completed,wallet
1966,2442,2025-10-30,completed,wallet
1967,2289,2024-12-25,completed,atm
1968,2089,2024-08-05,completed,atm
1969,2091,2024-02-03,completed,atm
1970,753,2024-02-29,completed,card
1971,951,2024-08-17,completed,atm
1972,894,2024-10-07,completed,card
1973,408,2025-01-20,completed,card
1974,735,2025-06-12,completed,atm
1975,50,2025-11-21,completed,card
1976,2260,2024-11-02,completed,card
1977,1878,2024-08-02,completed,cod
1978,42,2024-03-13,completed,card
1979,1251,2025-06-29,completed,wallet
1980,2125,2025-08-29,completed,cod
1981,1927,2025-11-26,completed,wallet
1982,664,2025-12-21,refunded,card
1983,776,2024-12-17,completed,cod
1984,682,2025-11-07,completed,atm
1985,1124,2025-11-27,cancelled,cod
1986,56,2025-06-07,completed,card
1987,1046,2024-03-08,completed,card
1988,2110,2025-03-30,completed,cod
1989,1631,2024-05-25,completed,card
1990,1671,2024-04-23,completed,card
1991,1145,2024-06-27,completed,wallet
1992,459,2024-09-08,completed,atm
1993,198,2025-02-11,cancelled,card
1994,967,2024-12-19,completed,card
1995,1196,2025-07-09,completed,card
1996,1648,2025-11-18,completed,card
1997,1586,2024-06-07,completed,card
1998,2007,2025-11-24,completed,card
1999,1770,2024-12-27,completed,card
2000,1,2024-04-04,completed,atm
2001,497,2025-11-27,completed,atm
2002,2293,2024-05-20,completed,wallet
2003,103,2025-12-06,completed,cod
2004,2261,2024-12-09,completed,atm
2005,234,2025-10-29,completed,card
2006,605,2025-12-26,completed,atm
2007,2322,2024-08-11,completed,card
2008,421,2025-02-09,completed,atm
2009,1443,2025-03-12,completed,card
2010,1766,2024-02-04,completed,atm
2011,516,2025-12-26,completed,card
2012,2130,2024-01-19,completed,card
2013,1235,2024-08-19,completed,card
2014,1132,2024-07-26,completed,card
2015,1885,2025-07-04,completed,wallet
2016,1534,2024-12-27,completed,card
2017,1306,2025-08-02,completed,atm
2018,728,2024-11-02,completed,atm
2019,2244,2025-05-14,completed,card
2020,2324,2025-11-30,completed,atm
2021,762,2024-01-08,completed,card
2022,1224,2024-08-16,completed,wallet
2023,2218,2024-03-06,completed,card
2024,1016,2024-01-03,completed,cod
2025,806,2025-09-28,completed,cod
2026,695,2025-08-08,completed,card
2027,631,2024-07-14,completed,atm
2028,1809,2025-11-26,completed,cod
2029,2470,2025-10-26,completed,card
2030,1018,2025-08-10,completed,card
2031,1203,2025-12-09,completed,wallet
2032,462,2025-05-30,completed,atm
2033,1023,2024-05-07,completed,atm
2034,1073,2024-01-10,completed,card
2035,474,2025-06-28,refunded,atm
2036,552,2024-12-14,completed,card
2037,174,2024-02-05,cancelled,wallet
2038,835,2025-05-29,completed,card
2039,1751,2024-02-17,completed,atm
2040,1618,2024-01-31,completed,card
2041,524,2024-10-14,cancelled,atm
2042,1361,2025-01-26,completed,card
2043,2097,2025-04-18,completed,card
2044,1463,2025-02-28,completed,wallet
2045,465,2025-05-12,completed,card
2046,885,2025-11-20,completed,atm
2047,1385,2025-04-30,completed,wallet
2048,1839,2024-08-06,completed,card
2049,569,2025-02-11,completed,card
2050,2002,2024-03-22,completed,cod
2051,46,2024-08-23,completed,wallet
2052,1511,2024-02-26,completed,atm
2053,1237,2025-09-29,completed,card
2054,576,2025-06-09,completed,card
2055,1542,2025-05-24,completed,wallet
2056,747,2025-03-05,completed,card
2057,1598,2024-09-11,completed,card
2058,1301,2024-12-03,completed,wallet
2059,1291,2025-05-20,completed,wallet
2060,1058,2024-01-30,completed,wallet
2061,1942,2025-11-20,completed,cod
2062,326,2025-01-17,completed,atm
2063,2027,2025-10-31,completed,card
2064,34,2025-09-04,completed,card
2065,1994,2025-07-03,completed,cod
2066,88,2025-09-19,completed,atm
2067,1146,2025-01-26,completed,wallet
2068,1492,2025-10-01,completed,wallet
2069,1004,2025-01-16,completed,atm
2070,832,2024-10-13,completed,card
2071,2276,2024-09-09,completed,card
2072,69,2025-11-19,completed,cod
2073,2076,2024-03-01,completed,wallet
2074,471,2024-03-25,cancelled,card
2075,1670,2024-07-19,completed,cod
2076,1287,2024-09-24,completed,card
2077,654,2025-09-22,completed,cod
2078,616,2025-02-02,completed,card
2079,1936,2024-10-03,completed,card
2080,801,2025-02-23,completed,card
2081,673,2024-06-12,completed,card
2082,804,2024-11-07,completed,card
2083,1375,2024-04-02,completed,cod
2084,418,2025-04-01,completed,card
2085,774,2024-08-30,completed,wallet
2086,1452,2024-12-05,completed,card
2087,1158,2024-04-03,completed,atm
2088,765,2025-08-06,completed,wallet
2089,348,2024-09-26,completed,card
2090,2230,2025-01-03,completed,card
2091,1965,2024-12-06,completed,card
2092,1942,2025-08-13,completed,card
2093,1725,2025-11-14,completed,wallet
2094,232,2024-07-05,completed,atm
2095,1813,2024-08-27,completed,card
2096,1153,2025-10-01,completed,atm
2097,1676,2025-05-21,completed,atm
2098,1547,2024-10-05,completed,card
2099,206,2025-08-18,completed,atm
2100,2500,2024-09-04,completed,card
2101,1704,2024-08-05,completed,atm
2102,2479,2025-08-17,completed,wallet
2103,2435,2025-12-03,completed,card
2104,1540,2025-08-24,completed,atm
2105,982,2024-04-06,completed,card
2106,647,2025-03-09,completed,card
2107,795,2025-01-09,completed,atm
2108,2398,2024-01-28,completed,card
2109,914,2025-08-13,completed,atm
2110,1896,2024-12-14,completed,wallet
2111,1812,2024-03-10,completed,card
2112,598,2024-07-04,completed,card
2113,1158,2025-05-07,completed,cod
2114,2116,2025-09-19,completed,card
2115,215,2024-09-14,completed,card
2116,2429,2024-10-08,completed,wallet
2117,1862,2025-01-12,completed,cod
2118,730,2024-04-26,completed,card
2119,1464,2024-01-22,completed,wallet
2120,2255,2025-09-17,completed,atm
2121,552,2025-02-28,completed,card
2122,1201,2024-08-19,completed,atm
2123,321,2024-12-03,completed,atm
2124,1757,2025-08-13,completed,cod
2125,1067,2025-11-14,cancelled,card
2126,758,2024-01-08,completed,card
2127,963,2025-05-17,completed,card
2128,2093,2024-11-06,completed,card
2129,8,2024-11-05,completed,card
2130,1403,2024-08-25,completed,card
2131,1087,2025-07-30,completed,atm
2132,520,2024-09-10,completed,wallet
2133,610,2025-12-19,completed,wallet
2134,1728,2025-03-29,completed,atm
2135,1596,2025-06-01,completed,card
2136,2021,2025-04-18,completed,card
2137,2297,2025-05-01,completed,card
2138,1689,2024-01-31,completed,wallet
2139,361,2025-09-13,completed,wallet
2140,711,2024-12-29,completed,card
2141,1099,2024-01-28,completed,atm
2142,467,2025-12-26,completed,atm
2143,508,2024-04-22,completed,card
2144,1176,2025-04-24,completed,wallet
2145,2108,2025-06-11,completed,atm
2146,29,2025-11-25,completed,atm
2147,2173,2024-07-02,completed,atm
2148,112,2025-09-13,completed,card
2149,2015,2024-06-04,completed,cod
2150,1899,2025-05-02,completed,atm
2151,625,2025-09-02,completed,card
2152,1002,2024-03-04,completed,cod
2153,198,2025-11-17,completed,atm
2154,2096,2024-05-27,completed,atm
2155,2122,2024-10-27,completed,card
2156,1705,2024-01-08,completed,wallet
2157,1848,2025-05-28,completed,card
2158,1784,2024-07-05,completed,card
2159,1591,2025-11-21,completed,cod
2160,287,2025-08-21,completed,card
2161,811,2025-09-22,completed,card
2162,2298,2025-12-06,completed,card
2163,24,2024-08-02,completed,card
2164,2410,2025-05-15,completed,atm
2165,2304,2024-07-16,completed,atm
2166,2102,2024-11-14,completed,card
2167,1322,2025-03-24,completed,atm
2168,1333,2024-06-14,completed,card
2169,2311,2025-12-22,cancelled,card
2170,1081,2024-07-11,completed,card
2171,588,2024-09-06,completed,wallet
2172,1180,2024-05-27,completed,cod
2173,37,2025-10-16,completed,card
2174,2365,2024-02-28,completed,card
2175,1245,2025-10-29,completed,card
2176,903,2025-09-16,completed,wallet
2177,2076,2025-10-19,completed,card
2178,11,2024-11-11,completed,cod
2179,524,2025-12-13,completed,card
2180,2463,2025-06-17,completed,atm
2181,175,2024-12-18,completed,card
2182,1168,2024-09-27,completed,card
2183,924,2024-05-14,completed,atm
2184,2419,2024-12-01,completed,card
2185,1493,2025-03-11,completed,atm
2186,1233,2025-10-05,completed,wallet
2187,792,2025-10-18,completed,card
2188,527,2024-06-10,completed,card
2189,1036,2025-11-02,completed,atm
2190,2396,2024-09-20,completed,card
2191,1518,2025-12-29,completed,atm
2192,1265,2025-07-18,completed,wallet
2193,74,2025-07-17,completed,card
2194,1252,2024-05-11,completed,card
2195,2483,2025-04-02,completed,card
2196,167,2025-12-15,completed,atm
2197,1245,2024-02-11,completed,atm
2198,888,2024-03-28,completed,card
2199,738,2024-01-08,completed,card
2200,1045,2024-02-26,completed,card
2201,2153,2025-03-06,completed,card
2202,1994,2025-11-23,refunded,atm
2203,1634,2024-11-26,completed,card
2204,1304,2025-12-10,completed,card
2205,1625,2024-05-01,completed,card
2206,893,2024-04-05,completed,cod
2207,1600,2025-03-19,completed,card
2208,210,2025-08-13,completed,card
2209,861,2025-07-27,completed,atm
2210,1567,2025-09-27,cancelled,card
2211,959,2024-09-11,cancelled,wallet
2212,2306,2024-08-26,completed,card
2213,1715,2024-05-31,completed,atm
2214,1385,2025-10-03,completed,atm
2215,1637,2025-11-25,refunded,card
2216,1443,2024-04-12,completed,card
2217,911,2025-05-03,completed,atm
2218,701,2024-08-05,completed,card
2219,861,2024-07-22,cancelled,card
2220,2302,2024-03-30,completed,atm
2221,817,2025-08-19,completed,cod
2222,2480,2025-06-17,completed,atm
2223,17,2024-02-16,completed,card
2224,1695,2025-05-03,completed,card
2225,994,2024-03-16,completed,atm
2226,6,2024-04-01,completed,card
2227,1695,2024-12-01,completed,atm
2228,1892,2025-12-01,completed,card
2229,86,2024-10-23,completed,atm
2230,1798,2024-01-16,completed,card
2231,1893,2025-10-08,completed,card
2232,477,2025-09-25,completed,cod
2233,1508,2024-01-16,completed,atm
2234,1824,2024-11-05,cancelled,card
2235,1232,2024-04-07,completed,card
2236,1229,2024-12-25,completed,card
2237,1604,2024-12-19,completed,card
2238,332,2024-12-17,completed,cod
2239,263,2024-02-20,completed,card
2240,149,2024-12-02,completed,card
2241,2049,2024-09-18,completed,card
2242,2406,2024-12-16,completed,card
2243,562,2025-06-03,completed,cod
2244,2384,2024-05-07,completed,wallet
2245,1402,2024-02-28,completed,atm
2246,2135,2024-12-10,completed,wallet
2247,1625,2024-12-23,completed,wallet
2248,586,2024-12-15,completed,card
2249,120,2024-05-24,completed,atm
2250,1877,2025-03-29,completed,card
2251,356,2025-06-03,completed,card
2252,419,2025-04-13,completed,card
2253,662,2024-07-22,completed,card
2254,2396,2024-04-15,completed,card
2255,2230,2024-04-27,completed,atm
2256,1673,2025-11-23,completed,atm
2257,76,2025-11-08,completed,card
2258,851,2024-04-01,refunded,card
2259,1696,2025-04-02,completed,atm
2260,477,2024-07-20,refunded,card
2261,801,2025-11-19,completed,wallet
2262,1325,2024-05-27,completed,card
2263,1052,2025-12-20,completed,atm
2264,1800,2025-03-26,completed,atm
2265,1120,2025-06-20,completed,cod
2266,2426,2025-11-20,completed,wallet
2267,1218,2024-07-12,completed,wallet
2268,1327,2025-01-01,completed,wallet
2269,1449,2024-10-14,completed,card
2270,1540,2025-02-21,completed,wallet
2271,889,2025-12-08,completed,atm
2272,1725,2025-06-08,completed,atm
2273,1364,2025-04-23,completed,cod
2274,1656,2024-08-10,completed,card
2275,1212,2024-05-24,completed,card
2276,1233,2024-02-26,completed,card
2277,1030,2025-02-19,completed,card
2278,690,2025-06-01,cancelled,atm
2279,392,2025-04-18,cancelled,card
2280,1436,2024-05-19,completed,card
2281,1145,2025-04-30,completed,atm
2282,259,2024-05-11,completed,atm
2283,2246,2025-09-20,completed,card
2284,214,2024-07-02,completed,atm
2285,781,2025-08-26,completed,atm
2286,386,2024-11-08,cancelled,wallet
2287,2172,2025-02-26,completed,cod
2288,194,2025-02-11,completed,cod
2289,999,2025-02-02,completed,card
2290,149,2025-01-11,completed,atm
2291,2315,2024-05-27,completed,card
2292,62,2024-03-04,completed,card
2293,1508,2024-08-06,cancelled,card
2294,373,2025-02-20,completed,card
2295,773,2025-07-10,completed,card
2296,2389,2025-03-29,completed,card
2297,1099,2025-11-27,completed,card
2298,1596,2025-05-12,cancelled,wallet
2299,1313,2025-04-30,refunded,card
2300,559,2024-10-05,completed,atm
2301,2451,2025-08-29,completed,card
2302,2397,2024-10-22,completed,atm
2303,451,2024-10-08,completed,card
2304,1340,2024-04-06,completed,cod
2305,179,2025-12-17,completed,atm
2306,1806,2025-01-29,completed,wallet
2307,2162,2024-10-08,completed,wallet
2308,1278,2025-11-18,completed,atm
2309,1600,2025-11-22,completed,atm
2310,965,2025-02-08,completed,atm
2311,799,2024-01-26,completed,atm
2312,969,2025-01-05,completed,card
2313,1903,2024-02-02,completed,wallet
2314,2439,2025-04-29,cancelled,card
2315,480,2025-07-04,completed,card
2316,1709,2024-05-30,completed,card
2317,1402,2025-05-03,completed,card
2318,1440,2025-08-13,completed,wallet
2319,518,2025-09-02,completed,wallet
2320,645,2024-10-29,completed,cod
2321,1244,2024-01-05,completed,atm
2322,889,2025-11-29,completed,atm
2323,1956,2025-02-06,completed,card
2324,1112,2024-07-11,completed,wallet
2325,426,2024-06-04,completed,card
2326,2466,2025-12-30,completed,cod
2327,631,2024-07-13,completed,atm
2328,1924,2024-05-21,completed,card
2329,1777,2025-06-10,completed,card
2330,666,2025-05-25,completed,atm
2331,981,2025-05-24,completed,wallet
2332,1310,2025-12-18,refunded,card
2333,15,2024-02-18,completed,card
2334,337,2024-05-30,completed,atm
2335,2056,2025-12-19,completed,card
2336,2252,2024-03-29,completed,cod
2337,317,2024-01-02,completed,wallet
2338,1078,2024-09-14,completed,card
2339,1757,2025-08-19,completed,cod
2340,984,2025-05-19,completed,atm
2341,1804,2025-12-24,completed,atm
2342,1254,2025-12-31,completed,cod
2343,1148,2024-05-27,completed,card
2344,1064,2024-08-01,completed,atm
2345,2232,2024-11-26,completed,atm
2346,1156,2024-10-23,completed,card
2347,1361,2025-05-17,cancelled,atm
2348,1798,2024-09-19,completed,atm
2349,1818,2024-08-28,completed,wallet
2350,213,2025-11-14,completed,card
2351,1529,2024-12-15,completed,card
2352,2325,2025-05-10,completed,card
2353,1200,2025-11-08,completed,atm
2354,1969,2024-02-01,completed,wallet
2355,1816,2024-03-24,completed,cod
2356,365,2025-08-12,completed,card
2357,15,2024-02-10,completed,atm
2358,552,2024-06-22,completed,wallet
2359,1248,2024-05-23,completed,cod
2360,2466,2025-04-14,completed,card
2361,1750,2024-03-31,completed,wallet
2362,994,2025-01-12,refunded,atm
2363,2335,2025-02-06,completed,atm
2364,125,2025-02-05,completed,wallet
2365,1287,2025-05-06,cancelled,atm
2366,401,2024-10-31,completed,atm
2367,1120,2024-12-30,completed,cod
2368,851,2024-12-12,completed,card
2369,237,2024-06-24,completed,wallet
2370,1900,2025-02-20,completed,card
2371,2278,2025-08-31,completed,wallet
2372,1750,2025-08-29,completed,atm
2373,2249,2024-12-09,completed,card
2374,1846,2025-10-02,refunded,atm
2375,2050,2025-11-19,completed,card
2376,2318,2024-02-18,completed,card
2377,2,2024-03-25,refunded,card
2378,2337,2024-12-22,completed,card
2379,1929,2025-04-05,completed,wallet
2380,1827,2024-05-26,completed,card
2381,460,2024-09-20,completed,card
2382,1181,2025-10-02,completed,cod
2383,2374,2025-03-29,refunded,wallet
2384,570,2024-11-22,completed,card
2385,1797,2025-05-24,completed,cod
2386,977,2025-08-11,completed,card
2387,1977,2025-01-06,cancelled,card
2388,463,2025-06-22,completed,card
2389,1939,2025-08-13,completed,card
2390,903,2025-06-07,completed,atm
2391,2115,2024-04-25,completed,atm
2392,1133,2025-04-01,completed,cod
2393,502,2024-08-26,completed,atm
2394,1937,2024-02-28,completed,wallet
2395,1984,2025-11-05,refunded,card
2396,2016,2025-02-08,completed,wallet
2397,2140,2024-08-15,completed,cod
2398,885,2024-05-04,completed,card
2399,1280,2025-04-15,completed,cod
2400,743,2024-05-03,completed,card
2401,1075,2025-02-12,completed,card
2402,2021,2024-05-15,completed,card
2403,889,2025-04-18,completed,atm
2404,507,2025-06-01,completed,atm
2405,1977,2024-10-28,completed,card
2406,1706,2025-09-26,completed,card
2407,443,2024-05-30,completed,card
2408,1778,2024-11-22,completed,card
2409,1999,2025-09-03,completed,card
2410,711,2024-11-29,completed,wallet
2411,1906,2025-05-25,completed,card
2412,990,2024-10-04,completed,wallet
2413,351,2024-01-24,completed,card
2414,2457,2024-05-23,completed,atm
2415,1152,2024-11-14,completed,card
2416,931,2025-08-06,completed,cod
2417,1302,2024-05-07,completed,atm
2418,978,2025-01-31,completed,card
2419,2231,2024-06-03,completed,card
2420,894,2024-08-27,completed,atm
2421,2119,2025-08-17,completed,wallet
2422,2049,2025-09-29,completed,card
2423,1229,2025-02-20,completed,card
2424,1448,2025-04-04,completed,card
2425,490,2025-12-19,completed,card
2426,214,2024-11-23,completed,card
2427,1773,2025-07-28,completed,card
2428,553,2025-10-16,completed,cod
2429,1038,2025-02-09,completed,card
2430,2415,2024-01-01,completed,card
2431,2338,2024-01-08,completed,cod
2432,1576,2024-08-05,completed,atm
2433,2050,2024-02-05,completed,card
2434,2194,2024-07-14,completed,card
2435,1956,2024-04-23,cancelled,card
2436,1910,2025-02-25,completed,card
2437,2393,2025-12-04,cancelled,card
2438,1645,2024-12-27,completed,wallet
2439,2267,2025-08-04,completed,atm
2440,1590,2025-01-12,completed,atm
2441,2199,2025-11-04,completed,atm
2442,2247,2025-01-11,completed,wallet
2443,513,2025-04-16,completed,wallet
2444,2083,2024-07-27,completed,atm
2445,726,2024-12-13,completed,card
2446,1711,2025-11-22,completed,card
2447,167,2025-11-15,completed,card
2448,387,2025-12-11,completed,card
2449,248,2024-03-06,completed,card
2450,257,2024-01-31,completed,cod
2451,2483,2025-09-06,completed,card
2452,1735,2025-06-04,completed,card
2453,1912,2025-08-14,completed,wallet
2454,2349,2024-11-03,completed,card
2455,308,2025-11-16,completed,card
2456,1543,2025-03-19,completed,card
2457,1027,2024-03-22,completed,atm
2458,1084,2025-01-10,completed,card
2459,1523,2024-10-05,completed,card
2460,841,2025-10-05,completed,card
2461,1774,2024-07-27,completed,card
2462,981,2025-12-11,completed,card
2463,529,2024-01-21,completed,atm
2464,99,2025-12-27,completed,wallet
2465,574,2024-09-17,completed,card
2466,2065,2024-05-09,completed,cod
2467,935,2024-07-29,completed,card
2468,2316,2025-04-09,completed,card
2469,771,2024-02-07,completed,card
2470,368,2025-08-19,completed,atm
2471,910,2025-01-07,completed,card
2472,713,2025-11-19,completed,cod
2473,1894,2025-03-09,completed,atm
2474,1750,2024-05-02,completed,card
2475,2312,2025-01-28,completed,card
2476,2180,2024-10-21,completed,card
2477,2044,2024-03-13,completed,card
2478,1069,2025-02-12,completed,card
2479,518,2025-05-18,completed,atm
2480,675,2024-03-18,completed,card
2481,1888,2024-03-01,refunded,card
2482,2079,2024-10-29,completed,atm
2483,373,2024-09-06,completed,cod
2484,1030,2024-12-30,completed,card
2485,1250,2024-02-11,completed,atm
2486,116,2025-10-31,completed,card
2487,2111,2025-06-12,completed,wallet
2488,1603,2024-12-13,completed,card
2489,852,2024-03-31,completed,atm
2490,1390,2025-08-09,completed,card
2491,1998,2025-12-28,completed,atm
2492,409,2025-10-16,completed,card
2493,181,2025-11-17,completed,card
2494,1136,2024-04-04,refunded,atm
2495,1264,2025-05-19,completed,card
2496,1878,2024-12-19,completed,card
2497,676,2025-09-27,completed,atm
2498,1195,2024-09-16,completed,card
2499,737,2025-09-21,completed,atm
2500,1628,2025-02-25,completed,wallet
2501,404,2025-10-10,completed,wallet
2502,1890,2024-05-15,completed,atm
2503,491,2024-05-10,completed,card
2504,519,2024-02-23,completed,atm
2505,2167,2025-02-10,completed,atm
2506,1365,2024-12-06,completed,card
2507,580,2024-11-23,completed,atm
2508,2224,2024-08-20,completed,card
2509,1782,2024-01-21,completed,atm
2510,1315,2025-10-07,completed,card
2511,569,2024-02-21,completed,card
2512,1905,2025-02-03,completed,card
2513,748,2024-11-18,completed,wallet
2514,2408,2025-01-16,completed,card
2515,1254,2024-03-13,completed,cod
2516,1622,2024-03-04,completed,atm
2517,768,2024-06-15,completed,card
2518,400,2025-11-12,completed,atm
2519,910,2024-02-09,completed,atm
2520,600,2024-05-03,completed,card
2521,139,2025-09-11,completed,card
2522,2363,2025-07-30,completed,wallet
2523,1094,2024-08-25,completed,cod
2524,828,2025-01-20,completed,atm
2525,888,2025-10-25,completed,wallet
2526,2263,2024-05-12,completed,atm
2527,812,2025-04-28,completed,card
2528,1720,2024-08-03,completed,wallet
2529,371,2024-06-12,completed,atm
2530,1628,2024-11-06,cancelled,cod
2531,1353,2024-07-31,cancelled,card
2532,2073,2024-10-03,completed,atm
2533,1644,2025-10-10,completed,atm
2534,2475,2025-05-25,cancelled,atm
2535,1531,2024-12-25,cancelled,cod
2536,1798,2025-03-14,completed,card
2537,1728,2024-10-24,completed,cod
2538,1204,2024-12-06,completed,wallet
2539,1789,2024-12-28,completed,card
2540,626,2025-08-18,completed,card
2541,494,2025-02-04,completed,card
2542,1151,2025-05-23,completed,cod
2543,1947,2025-11-01,completed,card
2544,1019,2024-10-21,cancelled,card
2545,1133,2024-06-15,completed,card
2546,7,2024-03-04,completed,card
2547,1857,2024-08-24,completed,atm
2548,403,2024-08-02,completed,card
2549,920,2024-05-27,completed,card
2550,1530,2025-11-07,completed,card
2551,275,2025-08-25,completed,wallet
2552,438,2025-11-02,completed,cod
2553,2179,2024-11-16,completed,wallet
2554,86,2024-09-11,completed,atm
2555,2103,2024-12-19,refunded,card
2556,2441,2024-05-07,completed,wallet
2557,2002,2024-02-08,completed,wallet
2558,1459,2025-01-27,completed,atm
2559,555,2024-02-11,refunded,card
2560,945,2025-05-26,completed,wallet
2561,2265,2025-08-08,completed,card
2562,266,2025-09-18,completed,atm
2563,496,2025-07-08,completed,card
2564,119,2025-08-16,completed,atm
2565,429,2024-08-07,completed,cod
2566,2449,2025-05-18,completed,card
2567,2466,2024-08-03,refunded,card
2568,1784,2025-02-07,completed,card
2569,1455,2024-07-07,completed,card
2570,1612,2024-12-09,completed,card
2571,499,2025-08-01,completed,card
2572,1907,2024-09-17,completed,atm
2573,656,2025-03-16,completed,card
2574,2167,2025-05-19,completed,card
2575,978,2025-07-18,completed,atm
2576,2333,2024-12-21,completed,wallet
2577,719,2025-07-16,completed,wallet
2578,748,2024-12-16,cancelled,atm
2579,2348,2025-01-10,completed,wallet
2580,1872,2025-11-02,completed,cod
2581,1802,2024-11-30,completed,cod
2582,1846,2024-02-14,completed,wallet
2583,1832,2025-02-19,completed,card
2584,2312,2025-03-09,completed,card
2585,2109,2024-04-12,completed,cod
2586,496,2025-04-01,completed,card
2587,734,2025-08-10,completed,atm
2588,1457,2025-01-15,completed,cod
2589,1856,2024-08-31,completed,atm
2590,780,2024-03-29,cancelled,atm
2591,1488,2024-05-27,completed,card
2592,53,2025-02-25,completed,card
2593,2410,2024-11-04,completed,card
2594,1334,2025-01-30,completed,atm
2595,349,2024-11-19,completed,atm
2596,4,2025-07-04,completed,atm
2597,965,2025-08-21,cancelled,cod
2598,1764,2024-10-11,completed,card
2599,1443,2024-02-17,completed,card
2600,714,2025-07-14,completed,cod
2601,161,2024-11-11,completed,atm
2602,2468,2025-12-16,completed,card
2603,1949,2025-10-24,refunded,card
2604,1316,2025-09-25,completed,cod
2605,1565,2025-11-28,completed,card
2606,2032,2025-02-18,completed,wallet
2607,104,2024-06-25,completed,card
2608,1058,2024-07-13,completed,card
2609,2408,2024-11-18,completed,card
2610,1963,2025-10-10,completed,card
2611,458,2025-05-04,completed,wallet
2612,29,2025-03-02,completed,atm
2613,1730,2025-11-25,completed,card
2614,1160,2025-08-11,completed,atm
2615,969,2024-06-25,completed,atm
2616,1175,2025-08-03,cancelled,atm
2617,1596,2025-03-18,completed,cod
2618,1254,2024-03-10,completed,card
2619,1726,2024-05-22,completed,card
2620,374,2024-04-24,completed,wallet
2621,1211,2024-01-18,completed,atm
2622,2268,2025-02-28,completed,wallet
2623,1399,2025-10-20,completed,atm
2624,2037,2024-01-27,completed,card
2625,1596,2024-10-09,completed,card
2626,2093,2024-09-27,completed,card
2627,698,2025-08-01,completed,card
2628,860,2025-01-24,completed,atm
2629,1980,2025-07-29,cancelled,card
2630,1596,2025-12-01,cancelled,card
2631,1420,2025-01-19,completed,card
2632,841,2025-01-13,cancelled,card
2633,1888,2024-01-04,completed,card
2634,402,2025-08-06,completed,card
2635,1671,2025-08-31,completed,card
2636,1697,2024-05-22,completed,card
2637,750,2024-04-06,completed,card
2638,2268,2024-12-31,completed,card
2639,638,2024-04-12,completed,card
2640,1332,2025-02-13,completed,cod
2641,590,2024-05-13,completed,card
2642,1879,2025-10-16,completed,card
2643,766,2024-10-09,completed,wallet
2644,68,2024-06-16,completed,cod
2645,1341,2024-09-30,completed,cod
2646,1441,2025-10-08,cancelled,atm
2647,391,2025-09-16,completed,card
2648,313,2025-12-22,completed,card
2649,1620,2024-06-06,completed,wallet
2650,2400,2024-08-12,completed,card
2651,541,2024-08-05,completed,wallet
2652,1160,2025-08-30,completed,card
2653,739,2024-10-12,completed,cod
2654,1230,2024-12-28,completed,atm
2655,1642,2024-03-25,completed,card
2656,2208,2024-05-25,cancelled,atm
2657,1043,2025-01-22,completed,card
2658,1769,2025-08-13,completed,card
2659,343,2024-04-15,completed,card
2660,2115,2025-11-17,completed,card
2661,1751,2025-08-11,completed,cod
2662,1750,2024-02-28,completed,atm
2663,2266,2024-01-29,completed,card
2664,1575,2025-06-28,completed,card
2665,2492,2025-09-30,completed,card
2666,383,2025-02-18,completed,card
2667,1133,2024-04-22,completed,atm
2668,2367,2025-10-20,completed,card
2669,1275,2025-07-01,completed,card
2670,2139,2025-04-20,cancelled,card
2671,2373,2024-08-16,completed,card
2672,1991,2025-10-20,completed,atm
2673,1339,2025-09-08,completed,card
2674,1138,2024-04-08,completed,card
2675,1926,2024-05-18,completed,card
2676,1216,2024-12-22,completed,wallet
2677,615,2024-08-05,completed,card
2678,1296,2025-01-03,completed,card
2679,102,2024-12-28,refunded,card
2680,2017,2024-03-22,completed,card
2681,2356,2025-03-17,completed,atm
2682,1784,2025-10-02,completed,card
2683,2255,2024-04-03,completed,atm
2684,1633,2024-01-27,completed,wallet
2685,1947,2025-11-14,completed,card
2686,996,2024-09-13,completed,atm
2687,2032,2024-08-01,completed,card
2688,2433,2024-05-13,completed,card
2689,723,2025-02-02,completed,wallet
2690,373,2025-11-30,completed,card
2691,1276,2024-05-31,completed,card
2692,1921,2024-12-31,completed,card
2693,407,2025-08-30,completed,card
2694,2228,2024-01-10,completed,atm
2695,1496,2025-11-03,completed,card
2696,1763,2025-02-10,completed,card
2697,1421,2025-11-09,completed,card
2698,1540,2025-02-16,completed,card
2699,1295,2025-02-12,completed,card
2700,260,2024-02-19,completed,card
2701,835,2024-07-01,completed,card
2702,1193,2024-04-23,completed,card
2703,2182,2024-05-07,completed,card
2704,321,2025-05-26,completed,card
2705,931,2025-07-28,completed,wallet
2706,2021,2024-12-12,completed,atm
2707,868,2025-02-18,completed,card
2708,1190,2024-09-20,completed,atm
2709,456,2025-07-25,completed,card
2710,1976,2025-11-08,completed,card
2711,878,2025-05-10,completed,card
2712,84,2024-12-30,completed,cod
2713,1277,2024-02-21,completed,wallet
2714,382,2024-02-25,completed,cod
2715,2199,2024-07-10,completed,atm
2716,2322,2025-04-19,completed,card
2717,858,2024-03-09,completed,card
2718,781,2025-08-08,completed,card
2719,2258,2025-01-24,completed,cod
2720,451,2025-01-14,completed,atm
2721,612,2024-11-24,completed,atm
2722,1737,2024-03-17,completed,card
2723,1882,2024-11-19,completed,card
2724,969,2024-08-15,refunded,card
2725,359,2024-05-17,completed,card
2726,2138,2024-06-25,completed,atm
2727,1856,2025-12-07,completed,wallet
2728,731,2024-11-27,completed,card
2729,917,2025-02-25,completed,card
2730,1031,2025-10-09,completed,card
2731,2124,2024-02-12,completed,atm
2732,1029,2025-01-22,completed,atm
2733,1416,2024-05-04,completed,card
2734,1275,2024-03-21,completed,wallet
2735,2301,2024-02-24,completed,card
2736,1917,2024-06-27,completed,card
2737,1530,2025-08-13,completed,card
2738,2314,2025-06-18,completed,card
2739,12,2024-09-18,completed,card
2740,2145,2025-08-20,completed,card
2741,990,2025-09-27,completed,card
2742,301,2024-01-01,completed,card
2743,1457,2025-09-06,completed,wallet
2744,1876,2025-09-30,completed,atm
2745,857,2024-10-07,completed,card
2746,2308,2024-04-14,completed,wallet
2747,702,2024-02-29,completed,atm
2748,147,2024-10-24,completed,atm
2749,1513,2025-01-02,completed,card
2750,719,2025-08-26,completed,atm
2751,1353,2025-11-26,completed,card
2752,964,2025-07-19,completed,card
2753,783,2024-03-27,completed,card
2754,1749,2025-01-20,refunded,card
2755,2340,2024-12-12,cancelled,atm
2756,1186,2024-08-22,completed,cod
2757,1971,2025-09-14,completed,card
2758,626,2024-05-17,completed,card
2759,340,2025-11-13,completed,atm
2760,105,2024-01-26,completed,atm
2761,923,2025-08-18,completed,wallet
2762,443,2024-02-06,completed,card
2763,744,2025-03-04,completed,card
2764,1505,2024-05-14,completed,card
2765,2048,2025-08-17,completed,atm
2766,1284,2025-12-01,completed,atm
2767,1894,2024-10-04,completed,wallet
2768,237,2024-03-15,completed,card
2769,306,2025-09-06,completed,atm
2770,2002,2025-02-02,completed,wallet
2771,2024,2024-08-06,completed,wallet
2772,2016,2025-07-16,completed,card
2773,2077,2024-07-09,completed,card
2774,1435,2024-07-02,completed,atm
2775,2048,2025-04-27,completed,card
2776,391,2025-07-02,completed,cod
2777,221,2025-01-14,completed,card
2778,1125,2025-03-06,completed,card
2779,462,2025-09-21,completed,wallet
2780,1457,2024-08-06,completed,wallet
2781,1263,2025-06-05,completed,card
2782,2036,2024-03-05,completed,card
2783,1157,2024-10-08,completed,wallet
2784,2225,2024-09-16,completed,card
2785,2205,2025-11-23,completed,card
2786,458,2024-08-02,completed,atm
2787,1460,2024-11-04,completed,card
2788,49,2024-08-15,completed,wallet
2789,2128,2024-12-23,completed,card
2790,818,2025-05-15,completed,card
2791,508,2024-12-11,completed,card
2792,1367,2025-05-18,completed,card
2793,856,2024-10-24,completed,card
2794,1029,2024-02-16,cancelled,card
2795,2171,2025-12-15,completed,cod
2796,2015,2025-11-26,completed,atm
2797,524,2024-03-24,completed,card
2798,756,2024-06-17,completed,card
2799,2030,2025-08-19,cancelled,cod
2800,2446,2025-05-24,completed,card
2801,1304,2025-08-07,completed,card
2802,540,2024-01-27,completed,cod
2803,2098,2024-04-15,completed,card
2804,2047,2025-08-04,refunded,atm
2805,247,2025-01-31,completed,card
2806,1257,2024-08-30,completed,card
2807,1479,2024-06-26,cancelled,card
2808,39,2024-09-27,completed,cod
2809,2000,2024-07-27,completed,card
2810,2340,2024-10-28,completed,card
2811,2324,2024-12-20,completed,atm
2812,1850,2025-03-07,completed,card
2813,1647,2025-08-17,completed,card
2814,2256,2024-11-04,completed,card
2815,2206,2024-03-30,completed,card
2816,1369,2024-04-04,completed,atm
2817,2077,2024-11-30,completed,card
2818,1035,2025-09-05,completed,card
2819,1940,2024-09-11,completed,card
2820,99,2024-08-01,completed,atm
2821,2480,2024-05-13,completed,card
2822,1837,2025-11-28,completed,cod
2823,1319,2025-05-13,completed,card
2824,34,2024-04-02,completed,atm
2825,516,2024-11-01,completed,card
2826,1750,2025-01-07,completed,wallet
2827,471,2024-04-25,completed,card
2828,626,2025-03-05,completed,card
2829,1258,2025-09-03,completed,wallet
2830,643,2025-11-30,completed,atm
2831,1694,2024-06-09,refunded,card
2832,1546,2024-05-10,completed,card
2833,1294,2024-03-28,completed,card
2834,172,2024-12-25,completed,card
2835,1423,2024-05-30,cancelled,wallet
2836,828,2025-05-06,completed,wallet
2837,1967,2025-04-23,completed,atm
2838,2257,2025-04-19,completed,wallet
2839,2425,2025-01-14,completed,card
2840,129,2024-03-06,completed,card
2841,2068,2025-02-06,completed,card
2842,1739,2024-04-30,completed,atm
2843,2113,2024-04-30,completed,card
2844,835,2025-10-16,completed,card
2845,810,2025-10-18,completed,card
2846,2284,2024-10-24,completed,card
2847,982,2025-05-10,completed,card
2848,1045,2024-08-18,completed,wallet
2849,1256,2025-06-03,refunded,card
2850,1258,2025-10-29,completed,atm
2851,867,2024-12-19,completed,atm
2852,2281,2025-02-01,completed,card
2853,1187,2025-12-09,completed,card
2854,455,2025-06-03,completed,atm
2855,2203,2025-10-26,completed,card
2856,1567,2024-11-08,completed,card
2857,8,2025-12-14,completed,wallet
2858,1175,2024-10-06,completed,card
2859,2265,2024-07-15,completed,card
2860,1285,2024-03-08,completed,cod
2861,1385,2025-11-01,completed,card
2862,2367,2025-07-26,completed,card
2863,2187,2024-10-09,completed,atm
2864,343,2025-01-13,completed,card
2865,1471,2025-02-07,completed,atm
2866,959,2025-08-12,completed,card
2867,2446,2024-09-20,completed,card
2868,890,2025-12-08,completed,atm
2869,1715,2024-01-25,completed,wallet
2870,2363,2024-07-27,completed,cod
2871,1984,2024-07-08,completed,wallet
2872,1878,2024-10-16,completed,card
2873,852,2025-01-26,completed,card
2874,1458,2025-02-14,completed,atm
2875,638,2024-09-24,completed,wallet
2876,424,2025-09-30,completed,card
2877,1458,2024-11-24,completed,atm
2878,1809,2025-10-28,completed,card
2879,2200,2025-07-22,completed,card
2880,874,2025-11-30,completed,card
2881,1203,2025-10-29,completed,card
2882,2098,2025-02-04,completed,atm
2883,1264,2024-01-11,completed,atm
2884,27,2025-05-26,completed,card
2885,1802,2025-01-27,completed,card
2886,783,2024-07-23,completed,card
2887,1707,2025-03-20,completed,card
2888,1429,2024-08-28,completed,card
2889,2165,2025-08-26,completed,card
2890,1596,2025-11-12,completed,wallet
2891,1620,2024-12-01,completed,card
2892,1443,2025-10-20,completed,atm
2893,2300,2025-11-28,completed,wallet
2894,1940,2024-09-02,completed,wallet
2895,354,2025-10-30,completed,card
2896,1741,2025-12-17,completed,atm
2897,1205,2024-11-27,completed,atm
2898,1357,2024-04-05,completed,atm
2899,971,2025-12-04,completed,wallet
2900,229,2024-04-15,completed,wallet
2901,1961,2025-09-22,completed,card
2902,553,2025-02-07,completed,wallet
2903,2401,2025-01-24,completed,atm
2904,672,2025-04-01,completed,atm
2905,2339,2025-09-26,completed,cod
2906,920,2025-02-06,completed,card
2907,1250,2025-09-22,completed,atm
2908,1887,2024-06-07,completed,card
2909,1706,2024-01-02,cancelled,card
2910,747,2025-12-02,completed,card
2911,298,2024-09-05,completed,atm
2912,2032,2024-12-08,completed,wallet
2913,1382,2024-03-09,completed,atm
2914,1497,2024-12-04,completed,card
2915,1737,2025-08-26,completed,wallet
2916,134,2025-05-05,completed,cod
2917,548,2024-03-29,completed,atm
2918,1000,2025-10-24,completed,card
2919,1411,2024-06-18,completed,cod
2920,2168,2024-10-12,completed,card
2921,969,2024-08-08,completed,wallet
2922,905,2025-01-24,completed,card
2923,121,2024-01-09,completed,wallet
2924,924,2025-04-03,completed,card
2925,1758,2024-04-20,completed,card
2926,1695,2025-02-14,completed,card
2927,1472,2025-09-08,completed,wallet
2928,1886,2024-02-12,completed,card
2929,2369,2024-08-19,completed,card
2930,859,2024-03-14,completed,card
2931,1715,2025-12-29,completed,cod
2932,1713,2024-12-01,completed,wallet
2933,1692,2025-02-09,completed,wallet
2934,367,2024-02-09,completed,card
2935,364,2024-01-29,completed,card
2936,796,2025-08-12,completed,card
2937,204,2025-01-18,completed,card
2938,388,2025-10-01,completed,card
2939,2267,2024-07-23,completed,atm
2940,2318,2025-01-25,completed,card
2941,931,2025-07-13,completed,card
2942,905,2024-05-26,completed,card
2943,2456,2024-12-16,completed,card
2944,218,2024-01-04,completed,cod
2945,1078,2024-07-04,cancelled,atm
2946,1461,2025-04-19,completed,card
2947,1259,2025-11-02,completed,wallet
2948,2078,2024-09-01,refunded,card
2949,1760,2024-12-06,completed,card
2950,748,2025-12-08,completed,card
2951,88,2025-04-02,completed,atm
2952,1179,2024-07-10,completed,card
2953,912,2025-01-19,completed,card
2954,177,2024-01-17,completed,atm
2955,1403,2024-01-31,completed,atm
2956,2425,2025-11-27,completed,atm
2957,1175,2024-02-18,completed,card
2958,246,2025-11-18,completed,cod
2959,1123,2024-10-30,completed,cod
2960,585,2024-12-26,completed,cod
2961,598,2025-12-05,completed,wallet
2962,371,2025-12-01,completed,card
2963,498,2025-02-03,completed,card
2964,2382,2025-08-27,completed,card
2965,433,2025-12-06,completed,card
2966,641,2025-04-27,completed,atm
2967,1424,2025-12-18,completed,atm
2968,2103,2025-08-24,completed,atm
2969,506,2025-01-09,completed,atm
2970,192,2024-07-27,completed,wallet
2971,2462,2024-02-29,completed,atm
2972,130,2024-05-28,completed,card
2973,1342,2025-11-05,completed,card
2974,1572,2025-10-06,completed,cod
2975,556,2024-06-27,completed,card
2976,2186,2025-10-25,completed,atm
2977,1492,2025-08-16,completed,atm
2978,385,2025-08-09,completed,atm
2979,1604,2024-04-09,completed,card
2980,1958,2025-06-02,completed,wallet
2981,2432,2024-05-09,completed,card
2982,1764,2025-12-27,cancelled,card
2983,1903,2025-11-19,completed,wallet
2984,2119,2024-05-09,completed,card
2985,2291,2024-09-17,completed,wallet
2986,1220,2025-10-27,completed,cod
2987,1749,2024-09-19,completed,card
2988,1060,2025-08-21,completed,card
2989,445,2025-02-04,completed,wallet
2990,27,2024-11-08,completed,wallet
2991,1703,2024-02-27,completed,card
2992,952,2024-02-07,completed,cod
2993,207,2025-11-24,completed,wallet
2994,1724,2024-12-26,completed,atm
2995,2211,2025-05-18,completed,wallet
2996,2239,2025-11-24,completed,wallet
2997,2140,2025-03-26,completed,atm
2998,2096,2024-05-06,completed,card
2999,2399,2025-04-02,completed,atm
3000,67,2025-08-11,completed,card
3001,2089,2025-06-05,completed,cod
3002,213,2025-04-28,completed,wallet
3003,426,2024-07-02,completed,wallet
3004,2493,2024-01-15,completed,card
3005,2364,2025-08-01,completed,card
3006,1747,2025-06-26,completed,atm
3007,976,2024-07-02,completed,atm
3008,1999,2024-11-19,completed,card
3009,816,2025-09-23,completed,card
3010,1558,2024-01-02,completed,atm
3011,764,2024-01-23,refunded,card
3012,55,2025-01-23,completed,cod
3013,2142,2025-06-09,completed,card
3014,956,2025-08-24,completed,atm
3015,1561,2024-06-15,completed,atm
3016,1113,2024-08-10,completed,atm
3017,1751,2025-02-03,completed,wallet
3018,343,2024-08-02,completed,card
3019,120,2024-08-10,completed,card
3020,1292,2025-11-02,completed,atm
3021,1687,2025-10-18,completed,card
3022,381,2025-01-19,completed,wallet
3023,2127,2024-10-12,completed,atm
3024,2199,2025-12-06,completed,atm
3025,1726,2024-10-17,completed,card
3026,1961,2024-12-24,refunded,atm
3027,488,2025-10-27,completed,card
3028,2291,2025-03-22,completed,card
3029,1341,2025-07-30,completed,card
3030,1162,2025-01-27,completed,card
3031,404,2025-08-23,completed,cod
3032,1608,2024-06-30,completed,card
3033,1108,2025-11-03,completed,card
3034,1425,2025-04-12,completed,wallet
3035,1517,2025-11-28,completed,card
3036,559,2024-08-11,completed,card
3037,998,2024-11-26,completed,card
3038,2222,2025-11-16,completed,cod
3039,1040,2025-09-01,completed,card
3040,2259,2025-04-09,completed,card
3041,1267,2025-10-16,completed,atm
3042,1662,2024-01-08,completed,wallet
3043,2370,2025-09-21,completed,atm
3044,2075,2025-02-22,completed,card
3045,155,2024-06-04,completed,atm
3046,2216,2025-11-02,completed,atm
3047,736,2024-08-30,completed,atm
3048,595,2025-05-27,completed,card
3049,386,2024-10-17,completed,card
3050,1359,2024-10-09,completed,wallet
3051,2004,2024-08-05,completed,atm
3052,1330,2024-11-11,refunded,atm
3053,1966,2025-01-30,completed,card
3054,1356,2024-05-11,completed,wallet
3055,691,2024-10-24,completed,card
3056,2105,2025-03-18,completed,cod
3057,1270,2024-06-28,completed,wallet
3058,433,2025-09-01,completed,card
3059,225,2025-03-14,completed,atm
3060,1937,2025-10-01,completed,atm
3061,786,2024-11-20,cancelled,card
3062,1431,2024-11-14,completed,card
3063,532,2024-05-18,completed,atm
3064,1547,2024-09-26,completed,atm
3065,962,2025-09-23,completed,card
3066,2172,2024-06-30,completed,wallet
3067,2456,2024-11-24,completed,card
3068,2167,2025-05-28,completed,card
3069,72,2025-11-22,completed,card
3070,1402,2024-05-29,completed,wallet
3071,492,2025-12-17,completed,atm
3072,528,2025-01-14,completed,wallet
3073,353,2025-06-15,completed,atm
3074,1171,2025-01-08,completed,card
3075,53,2024-07-13,completed,atm
3076,2278,2024-02-22,completed,card
3077,1400,2025-11-28,completed,card
3078,1823,2025-07-06,completed,card
3079,2287,2025-09-17,completed,card
3080,262,2025-08-23,completed,card
3081,2198,2024-08-24,completed,card
3082,1753,2024-08-15,completed,atm
3083,505,2024-05-12,completed,card
3084,549,2025-04-18,completed,card
3085,2366,2024-07-31,completed,wallet
3086,238,2025-10-16,completed,card
3087,1641,2025-09-10,completed,wallet
3088,759,2024-01-27,completed,wallet
3089,1385,2024-12-28,completed,card
3090,2235,2025-05-25,cancelled,card
3091,166,2025-12-22,completed,card
3092,1622,2024-09-01,completed,atm
3093,405,2024-03-30,completed,atm
3094,195,2024-06-02,completed,card
3095,2253,2025-11-01,completed,card
3096,2047,2024-02-01,completed,wallet
3097,844,2024-11-04,completed,card
3098,784,2025-08-04,completed,card
3099,1425,2024-12-31,completed,cod
3100,556,2025-04-23,completed,cod
3101,740,2024-04-21,completed,cod
3102,877,2025-04-28,completed,card
3103,869,2024-10-28,refunded,card
3104,1541,2025-05-11,completed,card
3105,352,2024-01-06,cancelled,card
3106,314,2024-10-11,completed,card
3107,1411,2025-05-28,completed,atm
3108,662,2025-09-18,completed,card
3109,1429,2024-11-08,completed,card
3110,1383,2025-10-31,completed,atm
3111,2082,2025-08-20,completed,card
3112,274,2025-12-01,completed,cod
3113,887,2024-04-04,completed,card
3114,1389,2025-12-08,completed,card
3115,2193,2024-04-28,completed,card
3116,1737,2024-08-09,completed,wallet
3117,1080,2025-08-19,completed,cod
3118,318,2024-10-22,completed,atm
3119,2225,2024-10-28,completed,card
3120,618,2025-03-30,completed,card
3121,2136,2024-09-17,completed,cod
3122,386,2025-01-09,completed,wallet
3123,2312,2025-06-07,completed,atm
3124,297,2025-11-30,completed,card
3125,1395,2024-08-21,completed,atm
3126,858,2025-07-12,completed,card
3127,2277,2024-11-26,completed,card
3128,650,2024-11-26,completed,atm
3129,283,2024-05-07,completed,atm
3130,1420,2025-05-21,completed,wallet
3131,902,2024-07-14,completed,card
3132,2293,2025-04-09,completed,card
3133,87,2024-02-13,completed,wallet
3134,1084,2025-09-12,completed,wallet
3135,995,2025-10-28,completed,card
3136,648,2025-11-19,completed,cod
3137,215,2024-06-04,completed,card
3138,1746,2024-12-28,completed,card
3139,2370,2024-08-02,completed,wallet
3140,444,2025-11-18,completed,atm
3141,236,2024-08-12,completed,wallet
3142,1186,2025-06-14,completed,card
3143,1922,2024-09-03,completed,card
3144,75,2025-10-22,completed,card
3145,1541,2025-10-10,completed,card
3146,1301,2025-06-20,completed,atm
3147,2392,2025-12-07,completed,card
3148,930,2025-06-07,completed,card
3149,1004,2025-12-01,completed,card
3150,299,2025-11-30,completed,card
3151,1458,2024-11-11,completed,card
3152,676,2025-08-29,completed,atm
3153,2031,2025-02-08,completed,card
3154,2304,2025-10-24,completed,atm
3155,2367,2025-08-23,completed,card
3156,250,2025-11-13,completed,card
3157,1661,2024-10-15,completed,card
3158,501,2025-12-09,refunded,card
3159,1748,2025-01-17,completed,wallet
3160,1476,2025-12-27,completed,atm
3161,1949,2024-12-20,completed,card
3162,1034,2025-05-16,completed,wallet
3163,433,2024-10-29,completed,wallet
3164,1725,2025-03-17,completed,cod
3165,1868,2024-11-03,completed,card
3166,1160,2025-02-11,completed,wallet
3167,1568,2024-10-06,completed,atm
3168,207,2024-10-01,completed,cod
3169,1330,2024-08-03,completed,card
3170,852,2024-04-08,completed,card
3171,519,2025-03-11,completed,cod
3172,494,2025-01-15,completed,wallet
3173,907,2024-04-02,completed,atm
3174,1302,2024-09-13,completed,card
3175,914,2025-11-18,completed,atm
3176,2183,2024-08-03,completed,atm
3177,1695,2024-10-31,completed,card
3178,1130,2025-08-08,completed,atm
3179,1444,2025-01-20,completed,wallet
3180,2077,2024-08-04,completed,card
3181,1000,2024-02-19,completed,wallet
3182,2018,2025-11-23,completed,card
3183,1681,2025-11-06,refunded,card
3184,1183,2025-10-21,completed,card
3185,2156,2025-11-17,completed,card
3186,1979,2025-08-19,completed,card
3187,1212,2025-08-22,completed,atm
3188,44,2024-03-24,cancelled,wallet
3189,50,2024-05-14,cancelled,card
3190,29,2025-12-20,completed,wallet
3191,453,2024-08-01,completed,card
3192,1851,2024-06-27,completed,atm
3193,900,2025-11-11,completed,atm
3194,2162,2025-11-20,completed,card
3195,1385,2024-09-29,completed,card
3196,1004,2024-05-31,completed,card
3197,2000,2025-02-17,completed,card
3198,1582,2024-01-10,completed,card
3199,1201,2025-04-08,completed,cod
3200,1578,2025-06-13,completed,atm
3201,2372,2024-06-05,completed,atm
3202,2311,2025-04-17,completed,card
3203,278,2024-12-18,completed,cod
3204,2450,2025-06-10,completed,cod
3205,635,2025-12-28,completed,card
3206,2358,2025-05-30,completed,card
3207,1315,2025-10-19,refunded,card
3208,1429,2024-02-29,completed,atm
3209,1114,2025-01-29,completed,card
3210,103,2024-02-19,cancelled,card
3211,1253,2024-07-18,completed,card
3212,2010,2024-05-23,completed,atm
3213,1467,2025-02-02,completed,card
3214,1672,2025-10-06,completed,card
3215,468,2025-07-05,completed,atm
3216,1091,2025-08-20,completed,cod
3217,2206,2024-03-18,completed,cod
3218,472,2024-08-17,completed,wallet
3219,1761,2024-06-19,refunded,cod
3220,1748,2025-02-10,refunded,atm
3221,1749,2024-12-16,completed,atm
3222,1339,2025-08-17,completed,card
3223,1642,2024-04-13,completed,atm
3224,1354,2025-01-08,completed,card
3225,1734,2024-06-09,completed,card
3226,1473,2025-05-02,completed,atm
3227,1897,2025-12-11,completed,card
3228,1454,2025-11-30,completed,atm
3229,1698,2024-05-21,completed,cod
3230,1592,2024-08-27,completed,card
3231,2317,2025-04-11,completed,card
3232,2255,2024-07-12,completed,atm
3233,1377,2025-10-14,completed,card
3234,1722,2025-07-03,completed,atm
3235,484,2025-06-01,cancelled,atm
3236,2023,2025-11-26,completed,card
3237,1260,2025-03-15,completed,cod
3238,486,2024-02-14,completed,card
3239,1248,2025-08-05,completed,card
3240,406,2024-07-27,completed,card
3241,511,2024-11-16,completed,cod
3242,791,2025-10-31,refunded,card
3243,1297,2024-02-24,completed,card
3244,2032,2024-08-29,completed,card
3245,26,2025-07-31,completed,card
3246,1089,2025-12-03,completed,atm
3247,1335,2025-12-06,completed,wallet
3248,1960,2025-12-11,completed,wallet
3249,262,2024-01-10,completed,card
3250,2128,2025-05-01,completed,card
3251,1292,2024-03-20,completed,card
3252,1394,2024-02-05,completed,card
3253,696,2025-12-05,completed,cod
3254,2452,2024-02-28,completed,atm
3255,801,2025-08-06,completed,card
3256,31,2024-06-15,completed,atm
3257,1162,2024-02-22,completed,card
3258,482,2025-05-26,completed,cod
3259,1304,2024-03-30,completed,card
3260,1901,2024-02-10,completed,wallet
3261,235,2024-08-01,completed,card
3262,952,2025-07-28,completed,atm
3263,938,2025-10-28,completed,atm
3264,1250,2025-06-13,completed,atm
3265,1460,2024-01-05,completed,cod
3266,238,2024-02-13,completed,atm
3267,2129,2025-03-26,completed,cod
3268,1725,2024-02-15,completed,wallet
3269,1894,2025-08-28,refunded,atm
3270,1094,2024-10-09,completed,atm
3271,1273,2025-06-28,completed,atm
3272,933,2024-03-06,completed,atm
3273,2370,2025-10-15,completed,cod
3274,293,2024-12-07,completed,wallet
3275,1399,2025-08-27,completed,card
3276,893,2025-01-23,completed,atm
3277,1662,2025-05-05,completed,card
3278,110,2024-10-09,cancelled,atm
3279,2268,2025-08-09,completed,card
3280,2332,2025-06-17,completed,card
3281,1891,2025-05-24,completed,card
3282,610,2025-02-16,completed,card
3283,408,2025-10-10,completed,card
3284,2033,2024-06-13,completed,atm
3285,67,2024-09-29,completed,wallet
3286,1273,2024-01-13,completed,atm
3287,945,2024-05-07,refunded,atm
3288,2009,2025-05-05,completed,atm
3289,382,2025-11-09,completed,card
3290,2370,2024-05-10,completed,cod
3291,2122,2024-11-05,completed,atm
3292,472,2024-10-07,refunded,wallet
3293,175,2025-10-08,completed,cod
3294,119,2025-12-17,completed,card
3295,1735,2025-04-28,completed,card
3296,2252,2024-07-16,completed,card
3297,1970,2025-12-24,completed,atm
3298,910,2024-12-04,completed,atm
3299,1216,2024-05-28,completed,card
3300,209,2024-10-26,completed,card
3301,1769,2025-05-31,completed,card
3302,1959,2025-09-29,completed,card
3303,1179,2025-05-31,completed,atm
3304,303,2024-08-05,completed,wallet
3305,384,2024-07-10,completed,atm
3306,1229,2024-09-06,completed,card
3307,173,2025-02-27,completed,cod
3308,2169,2025-05-13,cancelled,card
3309,814,2024-12-18,completed,atm
3310,1269,2024-08-15,completed,card
3311,7,2024-07-29,completed,card
3312,383,2024-01-01,completed,atm
3313,1649,2024-12-15,completed,cod
3314,1335,2025-04-30,completed,card
3315,74,2025-09-27,completed,card
3316,928,2025-12-10,completed,atm
3317,312,2024-01-17,completed,wallet
3318,2255,2025-10-02,completed,cod
3319,1103,2025-02-26,refunded,wallet
3320,2190,2025-08-08,cancelled,card
3321,1919,2025-09-23,refunded,card
3322,132,2024-10-20,completed,wallet
3323,589,2024-02-01,completed,card
3324,1916,2025-08-28,completed,card
3325,225,2024-06-09,completed,card
3326,2285,2025-11-06,completed,atm
3327,2295,2025-08-13,completed,atm
3328,1195,2024-02-28,completed,card
3329,2022,2025-11-20,cancelled,cod
3330,2158,2024-08-12,completed,card
3331,1805,2025-01-27,completed,cod
3332,2432,2025-12-03,completed,card
3333,1411,2024-01-03,completed,atm
3334,1213,2024-10-24,completed,cod
3335,1237,2024-07-24,completed,card
3336,940,2024-11-19,completed,card
3337,1434,2024-09-07,completed,card
3338,2032,2024-04-09,completed,card
3339,182,2024-12-07,completed,card
3340,1181,2024-06-22,completed,card
3341,1272,2025-07-31,completed,cod
3342,364,2025-08-31,completed,card
3343,2309,2025-12-24,completed,card
3344,2050,2025-12-12,completed,card
3345,1554,2025-09-27,completed,wallet
3346,2162,2024-07-16,completed,cod
3347,1561,2024-08-04,completed,cod
3348,246,2025-03-04,completed,cod
3349,587,2024-12-25,completed,card
3350,1396,2025-02-20,completed,cod
3351,855,2024-01-09,completed,atm
3352,1538,2025-10-23,completed,card
3353,2118,2024-04-06,completed,card
3354,2171,2025-11-27,completed,cod
3355,2034,2025-03-07,completed,atm
3356,1031,2025-07-26,completed,atm
3357,1018,2024-03-19,completed,atm
3358,518,2024-04-25,completed,card
3359,2399,2025-12-29,completed,wallet
3360,1831,2024-10-31,completed,card
3361,2367,2025-11-16,completed,card
3362,659,2025-11-09,completed,atm
3363,347,2025-12-25,completed,atm
3364,594,2025-03-17,completed,card
3365,1396,2025-01-21,refunded,wallet
3366,522,2024-07-27,completed,cod
3367,1631,2025-04-26,completed,atm
3368,1445,2025-02-04,completed,card
3369,437,2025-06-19,completed,atm
3370,2457,2025-08-17,cancelled,cod
3371,1054,2024-08-26,completed,card
3372,112,2024-10-05,completed,card
3373,2155,2024-05-12,completed,atm
3374,2429,2025-07-24,completed,card
3375,815,2025-09-09,completed,card
3376,535,2024-01-07,completed,atm
3377,828,2024-01-28,completed,atm
3378,468,2025-10-26,completed,card
3379,879,2024-11-06,completed,card
3380,1411,2025-03-11,refunded,cod
3381,355,2024-11-20,completed,wallet
3382,2048,2024-02-16,completed,atm
3383,2194,2024-01-25,completed,wallet
3384,1109,2025-10-05,completed,atm
3385,727,2024-11-13,completed,card
3386,2416,2025-06-18,completed,card
3387,897,2025-11-04,completed,atm
3388,1706,2024-08-06,completed,cod
3389,1821,2025-02-14,completed,card
3390,797,2025-02-09,completed,card
3391,646,2025-10-28,completed,cod
3392,2226,2024-12-21,completed,cod
3393,364,2025-09-10,completed,cod
3394,629,2025-12-23,completed,card
3395,650,2025-08-08,completed,card
3396,2047,2025-10-06,cancelled,card
3397,948,2024-11-21,completed,card
3398,667,2024-10-29,completed,atm
3399,1023,2025-01-25,completed,card
3400,590,2024-01-01,completed,card
3401,163,2024-08-19,completed,atm
3402,1029,2025-04-09,completed,cod
3403,1956,2024-05-25,completed,card
3404,1975,2024-04-26,completed,card
3405,340,2024-02-25,completed,atm
3406,2140,2025-07-18,completed,card
3407,642,2024-06-13,completed,card
3408,869,2024-03-23,refunded,card
3409,1221,2024-08-07,completed,card
3410,2136,2024-01-15,completed,atm
3411,1596,2024-11-30,completed,card
3412,132,2024-08-07,completed,card
3413,1735,2025-02-06,completed,wallet
3414,1943,2025-12-25,completed,atm
3415,2170,2025-06-05,completed,atm
3416,1281,2024-07-03,completed,atm
3417,2201,2024-10-18,completed,card
3418,1812,2025-05-25,completed,atm
3419,1710,2024-11-16,completed,card
3420,215,2024-05-05,completed,atm
3421,1223,2024-02-21,completed,atm
3422,920,2024-09-29,completed,atm
3423,2439,2024-10-05,completed,atm
3424,326,2024-08-08,completed,card
3425,1865,2024-03-31,completed,card
3426,2286,2024-01-19,completed,atm
3427,2443,2025-05-16,completed,cod
3428,1860,2024-04-29,completed,card
3429,1378,2025-01-29,completed,wallet
3430,2077,2024-05-24,cancelled,wallet
3431,246,2024-01-04,completed,wallet
3432,835,2024-11-20,completed,atm
3433,2408,2024-04-17,completed,atm
3434,466,2024-09-28,refunded,card
3435,1212,2024-08-11,completed,atm
3436,965,2025-12-31,completed,card
3437,374,2024-08-16,completed,card
3438,2342,2024-11-15,completed,card
3439,2306,2025-08-04,completed,atm
3440,62,2024-11-23,completed,wallet
3441,661,2024-09-05,completed,card
3442,2468,2025-11-06,completed,cod
3443,64,2025-09-18,completed,card
3444,104,2024-09-20,completed,card
3445,348,2024-07-06,completed,wallet
3446,2399,2025-09-18,completed,card
3447,1748,2024-08-06,completed,atm
3448,1023,2024-07-28,completed,cod
3449,1603,2025-11-18,completed,card
3450,2240,2025-11-14,completed,card
3451,702,2025-09-12,completed,card
3452,2346,2025-11-18,completed,card
3453,1457,2024-03-14,completed,cod
3454,1730,2024-09-09,completed,card
3455,1386,2025-09-29,completed,card
3456,1359,2025-09-03,completed,wallet
3457,218,2024-09-06,completed,wallet
3458,927,2024-10-27,refunded,wallet
3459,182,2024-10-12,completed,card
3460,2023,2025-12-30,completed,atm
3461,776,2025-12-10,completed,wallet
3462,196,2025-07-24,completed,wallet
3463,1194,2024-06-21,completed,card
3464,828,2025-06-08,completed,card
3465,567,2024-02-02,cancelled,card
3466,1573,2025-08-18,completed,atm
3467,1156,2024-11-24,completed,card
3468,645,2025-01-20,completed,atm
3469,1040,2024-05-18,completed,card
3470,1190,2025-04-22,completed,card
3471,326,2025-05-28,completed,card
3472,438,2024-09-03,completed,wallet
3473,2446,2024-01-02,completed,card
3474,1015,2025-11-06,completed,wallet
3475,1354,2024-11-02,completed,wallet
3476,1052,2025-01-13,cancelled,card
3477,1175,2025-02-22,completed,atm
3478,974,2024-07-21,completed,card
3479,1465,2024-09-24,completed,cod
3480,2113,2025-07-06,completed,card
3481,264,2024-08-01,completed,card
3482,571,2024-09-06,completed,card
3483,1494,2024-02-21,completed,card
3484,2021,2025-06-11,completed,card
3485,768,2025-05-13,completed,card
3486,532,2024-08-04,completed,card
3487,24,2025-02-17,completed,atm
3488,2097,2025-01-12,completed,card
3489,2179,2025-12-21,completed,card
3490,2429,2025-03-25,completed,atm
3491,405,2024-12-27,completed,card
3492,748,2024-12-30,completed,atm
3493,134,2024-07-27,completed,wallet
3494,934,2025-02-09,completed,card
3495,820,2025-01-13,completed,card
3496,556,2024-03-06,completed,card
3497,2252,2024-11-15,completed,wallet
3498,2014,2024-04-13,completed,card
3499,100,2024-04-27,completed,card
3500,2066,2024-04-10,completed,wallet
3501,1170,2024-12-11,completed,card
3502,315,2025-02-28,completed,card
3503,1181,2025-01-27,completed,wallet
3504,42,2025-10-08,completed,card
3505,2005,2024-12-09,completed,atm
3506,443,2025-09-27,completed,atm
3507,2408,2024-12-02,completed,card
3508,693,2025-08-10,completed,card
3509,680,2024-10-07,completed,atm
3510,515,2024-02-09,completed,wallet
3511,2242,2025-11-05,completed,atm
3512,2269,2024-10-05,completed,card
3513,2407,2025-08-25,completed,wallet
3514,732,2025-03-24,completed,card
3515,1112,2025-02-17,completed,card
3516,348,2025-07-21,completed,atm
3517,2129,2024-05-31,completed,cod
3518,641,2024-02-25,completed,wallet
3519,1567,2024-10-10,completed,atm
3520,2101,2025-06-04,completed,atm
3521,1778,2024-12-22,completed,atm
3522,2127,2025-05-15,completed,wallet
3523,689,2024-05-11,completed,atm
3524,2397,2025-08-12,completed,atm
3525,2355,2024-03-25,completed,cod
3526,1201,2025-05-19,completed,card
3527,480,2025-10-12,completed,card
3528,1284,2025-04-22,completed,wallet
3529,2149,2024-01-12,completed,atm
3530,835,2024-02-04,completed,atm
3531,1683,2024-06-18,completed,card
3532,914,2025-11-17,completed,atm
3533,2417,2024-12-02,completed,atm
3534,2134,2024-01-04,completed,card
3535,1087,2025-01-09,completed,atm
3536,638,2025-12-04,completed,wallet
3537,2112,2024-05-15,completed,atm
3538,1604,2024-12-09,completed,card
3539,2273,2024-12-19,completed,wallet
3540,73,2024-02-15,completed,card
3541,1758,2025-11-14,completed,card
3542,1955,2025-08-04,completed,card
3543,965,2025-07-23,completed,atm
3544,486,2024-07-04,completed,card
3545,1775,2025-11-30,completed,atm
3546,1065,2024-11-15,completed,atm
3547,2053,2025-10-22,completed,cod
3548,1538,2024-01-25,completed,card
3549,785,2024-08-20,completed,card
3550,533,2025-08-27,completed,atm
3551,513,2024-08-11,completed,card
3552,844,2024-11-11,completed,card
3553,229,2025-04-09,refunded,wallet
3554,513,2025-08-05,completed,wallet
3555,680,2025-01-05,completed,wallet
3556,1213,2024-01-09,completed,card
3557,1322,2025-05-04,completed,wallet
3558,2142,2024-05-22,completed,card
3559,1279,2024-06-28,completed,card
3560,2457,2025-12-20,completed,card
3561,402,2025-06-13,completed,card
3562,2173,2024-09-13,completed,card
3563,1117,2024-06-30,completed,atm
3564,1588,2024-07-22,completed,wallet
3565,1604,2024-02-13,completed,atm
3566,147,2025-11-10,completed,wallet
3567,869,2025-01-27,completed,atm
3568,1313,2025-01-10,completed,cod
3569,109,2024-12-20,completed,wallet
3570,1409,2025-10-18,completed,card
3571,1677,2024-12-08,completed,card
3572,288,2024-11-23,completed,card
3573,1584,2024-02-10,completed,atm
3574,312,2024-09-12,completed,cod
3575,1839,2024-07-16,completed,wallet
3576,714,2024-05-20,completed,wallet
3577,589,2025-04-04,completed,atm
3578,1303,2025-10-25,completed,atm
3579,452,2024-12-29,completed,card
3580,2242,2024-03-27,completed,card
3581,2105,2024-11-15,completed,cod
3582,505,2025-08-24,completed,wallet
3583,2181,2024-11-13,completed,card
3584,917,2025-01-04,completed,atm
3585,513,2024-07-18,completed,card
3586,1460,2024-03-18,completed,cod
3587,691,2024-09-21,completed,card
3588,1431,2025-11-03,completed,card
3589,1812,2024-03-21,completed,atm
3590,1156,2025-04-21,completed,wallet
3591,184,2024-04-24,completed,cod
3592,1173,2024-05-24,completed,card
3593,2188,2025-11-20,refunded,wallet
3594,927,2024-06-23,completed,card
3595,1351,2024-11-12,completed,atm
3596,1245,2025-04-28,completed,atm
3597,2360,2024-07-10,completed,wallet
3598,1686,2025-04-08,completed,atm
3599,1354,2025-10-25,completed,atm
3600,1882,2024-12-27,cancelled,card
3601,1673,2025-06-08,completed,card
3602,850,2025-12-17,completed,card
3603,2183,2025-04-28,completed,atm
3604,108,2025-03-07,completed,wallet
3605,695,2024-04-27,completed,wallet
3606,900,2024-07-29,completed,cod
3607,2232,2024-04-29,completed,wallet
3608,524,2024-02-16,completed,card
3609,2279,2024-01-19,completed,atm
3610,134,2025-06-28,completed,wallet
3611,1642,2025-01-20,completed,wallet
3612,872,2024-12-24,completed,wallet
3613,1772,2024-01-12,completed,atm
3614,845,2025-10-23,completed,cod
3615,943,2024-01-25,completed,cod
3616,1984,2025-12-05,completed,cod
3617,1354,2024-03-28,refunded,cod
3618,2445,2024-08-22,completed,card
3619,480,2025-01-26,completed,card
3620,699,2024-04-17,completed,atm
3621,262,2024-09-25,completed,cod
3622,447,2024-03-22,completed,card
3623,2240,2024-01-12,completed,cod
3624,1515,2024-10-27,completed,wallet
3625,1232,2024-04-02,completed,card
3626,1732,2025-11-22,completed,atm
3627,291,2025-12-16,completed,card
3628,1882,2025-06-12,completed,card
3629,236,2024-10-12,completed,atm
3630,1991,2025-02-17,completed,atm
3631,736,2025-04-03,completed,card
3632,2145,2025-08-30,completed,cod
3633,673,2025-07-15,completed,cod
3634,2324,2024-03-16,completed,wallet
3635,1429,2025-01-26,completed,card
3636,1662,2024-12-05,completed,card
3637,2440,2025-04-30,completed,atm
3638,2093,2024-01-03,completed,card
3639,83,2025-10-26,completed,atm
3640,828,2024-03-01,completed,card
3641,2138,2024-11-21,completed,card
3642,1873,2024-05-06,completed,atm
3643,1568,2025-10-29,completed,card
3644,693,2025-05-21,completed,wallet
3645,2312,2025-04-08,completed,wallet
3646,311,2024-11-15,completed,card
3647,1222,2025-12-05,completed,card
3648,2229,2025-08-22,completed,card
3649,383,2024-04-10,completed,atm
3650,342,2024-10-02,completed,cod
3651,1271,2024-10-12,completed,card
3652,413,2025-10-04,completed,card
3653,1977,2025-06-22,completed,cod
3654,1994,2025-12-14,completed,card
3655,370,2024-04-24,completed,cod
3656,380,2024-05-07,completed,card
3657,530,2024-01-14,completed,atm
3658,407,2025-03-25,completed,atm
3659,366,2024-10-02,completed,card
3660,547,2025-12-27,completed,wallet
3661,282,2025-02-16,completed,card
3662,512,2024-02-04,completed,card
3663,2437,2025-04-15,refunded,card
3664,1622,2025-05-01,completed,atm
3665,447,2025-04-29,completed,atm
3666,1876,2025-05-24,completed,atm
3667,872,2024-11-15,completed,card
3668,1078,2024-09-10,completed,wallet
3669,1159,2024-01-09,completed,card
3670,1967,2024-12-02,completed,wallet
3671,1858,2024-09-27,completed,card
3672,1254,2024-01-17,completed,card
3673,1300,2024-09-09,completed,atm
3674,549,2024-08-26,completed,card
3675,976,2025-01-20,completed,wallet
3676,1044,2024-05-08,completed,card
3677,2169,2024-08-24,cancelled,card
3678,2212,2025-04-27,completed,cod
3679,210,2025-02-02,completed,wallet
3680,2187,2025-05-03,completed,card
3681,1659,2025-03-11,completed,atm
3682,940,2024-05-29,completed,card
3683,603,2025-06-20,completed,card
3684,1230,2025-12-12,completed,card
3685,1499,2025-08-06,completed,wallet
3686,473,2024-11-25,completed,card
3687,277,2024-06-16,completed,atm
3688,44,2025-02-03,completed,cod
3689,473,2024-10-15,completed,card
3690,2088,2025-02-19,cancelled,atm
3691,396,2025-10-29,cancelled,card
3692,1691,2025-02-12,completed,card
3693,2482,2025-11-29,completed,wallet
3694,2272,2025-08-24,completed,atm
3695,2344,2025-09-09,refunded,card
3696,717,2024-11-06,completed,atm
3697,129,2025-08-14,completed,wallet
3698,361,2025-12-22,completed,card
3699,1637,2025-10-19,completed,card
3700,2437,2025-09-06,completed,atm
3701,320,2024-11-20,completed,card
3702,695,2024-09-04,completed,card
3703,1875,2025-05-26,completed,atm
3704,2193,2025-04-03,completed,cod
3705,523,2025-12-06,completed,card
3706,2428,2024-08-09,completed,cod
3707,2397,2025-12-31,completed,wallet
3708,1893,2024-11-10,completed,wallet
3709,471,2025-02-20,completed,wallet
3710,1745,2024-01-20,completed,card
3711,1633,2024-12-23,completed,atm
3712,1683,2024-03-17,completed,card
3713,103,2024-09-17,completed,card
3714,198,2025-08-14,completed,cod
3715,1959,2024-02-25,completed,cod
3716,2428,2024-01-27,completed,card
3717,1547,2024-12-08,completed,atm
3718,471,2025-08-22,completed,wallet
3719,1854,2025-07-31,completed,atm
3720,1887,2025-11-29,completed,card
3721,714,2024-08-03,completed,wallet
3722,361,2024-05-05,completed,card
3723,1485,2025-10-15,completed,cod
3724,42,2025-11-15,refunded,card
3725,267,2024-12-26,completed,atm
3726,1269,2024-08-04,completed,card
3727,2400,2024-05-08,completed,card
3728,390,2024-08-12,refunded,cod
3729,758,2024-03-16,completed,card
3730,2067,2024-08-19,completed,wallet
3731,1379,2024-01-24,completed,card
3732,1509,2024-08-20,completed,atm
3733,544,2025-11-11,refunded,atm
3734,2029,2024-08-23,completed,atm
3735,75,2024-07-01,completed,wallet
3736,1348,2025-03-07,completed,wallet
3737,295,2025-11-21,cancelled,card
3738,524,2024-05-17,completed,card
3739,639,2024-02-02,completed,card
3740,15,2025-01-08,cancelled,wallet
3741,1053,2025-04-13,completed,card
3742,1521,2024-06-21,completed,wallet
3743,2278,2025-03-22,cancelled,wallet
3744,282,2024-12-03,completed,atm
3745,1241,2024-09-11,completed,wallet
3746,1492,2025-08-15,completed,wallet
3747,2185,2025-06-10,completed,cod
3748,2146,2024-08-12,completed,wallet
3749,1086,2025-10-13,completed,card
3750,1402,2024-12-24,completed,atm
3751,2494,2024-02-01,completed,cod
3752,1792,2024-10-14,completed,wallet
3753,2265,2024-05-30,completed,card
3754,1959,2024-02-19,completed,card
3755,1980,2025-01-31,completed,atm
3756,2432,2024-05-20,completed,atm
3757,1039,2024-01-30,completed,card
3758,1039,2025-01-22,completed,atm
3759,280,2024-01-18,completed,card
3760,1294,2025-04-26,completed,card
3761,568,2025-05-16,completed,wallet
3762,1107,2024-12-19,completed,atm
3763,2491,2025-04-21,completed,card
3764,569,2024-10-30,completed,atm
3765,341,2024-12-17,completed,atm
3766,1638,2025-10-03,completed,card
3767,1144,2024-11-14,completed,cod
3768,1470,2025-07-08,completed,atm
3769,153,2024-12-20,completed,card
3770,665,2024-11-08,completed,atm
3771,1433,2024-05-25,completed,card
3772,1387,2024-08-27,completed,atm
3773,1445,2025-06-04,completed,card
3774,1156,2025-12-06,completed,card
3775,1891,2025-09-11,completed,cod
3776,29,2024-01-24,completed,card
3777,132,2024-12-27,completed,card
3778,1232,2024-12-18,completed,wallet
3779,2180,2024-03-25,cancelled,atm
3780,2257,2024-02-21,completed,atm
3781,817,2025-07-23,completed,card
3782,1523,2025-11-28,completed,wallet
3783,705,2025-04-27,completed,wallet
3784,1908,2024-11-15,completed,wallet
3785,49,2024-07-06,completed,card
3786,724,2025-01-02,completed,cod
3787,2480,2025-06-21,completed,card
3788,1103,2025-06-12,completed,card
3789,1542,2024-11-14,completed,cod
3790,2378,2024-04-06,completed,card
3791,1634,2025-08-03,completed,atm
3792,1684,2024-08-06,completed,wallet
3793,2269,2025-04-29,completed,card
3794,980,2024-12-03,completed,cod
3795,2365,2024-12-31,completed,cod
3796,1760,2024-02-05,completed,card
3797,2380,2024-10-05,completed,wallet
3798,115,2024-05-16,completed,atm
3799,2235,2025-09-05,completed,card
3800,1257,2025-06-04,completed,card
3801,336,2025-01-16,completed,atm
3802,1932,2024-07-20,completed,card
3803,40,2025-05-28,completed,atm
3804,457,2024-04-22,completed,cod
3805,1179,2024-09-11,completed,card
3806,419,2025-10-14,completed,card
3807,448,2024-03-07,completed,atm
3808,1613,2025-06-18,completed,card
3809,906,2025-05-10,completed,card
3810,367,2025-06-05,cancelled,atm
3811,713,2024-04-23,completed,card
3812,2372,2024-01-07,completed,cod
3813,1394,2024-05-13,completed,atm
3814,2438,2025-12-31,cancelled,card
3815,2388,2024-06-08,completed,card
3816,838,2025-11-09,completed,card
3817,1914,2024-11-22,completed,card
3818,1492,2024-01-19,completed,wallet
3819,1775,2025-11-12,completed,card
3820,971,2025-08-24,completed,card
3821,1807,2024-12-31,completed,card
3822,1676,2024-01-22,completed,wallet
3823,1069,2025-03-01,completed,card
3824,1096,2024-10-16,completed,card
3825,838,2024-08-19,completed,atm
3826,981,2025-08-11,completed,card
3827,1799,2025-09-05,completed,card
3828,847,2024-08-24,completed,card
3829,1214,2025-05-23,refunded,atm
3830,2133,2025-12-21,completed,card
3831,1722,2024-05-05,completed,card
3832,1063,2025-10-01,completed,atm
3833,244,2024-11-30,completed,card
3834,1773,2025-03-11,completed,wallet
3835,1077,2024-01-19,completed,atm
3836,2494,2024-05-25,completed,card
3837,126,2025-05-04,completed,card
3838,423,2025-05-28,completed,card
3839,2034,2025-10-27,completed,wallet
3840,1094,2024-02-07,completed,wallet
3841,573,2025-09-15,completed,cod
3842,1849,2025-11-04,completed,cod
3843,2456,2025-10-01,completed,card
3844,1498,2024-11-24,completed,card
3845,2388,2025-12-19,completed,atm
3846,271,2025-05-28,completed,atm
3847,2012,2025-08-19,completed,atm
3848,1401,2024-03-25,completed,card
3849,1335,2025-10-02,completed,card
3850,2152,2025-11-09,completed,card
3851,788,2024-08-18,completed,card
3852,1291,2024-09-18,completed,card
3853,722,2025-08-13,completed,atm
3854,394,2025-12-31,completed,wallet
3855,1699,2024-09-20,completed,card
3856,1356,2025-02-08,completed,cod
3857,988,2024-04-21,completed,card
3858,1846,2025-10-13,cancelled,card
3859,25,2024-10-16,completed,card
3860,1001,2024-02-20,completed,wallet
3861,40,2024-11-28,cancelled,wallet
3862,1919,2024-05-23,completed,wallet
3863,44,2024-10-01,completed,card
3864,695,2025-09-28,completed,card
3865,2206,2024-01-28,completed,cod
3866,2195,2024-04-22,cancelled,card
3867,1718,2024-10-14,completed,cod
3868,1246,2024-03-28,completed,card
3869,1532,2025-10-30,completed,card
3870,528,2025-01-03,completed,cod
3871,94,2024-10-29,completed,cod
3872,2168,2025-01-09,completed,atm
3873,909,2024-12-16,completed,card
3874,2274,2025-06-16,completed,card
3875,1475,2025-07-10,completed,atm
3876,2410,2025-05-26,completed,card
3877,1896,2025-09-15,completed,card
3878,2392,2025-08-13,completed,cod
3879,51,2024-02-12,completed,atm
3880,1306,2025-12-12,completed,atm
3881,922,2024-10-24,refunded,card
3882,690,2024-03-26,completed,card
3883,285,2024-06-18,completed,card
3884,1165,2025-06-12,completed,card
3885,556,2025-04-10,completed,card
3886,2044,2025-08-01,completed,card
3887,2387,2025-06-12,completed,atm
3888,440,2024-11-20,completed,atm
3889,437,2024-02-21,completed,card
3890,20,2025-09-28,completed,atm
3891,2477,2024-03-07,completed,card
3892,623,2024-05-22,completed,card
3893,1603,2024-06-09,completed,wallet
3894,1387,2024-05-03,completed,cod
3895,4,2024-01-02,completed,card
3896,1308,2024-08-25,completed,wallet
3897,1729,2025-02-23,completed,cod
3898,2393,2024-11-22,completed,atm
3899,2346,2025-01-09,completed,card
3900,405,2025-12-13,completed,wallet
3901,943,2024-11-07,completed,card
3902,2085,2025-10-10,completed,card
3903,562,2024-08-16,completed,card
3904,238,2025-09-16,completed,card
3905,2454,2024-07-29,completed,card
3906,2369,2025-06-09,completed,card
3907,1412,2025-09-14,refunded,card
3908,2116,2025-06-17,completed,atm
3909,1375,2025-02-27,completed,card
3910,493,2024-01-29,completed,card
3911,1056,2025-09-25,completed,card
3912,583,2024-11-19,completed,card
3913,660,2025-08-12,completed,atm
3914,2056,2024-02-01,completed,wallet
3915,2158,2024-01-31,completed,cod
3916,552,2024-07-24,completed,card
3917,2115,2024-05-05,completed,wallet
3918,277,2024-01-14,completed,wallet
3919,642,2025-08-31,completed,card
3920,2322,2025-07-22,completed,cod
3921,1735,2024-01-17,completed,card
3922,613,2024-10-07,completed,atm
3923,1205,2024-11-07,completed,card
3924,643,2025-06-21,completed,card
3925,1108,2024-01-29,completed,atm
3926,2445,2024-05-30,completed,wallet
3927,1561,2024-04-27,completed,card
3928,465,2025-08-08,completed,card
3929,1318,2024-03-29,completed,card
3930,1773,2025-02-18,completed,card
3931,99,2024-11-20,completed,card
3932,2159,2024-12-23,refunded,atm
3933,1169,2025-04-03,completed,card
3934,780,2024-01-23,completed,wallet
3935,2418,2024-12-17,completed,wallet
3936,1765,2024-11-28,completed,card
3937,997,2025-07-27,completed,card
3938,464,2025-12-29,completed,card
3939,1631,2025-03-13,completed,cod
3940,1547,2024-06-20,completed,atm
3941,1031,2025-12-08,completed,card
3942,1156,2025-11-05,completed,card
3943,642,2024-07-21,completed,cod
3944,201,2024-02-05,completed,wallet
3945,2408,2024-07-26,completed,atm
3946,591,2025-10-20,completed,card
3947,1370,2024-02-27,completed,atm
3948,2008,2024-03-10,completed,wallet
3949,867,2025-07-14,completed,wallet
3950,1828,2024-03-01,completed,card
3951,1508,2024-02-01,completed,atm
3952,1650,2025-11-05,completed,cod
3953,1076,2025-01-25,completed,card
3954,1708,2025-11-14,completed,wallet
3955,563,2024-01-05,completed,wallet
3956,2441,2025-10-04,completed,atm
3957,2296,2025-08-09,completed,card
3958,1021,2025-05-03,completed,card
3959,1208,2025-01-09,completed,atm
3960,1773,2025-10-29,completed,atm
3961,492,2024-11-09,completed,card
3962,873,2024-05-17,completed,card
3963,2002,2024-02-25,completed,atm
3964,1350,2024-12-10,cancelled,card
3965,1869,2025-10-01,completed,wallet
3966,1259,2025-08-13,completed,card
3967,1049,2025-11-15,completed,atm
3968,2370,2024-11-01,completed,card
3969,1282,2024-08-21,completed,atm
3970,107,2025-09-30,completed,card
3971,2364,2024-11-08,completed,atm
3972,2322,2024-06-04,completed,wallet
3973,375,2024-10-13,completed,card
3974,183,2025-11-24,completed,card
3975,588,2025-05-08,completed,card
3976,801,2025-04-03,completed,card
3977,774,2025-05-15,completed,card
3978,1754,2024-10-22,completed,card
3979,360,2025-09-04,completed,wallet
3980,2278,2025-08-21,completed,card
3981,101,2024-09-21,completed,wallet
3982,2149,2025-02-07,completed,cod
3983,2332,2024-01-30,completed,card
3984,1265,2025-09-24,completed,card
3985,2042,2024-11-02,cancelled,atm
3986,1390,2024-02-06,completed,wallet
3987,1194,2025-08-09,completed,cod
3988,2047,2024-03-06,completed,wallet
3989,472,2024-10-30,refunded,card
3990,1524,2025-07-15,completed,atm
3991,450,2025-05-22,cancelled,wallet
3992,1157,2025-01-09,completed,atm
3993,1894,2025-06-01,completed,card
3994,482,2024-07-08,completed,cod
3995,2044,2025-09-23,completed,atm
3996,1754,2025-11-04,completed,card
3997,2001,2024-03-29,completed,atm
3998,1120,2024-11-01,completed,card
3999,240,2025-01-26,completed,card
4000,1990,2025-06-21,completed,atm
4001,1614,2025-10-21,completed,wallet
4002,419,2024-07-24,refunded,atm
4003,26,2024-10-27,cancelled,card
4004,1262,2024-04-14,completed,atm
4005,754,2025-09-15,cancelled,card
4006,2150,2025-12-15,completed,wallet
4007,1153,2025-03-17,completed,atm
4008,595,2025-09-06,completed,card
4009,1994,2024-10-18,completed,card
4010,609,2024-01-25,completed,card
4011,247,2025-02-07,completed,atm
4012,2362,2024-08-14,completed,atm
4013,1160,2025-10-25,completed,card
4014,767,2025-12-28,completed,wallet
4015,453,2024-04-25,completed,card
4016,1530,2025-11-07,completed,card
4017,1874,2024-05-15,completed,wallet
4018,1295,2025-01-21,completed,card
4019,1784,2024-10-02,completed,wallet
4020,370,2024-03-27,completed,atm
4021,633,2024-04-17,completed,card
4022,1108,2025-05-11,completed,atm
4023,1043,2024-03-27,completed,card
4024,1131,2025-03-25,completed,cod
4025,2202,2025-08-16,completed,atm
4026,1235,2024-08-16,completed,card
4027,270,2024-06-20,completed,wallet
4028,195,2025-02-08,completed,wallet
4029,2452,2024-08-28,completed,cod
4030,2403,2025-02-03,completed,card
4031,148,2025-04-19,completed,wallet
4032,831,2024-03-21,refunded,card
4033,2000,2025-03-20,completed,card
4034,287,2025-09-23,completed,cod
4035,182,2025-11-04,completed,card
4036,2281,2024-06-25,completed,atm
4037,2241,2024-07-06,completed,wallet
4038,1667,2025-10-08,completed,atm
4039,1787,2024-12-19,completed,card
4040,46,2024-08-26,completed,card
4041,2189,2025-08-04,completed,card
4042,2062,2024-12-20,completed,card
4043,385,2025-06-16,completed,card
4044,996,2025-05-09,completed,cod
4045,1271,2025-06-21,completed,card
4046,340,2024-12-06,completed,card
4047,58,2025-07-19,completed,atm
4048,1752,2025-05-10,completed,wallet
4049,1193,2024-02-09,completed,card
4050,661,2024-10-19,completed,cod
4051,9,2025-02-17,completed,card
4052,180,2024-06-29,completed,card
4053,1576,2025-06-07,completed,atm
4054,1749,2024-08-19,completed,atm
4055,1100,2025-02-28,completed,card
4056,1813,2024-02-26,cancelled,card
4057,1543,2024-09-21,completed,atm
4058,1455,2024-03-15,completed,card
4059,455,2024-01-27,completed,cod
4060,203,2025-09-08,completed,cod
4061,2076,2025-04-09,completed,wallet
4062,1343,2024-06-04,completed,atm
4063,270,2025-04-26,completed,cod
4064,558,2024-11-02,completed,wallet
4065,1050,2024-10-08,completed,card
4066,1123,2024-10-07,completed,atm
4067,756,2024-01-15,refunded,card
4068,1529,2025-08-08,completed,card
4069,860,2025-11-21,completed,card
4070,910,2024-05-12,completed,atm
4071,2241,2024-12-28,completed,wallet
4072,163,2024-04-13,completed,cod
4073,463,2024-08-15,completed,card
4074,1721,2024-02-14,completed,card
4075,1437,2024-11-22,completed,card
4076,2174,2024-02-18,cancelled,card
4077,2181,2024-03-26,completed,atm
4078,854,2024-02-04,completed,atm
4079,2212,2025-07-17,completed,card
4080,983,2024-08-08,completed,atm
4081,1100,2025-10-31,completed,cod
4082,126,2024-03-26,completed,atm
4083,2090,2025-02-11,completed,card
4084,1469,2025-12-19,completed,wallet
4085,2202,2024-06-10,completed,atm
4086,513,2024-07-23,completed,card
4087,2369,2025-05-18,completed,card
4088,712,2025-01-06,completed,card
4089,2252,2025-05-14,completed,cod
4090,1476,2025-06-25,completed,card
4091,2059,2024-10-03,refunded,card
4092,765,2025-10-25,completed,card
4093,307,2025-02-08,completed,card
4094,1283,2024-04-07,completed,card
4095,1352,2024-01-16,cancelled,wallet
4096,952,2025-02-15,completed,atm
4097,414,2024-06-26,completed,card
4098,320,2025-02-13,refunded,atm
4099,1622,2024-02-16,completed,wallet
4100,383,2024-02-16,completed,atm
4101,1124,2025-05-08,completed,card
4102,203,2025-11-10,completed,atm
4103,597,2024-10-07,completed,card
4104,401,2024-08-23,completed,cod
4105,1183,2025-05-08,completed,card
4106,427,2024-06-27,completed,cod
4107,931,2024-10-22,completed,card
4108,610,2024-02-09,completed,wallet
4109,233,2025-11-17,completed,cod
4110,689,2025-07-03,completed,card
4111,2152,2025-08-11,completed,card
4112,596,2024-10-13,completed,atm
4113,1769,2025-01-06,completed,card
4114,207,2025-08-14,completed,atm
4115,282,2024-08-23,completed,card
4116,116,2025-03-11,completed,card
4117,173,2025-09-26,completed,card
4118,1552,2024-12-10,cancelled,wallet
4119,2272,2025-09-08,completed,cod
4120,605,2025-12-21,completed,card
4121,225,2025-05-26,cancelled,card
4122,930,2024-01-17,completed,card
4123,2288,2024-10-30,refunded,cod
4124,2209,2025-08-05,completed,card
4125,2199,2024-07-14,completed,atm
4126,1575,2025-08-16,completed,atm
4127,971,2024-10-14,completed,cod
4128,1631,2024-05-19,cancelled,card
4129,1128,2024-10-04,completed,atm
4130,690,2024-05-23,completed,atm
4131,1792,2025-01-10,completed,card
4132,1356,2025-10-25,completed,atm
4133,1850,2025-05-15,refunded,card
4134,566,2025-07-14,completed,atm
4135,1543,2025-04-01,completed,cod
4136,1482,2025-08-28,completed,atm
4137,2115,2024-10-04,completed,atm
4138,145,2025-11-16,completed,card
4139,1274,2025-01-15,completed,card
4140,1230,2024-08-26,refunded,card
4141,283,2025-03-20,completed,card
4142,58,2024-08-04,completed,card
4143,2137,2025-01-31,completed,card
4144,696,2024-06-30,cancelled,card
4145,2462,2024-08-28,completed,card
4146,1515,2025-03-08,completed,wallet
4147,963,2024-12-20,completed,wallet
4148,401,2024-12-12,completed,atm
4149,156,2025-09-08,completed,card
4150,447,2024-09-27,completed,card
4151,326,2024-11-29,completed,card
4152,2118,2025-08-24,completed,card
4153,1899,2024-03-16,completed,atm
4154,489,2025-07-25,completed,wallet
4155,55,2024-01-03,completed,card
4156,668,2024-09-24,cancelled,card
4157,2105,2024-12-26,completed,card
4158,661,2025-01-18,completed,card
4159,1968,2024-02-18,cancelled,atm
4160,1416,2024-11-25,completed,cod
4161,848,2024-07-11,completed,card
4162,2085,2025-05-31,completed,wallet
4163,987,2025-10-26,completed,atm
4164,31,2025-07-06,completed,card
4165,170,2024-03-20,cancelled,wallet
4166,609,2025-08-13,completed,card
4167,408,2024-05-19,completed,card
4168,1538,2025-04-13,completed,cod
4169,1295,2025-06-19,cancelled,card
4170,2162,2024-07-25,completed,atm
4171,553,2025-08-26,completed,card
4172,1174,2024-07-11,completed,wallet
4173,1928,2025-10-03,completed,atm
4174,1301,2024-01-11,completed,atm
4175,615,2025-06-15,completed,card
4176,1154,2025-06-02,completed,card
4177,969,2025-05-07,completed,card
4178,501,2024-08-06,completed,card
4179,1542,2024-07-22,completed,card
4180,1367,2025-08-13,completed,atm
4181,1725,2025-09-10,completed,card
4182,1864,2025-05-12,cancelled,card
4183,1195,2025-01-09,completed,atm
4184,903,2024-12-12,completed,atm
4185,1291,2024-11-04,completed,card
4186,1693,2024-01-10,completed,card
4187,920,2025-07-16,completed,atm
4188,931,2025-09-25,completed,card
4189,433,2025-08-12,completed,cod
4190,1792,2024-02-08,completed,cod
4191,1635,2025-02-25,completed,atm
4192,1631,2025-05-25,completed,wallet
4193,546,2024-04-27,completed,cod
4194,2234,2025-04-02,completed,card
4195,1513,2024-06-28,completed,card
4196,1747,2024-10-13,completed,cod
4197,2134,2025-03-04,completed,atm
4198,2232,2024-01-24,completed,card
4199,2278,2024-10-08,completed,card
4200,917,2025-07-21,completed,card
4201,1998,2025-06-08,completed,wallet
4202,988,2024-06-03,completed,atm
4203,1354,2025-03-09,completed,card
4204,2173,2024-10-18,completed,card
4205,2398,2025-09-07,completed,atm
4206,1390,2024-06-08,completed,atm
4207,1642,2025-02-21,completed,card
4208,1816,2024-09-01,completed,wallet
4209,2485,2025-05-17,completed,card
4210,89,2025-11-04,completed,card
4211,1755,2024-05-25,completed,card
4212,1357,2025-11-11,completed,atm
4213,1523,2024-01-15,completed,card
4214,1081,2025-03-26,completed,card
4215,449,2024-03-17,completed,atm
4216,1847,2025-10-16,completed,card
4217,1221,2025-05-12,completed,card
4218,2253,2025-07-19,completed,atm
4219,1468,2025-04-28,completed,cod
4220,1139,2025-03-09,completed,card
4221,1057,2025-11-16,completed,card
4222,1122,2024-04-16,completed,atm
4223,2068,2025-01-25,completed,atm
4224,1538,2025-01-09,completed,wallet
4225,1169,2025-04-01,cancelled,atm
4226,598,2024-07-13,completed,wallet
4227,658,2025-11-01,completed,card
4228,2087,2025-03-20,completed,card
4229,2495,2025-12-06,completed,wallet
4230,1997,2025-11-16,completed,card
4231,301,2025-12-26,completed,card
4232,335,2025-08-30,completed,card
4233,2460,2025-08-24,completed,atm
4234,1509,2024-10-28,completed,card
4235,2229,2024-10-08,completed,card
4236,187,2025-10-06,completed,wallet
4237,2443,2025-08-13,completed,card
4238,900,2025-11-25,completed,card
4239,2290,2024-11-23,completed,wallet
4240,1170,2025-10-07,cancelled,atm
4241,497,2025-10-23,completed,card
4242,1610,2024-02-19,completed,atm
4243,405,2025-02-07,completed,cod
4244,1595,2025-02-14,completed,card
4245,1284,2025-04-18,completed,atm
4246,2340,2025-09-14,cancelled,cod
4247,361,2025-08-10,completed,card
4248,2190,2024-10-29,completed,card
4249,804,2025-09-17,completed,cod
4250,186,2025-01-28,completed,cod
4251,1135,2025-03-16,cancelled,cod
4252,2050,2025-02-08,completed,atm
4253,2165,2025-03-18,completed,card
4254,694,2025-03-19,completed,card
4255,1494,2025-04-01,completed,atm
4256,2115,2025-08-23,completed,card
4257,794,2025-07-09,completed,card
4258,1813,2024-02-29,completed,card
4259,2484,2025-02-20,completed,atm
4260,337,2024-02-04,completed,atm
4261,872,2024-05-14,completed,cod
4262,838,2025-07-23,completed,wallet
4263,2464,2024-05-19,completed,atm
4264,1814,2025-11-05,completed,card
4265,383,2025-12-06,completed,card
4266,598,2025-03-26,completed,card
4267,419,2024-03-09,completed,card
4268,2353,2025-06-05,completed,atm
4269,568,2024-04-05,completed,atm
4270,276,2024-04-08,completed,card
4271,149,2025-09-14,completed,wallet
4272,2025,2025-10-19,completed,card
4273,1954,2025-11-25,completed,card
4274,1517,2024-05-15,completed,wallet
4275,1942,2025-02-20,completed,wallet
4276,1687,2024-07-15,completed,card
4277,909,2024-02-28,completed,card
4278,1896,2024-05-09,completed,cod
4279,1202,2025-07-10,completed,atm
4280,979,2025-03-12,completed,card
4281,2281,2025-09-02,completed,wallet
4282,455,2025-12-18,completed,atm
4283,556,2024-08-22,cancelled,wallet
4284,1751,2024-11-05,completed,atm
4285,2462,2025-02-20,completed,atm
4286,2187,2025-12-31,completed,atm
4287,2200,2025-03-22,completed,card
4288,1537,2025-03-05,completed,card
4289,1807,2025-01-09,completed,card
4290,195,2025-07-30,completed,cod
4291,518,2024-04-11,completed,cod
4292,298,2025-06-28,completed,atm
4293,1447,2024-01-03,completed,atm
4294,988,2024-09-20,completed,card
4295,1100,2024-12-02,completed,wallet
4296,1167,2024-09-01,completed,atm
4297,467,2024-05-09,completed,atm
4298,1397,2025-11-02,completed,atm
4299,703,2024-01-06,completed,cod
4300,692,2025-03-08,completed,atm
4301,342,2024-12-25,completed,card
4302,934,2024-05-03,completed,card
4303,2303,2025-02-18,completed,wallet
4304,1271,2025-06-05,completed,card
4305,347,2024-02-29,completed,atm
4306,2295,2024-05-31,completed,card
4307,160,2024-01-20,completed,card
4308,1854,2024-01-08,completed,card
4309,2167,2024-12-14,completed,wallet
4310,1969,2024-02-20,completed,atm
4311,442,2025-05-07,completed,atm
4312,556,2025-12-19,completed,atm
4313,793,2024-09-10,completed,card
4314,1907,2025-02-20,completed,card
4315,357,2025-07-14,completed,card
4316,1310,2024-02-14,completed,card
4317,937,2025-02-11,completed,card
4318,1468,2024-01-03,completed,wallet
4319,1665,2025-02-20,completed,card
4320,1362,2025-03-02,completed,card
4321,1963,2024-04-17,completed,card
4322,2242,2024-04-12,completed,atm
4323,1998,2025-12-17,completed,card
4324,2021,2025-02-15,completed,atm
4325,114,2025-04-24,completed,wallet
4326,762,2024-07-17,refunded,wallet
4327,1394,2024-12-21,completed,wallet
4328,533,2025-06-28,completed,card
4329,191,2024-08-30,completed,atm
4330,1173,2025-10-01,completed,card
4331,825,2024-08-31,completed,card
4332,588,2025-03-20,completed,card
4333,1526,2025-03-01,completed,atm
4334,749,2024-07-29,refunded,atm
4335,2446,2024-02-18,completed,wallet
4336,795,2024-05-10,completed,card
4337,1350,2024-06-16,completed,cod
4338,72,2025-03-07,completed,card
4339,908,2024-03-14,completed,card
4340,1249,2024-07-15,completed,cod
4341,1314,2025-05-30,completed,card
4342,36,2025-01-21,completed,card
4343,963,2024-07-11,refunded,card
4344,2117,2024-01-27,completed,card
4345,897,2024-05-06,completed,card
4346,3,2025-08-07,completed,wallet
4347,233,2024-03-27,completed,atm
4348,1534,2025-05-19,completed,card
4349,1822,2025-02-12,completed,card
4350,1466,2024-06-28,completed,atm
4351,960,2024-09-26,completed,atm
4352,483,2024-02-17,completed,wallet
4353,976,2024-01-09,completed,card
4354,2000,2025-07-18,completed,atm
4355,541,2025-04-23,completed,card
4356,1509,2025-10-26,completed,card
4357,1949,2024-02-02,completed,card
4358,1685,2025-08-03,completed,card
4359,172,2025-11-15,completed,atm
4360,2156,2024-12-27,completed,card
4361,451,2025-01-12,completed,card
4362,114,2025-03-07,completed,atm
4363,2246,2024-05-11,completed,card
4364,973,2025-03-28,completed,atm
4365,1617,2025-05-20,completed,atm
4366,1790,2024-10-09,completed,atm
4367,1041,2024-07-01,cancelled,wallet
4368,610,2024-09-14,completed,wallet
4369,2114,2025-11-14,completed,atm
4370,614,2024-10-07,completed,card
4371,1305,2024-02-19,completed,atm
4372,1890,2024-01-03,completed,card
4373,2053,2025-09-04,completed,card
4374,2341,2025-07-15,completed,cod
4375,623,2024-11-11,completed,atm
4376,15,2025-03-08,completed,card
4377,2245,2024-04-02,completed,cod
4378,395,2024-09-26,completed,cod
4379,1029,2024-10-03,completed,card
4380,2039,2024-10-18,completed,wallet
4381,88,2024-08-31,completed,card
4382,215,2024-10-01,completed,wallet
4383,827,2025-02-28,completed,wallet
4384,589,2024-07-30,completed,card
4385,2198,2025-10-11,completed,card
4386,2034,2025-08-27,completed,wallet
4387,1683,2025-07-21,completed,card
4388,577,2024-02-06,completed,wallet
4389,1106,2025-10-18,completed,card
4390,863,2025-09-24,completed,wallet
4391,2466,2024-02-07,completed,card
4392,338,2025-05-30,completed,wallet
4393,735,2024-06-02,completed,atm
4394,170,2024-11-13,completed,card
4395,1628,2025-08-06,completed,atm
4396,1128,2024-12-04,completed,card
4397,485,2024-04-13,completed,wallet
4398,48,2025-10-10,completed,card
4399,1596,2025-11-11,cancelled,card
4400,1773,2025-12-26,completed,atm
4401,1319,2025-02-04,completed,card
4402,1100,2024-05-22,completed,atm
4403,1211,2025-03-16,completed,wallet
4404,588,2025-01-28,cancelled,card
4405,1395,2024-12-16,completed,card
4406,617,2025-08-26,completed,card
4407,2435,2024-03-20,completed,card
4408,25,2025-12-06,completed,cod
4409,1936,2024-04-18,completed,atm
4410,1169,2025-10-01,completed,atm
4411,2202,2025-07-09,completed,card
4412,2084,2024-12-25,completed,wallet
4413,646,2024-12-12,completed,card
4414,691,2024-02-16,completed,card
4415,323,2024-08-02,completed,card
4416,1940,2024-08-23,completed,card
4417,1007,2025-10-29,completed,card
4418,2474,2024-11-03,completed,atm
4419,1828,2024-10-01,completed,card
4420,90,2024-03-05,completed,card
4421,2332,2025-12-01,completed,atm
4422,54,2024-08-03,completed,card
4423,484,2025-05-01,completed,cod
4424,136,2025-09-30,completed,card
4425,104,2024-12-17,completed,card
4426,1414,2024-01-09,completed,wallet
4427,1955,2025-06-08,completed,card
4428,1629,2024-07-27,completed,card
4429,1388,2024-02-23,completed,atm
4430,863,2025-05-15,completed,card
4431,929,2025-05-06,cancelled,atm
4432,585,2025-06-24,completed,card
4433,1081,2025-08-05,completed,card
4434,2479,2025-05-13,completed,wallet
4435,2147,2024-01-01,completed,atm
4436,2402,2024-10-13,completed,atm
4437,2280,2025-12-29,completed,wallet
4438,786,2024-02-08,completed,cod
4439,87,2024-01-15,completed,wallet
4440,1423,2025-10-04,completed,card
4441,1461,2025-09-09,refunded,atm
4442,121,2024-02-08,completed,atm
4443,1107,2025-11-30,completed,card
4444,1025,2025-04-07,completed,wallet
4445,1069,2025-01-30,completed,atm
4446,675,2025-07-09,completed,cod
4447,1217,2025-08-24,completed,card
4448,1232,2025-07-10,completed,atm
4449,179,2024-01-23,completed,atm
4450,200,2024-08-08,completed,card
4451,2310,2024-01-31,completed,card
4452,2254,2024-01-29,completed,wallet
4453,2267,2025-05-20,completed,card
4454,2078,2024-11-14,completed,card
4455,2208,2024-10-07,completed,card
4456,1019,2024-11-23,completed,card
4457,2089,2024-01-08,completed,atm
4458,1066,2024-08-06,completed,cod
4459,938,2024-07-26,completed,card
4460,1345,2024-05-24,completed,atm
4461,205,2025-08-31,refunded,card
4462,1726,2025-10-29,completed,card
4463,1097,2025-12-15,completed,wallet
4464,751,2025-07-07,completed,cod
4465,1529,2025-10-02,completed,card
4466,1036,2024-04-12,completed,card
4467,2321,2024-01-09,completed,atm
4468,520,2025-01-18,completed,wallet
4469,342,2024-01-10,completed,card
4470,239,2024-09-11,completed,cod
4471,627,2024-05-28,completed,card
4472,1946,2024-11-18,cancelled,card
4473,343,2025-12-06,completed,card
4474,1389,2024-07-19,completed,card
4475,671,2025-12-30,completed,cod
4476,324,2024-05-11,completed,atm
4477,2257,2025-03-01,completed,card
4478,27,2025-08-27,completed,wallet
4479,2061,2024-01-22,completed,card
4480,848,2024-12-08,completed,atm
4481,811,2024-06-08,completed,wallet
4482,1689,2024-04-01,cancelled,card
4483,2144,2025-05-23,completed,card
4484,1223,2024-08-17,completed,atm
4485,258,2025-12-25,completed,card
4486,483,2025-07-03,completed,card
4487,744,2024-05-24,completed,card
4488,2316,2025-10-01,completed,atm
4489,1667,2024-06-15,completed,atm
4490,2105,2024-06-20,completed,card
4491,2206,2024-03-15,completed,card
4492,991,2024-03-11,completed,card
4493,259,2025-10-15,completed,atm
4494,947,2025-09-10,completed,atm
4495,2405,2024-01-30,completed,card
4496,822,2024-01-22,completed,card
4497,382,2025-07-25,completed,wallet
4498,382,2025-02-15,completed,card
4499,1282,2025-03-04,completed,atm
4500,940,2025-07-27,completed,card
4501,1812,2024-07-09,completed,card
4502,918,2024-02-17,completed,atm
4503,914,2025-08-20,completed,atm
4504,2339,2025-11-29,completed,atm
4505,1278,2025-02-02,completed,atm
4506,413,2024-02-28,completed,cod
4507,2440,2024-05-11,completed,wallet
4508,1483,2024-12-28,completed,card
4509,335,2025-02-11,completed,card
4510,1383,2024-01-05,completed,card
4511,2265,2025-04-02,completed,card
4512,1416,2025-02-14,completed,card
4513,626,2025-03-03,completed,atm
4514,1717,2024-12-15,completed,atm
4515,551,2024-05-10,completed,atm
4516,352,2025-08-10,completed,wallet
4517,1392,2025-09-13,completed,card
4518,2444,2024-08-22,cancelled,atm
4519,1337,2025-11-19,completed,wallet
4520,2497,2025-05-19,completed,card
4521,2235,2025-11-05,completed,card
4522,1323,2025-12-01,completed,cod
4523,347,2024-06-26,completed,atm
4524,103,2025-12-12,completed,cod
4525,688,2024-12-25,completed,card
4526,1798,2025-05-12,completed,atm
4527,1273,2025-10-26,completed,card
4528,1329,2025-10-29,completed,wallet
4529,1510,2025-07-25,completed,card
4530,1751,2024-09-04,completed,cod
4531,1477,2024-01-22,completed,card
4532,886,2024-09-16,completed,card
4533,230,2024-02-04,completed,card
4534,2260,2025-11-17,completed,cod
4535,543,2024-07-08,completed,card
4536,1450,2024-03-09,completed,card
4537,375,2024-11-20,completed,card
4538,764,2025-11-17,completed,atm
4539,2050,2024-08-21,completed,card
4540,90,2024-06-22,completed,cod
4541,980,2025-08-19,completed,card
4542,1766,2024-04-14,completed,card
4543,2118,2025-03-28,completed,card
4544,1596,2024-03-10,completed,atm
4545,1443,2025-10-13,completed,cod
4546,320,2025-01-28,completed,atm
4547,2175,2025-09-13,completed,cod
4548,2309,2024-06-17,refunded,atm
4549,453,2024-03-10,completed,wallet
4550,1443,2025-08-08,completed,atm
4551,1846,2024-06-09,completed,cod
4552,412,2025-05-18,completed,wallet
4553,107,2025-04-23,completed,wallet
4554,1188,2024-09-18,completed,card
4555,734,2024-12-19,completed,atm
4556,796,2024-10-05,completed,atm
4557,2463,2025-08-02,completed,card
4558,1273,2024-07-02,completed,atm
4559,2314,2024-03-08,refunded,card
4560,5,2025-06-28,completed,card
4561,561,2024-12-30,completed,card
4562,903,2025-05-01,completed,atm
4563,913,2025-07-28,completed,atm
4564,558,2025-11-16,completed,cod
4565,2377,2025-12-16,completed,cod
4566,156,2024-12-31,completed,atm
4567,818,2025-09-11,completed,atm
4568,1318,2024-10-09,completed,card
4569,1696,2025-11-05,completed,card
4570,2092,2025-05-30,completed,card
4571,497,2025-03-02,completed,atm
4572,197,2024-06-19,completed,atm
4573,973,2024-06-24,completed,card
4574,1540,2025-07-30,completed,card
4575,387,2024-12-02,completed,card
4576,399,2024-07-11,completed,card
4577,243,2024-05-27,completed,card
4578,1773,2024-12-03,completed,atm
4579,444,2024-06-13,completed,atm
4580,382,2025-01-02,completed,card
4581,1496,2025-05-25,completed,card
4582,415,2024-06-04,completed,card
4583,911,2025-08-07,completed,card
4584,1591,2025-03-04,completed,card
4585,620,2025-04-08,completed,card
4586,1062,2024-11-27,completed,atm
4587,1005,2025-05-21,completed,atm
4588,1960,2025-09-02,completed,card
4589,2090,2025-08-06,completed,wallet
4590,1400,2024-05-18,completed,card
4591,1529,2025-05-12,completed,atm
4592,495,2024-04-25,completed,card
4593,715,2024-10-28,completed,wallet
4594,1696,2025-12-20,cancelled,card
4595,1775,2024-12-21,completed,card
4596,1858,2024-09-08,completed,card
4597,2491,2024-09-10,completed,card
4598,2346,2024-07-17,completed,card
4599,1611,2024-02-16,completed,card
4600,2418,2024-02-21,completed,card
4601,844,2024-01-22,completed,card
4602,1143,2024-05-18,completed,card
4603,2409,2025-02-21,completed,card
4604,1126,2025-06-30,cancelled,atm
4605,490,2024-06-18,completed,atm
4606,1003,2025-03-11,completed,card
4607,1784,2024-01-28,completed,atm
4608,1745,2024-01-04,completed,card
4609,419,2024-10-14,completed,card
4610,52,2025-09-09,completed,cod
4611,1486,2025-05-10,completed,atm
4612,1469,2025-10-03,completed,atm
4613,2348,2025-04-29,completed,wallet
4614,1949,2025-08-15,completed,card
4615,123,2024-07-21,completed,atm
4616,2206,2025-12-15,completed,wallet
4617,935,2024-04-09,completed,card
4618,937,2025-05-23,completed,cod
4619,2024,2025-10-25,completed,atm
4620,1602,2024-12-13,completed,card
4621,401,2025-02-07,completed,wallet
4622,347,2024-03-24,cancelled,card
4623,844,2025-08-08,completed,card
4624,1435,2025-08-31,completed,cod
4625,110,2024-09-05,completed,card
4626,113,2024-10-24,completed,card
4627,253,2025-06-25,completed,atm
4628,913,2025-06-01,completed,card
4629,1922,2024-02-20,completed,card
4630,99,2024-06-13,completed,wallet
4631,1377,2025-03-12,completed,card
4632,2335,2024-10-16,completed,card
4633,285,2024-01-22,completed,card
4634,1151,2025-12-23,completed,card
4635,1640,2025-11-05,completed,cod
4636,1094,2024-10-04,completed,wallet
4637,1741,2025-07-28,completed,wallet
4638,1443,2025-08-27,completed,atm
4639,1630,2024-08-25,completed,wallet
4640,257,2024-09-28,cancelled,card
4641,1178,2024-12-04,completed,card
4642,1422,2025-09-10,completed,atm
4643,2340,2025-06-02,completed,card
4644,1031,2025-11-08,completed,card
4645,1858,2025-06-15,completed,atm
4646,811,2025-08-13,completed,atm
4647,702,2025-09-03,completed,cod
4648,622,2025-01-13,completed,card
4649,1,2024-08-20,completed,cod
4650,1902,2024-12-26,cancelled,wallet
4651,519,2024-11-20,completed,wallet
4652,15,2024-11-22,completed,card
4653,838,2025-05-05,completed,card
4654,1897,2024-09-17,completed,atm
4655,220,2025-01-17,cancelled,card
4656,1313,2024-12-09,completed,wallet
4657,691,2024-01-05,completed,wallet
4658,640,2025-05-24,completed,card
4659,2249,2024-11-17,completed,atm
4660,1559,2025-05-07,completed,card
4661,2021,2025-10-07,completed,card
4662,1223,2025-08-06,completed,card
4663,1528,2025-06-10,completed,atm
4664,1607,2024-04-21,completed,atm
4665,1092,2025-09-11,completed,card
4666,2496,2024-10-12,completed,card
4667,251,2025-03-20,completed,card
4668,1612,2024-06-19,cancelled,card
4669,1673,2025-04-08,completed,card
4670,1492,2025-07-24,completed,card
4671,1541,2024-01-06,completed,atm
4672,1747,2024-12-03,completed,wallet
4673,610,2024-03-24,completed,wallet
4674,1869,2025-10-01,completed,wallet
4675,191,2025-02-22,completed,card
4676,805,2024-02-28,completed,card
4677,2287,2025-05-02,completed,cod
4678,444,2025-06-11,completed,card
4679,2442,2024-10-11,completed,card
4680,1522,2025-10-20,completed,card
4681,304,2024-05-23,completed,wallet
4682,610,2025-12-16,completed,wallet
4683,407,2024-02-13,completed,card
4684,101,2025-10-29,refunded,wallet
4685,2094,2024-07-29,completed,atm
4686,389,2024-10-27,completed,card
4687,1369,2024-03-10,completed,card
4688,1062,2024-01-02,completed,cod
4689,1607,2025-11-02,completed,card
4690,1084,2024-02-03,completed,wallet
4691,2003,2024-02-15,completed,card
4692,695,2025-09-16,completed,atm
4693,38,2025-01-13,completed,cod
4694,737,2024-10-22,completed,card
4695,358,2024-09-21,completed,atm
4696,1822,2024-12-26,completed,card
4697,1140,2025-08-28,completed,wallet
4698,349,2025-11-24,completed,atm
4699,1703,2025-01-09,completed,atm
4700,2386,2024-08-02,completed,atm
4701,890,2024-08-27,completed,card
4702,1960,2025-07-03,completed,wallet
4703,1847,2024-07-14,completed,card
4704,970,2024-07-09,completed,card
4705,1694,2024-02-24,completed,cod
4706,2258,2024-01-19,completed,wallet
4707,2284,2024-11-19,completed,card
4708,374,2024-05-23,completed,wallet
4709,2007,2024-05-02,completed,card
4710,2166,2024-01-11,completed,wallet
4711,2497,2024-05-27,completed,card
4712,631,2024-05-04,completed,cod
4713,855,2024-04-11,refunded,atm
4714,1984,2025-04-03,completed,atm
4715,681,2025-07-18,completed,atm
4716,404,2025-08-14,completed,card
4717,1650,2025-03-19,completed,card
4718,2368,2025-01-19,completed,wallet
4719,1614,2025-12-28,completed,wallet
4720,610,2025-02-13,completed,cod
4721,2287,2025-01-31,completed,atm
4722,938,2025-08-20,completed,atm
4723,59,2024-01-03,completed,wallet
4724,926,2024-01-24,completed,card
4725,1648,2025-11-09,completed,wallet
4726,2010,2024-09-09,completed,card
4727,703,2025-03-22,completed,cod
4728,1260,2025-07-01,cancelled,atm
4729,831,2025-11-26,completed,card
4730,1451,2025-01-27,completed,wallet
4731,1263,2024-05-25,completed,wallet
4732,766,2025-04-06,completed,atm
4733,2462,2025-02-16,completed,card
4734,324,2024-05-05,completed,atm
4735,1034,2025-07-14,completed,atm
4736,1571,2024-11-16,completed,atm
4737,1600,2024-09-07,refunded,card
4738,2370,2024-03-17,completed,card
4739,526,2024-02-23,completed,atm
4740,2123,2025-07-30,completed,wallet
4741,1098,2024-06-14,completed,atm
4742,1756,2025-10-11,completed,card
4743,944,2024-12-30,completed,wallet
4744,243,2024-07-07,refunded,atm
4745,713,2025-11-27,completed,atm
4746,242,2025-12-05,completed,wallet
4747,951,2025-11-29,completed,atm
4748,2323,2025-01-19,completed,atm
4749,2411,2025-01-05,completed,card
4750,1449,2025-11-30,completed,wallet
4751,776,2024-12-30,completed,card
4752,1034,2025-10-30,completed,atm
4753,722,2025-10-23,completed,card
4754,1583,2024-07-29,completed,wallet
4755,592,2024-03-11,completed,card
4756,2110,2025-03-16,completed,atm
4757,572,2024-11-27,refunded,atm
4758,1505,2025-11-18,completed,card
4759,169,2025-03-30,cancelled,atm
4760,2202,2025-11-11,completed,cod
4761,1131,2024-08-19,completed,card
4762,1120,2024-10-15,completed,card
4763,1903,2025-12-13,completed,card
4764,515,2025-01-14,completed,card
4765,158,2025-01-09,completed,cod
4766,77,2025-11-26,completed,card
4767,1473,2025-07-08,refunded,card
4768,184,2025-06-29,completed,cod
4769,1018,2025-02-17,completed,card
4770,49,2025-06-11,completed,card
4771,1177,2024-01-27,completed,atm
4772,520,2024-08-18,completed,card
4773,1611,2024-07-14,completed,wallet
4774,2295,2024-11-17,completed,wallet
4775,1086,2024-02-19,completed,card
4776,2032,2025-03-12,completed,card
4777,631,2025-04-05,completed,card
4778,513,2025-03-22,completed,atm
4779,2308,2025-10-10,completed,card
4780,1247,2025-11-28,completed,wallet
4781,1268,2024-12-27,cancelled,wallet
4782,1070,2024-05-01,completed,atm
4783,1056,2024-04-07,completed,card
4784,509,2025-08-19,completed,card
4785,136,2024-08-21,completed,card
4786,2303,2025-01-24,refunded,atm
4787,1695,2024-12-12,completed,wallet
4788,1054,2025-02-23,completed,card
4789,461,2024-05-05,completed,cod
4790,686,2024-05-28,completed,atm
4791,1697,2025-01-29,completed,atm
4792,988,2024-10-09,completed,wallet
4793,2425,2024-06-05,completed,wallet
4794,2427,2024-12-09,completed,wallet
4795,6,2024-05-18,completed,wallet
4796,2313,2024-05-16,completed,wallet
4797,1061,2025-01-22,completed,atm
4798,1228,2025-08-23,completed,card
4799,1112,2025-10-06,completed,card
4800,2295,2025-06-06,completed,atm
4801,1775,2024-05-13,completed,atm
4802,2294,2024-12-13,completed,atm
4803,1221,2024-07-20,completed,atm
4804,1795,2025-07-13,completed,card
4805,1447,2025-08-14,completed,cod
4806,675,2024-07-09,completed,atm
4807,2397,2024-09-28,completed,atm
4808,442,2025-01-13,completed,atm
4809,3,2025-01-09,completed,card
4810,301,2025-02-03,completed,card
4811,1646,2024-03-06,completed,card
4812,358,2024-08-02,completed,cod
4813,343,2024-07-28,completed,card
4814,591,2025-07-20,completed,card
4815,910,2025-08-27,completed,card
4816,1631,2024-08-06,completed,atm
4817,1961,2024-03-10,cancelled,card
4818,2012,2024-01-15,completed,cod
4819,394,2024-11-18,completed,wallet
4820,930,2025-02-06,completed,cod
4821,1552,2024-08-29,completed,atm
4822,288,2024-12-20,completed,card
4823,588,2024-12-10,completed,card
4824,2241,2025-10-21,completed,card
4825,2138,2025-08-19,completed,card
4826,1885,2025-12-01,completed,card
4827,1655,2024-10-25,completed,wallet
4828,1001,2025-01-02,completed,card
4829,980,2024-09-26,completed,card
4830,2415,2025-09-15,completed,atm
4831,71,2025-07-14,refunded,atm
4832,1874,2025-11-01,completed,card
4833,1443,2024-09-18,completed,cod
4834,1938,2024-05-07,completed,wallet
4835,1306,2024-07-15,completed,atm
4836,765,2024-10-18,completed,card
4837,1870,2024-05-23,refunded,wallet
4838,2194,2025-12-30,completed,card
4839,969,2024-06-13,completed,wallet
4840,113,2024-06-28,completed,card
4841,1724,2024-04-26,completed,card
4842,496,2024-03-16,completed,card
4843,1029,2024-01-02,completed,card
4844,357,2025-04-26,completed,card
4845,2342,2025-01-30,completed,card
4846,896,2024-08-09,completed,card
4847,2498,2025-02-10,completed,atm
4848,2294,2024-08-24,completed,card
4849,1819,2024-08-05,completed,wallet
4850,2488,2024-10-27,completed,wallet
4851,464,2024-06-20,completed,card
4852,727,2024-03-31,completed,card
4853,1635,2025-12-12,completed,card
4854,2031,2025-10-12,completed,card
4855,664,2024-12-28,completed,card
4856,1153,2025-10-22,completed,card
4857,1985,2024-02-10,completed,wallet
4858,2224,2025-06-30,completed,card
4859,2363,2024-01-02,completed,atm
4860,1395,2025-11-01,completed,atm
4861,1288,2025-08-28,completed,wallet
4862,1069,2024-11-25,completed,card
4863,1264,2025-02-15,completed,wallet
4864,1754,2025-05-19,completed,wallet
4865,1456,2024-10-04,refunded,cod
4866,340,2025-08-01,completed,card
4867,1468,2024-05-24,completed,card
4868,2472,2024-06-13,completed,atm
4869,2041,2024-05-29,completed,card
4870,2198,2025-06-25,completed,atm
4871,2207,2025-05-17,completed,atm
4872,2009,2024-02-20,completed,card
4873,741,2025-02-01,completed,atm
4874,2066,2025-08-04,cancelled,card
4875,1410,2025-04-08,completed,card
4876,471,2025-11-13,completed,card
4877,1561,2024-05-14,completed,atm
4878,147,2024-07-02,completed,card
4879,849,2025-05-15,completed,card
4880,1439,2025-07-06,cancelled,card
4881,561,2024-07-21,completed,atm
4882,1182,2024-07-15,completed,card
4883,1417,2025-05-18,completed,atm
4884,327,2025-11-04,completed,card
4885,602,2024-12-09,completed,atm
4886,2031,2024-12-06,completed,wallet
4887,2058,2025-01-08,completed,wallet
4888,1691,2024-03-11,completed,atm
4889,2297,2025-01-24,completed,card
4890,359,2025-07-23,completed,atm
4891,777,2025-12-05,cancelled,card
4892,692,2025-08-06,completed,wallet
4893,125,2024-10-20,completed,cod
4894,1368,2025-11-18,completed,card
4895,2233,2024-04-29,completed,wallet
4896,2077,2025-03-12,completed,card
4897,1206,2025-08-14,completed,wallet
4898,1210,2024-07-27,completed,cod
4899,2432,2025-03-15,completed,cod
4900,1386,2025-02-11,completed,card
4901,985,2025-03-09,completed,card
4902,1123,2024-01-17,refunded,atm
4903,2036,2025-10-28,completed,card
4904,110,2024-07-29,completed,cod
4905,1401,2025-08-22,completed,atm
4906,1173,2025-08-23,completed,card
4907,2481,2024-08-13,completed,atm
4908,1974,2024-09-21,completed,card
4909,141,2024-12-24,completed,atm
4910,1715,2025-05-27,completed,card
4911,756,2025-11-28,completed,atm
4912,96,2025-11-24,completed,card
4913,180,2025-08-21,completed,atm
4914,1094,2024-08-22,refunded,atm
4915,230,2025-10-29,completed,card
4916,1353,2024-07-11,completed,card
4917,2050,2024-09-17,completed,card
4918,2073,2024-10-11,refunded,card
4919,1332,2025-10-28,completed,atm
4920,1395,2025-10-15,completed,cod
4921,41,2024-12-06,completed,atm
4922,1425,2025-06-10,completed,card
4923,1243,2025-11-04,completed,atm
4924,712,2024-01-30,cancelled,card
4925,1706,2024-10-11,completed,card
4926,1522,2024-01-30,completed,wallet
4927,2487,2025-09-29,completed,card
4928,1325,2024-11-13,completed,card
4929,354,2025-01-17,completed,cod
4930,1492,2025-10-25,completed,card
4931,1469,2025-07-10,completed,wallet
4932,847,2024-05-18,completed,card
4933,1255,2024-05-25,completed,card
4934,2115,2024-08-04,completed,card
4935,2381,2024-02-08,refunded,card
4936,1069,2025-10-14,completed,card
4937,1060,2025-08-10,completed,card
4938,514,2025-10-15,completed,atm
4939,231,2025-12-21,completed,atm
4940,574,2025-10-04,completed,card
4941,2126,2025-03-04,cancelled,atm
4942,1728,2024-11-09,completed,cod
4943,1782,2025-11-14,completed,atm
4944,2165,2025-10-29,completed,cod
4945,749,2024-03-16,completed,cod
4946,1245,2024-12-28,completed,wallet
4947,2247,2024-12-23,completed,card
4948,2186,2025-10-13,completed,atm
4949,1263,2025-10-24,completed,card
4950,1336,2024-12-10,completed,cod
4951,41,2025-04-06,completed,card
4952,1052,2025-09-11,cancelled,atm
4953,1051,2024-03-11,completed,atm
4954,282,2025-09-13,cancelled,card
4955,2229,2024-11-10,cancelled,card
4956,1430,2025-11-28,completed,card
4957,2474,2025-10-12,cancelled,card
4958,527,2025-07-19,cancelled,card
4959,2223,2025-12-03,refunded,atm
4960,1332,2025-07-07,completed,wallet
4961,86,2025-02-15,completed,wallet
4962,1604,2024-12-13,completed,atm
4963,317,2025-12-16,completed,card
4964,103,2024-11-12,completed,card
4965,2137,2025-11-04,completed,card
4966,414,2024-11-06,completed,wallet
4967,750,2025-03-17,completed,wallet
4968,199,2024-01-02,completed,atm
4969,937,2025-12-11,completed,card
4970,749,2024-12-24,completed,card
4971,589,2025-03-01,completed,cod
4972,566,2024-07-22,completed,card
4973,2057,2025-07-28,completed,wallet
4974,1830,2025-10-02,completed,wallet
4975,405,2025-01-09,completed,atm
4976,2220,2024-01-23,completed,card
4977,1133,2025-07-21,completed,card
4978,1716,2024-06-07,completed,cod
4979,1692,2024-05-03,completed,card
4980,1445,2024-12-08,completed,card
4981,1502,2024-06-07,completed,card
4982,1145,2025-12-17,cancelled,card
4983,2330,2024-09-08,completed,cod
4984,2049,2025-12-13,completed,wallet
4985,1053,2024-08-10,completed,card
4986,823,2025-08-23,cancelled,card
4987,1401,2024-05-10,completed,card
4988,465,2024-02-24,completed,card
4989,1753,2024-09-11,completed,cod
4990,650,2024-05-21,completed,atm
4991,2239,2025-11-15,completed,atm
4992,2195,2024-08-18,completed,card
4993,2384,2025-11-12,completed,wallet
4994,1783,2024-08-02,completed,cod
4995,2315,2025-09-11,completed,card
4996,2156,2024-12-22,completed,card
4997,2371,2024-02-14,completed,card
4998,1822,2025-05-23,completed,card
4999,2016,2025-02-02,completed,card
5000,1202,2024-08-07,completed,card
5001,1433,2024-07-17,completed,card
5002,1356,2025-01-19,completed,card
5003,2036,2024-04-11,completed,wallet
5004,1857,2025-08-17,completed,card
5005,809,2025-03-02,completed,card
5006,484,2024-12-15,completed,atm
5007,1447,2024-09-22,completed,wallet
5008,259,2025-07-17,completed,atm
5009,844,2024-02-24,completed,card
5010,1596,2025-10-09,cancelled,card
5011,1457,2025-11-28,completed,atm
5012,277,2024-02-03,completed,atm
5013,2215,2024-12-21,completed,wallet
5014,515,2025-09-24,completed,atm
5015,848,2024-04-11,completed,card
5016,152,2024-10-14,completed,card
5017,85,2024-02-08,completed,card
5018,20,2024-12-24,completed,card
5019,857,2024-01-08,completed,cod
5020,2278,2025-10-03,completed,atm
5021,1156,2024-08-10,completed,wallet
5022,1637,2025-07-01,completed,card
5023,1245,2024-11-14,completed,wallet
5024,685,2024-10-22,completed,cod
5025,319,2025-09-28,completed,card
5026,1384,2025-04-16,completed,card
5027,368,2024-11-30,completed,cod
5028,433,2025-08-07,completed,card
5029,333,2024-02-22,cancelled,card
5030,852,2025-08-12,completed,cod
5031,471,2025-02-24,completed,card
5032,1432,2025-10-23,completed,card
5033,1467,2024-01-29,completed,card
5034,120,2025-08-31,completed,wallet
5035,1198,2024-11-19,completed,card
5036,2075,2025-04-12,completed,card
5037,2065,2024-07-19,completed,card
5038,588,2025-08-12,completed,card
5039,175,2024-02-24,completed,card
5040,2005,2024-11-16,completed,card
5041,607,2024-12-01,completed,atm
5042,1423,2025-02-03,completed,card
5043,808,2024-05-25,completed,card
5044,709,2025-01-05,completed,card
5045,920,2024-11-19,completed,atm
5046,1064,2025-05-14,completed,card
5047,882,2024-07-06,completed,card
5048,774,2025-11-11,completed,atm
5049,1516,2025-02-14,completed,card
5050,1509,2025-02-11,completed,wallet
5051,396,2025-12-13,completed,wallet
5052,1482,2025-08-16,refunded,wallet
5053,349,2024-11-20,completed,card
5054,1745,2024-08-04,completed,card
5055,2184,2025-07-06,completed,card
5056,569,2024-10-28,completed,atm
5057,1484,2025-02-27,completed,card
5058,592,2025-02-23,completed,atm
5059,1305,2025-02-26,refunded,atm
5060,1380,2025-09-04,completed,atm
5061,2050,2024-01-17,completed,cod
5062,75,2024-03-17,completed,wallet
5063,131,2024-09-27,completed,card
5064,1613,2025-08-16,completed,wallet
5065,1398,2025-08-01,completed,cod
5066,599,2025-11-21,completed,atm
5067,2363,2025-11-27,completed,wallet
5068,732,2024-02-13,completed,atm
5069,2153,2024-10-11,refunded,card
5070,1189,2025-11-04,completed,card
5071,436,2025-05-30,completed,cod
5072,1732,2025-08-24,completed,card
5073,1288,2024-10-07,completed,card
5074,1329,2025-07-21,completed,card
5075,216,2025-12-08,completed,cod
5076,2225,2024-11-08,completed,card
5077,1106,2024-07-24,completed,card
5078,1008,2024-05-12,completed,cod
5079,1376,2024-08-11,completed,card
5080,1396,2024-04-26,completed,card
5081,1215,2025-10-14,completed,cod
5082,115,2025-10-25,completed,wallet
5083,1878,2024-03-02,completed,cod
5084,1674,2024-05-12,completed,wallet
5085,1737,2024-06-03,completed,card
5086,1836,2025-01-23,completed,cod
5087,1657,2024-05-31,completed,card
5088,1399,2025-10-23,completed,card
5089,705,2025-05-01,completed,atm
5090,2056,2025-01-30,cancelled,card
5091,1809,2025-11-26,completed,cod
5092,426,2025-06-09,completed,atm
5093,585,2025-02-21,completed,atm
5094,2013,2024-05-07,completed,card
5095,1580,2024-07-05,completed,cod
5096,1348,2025-11-18,completed,card
5097,171,2025-09-08,completed,card
5098,574,2025-07-17,completed,atm
5099,265,2025-12-11,completed,atm
5100,195,2024-11-07,completed,atm
5101,2376,2025-12-24,completed,wallet
5102,217,2025-04-17,completed,card
5103,601,2024-09-21,completed,wallet
5104,1209,2025-08-30,completed,cod
5105,750,2024-07-29,completed,wallet
5106,45,2024-02-20,completed,cod
5107,44,2025-08-20,completed,wallet
5108,1638,2024-06-25,completed,wallet
5109,239,2024-07-13,completed,card
5110,106,2024-04-10,completed,card
5111,1751,2024-08-21,completed,wallet
5112,816,2024-10-08,completed,atm
5113,1270,2024-01-22,completed,card
5114,1253,2025-11-11,completed,cod
5115,1693,2025-10-09,completed,card
5116,1461,2025-10-03,completed,cod
5117,2288,2025-07-27,completed,atm
5118,2198,2024-04-09,completed,atm
5119,197,2024-09-23,completed,atm
5120,590,2024-11-05,completed,wallet
5121,1771,2024-05-23,completed,wallet
5122,119,2025-11-14,completed,cod
5123,829,2025-02-28,completed,wallet
5124,2220,2024-08-29,completed,card
5125,2332,2024-08-11,completed,wallet
5126,151,2024-03-17,completed,card
5127,607,2024-11-07,completed,card
5128,604,2024-01-12,completed,card
5129,2345,2025-01-19,completed,card
5130,622,2025-10-19,completed,card
5131,260,2024-02-20,completed,cod
5132,1940,2024-03-10,completed,card
5133,2466,2025-11-13,completed,atm
5134,2404,2024-02-26,completed,card
5135,283,2025-11-22,completed,wallet
5136,225,2025-01-20,completed,atm
5137,2085,2025-05-26,completed,wallet
5138,391,2024-06-12,completed,atm
5139,40,2024-11-09,completed,card
5140,1276,2024-05-20,completed,atm
5141,2076,2025-02-01,completed,card
5142,100,2025-08-03,completed,card
5143,2095,2025-11-11,completed,atm
5144,448,2025-02-16,completed,wallet
5145,1347,2025-11-21,completed,atm
5146,1783,2025-12-16,completed,card
5147,811,2024-08-05,completed,card
5148,1235,2024-01-04,completed,card
5149,1052,2024-02-03,completed,card
5150,765,2025-09-15,completed,card
5151,1813,2024-04-26,completed,atm
5152,948,2025-02-16,completed,atm
5153,1549,2024-06-02,completed,atm
5154,210,2024-09-17,completed,atm
5155,1243,2025-10-07,completed,atm
5156,615,2024-11-26,completed,card
5157,2246,2024-08-06,completed,card
5158,446,2025-05-24,completed,cod
5159,2463,2024-02-24,completed,card
5160,1071,2025-02-20,completed,atm
5161,1650,2025-11-23,completed,card
5162,969,2024-07-02,completed,card
5163,2339,2025-11-26,completed,card
5164,2251,2025-03-06,completed,atm
5165,988,2024-12-27,completed,atm
5166,1931,2025-02-08,completed,card
5167,1503,2024-03-08,completed,card
5168,2156,2024-12-21,completed,card
5169,2379,2024-01-12,completed,atm
5170,384,2025-10-23,completed,card
5171,1888,2024-08-02,completed,card
5172,909,2024-11-04,completed,cod
5173,27,2024-07-16,completed,card
5174,565,2025-12-02,completed,card
5175,1980,2025-04-30,completed,wallet
5176,517,2024-12-16,completed,card
5177,1581,2024-05-15,completed,atm
5178,1960,2024-08-25,cancelled,atm
5179,749,2024-03-30,completed,card
5180,592,2024-01-01,completed,card
5181,1789,2025-06-02,completed,cod
5182,266,2025-10-15,completed,atm
5183,833,2024-12-30,completed,card
5184,275,2025-01-05,completed,card
5185,1778,2025-01-26,completed,atm
5186,2146,2025-06-24,completed,atm
5187,465,2024-05-02,completed,card
5188,152,2024-05-04,refunded,card
5189,955,2024-11-05,completed,card
5190,73,2025-05-17,completed,wallet
5191,1923,2024-01-16,completed,card
5192,1478,2025-05-07,completed,card
5193,488,2025-02-18,completed,cod
5194,2285,2025-01-31,completed,card
5195,2394,2025-12-04,completed,card
5196,1934,2025-12-15,completed,wallet
5197,1254,2024-10-06,completed,card
5198,1676,2024-07-27,completed,card
5199,361,2025-06-05,completed,cod
5200,409,2024-05-10,completed,card
5201,320,2025-07-08,completed,atm
5202,1744,2025-09-05,completed,card
5203,61,2025-01-25,completed,card
5204,2120,2025-10-30,completed,card
5205,2370,2025-11-24,completed,card
5206,2262,2025-11-22,completed,card
5207,1224,2025-04-24,completed,atm
5208,700,2025-06-24,completed,atm
5209,821,2025-07-13,completed,card
5210,677,2024-11-22,completed,card
5211,2005,2024-11-02,completed,atm
5212,2146,2025-11-21,completed,card
5213,2077,2025-05-09,completed,wallet
5214,281,2024-09-07,completed,atm
5215,1468,2024-10-08,completed,cod
5216,384,2024-02-26,completed,atm
5217,368,2025-05-31,completed,cod
5218,301,2025-12-20,completed,wallet
5219,1762,2024-10-24,completed,card
5220,1232,2025-05-13,completed,card
5221,1265,2024-01-18,completed,wallet
5222,1522,2025-08-09,completed,card
5223,1901,2024-01-31,completed,wallet
5224,1115,2024-05-28,completed,atm
5225,2240,2025-04-10,completed,atm
5226,87,2024-06-27,completed,wallet
5227,2218,2024-08-10,completed,card
5228,533,2024-05-02,completed,wallet
5229,2230,2024-12-24,completed,atm
5230,1274,2025-05-26,completed,card
5231,988,2025-05-27,completed,atm
5232,2456,2024-06-05,completed,card
5233,1852,2025-11-07,completed,card
5234,258,2024-12-16,completed,card
5235,1358,2024-10-06,completed,wallet
5236,2135,2024-07-30,refunded,card
5237,1952,2024-04-24,completed,card
5238,621,2025-12-19,completed,card
5239,1493,2025-10-03,completed,card
5240,2290,2024-04-11,completed,atm
5241,409,2025-12-07,completed,card
5242,1762,2025-03-25,completed,atm
5243,1974,2025-10-02,completed,card
5244,409,2025-02-09,completed,wallet
5245,2060,2025-01-14,completed,card
5246,1461,2024-07-01,completed,card
5247,1161,2025-10-17,completed,card
5248,455,2025-08-09,completed,card
5249,2167,2024-08-08,completed,card
5250,30,2024-02-17,completed,cod
5251,1676,2024-03-24,completed,wallet
5252,996,2025-11-06,completed,card
5253,1775,2024-08-19,completed,card
5254,1141,2025-05-05,completed,card
5255,2073,2024-05-12,refunded,card
5256,2222,2024-12-20,completed,card
5257,64,2024-11-27,completed,wallet
5258,1271,2024-01-24,completed,cod
5259,1573,2025-02-28,completed,card
5260,236,2024-11-05,completed,card
5261,1761,2024-06-09,completed,atm
5262,49,2025-10-14,completed,card
5263,1444,2025-07-28,completed,card
5264,677,2025-06-26,completed,card
5265,2468,2024-10-21,completed,card
5266,153,2025-08-16,completed,card
5267,625,2025-01-18,completed,card
5268,1831,2024-07-04,completed,card
5269,2229,2024-02-13,completed,card
5270,2252,2025-06-24,completed,wallet
5271,1189,2024-08-22,completed,card
5272,33,2024-03-31,completed,atm
5273,1215,2024-08-17,completed,card
5274,252,2025-11-25,completed,card
5275,2423,2025-02-14,completed,cod
5276,1575,2025-01-21,completed,wallet
5277,2351,2024-07-06,completed,card
5278,1024,2025-06-14,completed,wallet
5279,1979,2024-02-13,completed,card
5280,639,2025-06-10,completed,atm
5281,2376,2025-02-05,completed,card
5282,1175,2025-10-22,completed,card
5283,1663,2025-12-26,completed,wallet
5284,185,2024-10-27,completed,card
5285,1076,2025-03-22,completed,card
5286,2296,2024-12-02,completed,card
5287,2076,2024-01-27,completed,wallet
5288,67,2025-04-25,completed,card
5289,1020,2024-01-25,completed,wallet
5290,2026,2024-12-29,completed,cod
5291,2468,2024-04-08,completed,card
5292,302,2024-11-16,completed,atm
5293,878,2024-11-01,completed,card
5294,262,2025-10-21,completed,card
5295,656,2025-05-14,refunded,atm
5296,340,2024-12-13,completed,wallet
5297,239,2024-08-21,completed,card
5298,1188,2025-12-08,completed,cod
5299,967,2025-03-18,completed,wallet
5300,2023,2025-06-15,completed,wallet
5301,2358,2025-09-16,cancelled,card
5302,1946,2024-09-21,completed,card
5303,1264,2025-05-03,cancelled,card
5304,1809,2025-05-12,completed,card
5305,352,2024-11-07,refunded,card
5306,1289,2025-02-25,completed,atm
5307,2332,2024-04-30,completed,card
5308,1693,2024-11-24,completed,card
5309,917,2025-11-11,completed,atm
5310,834,2024-04-29,completed,atm
5311,801,2024-11-28,completed,card
5312,1711,2025-04-05,completed,card
5313,1689,2024-03-30,completed,atm
5314,2325,2024-11-30,completed,card
5315,1407,2025-05-21,completed,card
5316,1692,2024-02-13,completed,card
5317,1531,2024-10-26,refunded,wallet
5318,243,2024-01-17,completed,card
5319,1981,2024-08-01,completed,cod
5320,1477,2025-03-13,completed,card
5321,252,2024-05-24,completed,wallet
5322,412,2024-10-16,completed,atm
5323,1620,2024-03-25,completed,card
5324,2148,2024-11-05,completed,wallet
5325,1681,2024-04-14,completed,atm
5326,2085,2024-10-28,completed,atm
5327,1082,2025-01-12,refunded,wallet
5328,1937,2025-08-30,completed,card
5329,1289,2024-12-18,completed,card
5330,2,2024-02-02,completed,card
5331,388,2025-06-23,refunded,wallet
5332,868,2024-10-17,cancelled,wallet
5333,2055,2024-12-26,completed,card
5334,2073,2025-03-02,completed,card
5335,807,2025-06-15,completed,card
5336,1004,2025-05-10,completed,card
5337,2288,2025-03-10,cancelled,cod
5338,1807,2025-04-15,completed,card
5339,2252,2025-10-20,cancelled,wallet
5340,1488,2025-10-04,completed,wallet
5341,749,2024-10-18,completed,card
5342,419,2024-03-26,completed,card
5343,443,2025-05-10,completed,atm
5344,1073,2024-01-09,cancelled,card
5345,619,2025-05-28,completed,wallet
5346,1900,2025-11-19,completed,atm
5347,1530,2024-11-27,cancelled,atm
5348,2342,2024-06-20,completed,card
5349,395,2024-12-02,completed,card
5350,2192,2025-10-26,completed,atm
5351,1138,2025-12-02,completed,card
5352,1519,2024-12-13,completed,card
5353,1102,2024-01-14,completed,card
5354,1057,2024-02-16,completed,card
5355,1443,2025-01-17,completed,card
5356,2291,2025-02-11,completed,cod
5357,173,2024-10-17,completed,cod
5358,2224,2024-04-02,completed,card
5359,1181,2025-11-09,completed,card
5360,2456,2025-05-23,completed,card
5361,1075,2025-10-11,completed,atm
5362,707,2025-11-11,completed,atm
5363,1850,2024-05-01,completed,atm
5364,2370,2025-10-23,completed,cod
5365,1315,2024-08-04,completed,wallet
5366,2074,2025-02-26,completed,atm
5367,2466,2024-05-24,completed,atm
5368,265,2024-02-27,completed,card
5369,2354,2024-12-02,completed,card
5370,1320,2024-04-17,completed,card
5371,585,2025-02-27,completed,wallet
5372,1940,2024-11-11,cancelled,atm
5373,2349,2025-05-29,refunded,wallet
5374,34,2024-10-01,completed,wallet
5375,1335,2025-03-22,cancelled,atm
5376,534,2024-12-24,completed,card
5377,2355,2025-11-08,completed,atm
5378,380,2025-11-18,completed,card
5379,1182,2024-07-13,completed,card
5380,1367,2025-06-29,completed,wallet
5381,600,2025-05-20,refunded,atm
5382,92,2025-12-18,completed,card
5383,1883,2024-03-11,completed,atm
5384,20,2024-10-07,completed,card
5385,1001,2024-07-29,completed,atm
5386,1036,2024-10-09,completed,atm
5387,1576,2024-05-21,completed,card
5388,1838,2025-01-27,completed,atm
5389,930,2025-04-18,refunded,cod
5390,2048,2025-12-16,completed,card
5391,1964,2024-05-18,completed,cod
5392,2311,2024-05-13,cancelled,cod
5393,1183,2025-11-02,completed,card
5394,1622,2025-03-18,completed,atm
5395,440,2025-11-01,completed,card
5396,442,2025-08-25,completed,card
5397,285,2025-11-22,completed,atm
5398,1749,2024-06-28,completed,card
5399,135,2024-09-13,completed,atm
5400,1977,2024-11-24,completed,wallet
5401,1419,2025-04-13,completed,atm
5402,1142,2025-11-25,completed,wallet
5403,239,2024-08-01,completed,card
5404,1610,2024-10-03,completed,card
5405,1125,2025-04-29,completed,card
5406,1241,2025-10-27,completed,card
5407,366,2024-02-16,completed,card
5408,398,2025-02-04,completed,cod
5409,2331,2024-09-16,completed,atm
5410,1602,2025-06-02,completed,cod
5411,282,2025-11-05,completed,cod
5412,1588,2024-07-21,completed,card
5413,1895,2025-02-11,completed,card
5414,1689,2025-09-18,completed,atm
5415,1295,2024-02-11,completed,wallet
5416,1898,2025-12-06,completed,card
5417,538,2025-05-13,cancelled,atm
5418,2306,2025-01-21,completed,wallet
5419,212,2025-05-15,completed,card
5420,395,2024-02-29,completed,cod
5421,2469,2024-05-19,completed,atm
5422,492,2024-08-22,completed,card
5423,247,2025-06-21,completed,card
5424,1949,2025-02-02,refunded,wallet
5425,515,2024-08-18,completed,card
5426,340,2025-03-17,cancelled,cod
5427,2245,2024-04-02,completed,wallet
5428,1456,2024-07-24,completed,atm
5429,2085,2025-12-15,completed,wallet
5430,1412,2025-11-01,completed,card
5431,997,2024-10-09,completed,wallet
5432,598,2024-07-27,completed,card
5433,933,2025-06-10,completed,wallet
5434,61,2025-09-21,completed,card
5435,2130,2024-02-06,completed,card
5436,2390,2024-03-16,completed,card
5437,722,2025-06-27,completed,atm
5438,1735,2024-04-30,completed,cod
5439,1428,2024-04-27,completed,cod
5440,891,2025-06-01,completed,card
5441,454,2025-05-09,completed,cod
5442,611,2024-06-07,completed,card
5443,1140,2024-10-17,completed,wallet
5444,2383,2025-05-22,completed,card
5445,1920,2025-01-16,completed,atm
5446,49,2024-04-11,completed,card
5447,1525,2025-06-23,completed,card
5448,1361,2024-02-18,completed,atm
5449,1336,2024-09-28,completed,card
5450,1492,2025-12-09,completed,card
5451,2162,2024-02-15,completed,wallet
5452,1409,2024-05-02,completed,atm
5453,1374,2024-12-07,completed,card
5454,403,2024-12-05,completed,card
5455,2335,2025-10-05,completed,wallet
5456,1572,2024-07-27,completed,card
5457,367,2025-01-04,completed,wallet
5458,1090,2025-03-16,completed,atm
5459,463,2025-05-09,completed,atm
5460,2141,2024-10-11,completed,card
5461,985,2025-10-25,completed,wallet
5462,2408,2024-01-11,completed,card
5463,2384,2024-04-24,completed,atm
5464,1603,2024-09-11,completed,card
5465,468,2025-04-22,completed,card
5466,586,2025-11-07,completed,card
5467,2354,2024-05-26,completed,card
5468,1409,2024-12-27,completed,atm
5469,1894,2025-12-19,completed,card
5470,2118,2024-03-17,completed,atm
5471,246,2024-06-04,completed,card
5472,1851,2025-11-30,completed,atm
5473,2245,2025-03-01,completed,cod
5474,259,2025-11-07,completed,card
5475,1766,2024-04-20,completed,card
5476,1272,2025-09-20,completed,cod
5477,1551,2024-05-07,completed,atm
5478,631,2024-11-13,completed,atm
5479,1175,2025-10-11,completed,atm
5480,711,2024-04-08,completed,atm
5481,970,2025-11-23,cancelled,card
5482,1742,2025-04-02,completed,cod
5483,87,2025-08-15,completed,atm
5484,2131,2025-12-26,completed,cod
5485,1637,2024-09-03,completed,atm
5486,2020,2024-09-16,completed,card
5487,2133,2025-01-01,completed,card
5488,740,2024-05-12,completed,card
5489,653,2024-04-24,completed,card
5490,1983,2024-08-21,completed,atm
5491,390,2025-10-04,completed,wallet
5492,838,2024-08-25,completed,atm
5493,225,2024-05-31,completed,card
5494,1799,2024-09-21,completed,card
5495,2453,2025-05-30,completed,wallet
5496,292,2025-07-26,cancelled,cod
5497,1486,2024-01-07,cancelled,card
5498,2242,2025-05-04,completed,wallet
5499,2133,2024-07-21,completed,card
5500,1235,2024-12-02,completed,card
5501,1021,2024-04-10,completed,card
5502,2099,2025-06-11,refunded,card
5503,996,2024-04-20,completed,card
5504,1020,2025-05-24,completed,cod
5505,566,2024-09-23,completed,atm
5506,487,2025-07-17,completed,wallet
5507,151,2025-02-27,completed,wallet
5508,1203,2024-10-18,completed,card
5509,2429,2025-12-15,completed,atm
5510,714,2025-01-06,completed,atm
5511,325,2025-03-06,completed,card
5512,1510,2025-03-10,completed,wallet
5513,1468,2024-08-30,completed,card
5514,185,2025-08-27,completed,card
5515,1573,2025-03-02,completed,card
5516,1837,2025-07-09,completed,wallet
5517,243,2025-08-30,cancelled,card
5518,2396,2024-08-25,completed,card
5519,2390,2025-07-03,completed,cod
5520,1289,2025-07-15,completed,card
5521,1302,2024-12-03,completed,card
5522,1937,2025-02-08,cancelled,wallet
5523,247,2024-02-23,completed,card
5524,1170,2025-11-20,completed,card
5525,1726,2025-02-16,completed,card
5526,923,2024-07-20,completed,atm
5527,393,2024-04-25,cancelled,card
5528,2092,2024-09-04,cancelled,atm
5529,1418,2025-11-23,completed,card
5530,1447,2025-03-23,completed,card
5531,292,2024-09-24,completed,card
5532,1401,2025-01-01,completed,card
5533,800,2024-12-18,completed,cod
5534,1713,2024-04-14,completed,atm
5535,1003,2025-12-15,completed,cod
5536,1293,2024-07-17,completed,atm
5537,574,2025-04-27,completed,atm
5538,1424,2025-08-21,completed,card
5539,425,2024-01-17,completed,card
5540,1433,2025-01-11,completed,card
5541,569,2024-12-20,completed,atm
5542,1937,2025-03-28,completed,wallet
5543,808,2024-01-26,completed,card
5544,2196,2024-01-30,completed,card
5545,1616,2024-01-26,completed,card
5546,1262,2025-06-14,completed,cod
5547,703,2025-11-27,completed,card
5548,294,2025-05-31,completed,card
5549,2144,2024-03-08,refunded,wallet
5550,989,2025-06-28,completed,atm
5551,288,2024-03-07,completed,card
5552,1591,2025-04-23,completed,card
5553,726,2025-02-23,completed,cod
5554,610,2025-11-08,completed,wallet
5555,1646,2024-08-24,completed,atm
5556,803,2024-12-03,completed,wallet
5557,305,2025-01-01,completed,atm
5558,1143,2025-09-12,cancelled,card
5559,1415,2024-10-22,completed,wallet
5560,2335,2025-11-01,completed,card
5561,1401,2024-01-22,completed,cod
5562,2312,2024-06-25,completed,card
5563,1713,2025-08-17,completed,wallet
5564,2177,2025-11-27,completed,card
5565,1642,2025-12-28,completed,cod
5566,1604,2024-04-20,completed,card
5567,574,2025-08-12,completed,wallet
5568,175,2025-12-23,completed,card
5569,784,2024-12-31,completed,atm
5570,949,2024-01-27,cancelled,atm
5571,916,2024-10-08,completed,wallet
5572,2413,2025-12-13,completed,wallet
5573,1092,2025-12-18,completed,card
5574,1935,2024-12-24,completed,card
5575,1224,2024-04-23,completed,wallet
5576,2102,2025-08-29,completed,card
5577,813,2025-11-15,completed,cod
5578,1361,2025-05-31,completed,atm
5579,1542,2025-12-01,completed,atm
5580,600,2024-03-01,completed,card
5581,40,2025-11-15,completed,wallet
5582,270,2024-04-06,completed,wallet
5583,2012,2025-09-20,completed,card
5584,1799,2024-07-20,completed,atm
5585,1034,2025-08-12,refunded,card
5586,1241,2025-11-14,completed,wallet
5587,2320,2025-10-26,completed,card
5588,24,2024-03-29,refunded,atm
5589,435,2024-07-08,completed,card
5590,1440,2025-09-04,completed,card
5591,1695,2025-03-25,completed,cod
5592,574,2024-01-18,completed,card
5593,2134,2024-04-17,completed,card
5594,1550,2025-10-12,completed,card
5595,843,2025-08-23,completed,wallet
5596,500,2025-12-24,completed,atm
5597,112,2025-12-14,completed,card
5598,1730,2024-02-01,completed,cod
5599,1360,2025-01-01,completed,card
5600,1608,2024-10-16,completed,card
5601,2392,2024-10-11,refunded,atm
5602,497,2024-05-23,completed,card
5603,1664,2024-04-09,completed,cod
5604,1505,2024-02-09,completed,card
5605,1082,2025-08-16,completed,card
5606,169,2025-06-09,completed,atm
5607,1739,2025-08-21,completed,card
5608,467,2025-08-01,refunded,atm
5609,2069,2024-12-25,completed,card
5610,1817,2024-10-09,completed,atm
5611,1576,2025-02-03,completed,card
5612,2317,2024-05-18,completed,atm
5613,1334,2024-12-25,completed,atm
5614,1500,2025-11-02,completed,card
5615,2057,2024-10-07,completed,wallet
5616,897,2025-04-23,completed,wallet
5617,840,2024-12-03,completed,atm
5618,2050,2024-05-27,completed,card
5619,2118,2024-05-10,completed,wallet
5620,2110,2025-11-13,completed,cod
5621,2452,2024-01-28,completed,card
5622,1529,2025-03-27,completed,atm
5623,1827,2024-01-01,completed,cod
5624,1158,2025-12-05,completed,atm
5625,1622,2025-12-29,completed,atm
5626,641,2025-08-26,completed,card
5627,519,2025-05-08,completed,card
5628,654,2025-10-17,refunded,card
5629,2081,2024-03-26,completed,wallet
5630,2329,2025-03-07,completed,wallet
5631,168,2025-01-24,completed,atm
5632,1799,2025-04-04,completed,atm
5633,479,2024-11-08,completed,card
5634,1951,2025-06-06,completed,card
5635,2236,2025-02-08,completed,card
5636,1617,2025-05-13,refunded,card
5637,1053,2025-08-29,completed,card
5638,2029,2025-04-30,completed,card
5639,23,2025-07-29,completed,atm
5640,335,2024-11-05,completed,atm
5641,219,2024-08-16,completed,wallet
5642,1984,2025-06-30,completed,card
5643,1232,2025-02-02,completed,atm
5644,281,2025-08-10,completed,card
5645,4,2024-05-24,completed,card
5646,1622,2025-10-03,completed,card
5647,2001,2025-10-08,completed,card
5648,449,2025-10-05,completed,card
5649,2247,2024-08-17,refunded,card
5650,561,2024-12-05,completed,card
5651,1197,2025-10-18,completed,card
5652,1946,2025-10-05,completed,card
5653,653,2025-03-07,completed,wallet
5654,2312,2024-09-18,completed,wallet
5655,1676,2024-10-02,completed,card
5656,1790,2025-05-17,completed,card
5657,917,2025-03-06,completed,wallet
5658,245,2024-08-20,completed,atm
5659,1445,2025-08-08,completed,atm
5660,1469,2025-12-04,refunded,card
5661,1869,2025-07-18,completed,cod
5662,1901,2025-04-11,completed,card
5663,2449,2025-09-10,completed,cod
5664,34,2024-09-16,completed,card
5665,558,2024-06-11,completed,card
5666,1053,2025-08-28,completed,wallet
5667,110,2025-12-20,completed,card
5668,730,2025-05-04,completed,wallet
5669,1602,2025-12-21,completed,card
5670,1461,2024-02-18,completed,card
5671,678,2025-10-06,completed,card
5672,2090,2024-01-06,completed,wallet
5673,780,2024-01-04,completed,card
5674,1405,2024-01-09,completed,cod
5675,1765,2025-09-21,completed,atm
5676,411,2025-12-04,completed,card
5677,1976,2024-10-22,completed,card
5678,1073,2025-08-13,completed,cod
5679,610,2025-08-26,completed,card
5680,1953,2025-06-12,completed,atm
5681,483,2024-06-01,completed,card
5682,1216,2025-10-26,completed,atm
5683,1231,2025-12-31,completed,card
5684,1284,2025-07-03,completed,card
5685,51,2024-07-03,completed,card
5686,292,2025-02-25,completed,atm
5687,820,2024-08-20,completed,atm
5688,140,2025-02-15,completed,cod
5689,593,2025-12-30,completed,card
5690,777,2025-03-13,completed,card
5691,1403,2024-09-03,completed,wallet
5692,1942,2024-05-20,completed,atm
5693,407,2024-03-01,completed,card
5694,2001,2024-05-09,completed,card
5695,2047,2024-05-04,completed,card
5696,743,2025-09-09,completed,wallet
5697,1464,2024-06-06,completed,atm
5698,639,2024-02-12,completed,card
5699,617,2025-10-08,completed,atm
5700,966,2024-02-04,completed,card
5701,1162,2024-09-29,completed,atm
5702,2210,2024-01-04,completed,card
5703,2192,2025-01-02,completed,cod
5704,288,2024-12-28,completed,wallet
5705,2092,2024-10-06,completed,card
5706,344,2024-04-06,completed,card
5707,2472,2025-07-07,completed,card
5708,2074,2024-08-26,completed,card
5709,375,2025-05-17,completed,atm
5710,447,2024-06-26,completed,atm
5711,2436,2024-10-19,completed,wallet
5712,1917,2025-08-05,completed,atm
5713,41,2024-05-24,cancelled,atm
5714,2142,2025-06-30,completed,card
5715,392,2024-10-19,completed,atm
5716,219,2024-12-24,completed,card
5717,1097,2025-07-15,completed,wallet
5718,8,2024-03-29,completed,card
5719,54,2024-12-26,completed,card
5720,1160,2025-12-15,completed,card
5721,109,2024-07-17,completed,cod
5722,2036,2025-05-29,completed,atm
5723,1640,2025-10-11,completed,atm
5724,1927,2025-10-25,completed,card
5725,1395,2024-10-29,completed,wallet
5726,2116,2025-05-27,completed,cod
5727,471,2025-02-21,completed,card
5728,1876,2025-07-20,completed,card
5729,1564,2024-08-10,completed,wallet
5730,499,2024-10-20,completed,card
5731,537,2024-01-18,completed,card
5732,435,2024-01-07,completed,card
5733,74,2024-05-21,completed,card
5734,2462,2025-11-10,completed,card
5735,821,2024-12-02,completed,card
5736,1584,2024-02-13,completed,atm
5737,2455,2025-05-28,completed,card
5738,338,2025-08-10,cancelled,wallet
5739,2282,2024-08-22,cancelled,card
5740,1923,2024-10-31,completed,card
5741,86,2025-06-22,cancelled,card
5742,329,2025-09-25,completed,atm
5743,2466,2024-08-28,completed,atm
5744,222,2024-01-27,completed,card
5745,234,2025-03-09,completed,atm
5746,1371,2024-07-10,completed,card
5747,2488,2024-04-29,completed,card
5748,283,2025-08-30,completed,card
5749,630,2025-11-14,completed,atm
5750,2112,2024-12-05,completed,cod
5751,1833,2025-02-12,completed,card
5752,1773,2025-12-14,completed,atm
5753,1850,2025-02-02,completed,card
5754,2363,2024-06-11,completed,wallet
5755,2239,2024-05-07,completed,cod
5756,2146,2025-05-07,completed,atm
5757,726,2025-07-19,completed,card
5758,970,2024-11-21,cancelled,atm
5759,2466,2025-05-18,completed,card
5760,940,2024-11-25,completed,cod
5761,600,2025-01-21,refunded,cod
5762,2122,2025-11-08,completed,cod
5763,1363,2025-08-30,completed,card
5764,712,2024-08-12,completed,card
5765,1358,2025-09-04,completed,cod
5766,1253,2024-08-11,completed,wallet
5767,1826,2025-02-06,completed,atm
5768,195,2025-09-25,completed,atm
5769,2105,2025-05-03,completed,card
5770,1922,2025-12-31,completed,card
5771,618,2025-12-14,completed,wallet
5772,1783,2025-06-05,completed,wallet
5773,165,2025-01-01,completed,card
5774,2011,2024-05-09,completed,card
5775,1329,2025-12-28,completed,atm
5776,1645,2025-08-19,completed,card
5777,1698,2025-01-25,completed,atm
5778,2088,2024-04-24,completed,wallet
5779,1827,2024-05-12,completed,card
5780,666,2024-09-25,completed,cod
5781,937,2025-10-17,completed,card
5782,1923,2024-10-27,completed,card
5783,622,2024-08-24,completed,card
5784,2378,2024-06-24,completed,card
5785,622,2025-05-05,completed,wallet
5786,1881,2024-05-07,completed,card
5787,1305,2025-11-02,completed,atm
5788,476,2024-03-25,completed,wallet
5789,483,2024-04-09,completed,card
5790,36,2024-05-27,completed,card
5791,375,2024-11-24,completed,card
5792,743,2024-08-14,completed,atm
5793,494,2025-08-07,completed,card
5794,1123,2024-06-19,completed,card
5795,1942,2025-03-01,completed,cod
5796,2443,2024-12-20,completed,cod
5797,1930,2025-05-27,completed,atm
5798,1593,2025-03-01,completed,atm
5799,2223,2024-01-16,completed,atm
5800,996,2025-09-02,completed,wallet
5801,806,2024-10-13,cancelled,card
5802,1362,2024-06-28,completed,wallet
5803,161,2025-05-20,completed,card
5804,1087,2024-07-26,completed,atm
5805,852,2024-10-05,completed,wallet
5806,712,2024-07-26,completed,card
5807,1286,2025-09-17,completed,atm
5808,1861,2025-12-23,completed,wallet
5809,995,2025-04-06,completed,card
5810,691,2024-09-22,completed,wallet
5811,420,2024-04-15,completed,atm
5812,1136,2024-07-11,completed,card
5813,2381,2024-03-18,completed,wallet
5814,1931,2024-01-30,completed,card
5815,605,2025-01-06,completed,cod
5816,546,2024-07-22,completed,card
5817,839,2025-01-24,completed,atm
5818,265,2025-05-01,completed,wallet
5819,586,2024-05-19,completed,atm
5820,2048,2024-02-10,completed,wallet
5821,1549,2025-04-26,completed,wallet
5822,1417,2024-03-10,completed,atm
5823,242,2024-12-24,completed,card
5824,48,2024-08-17,completed,card
5825,2138,2025-02-07,completed,atm
5826,1232,2024-09-24,completed,wallet
5827,1223,2025-07-07,completed,card
5828,1956,2025-12-13,completed,atm
5829,1423,2024-05-23,completed,atm
5830,825,2024-02-12,completed,cod
5831,2177,2025-06-18,completed,card
5832,838,2024-02-15,completed,wallet
5833,2071,2025-11-24,completed,atm
5834,2207,2024-11-19,completed,card
5835,1664,2025-10-25,completed,card
5836,2357,2024-04-07,completed,card
5837,2277,2025-10-09,completed,cod
5838,1226,2025-08-27,completed,card
5839,1869,2024-01-29,completed,card
5840,2090,2025-07-10,completed,card
5841,769,2024-04-21,completed,card
5842,1979,2024-05-21,completed,card
5843,413,2025-07-27,completed,card
5844,2212,2025-12-22,completed,card
5845,888,2025-08-13,completed,atm
5846,1588,2025-10-02,completed,card
5847,1506,2025-09-06,completed,card
5848,2367,2025-11-04,completed,wallet
5849,348,2024-07-17,completed,cod
5850,34,2024-11-25,completed,card
5851,930,2024-07-18,completed,wallet
5852,1038,2025-05-28,completed,wallet
5853,736,2024-05-30,completed,card
5854,1128,2025-12-29,completed,card
5855,2210,2025-01-31,completed,card
5856,636,2024-02-03,refunded,card
5857,2248,2025-05-07,completed,atm
5858,1757,2025-02-06,cancelled,card
5859,1514,2024-08-21,completed,card
5860,1337,2025-11-28,completed,atm
5861,2392,2025-12-19,completed,card
5862,2107,2024-09-16,completed,card
5863,1427,2025-08-25,completed,card
5864,2353,2024-01-02,completed,atm
5865,1474,2024-02-15,cancelled,atm
5866,1393,2024-05-11,completed,atm
5867,1160,2024-12-19,completed,card
5868,2413,2025-10-19,completed,atm
5869,1861,2025-05-19,completed,atm
5870,1542,2024-08-13,cancelled,card
5871,383,2024-09-16,completed,atm
5872,1552,2024-01-07,cancelled,card
5873,1634,2025-02-27,completed,card
5874,1993,2024-03-23,completed,cod
5875,1823,2025-10-07,completed,wallet
5876,1957,2024-05-23,completed,atm
5877,1237,2024-11-27,completed,card
5878,2176,2024-11-28,completed,card
5879,697,2025-04-14,completed,card
5880,2150,2025-05-31,completed,card
5881,2073,2024-09-17,completed,card
5882,2102,2025-11-06,completed,card
5883,1781,2025-11-16,completed,cod
5884,2090,2025-01-09,completed,wallet
5885,58,2025-02-14,completed,card
5886,263,2024-04-24,completed,atm
5887,388,2025-02-27,completed,atm
5888,543,2025-04-04,completed,card
5889,1499,2025-04-14,completed,wallet
5890,236,2024-08-29,completed,card
5891,2203,2024-05-05,completed,cod
5892,1497,2025-11-29,completed,card
5893,2110,2025-05-22,completed,card
5894,528,2024-08-09,completed,wallet
5895,2300,2024-12-15,completed,atm
5896,2127,2024-02-27,completed,cod
5897,1642,2024-07-07,completed,card
5898,2349,2025-03-22,completed,card
5899,499,2025-05-13,completed,card
5900,2250,2024-03-10,completed,card
5901,2337,2024-12-24,completed,card
5902,651,2025-08-13,refunded,card
5903,914,2024-10-19,completed,card
5904,1243,2024-08-25,completed,atm
5905,1009,2025-03-12,completed,wallet
5906,1842,2025-01-05,completed,atm
5907,32,2024-02-03,completed,atm
5908,241,2025-03-19,completed,card
5909,1254,2025-11-06,cancelled,cod
5910,1908,2025-02-18,completed,atm
5911,2075,2025-07-23,completed,atm
5912,101,2025-03-31,completed,cod
5913,215,2024-09-08,completed,atm
5914,2417,2024-02-07,completed,atm
5915,1994,2024-05-04,completed,atm
5916,1113,2025-04-23,completed,card
5917,42,2025-11-22,completed,card
5918,1052,2024-06-03,completed,card
5919,491,2025-10-09,completed,atm
5920,2432,2024-07-18,completed,card
5921,255,2025-06-29,completed,card
5922,699,2024-06-19,completed,card
5923,1505,2025-09-01,completed,card
5924,1185,2024-01-01,completed,card
5925,2293,2025-05-12,completed,wallet
5926,138,2025-03-07,completed,card
5927,910,2025-07-29,completed,wallet
5928,2210,2025-05-13,completed,card
5929,553,2025-12-04,completed,wallet
5930,2302,2025-12-28,completed,card
5931,226,2024-06-14,completed,atm
5932,1859,2024-02-23,completed,card
5933,2094,2025-12-14,cancelled,wallet
5934,1488,2025-12-26,completed,card
5935,540,2025-11-27,completed,cod
5936,1560,2025-11-15,completed,cod
5937,1511,2024-02-21,completed,cod
5938,2002,2025-08-26,completed,card
5939,901,2025-06-04,completed,card
5940,670,2025-07-01,completed,card
5941,1170,2025-05-21,completed,card
5942,2165,2024-06-08,completed,wallet
5943,1508,2024-04-16,completed,card
5944,1294,2024-08-12,completed,atm
5945,2460,2024-02-14,completed,card
5946,1963,2024-02-15,completed,wallet
5947,1956,2025-09-09,completed,wallet
5948,475,2025-10-27,completed,atm
5949,983,2024-08-05,completed,cod
5950,782,2025-01-24,completed,card
5951,362,2024-07-22,completed,atm
5952,953,2024-08-29,completed,card
5953,198,2025-10-01,completed,card
5954,728,2024-04-25,completed,cod
5955,402,2025-12-28,completed,card
5956,1830,2024-05-10,completed,wallet
5957,1502,2025-08-25,completed,atm
5958,1482,2024-06-14,completed,atm
5959,969,2024-12-18,refunded,card
5960,322,2025-02-28,completed,card
5961,2136,2024-05-15,completed,card
5962,1942,2024-05-18,completed,card
5963,1386,2025-07-17,completed,atm
5964,2250,2024-01-08,completed,card
5965,47,2025-07-21,completed,card
5966,1296,2024-05-07,completed,card
5967,1689,2024-02-06,completed,card
5968,1815,2024-11-20,refunded,card
5969,1673,2024-01-18,completed,wallet
5970,585,2025-07-05,completed,card
5971,1449,2024-11-30,completed,card
5972,63,2025-01-06,completed,card
5973,1529,2025-01-13,completed,card
5974,2171,2024-09-05,completed,atm
5975,2215,2025-11-25,completed,card
5976,1537,2025-05-05,completed,wallet
5977,1173,2024-03-29,completed,atm
5978,264,2025-05-22,completed,atm
5979,828,2024-02-03,completed,card
5980,193,2024-05-13,completed,card
5981,684,2025-08-17,completed,atm
5982,19,2025-03-09,completed,atm
5983,1586,2024-03-06,completed,cod
5984,1427,2025-09-07,completed,atm
5985,375,2024-04-16,refunded,cod
5986,1933,2025-07-26,completed,wallet
5987,1268,2024-08-13,completed,card
5988,2233,2024-12-10,completed,card
5989,2260,2024-02-23,completed,card
5990,1911,2025-03-22,completed,wallet
5991,1361,2024-08-08,completed,atm
5992,1180,2025-06-07,cancelled,cod
5993,1893,2024-12-24,completed,cod
5994,1385,2024-05-23,completed,atm
5995,364,2025-06-09,completed,atm
5996,2237,2024-05-16,completed,cod
5997,348,2025-01-24,completed,atm
5998,681,2024-03-10,completed,wallet
5999,2075,2024-10-06,cancelled,card
6000,2229,2025-01-27,completed,wallet
6001,498,2024-11-29,completed,card
6002,2094,2024-10-29,completed,card
6003,2268,2024-10-18,completed,wallet
6004,481,2025-02-05,completed,cod
6005,918,2025-09-02,completed,atm
6006,148,2024-10-21,completed,atm
6007,731,2024-11-18,completed,atm
6008,1716,2024-05-11,completed,cod
6009,1991,2025-07-28,completed,card
6010,924,2024-01-25,completed,wallet
6011,1610,2024-11-19,completed,wallet
6012,388,2025-11-13,completed,atm
6013,269,2025-01-20,completed,card
6014,2047,2025-05-21,completed,atm
6015,696,2024-02-27,completed,card
6016,1986,2024-01-28,completed,card
6017,154,2025-01-04,completed,card
6018,1216,2025-02-26,completed,cod
6019,298,2024-05-30,completed,cod
6020,674,2024-11-14,completed,wallet
6021,2292,2025-05-22,completed,card
6022,2025,2025-02-02,completed,card
6023,571,2024-10-10,completed,wallet
6024,1631,2025-11-23,completed,atm
6025,1940,2024-12-15,completed,card
6026,1011,2025-04-17,cancelled,atm
6027,1514,2024-03-15,completed,atm
6028,2144,2025-04-19,completed,atm
6029,1640,2025-02-22,completed,wallet
6030,634,2025-11-29,completed,card
6031,1899,2025-05-07,completed,atm
6032,1159,2025-08-10,completed,card
6033,1522,2024-10-30,completed,wallet
6034,1483,2024-04-16,completed,cod
6035,1652,2025-03-27,completed,card
6036,2106,2025-09-19,completed,wallet
6037,1123,2025-01-24,completed,atm
6038,466,2024-07-11,completed,card
6039,348,2025-11-08,completed,card
6040,215,2024-10-09,completed,wallet
6041,228,2025-08-26,completed,card
6042,2287,2024-05-18,completed,card
6043,2300,2025-06-11,completed,wallet
6044,408,2024-09-27,completed,wallet
6045,1753,2024-02-03,completed,wallet
6046,56,2024-08-18,completed,card
6047,1937,2025-10-05,completed,wallet
6048,1528,2025-04-24,completed,card
6049,442,2024-01-19,completed,card
6050,1874,2024-06-14,completed,card
6051,476,2024-04-12,completed,card
6052,1136,2024-07-22,completed,atm
6053,222,2024-03-07,completed,card
6054,2452,2025-01-02,completed,wallet
6055,2229,2024-06-23,completed,card
6056,724,2024-11-11,completed,card
6057,794,2025-03-01,completed,card
6058,2228,2024-04-10,completed,wallet
6059,2040,2024-05-23,completed,atm
6060,1764,2024-12-20,completed,card
6061,914,2025-11-03,completed,card
6062,2009,2025-03-08,completed,atm
6063,2293,2025-12-03,completed,cod
6064,1151,2024-01-16,completed,wallet
6065,708,2025-06-16,completed,wallet
6066,2415,2025-03-15,cancelled,card
6067,2159,2025-05-11,completed,cod
6068,1209,2024-01-24,completed,atm
6069,1395,2025-11-16,completed,wallet
6070,1708,2025-02-23,completed,card
6071,1122,2024-01-24,completed,atm
6072,2279,2025-10-16,cancelled,wallet
6073,1959,2024-08-01,completed,wallet
6074,1607,2025-07-17,completed,card
6075,335,2025-10-31,refunded,wallet
6076,2258,2025-02-13,completed,cod
6077,1201,2024-11-30,completed,atm
6078,453,2025-02-27,completed,card
6079,1022,2024-03-20,completed,card
6080,303,2025-01-30,completed,atm
6081,2229,2024-01-25,cancelled,card
6082,2160,2025-12-23,refunded,card
6083,562,2024-07-17,completed,card
6084,2183,2025-04-15,completed,card
6085,2031,2024-11-28,completed,card
6086,1899,2024-10-08,completed,wallet
6087,1917,2024-07-05,completed,atm
6088,1600,2025-05-10,completed,atm
6089,2124,2025-11-24,completed,card
6090,2035,2024-01-16,completed,cod
6091,89,2025-07-21,completed,card
6092,2287,2024-02-16,completed,atm
6093,886,2024-05-24,completed,cod
6094,1874,2024-03-11,completed,card
6095,2201,2025-04-08,completed,atm
6096,609,2024-12-07,completed,card
6097,1699,2025-01-24,completed,cod
6098,214,2024-12-04,completed,card
6099,2336,2025-11-19,completed,card
6100,1233,2025-06-16,completed,atm
6101,435,2025-05-18,completed,atm
6102,2179,2025-08-29,completed,atm
6103,814,2024-12-03,completed,card
6104,2307,2024-08-08,completed,atm
6105,2295,2025-07-31,completed,card
6106,1831,2025-05-06,completed,wallet
6107,1645,2025-01-11,completed,card
6108,1628,2024-04-28,completed,card
6109,80,2024-04-26,completed,cod
6110,1087,2024-05-11,completed,card
6111,994,2025-12-09,completed,card
6112,999,2024-07-12,refunded,cod
6113,854,2024-03-28,completed,card
6114,324,2024-01-07,completed,atm
6115,1220,2025-06-18,completed,card
6116,2363,2025-03-15,completed,wallet
6117,1776,2024-11-27,completed,card
6118,216,2025-01-21,completed,card
6119,1765,2024-12-19,completed,card
6120,1363,2024-02-07,completed,atm
6121,1980,2024-06-13,completed,cod
6122,175,2024-03-17,completed,atm
6123,821,2025-09-10,completed,card
6124,127,2024-04-09,completed,cod
6125,84,2024-06-26,completed,card
6126,1518,2025-02-18,completed,wallet
6127,404,2025-03-30,completed,card
6128,2145,2024-02-06,completed,atm
6129,1045,2024-12-14,completed,card
6130,1566,2024-03-22,completed,card
6131,1712,2025-02-24,completed,card
6132,2051,2024-08-06,completed,card
6133,2058,2024-10-24,completed,card
6134,298,2025-05-19,completed,cod
6135,2395,2024-08-23,completed,cod
6136,441,2024-05-18,completed,card
6137,2436,2025-11-14,refunded,atm
6138,631,2024-12-23,completed,card
6139,1235,2024-05-23,completed,wallet
6140,2358,2025-11-18,completed,card
6141,2284,2024-06-21,completed,card
6142,271,2025-10-08,completed,card
6143,2043,2025-03-11,completed,card
6144,361,2024-04-18,completed,card
6145,1765,2024-06-03,completed,wallet
6146,135,2024-02-11,completed,cod
6147,1031,2025-03-10,completed,card
6148,2379,2024-05-18,completed,card
6149,1502,2024-12-25,completed,card
6150,2039,2025-09-27,completed,wallet
6151,743,2024-08-20,completed,card
6152,1259,2025-08-07,completed,card
6153,2146,2025-09-01,completed,wallet
6154,1253,2025-05-22,completed,card
6155,5,2024-09-13,completed,wallet
6156,1725,2024-07-15,completed,card
6157,2484,2024-07-31,completed,atm
6158,2480,2024-10-12,completed,card
6159,1713,2024-09-20,completed,card
6160,1009,2025-06-21,completed,atm
6161,660,2024-08-31,completed,atm
6162,229,2025-07-04,completed,card
6163,1382,2024-10-23,completed,cod
6164,1195,2025-02-04,completed,card
6165,1513,2024-04-05,completed,card
6166,1385,2024-11-05,completed,cod
6167,2004,2025-06-13,completed,atm
6168,2013,2025-04-25,completed,atm
6169,220,2025-04-20,completed,atm
6170,682,2024-06-09,completed,wallet
6171,762,2024-05-02,completed,atm
6172,1891,2025-12-24,cancelled,card
6173,921,2024-10-17,completed,card
6174,1906,2025-12-27,completed,wallet
6175,186,2025-12-24,completed,card
6176,1078,2024-08-06,completed,wallet
6177,1949,2025-07-14,completed,card
6178,200,2025-11-17,completed,wallet
6179,2056,2024-07-06,completed,card
6180,2268,2024-10-22,completed,card
6181,6,2024-09-07,completed,card
6182,789,2025-01-15,completed,card
6183,670,2024-06-27,completed,cod
6184,2160,2024-10-24,completed,atm
6185,1148,2024-06-05,completed,atm
6186,1786,2025-12-15,completed,card
6187,15,2024-01-13,completed,atm
6188,1596,2024-01-19,completed,card
6189,203,2024-07-23,completed,atm
6190,1834,2024-05-25,completed,wallet
6191,1614,2024-11-21,completed,card
6192,1054,2024-08-31,completed,wallet
6193,702,2024-07-18,completed,card
6194,1390,2024-05-24,completed,card
6195,1290,2025-02-03,completed,card
6196,1838,2025-10-24,completed,card
6197,1086,2024-09-30,completed,card
6198,2120,2025-04-27,completed,cod
6199,591,2024-09-08,completed,card
6200,1857,2024-08-06,completed,card
6201,971,2025-03-11,completed,wallet
6202,1807,2025-12-26,completed,card
6203,708,2025-06-14,completed,wallet
6204,1892,2024-05-08,completed,atm
6205,1317,2025-07-18,completed,card
6206,1367,2025-05-03,cancelled,card
6207,570,2025-04-28,completed,card
6208,1331,2024-05-31,completed,atm
6209,341,2024-08-18,completed,card
6210,918,2025-05-15,completed,card
6211,751,2024-03-22,completed,wallet
6212,2450,2025-11-20,completed,card
6213,754,2025-07-14,completed,card
6214,655,2024-09-20,completed,card
6215,1212,2024-08-20,completed,card
6216,1045,2024-08-11,completed,card
6217,578,2025-08-12,completed,card
6218,197,2025-01-05,completed,card
6219,969,2025-05-19,cancelled,card
6220,1198,2024-12-27,completed,card
6221,72,2025-05-16,completed,card
6222,1941,2025-05-30,completed,atm
6223,1933,2024-10-24,refunded,cod
6224,2154,2024-06-10,completed,atm
6225,939,2024-10-03,completed,atm
6226,2057,2025-10-01,completed,card
6227,624,2024-10-26,completed,card
6228,2056,2025-05-25,completed,wallet
6229,1756,2024-08-15,completed,card
6230,1880,2024-07-31,completed,card
6231,924,2024-11-25,completed,wallet
6232,2047,2024-07-24,completed,cod
6233,2032,2024-10-05,completed,atm
6234,631,2024-06-08,completed,wallet
6235,425,2024-04-29,completed,card
6236,1397,2024-03-27,completed,card
6237,380,2024-10-29,completed,card
6238,149,2024-03-07,completed,atm
6239,69,2025-03-15,completed,card
6240,238,2025-07-14,refunded,atm
6241,2343,2025-01-11,completed,cod
6242,1335,2024-02-08,completed,card
6243,2247,2024-07-01,completed,wallet
6244,861,2024-08-10,completed,cod
6245,478,2025-11-26,completed,atm
6246,193,2025-09-10,completed,cod
6247,1441,2024-12-17,completed,card
6248,1097,2024-03-13,completed,wallet
6249,2089,2024-08-01,completed,card
6250,2048,2024-01-13,cancelled,atm
6251,1294,2025-05-09,completed,wallet
6252,1947,2024-07-29,completed,atm
6253,1673,2025-02-28,completed,atm
6254,2105,2024-11-14,completed,wallet
6255,1819,2024-11-19,completed,card
6256,1541,2024-05-18,completed,card
6257,2439,2024-05-19,completed,card
6258,1957,2024-11-12,completed,cod
6259,2440,2024-06-19,completed,atm
6260,1983,2025-03-07,completed,atm
6261,1158,2024-01-01,completed,card
6262,98,2024-02-26,completed,wallet
6263,1141,2024-01-30,completed,card
6264,453,2025-01-24,completed,wallet
6265,762,2025-11-26,completed,atm
6266,1163,2024-05-25,completed,card
6267,1022,2024-09-19,completed,card
6268,2081,2024-05-11,cancelled,atm
6269,1410,2025-01-12,completed,card
6270,2276,2025-02-17,completed,card
6271,1388,2025-12-20,completed,atm
6272,559,2025-12-04,refunded,atm
6273,2136,2025-05-29,completed,atm
6274,1437,2025-02-11,completed,card
6275,948,2025-04-25,completed,card
6276,736,2024-12-31,completed,card
6277,1352,2024-11-07,completed,card
6278,517,2025-05-11,completed,card
6279,384,2024-08-14,completed,card
6280,2087,2024-09-27,completed,atm
6281,1984,2025-12-28,completed,wallet
6282,241,2025-12-05,cancelled,wallet
6283,1983,2024-01-04,completed,card
6284,2294,2025-05-31,completed,card
6285,2357,2025-06-28,completed,card
6286,220,2025-05-11,completed,wallet
6287,2468,2024-08-04,completed,card
6288,678,2025-08-27,completed,card
6289,533,2024-11-21,completed,atm
6290,174,2025-10-07,completed,cod
6291,2066,2025-03-02,completed,wallet
6292,736,2025-07-14,completed,card
6293,1377,2025-02-06,completed,cod
6294,2477,2024-12-15,refunded,atm
6295,2067,2025-08-25,completed,atm
6296,2012,2025-10-19,completed,atm
6297,997,2024-11-29,completed,card
6298,1695,2024-04-09,completed,atm
6299,1951,2024-11-01,completed,card
6300,16,2024-11-17,completed,wallet
6301,510,2024-02-28,completed,card
6302,1267,2024-08-25,completed,atm
6303,1446,2025-02-07,completed,card
6304,279,2025-10-30,completed,atm
6305,1087,2024-11-09,completed,atm
6306,1928,2025-08-19,completed,cod
6307,1546,2025-04-09,completed,atm
6308,326,2025-01-14,completed,atm
6309,1972,2025-03-20,completed,atm
6310,1269,2025-07-24,completed,card
6311,2179,2024-01-21,completed,cod
6312,2087,2025-12-01,completed,atm
6313,686,2024-01-19,completed,atm
6314,2260,2025-01-03,completed,card
6315,582,2024-03-29,refunded,card
6316,1009,2024-05-05,completed,cod
6317,1351,2025-12-01,completed,card
6318,764,2025-09-20,completed,card
6319,2426,2025-07-21,completed,card
6320,1992,2025-05-01,completed,atm
6321,2018,2024-10-07,completed,card
6322,1553,2024-05-12,completed,atm
6323,2212,2024-03-22,completed,atm
6324,772,2025-02-18,completed,card
6325,2340,2025-11-03,refunded,wallet
6326,2370,2024-05-14,completed,card
6327,551,2025-09-16,completed,atm
6328,1438,2025-12-24,completed,wallet
6329,1222,2024-02-28,completed,card
6330,248,2024-11-12,completed,atm
6331,633,2025-10-14,completed,card
6332,2173,2025-03-23,completed,wallet
6333,1946,2025-12-07,completed,card
6334,1330,2025-11-24,cancelled,wallet
6335,1416,2024-10-03,completed,atm
6336,494,2025-10-13,cancelled,cod
6337,2320,2025-01-06,completed,card
6338,2273,2024-03-31,completed,card
6339,1122,2024-05-31,completed,card
6340,1130,2024-09-26,completed,card
6341,1344,2024-06-13,completed,card
6342,2469,2025-12-19,completed,wallet
6343,137,2024-05-08,completed,card
6344,1245,2025-08-20,completed,cod
6345,565,2024-09-30,completed,card
6346,196,2025-12-06,completed,card
6347,1423,2025-09-11,completed,card
6348,1496,2024-02-18,completed,card
6349,2086,2024-02-29,completed,cod
6350,1543,2025-02-13,completed,card
6351,2447,2025-03-16,completed,card
6352,1580,2025-10-10,completed,card
6353,599,2025-08-04,completed,atm
6354,1273,2025-10-15,completed,cod
6355,971,2024-12-09,completed,card
6356,1179,2025-06-30,completed,wallet
6357,2361,2024-12-24,completed,card
6358,1442,2025-07-18,completed,atm
6359,2311,2025-10-05,completed,atm
6360,1335,2024-10-08,completed,wallet
6361,544,2025-06-10,completed,card
6362,1254,2024-06-25,completed,atm
6363,1215,2024-09-07,completed,cod
6364,1823,2024-01-28,completed,card
6365,2193,2024-10-21,completed,card
6366,251,2025-11-28,completed,wallet
6367,2144,2024-03-14,refunded,atm
6368,113,2024-01-13,completed,wallet
6369,306,2025-12-19,completed,card
6370,1743,2024-03-17,completed,wallet
6371,1947,2025-02-16,completed,card
6372,889,2025-10-15,completed,wallet
6373,405,2024-02-08,completed,card
6374,1652,2024-05-07,completed,card
6375,788,2024-10-16,completed,card
6376,521,2024-03-05,completed,atm
6377,319,2024-08-22,completed,card
6378,1212,2025-12-05,completed,card
6379,391,2025-04-06,completed,atm
6380,439,2024-12-10,completed,wallet
6381,474,2025-09-06,completed,wallet
6382,2279,2025-10-08,completed,atm
6383,314,2025-02-26,completed,card
6384,2125,2024-09-21,completed,wallet
6385,1367,2024-09-21,completed,wallet
6386,2370,2024-11-08,completed,cod
6387,1107,2024-08-12,completed,card
6388,412,2024-10-08,completed,cod
6389,968,2024-09-20,completed,card
6390,2352,2025-08-24,completed,wallet
6391,2424,2025-07-04,completed,atm
6392,2079,2024-02-21,completed,wallet
6393,2020,2024-04-10,completed,atm
6394,1492,2025-10-14,completed,card
6395,857,2025-04-24,completed,card
6396,510,2025-10-19,completed,wallet
6397,1647,2025-12-31,completed,card
6398,235,2024-01-21,completed,wallet
6399,567,2024-02-14,completed,card
6400,1995,2025-05-15,completed,card
6401,2150,2025-11-26,refunded,card
6402,2167,2025-06-28,completed,card
6403,846,2025-07-31,completed,card
6404,976,2025-03-20,completed,card
6405,1136,2024-04-28,completed,atm
6406,62,2024-08-16,completed,card
6407,401,2024-11-12,completed,atm
6408,2228,2024-08-22,completed,atm
6409,2430,2024-10-18,completed,wallet
6410,1024,2024-03-21,completed,card
6411,1590,2025-12-18,completed,wallet
6412,1430,2024-05-05,completed,card
6413,2,2025-04-02,completed,atm
6414,1411,2025-08-30,completed,card
6415,1338,2024-10-07,completed,cod
6416,744,2024-05-02,completed,card
6417,1885,2025-05-16,completed,wallet
6418,1050,2025-04-10,completed,wallet
6419,325,2024-09-28,completed,wallet
6420,263,2024-04-27,completed,wallet
6421,1048,2025-10-02,completed,card
6422,1932,2025-10-30,completed,card
6423,1336,2025-06-28,completed,card
6424,116,2024-04-10,completed,card
6425,1346,2024-02-26,completed,card
6426,1646,2025-03-09,completed,card
6427,2069,2025-06-19,completed,atm
6428,1528,2025-12-18,completed,card
6429,1021,2025-05-26,completed,atm
6430,2120,2024-04-19,completed,wallet
6431,1561,2024-08-06,completed,wallet
6432,1240,2025-02-15,completed,cod
6433,2362,2024-07-26,completed,atm
6434,2254,2024-11-18,completed,wallet
6435,2497,2024-08-16,completed,card
6436,1012,2025-05-09,completed,card
6437,1579,2024-10-10,completed,card
6438,2183,2025-12-01,completed,wallet
6439,1058,2024-05-05,completed,card
6440,1225,2025-02-07,refunded,card
6441,53,2024-09-12,completed,cod
6442,1522,2024-06-15,completed,wallet
6443,1373,2025-10-01,completed,atm
6444,998,2024-02-21,completed,atm
6445,1429,2024-05-05,cancelled,card
6446,645,2025-09-09,completed,card
6447,2002,2025-02-21,completed,atm
6448,1669,2024-12-25,completed,card
6449,1807,2024-03-12,completed,wallet
6450,58,2024-03-02,completed,card
6451,784,2024-01-05,refunded,atm
6452,988,2025-08-13,completed,card
6453,598,2025-12-09,completed,cod
6454,1244,2025-03-20,completed,card
6455,1374,2024-05-19,completed,card
6456,195,2025-12-17,completed,wallet
6457,361,2024-06-19,completed,card
6458,1140,2025-09-10,completed,card
6459,1391,2025-05-03,completed,wallet
6460,1852,2024-08-10,completed,card
6461,1231,2025-12-11,completed,card
6462,1339,2025-07-28,completed,card
6463,377,2025-11-29,completed,card
6464,375,2025-04-28,completed,card
6465,2466,2025-10-29,completed,atm
6466,208,2024-07-19,cancelled,atm
6467,1848,2024-11-18,completed,card
6468,1728,2024-01-03,completed,card
6469,917,2025-04-06,completed,card
6470,914,2025-01-19,completed,card
6471,1727,2024-10-23,completed,atm
6472,2216,2024-04-21,completed,card
6473,1627,2025-07-26,completed,wallet
6474,1442,2025-05-28,completed,atm
6475,2288,2024-12-05,completed,card
6476,2360,2024-08-27,completed,card
6477,548,2024-05-31,completed,cod
6478,602,2025-09-23,refunded,card
6479,290,2024-03-23,completed,wallet
6480,2484,2025-06-20,refunded,card
6481,43,2024-08-18,completed,card
6482,2297,2025-09-15,completed,atm
6483,1633,2024-05-27,completed,wallet
6484,2496,2025-09-05,completed,atm
6485,1081,2024-01-18,refunded,atm
6486,449,2025-01-09,completed,atm
6487,260,2025-12-22,completed,wallet
6488,2494,2024-03-24,completed,card
6489,1817,2025-03-29,completed,cod
6490,661,2025-04-07,completed,card
6491,1295,2025-10-09,completed,cod
6492,1856,2025-06-08,completed,card
6493,694,2025-04-17,completed,card
6494,2262,2025-06-04,completed,card
6495,1377,2024-09-12,completed,card
6496,973,2024-08-12,completed,card
6497,2485,2024-03-24,completed,card
6498,291,2024-03-08,completed,atm
6499,1448,2024-11-20,completed,card
6500,841,2024-12-20,completed,card
6501,2003,2025-05-15,completed,atm
6502,1619,2025-06-05,completed,wallet
6503,2392,2024-01-08,completed,card
6504,1097,2025-01-04,completed,atm
6505,2051,2024-08-03,completed,atm
6506,1197,2024-10-24,completed,card
6507,800,2025-03-10,completed,card
6508,1588,2024-10-12,completed,atm
6509,672,2025-10-08,refunded,atm
6510,1538,2024-12-28,completed,atm
6511,1007,2024-06-22,completed,wallet
6512,301,2024-01-20,completed,card
6513,814,2024-07-12,completed,card
6514,1104,2024-05-17,completed,card
6515,602,2024-11-14,completed,atm
6516,1982,2025-12-31,completed,atm
6517,901,2024-11-06,completed,atm
6518,1138,2025-05-27,completed,wallet
6519,455,2025-01-19,completed,card
6520,269,2025-08-29,completed,card
6521,2350,2024-10-15,completed,card
6522,2332,2024-11-19,completed,card
6523,1981,2024-04-29,completed,card
6524,838,2024-09-24,completed,card
6525,235,2024-12-07,completed,card
6526,1760,2024-05-03,completed,wallet
6527,2119,2024-10-13,completed,atm
6528,1110,2024-02-22,completed,wallet
6529,2290,2025-11-25,completed,card
6530,1184,2024-03-27,completed,cod
6531,1012,2024-01-20,completed,card
6532,90,2024-12-28,completed,wallet
6533,2054,2025-08-30,completed,card
6534,2336,2024-07-03,completed,atm
6535,1527,2025-02-21,completed,atm
6536,637,2024-08-11,completed,card
6537,123,2024-12-10,completed,wallet
6538,1085,2025-01-27,completed,card
6539,353,2025-10-31,completed,wallet
6540,1819,2025-06-17,completed,wallet
6541,1632,2024-02-09,completed,cod
6542,987,2025-10-23,completed,atm
6543,2073,2024-02-23,completed,cod
6544,862,2024-11-02,completed,card
6545,1637,2024-11-24,completed,card
6546,1958,2024-12-21,completed,card
6547,965,2025-10-23,completed,atm
6548,2499,2024-07-14,completed,atm
6549,1,2024-12-17,completed,cod
6550,38,2024-07-16,completed,cod
6551,1323,2025-02-16,completed,atm
6552,2355,2025-04-11,completed,atm
6553,2277,2025-03-04,completed,card
6554,65,2024-08-29,cancelled,atm
6555,1434,2025-04-03,completed,card
6556,917,2024-09-30,completed,card
6557,1921,2024-11-06,completed,card
6558,128,2025-08-31,completed,card
6559,1944,2024-12-09,completed,wallet
6560,1534,2025-10-27,completed,card
6561,146,2025-03-27,completed,card
6562,488,2024-12-06,completed,atm
6563,2410,2024-04-30,completed,wallet
6564,1281,2025-06-29,completed,card
6565,1509,2025-11-30,completed,atm
6566,2156,2025-12-07,completed,atm
6567,1644,2025-10-24,completed,wallet
6568,1147,2025-04-28,completed,wallet
6569,2482,2025-12-13,completed,cod
6570,2093,2024-03-10,completed,card
6571,1048,2024-07-01,completed,cod
6572,133,2024-12-01,completed,atm
6573,1054,2024-10-22,completed,card
6574,2086,2024-03-23,cancelled,card
6575,1333,2024-07-05,completed,atm
6576,791,2025-08-05,completed,atm
6577,2298,2025-07-03,completed,card
6578,1576,2024-08-26,completed,atm
6579,2048,2025-04-07,completed,wallet
6580,1575,2025-03-05,completed,atm
6581,130,2024-04-16,completed,cod
6582,838,2025-08-11,completed,cod
6583,1105,2024-11-30,completed,cod
6584,2421,2025-07-10,completed,atm
6585,560,2024-08-21,completed,atm
6586,489,2024-07-16,completed,cod
6587,1017,2025-10-20,completed,cod
6588,379,2024-10-04,completed,cod
6589,2056,2025-11-19,completed,card
6590,1510,2025-10-17,completed,card
6591,1468,2024-02-26,completed,card
6592,2497,2025-07-08,completed,atm
6593,131,2024-12-28,completed,atm
6594,2137,2024-01-16,completed,atm
6595,76,2025-12-09,completed,card
6596,163,2024-07-16,completed,wallet
6597,1450,2025-03-21,cancelled,wallet
6598,1949,2025-09-20,cancelled,wallet
6599,44,2025-10-14,completed,wallet
6600,1828,2025-01-31,completed,atm
6601,1455,2025-10-03,completed,card
6602,28,2025-08-21,completed,card
6603,2118,2024-01-22,completed,cod
6604,1982,2025-02-17,completed,card
6605,2392,2025-11-16,completed,card
6606,1919,2025-12-05,completed,atm
6607,1937,2025-11-12,completed,card
6608,791,2024-07-12,completed,wallet
6609,1710,2024-02-27,completed,cod
6610,1887,2025-01-04,completed,wallet
6611,1468,2024-10-02,completed,cod
6612,1098,2024-01-06,completed,cod
6613,1701,2024-05-02,completed,wallet
6614,680,2024-03-26,completed,cod
6615,676,2024-05-10,completed,card
6616,1614,2025-12-19,completed,card
6617,82,2025-12-23,completed,atm
6618,744,2024-02-01,completed,card
6619,1105,2024-01-01,completed,card
6620,2133,2025-08-01,completed,atm
6621,61,2024-01-11,cancelled,card
6622,1391,2024-05-30,completed,atm
6623,775,2025-12-13,completed,card
6624,279,2024-08-27,completed,wallet
6625,1446,2024-03-02,completed,atm
6626,1477,2024-01-20,completed,card
6627,1818,2025-01-29,completed,atm
6628,1083,2024-08-28,completed,card
6629,527,2024-12-03,completed,card
6630,1586,2025-07-08,completed,atm
6631,2219,2025-08-02,completed,atm
6632,154,2025-11-10,completed,card
6633,2077,2025-08-31,completed,card
6634,662,2025-07-05,completed,card
6635,1170,2024-04-21,completed,atm
6636,863,2024-12-10,completed,card
6637,765,2025-07-26,completed,card
6638,2168,2024-07-09,completed,atm
6639,1183,2025-01-07,completed,card
6640,1078,2024-01-25,completed,card
6641,1402,2025-01-26,completed,card
6642,23,2024-04-16,completed,card
6643,2125,2024-12-26,completed,card
6644,1975,2025-08-13,completed,wallet
6645,20,2024-05-13,completed,wallet
6646,5,2025-02-28,completed,atm
6647,592,2024-05-16,completed,card
6648,413,2024-01-06,completed,wallet
6649,682,2025-10-23,completed,card
6650,227,2024-08-25,completed,card
6651,728,2024-12-18,completed,card
6652,1527,2024-10-14,completed,card
6653,2475,2024-11-14,completed,atm
6654,1743,2025-10-04,completed,card
6655,2172,2025-08-14,completed,cod
6656,634,2024-08-19,completed,card
6657,1208,2025-04-27,completed,card
6658,571,2024-05-14,completed,wallet
6659,236,2025-04-13,completed,wallet
6660,448,2024-08-25,completed,cod
6661,1294,2025-06-26,completed,atm
6662,237,2025-09-13,completed,card
6663,1364,2024-06-23,completed,card
6664,2080,2025-12-09,cancelled,atm
6665,2237,2025-02-26,completed,card
6666,726,2025-07-21,completed,atm
6667,216,2025-12-06,completed,atm
6668,307,2024-09-30,cancelled,card
6669,2408,2024-12-13,completed,cod
6670,1889,2024-01-03,completed,atm
6671,1816,2025-10-29,completed,wallet
6672,755,2024-08-12,completed,cod
6673,1917,2024-09-18,completed,card
6674,534,2025-04-29,completed,cod
6675,2371,2024-01-13,completed,card
6676,2325,2025-01-10,completed,cod
6677,1639,2024-03-10,completed,cod
6678,1150,2025-05-09,completed,wallet
6679,332,2024-12-23,refunded,card
6680,538,2025-12-06,completed,card
6681,1094,2024-12-07,completed,card
6682,1965,2024-11-19,completed,wallet
6683,629,2024-05-20,completed,cod
6684,885,2024-05-07,completed,atm
6685,2133,2025-01-19,completed,card
6686,1447,2024-09-22,completed,card
6687,943,2025-04-06,completed,wallet
6688,585,2024-01-18,completed,atm
6689,1844,2025-05-03,completed,cod
6690,1862,2024-06-04,completed,card
6691,2249,2025-01-09,completed,card
6692,1898,2024-12-22,cancelled,card
6693,1310,2024-11-22,completed,cod
6694,609,2024-03-03,completed,card
6695,1607,2024-03-07,completed,card
6696,2352,2025-07-22,completed,card
6697,1009,2024-03-25,completed,cod
6698,1762,2024-07-24,completed,atm
6699,1279,2025-11-30,completed,atm
6700,1518,2024-09-08,completed,card
6701,861,2024-09-18,completed,cod
6702,1521,2024-07-17,completed,wallet
6703,2291,2024-04-14,completed,wallet
6704,1417,2024-02-20,completed,card
6705,1463,2024-08-16,completed,wallet
6706,2292,2025-10-17,completed,atm
6707,709,2025-09-30,completed,atm
6708,1740,2025-05-12,completed,card
6709,1127,2024-08-19,completed,atm
6710,200,2025-01-30,completed,card
6711,1457,2025-06-06,completed,card
6712,24,2025-02-13,cancelled,card
6713,582,2025-01-15,completed,atm
6714,1437,2024-09-20,completed,card
6715,170,2025-05-16,completed,card
6716,84,2024-11-12,completed,atm
6717,397,2024-01-17,completed,cod
6718,28,2024-03-09,completed,card
6719,1543,2025-07-14,completed,atm
6720,1890,2024-03-16,completed,card
6721,56,2024-08-19,completed,atm
6722,355,2025-08-12,completed,card
6723,1317,2024-03-25,completed,atm
6724,383,2024-10-18,completed,wallet
6725,2495,2024-01-27,completed,card
6726,203,2024-03-15,completed,card
6727,881,2024-05-24,completed,card
6728,786,2025-01-24,completed,cod
6729,27,2025-07-01,completed,wallet
6730,2304,2024-09-14,completed,card
6731,1465,2024-10-23,completed,atm
6732,1725,2024-01-31,completed,cod
6733,1441,2024-11-02,completed,wallet
6734,2448,2025-06-10,completed,card
6735,1751,2024-08-03,completed,wallet
6736,1808,2024-09-10,completed,atm
6737,1692,2025-12-17,completed,card
6738,1160,2024-11-11,completed,cod
6739,2408,2024-12-11,completed,cod
6740,415,2024-07-18,completed,card
6741,797,2024-07-24,completed,card
6742,1640,2025-09-14,completed,wallet
6743,1938,2024-11-11,completed,atm
6744,219,2025-09-17,completed,atm
6745,802,2025-03-21,refunded,card
6746,106,2025-10-11,completed,atm
6747,421,2025-09-17,completed,card
6748,2081,2025-01-06,completed,atm
6749,512,2025-07-20,completed,card
6750,1075,2024-08-03,completed,card
6751,1475,2024-02-01,cancelled,atm
6752,1327,2024-12-14,completed,card
6753,1905,2024-02-08,cancelled,card
6754,1883,2024-09-17,completed,wallet
6755,357,2025-08-29,completed,wallet
6756,1322,2025-05-01,cancelled,wallet
6757,2089,2024-01-08,completed,card
6758,1509,2025-05-30,completed,card
6759,1576,2024-07-17,completed,card
6760,34,2024-01-26,completed,card
6761,2072,2024-12-31,completed,card
6762,2327,2025-05-04,completed,wallet
6763,1275,2024-01-30,completed,cod
6764,1448,2024-05-11,completed,card
6765,1138,2024-10-15,completed,card
6766,1617,2025-01-11,completed,atm
6767,2424,2024-05-22,completed,cod
6768,695,2024-12-06,completed,atm
6769,419,2024-08-27,completed,card
6770,2208,2025-05-02,completed,card
6771,2165,2025-04-08,completed,cod
6772,1330,2024-12-14,completed,card
6773,661,2025-11-22,completed,card
6774,607,2025-09-02,completed,card
6775,2399,2025-01-11,completed,card
6776,988,2024-11-13,completed,card
6777,2129,2025-05-16,completed,atm
6778,582,2024-12-29,cancelled,card
6779,99,2025-10-14,completed,card
6780,1239,2025-05-24,completed,card
6781,1255,2024-08-19,completed,card
6782,1650,2025-08-31,completed,card
6783,610,2025-01-23,completed,card
6784,1798,2024-02-24,completed,card
6785,1778,2025-11-28,completed,card
6786,1196,2025-03-09,completed,wallet
6787,1326,2024-11-26,completed,cod
6788,2322,2024-09-20,completed,card
6789,814,2025-10-24,completed,card
6790,185,2025-05-21,completed,card
6791,2287,2025-02-24,completed,wallet
6792,1685,2025-02-07,completed,card
6793,863,2024-08-05,completed,atm
6794,877,2024-09-27,completed,wallet
6795,952,2024-02-27,completed,wallet
6796,1808,2025-11-28,completed,atm
6797,1092,2024-02-27,completed,card
6798,144,2025-03-21,completed,atm
6799,1206,2024-02-26,completed,atm
6800,497,2024-10-24,completed,atm
6801,1661,2025-11-13,completed,atm
6802,485,2025-12-09,completed,atm
6803,1539,2024-04-14,completed,wallet
6804,872,2024-06-09,completed,card
6805,1749,2025-01-14,completed,card
6806,882,2025-05-10,completed,card
6807,2403,2025-06-28,completed,card
6808,1121,2024-11-03,completed,wallet
6809,1935,2025-04-30,cancelled,card
6810,41,2024-04-30,completed,card
6811,380,2025-12-01,completed,cod
6812,438,2025-05-09,completed,card
6813,175,2024-02-08,completed,card
6814,2336,2025-11-20,completed,card
6815,115,2025-02-13,refunded,card
6816,473,2025-12-15,completed,wallet
6817,1450,2024-10-07,completed,card
6818,616,2025-03-10,completed,atm
6819,2443,2024-05-05,cancelled,atm
6820,471,2025-10-22,completed,wallet
6821,755,2024-09-26,completed,card
6822,2385,2025-01-08,completed,cod
6823,802,2025-08-11,completed,cod
6824,1773,2024-06-13,completed,card
6825,532,2024-08-22,completed,atm
6826,1983,2025-10-14,completed,atm
6827,782,2024-06-05,completed,cod
6828,2434,2024-04-02,completed,wallet
6829,2387,2025-12-15,completed,atm
6830,1905,2025-02-01,completed,card
6831,1091,2024-02-17,completed,card
6832,1896,2025-01-07,completed,cod
6833,2203,2025-12-13,completed,card
6834,25,2024-10-07,completed,wallet
6835,256,2025-05-08,completed,card
6836,872,2024-01-06,completed,wallet
6837,2076,2024-10-24,completed,card
6838,1479,2025-05-26,completed,wallet
6839,1167,2024-02-11,completed,cod
6840,407,2024-02-29,completed,wallet
6841,930,2025-02-17,completed,card
6842,203,2025-05-29,completed,card
6843,1470,2025-07-23,completed,card
6844,2327,2025-12-24,refunded,wallet
6845,1006,2025-11-28,completed,cod
6846,486,2024-11-18,completed,wallet
6847,429,2024-08-30,completed,card
6848,1253,2024-02-26,completed,card
6849,2428,2024-04-06,completed,card
6850,885,2024-06-02,completed,atm
6851,575,2024-12-20,completed,card
6852,964,2024-10-16,cancelled,wallet
6853,973,2024-01-07,completed,atm
6854,1179,2025-07-14,completed,atm
6855,1004,2024-04-26,completed,card
6856,442,2024-02-19,completed,card
6857,1658,2024-10-17,completed,wallet
6858,485,2025-07-19,completed,atm
6859,1333,2024-08-04,completed,card
6860,833,2024-02-17,completed,card
6861,791,2024-03-10,completed,wallet
6862,1928,2024-06-07,completed,card
6863,1400,2024-08-29,completed,card
6864,1205,2024-10-25,completed,wallet
6865,691,2025-03-20,completed,card
6866,1086,2025-01-17,completed,card
6867,2371,2024-02-15,completed,card
6868,1110,2024-05-04,completed,card
6869,341,2024-08-23,completed,card
6870,1402,2025-09-17,completed,card
6871,1081,2025-12-04,completed,wallet
6872,1067,2024-11-12,completed,card
6873,2466,2025-08-16,completed,atm
6874,1501,2024-03-25,refunded,wallet
6875,2358,2024-07-22,completed,card
6876,1479,2024-01-12,completed,wallet
6877,2440,2025-10-07,completed,wallet
6878,1541,2025-01-24,completed,atm
6879,559,2025-11-22,completed,wallet
6880,2037,2024-05-04,cancelled,wallet
6881,1703,2024-12-25,completed,atm
6882,1218,2024-02-04,completed,atm
6883,2220,2024-07-02,completed,card
6884,362,2024-11-27,completed,card
6885,476,2025-12-17,completed,wallet
6886,1716,2024-05-18,cancelled,atm
6887,2168,2024-10-16,completed,card
6888,2074,2024-12-31,refunded,card
6889,2022,2025-11-16,completed,card
6890,10,2024-07-11,completed,card
6891,1650,2024-11-09,completed,card
6892,1248,2024-03-04,completed,card
6893,945,2024-02-13,completed,card
6894,741,2024-02-20,completed,atm
6895,1611,2025-08-08,completed,card
6896,157,2025-10-14,cancelled,card
6897,236,2024-02-03,completed,card
6898,562,2025-05-30,completed,card
6899,1337,2024-11-28,completed,card
6900,1192,2024-05-21,completed,atm
6901,2039,2025-05-01,completed,atm
6902,1270,2025-01-18,completed,cod
6903,554,2025-01-31,completed,card
6904,2262,2025-09-29,completed,card
6905,2314,2025-10-14,completed,atm
6906,268,2025-07-06,completed,cod
6907,278,2025-10-04,refunded,atm
6908,2059,2025-03-08,completed,card
6909,1598,2024-12-26,completed,cod
6910,2114,2025-01-01,completed,wallet
6911,1292,2025-01-30,refunded,card
6912,2291,2025-05-28,completed,wallet
6913,1308,2024-11-14,completed,card
6914,1570,2025-04-20,completed,card
6915,2205,2024-07-28,completed,atm
6916,508,2024-07-31,completed,card
6917,684,2025-03-13,completed,card
6918,1250,2024-11-15,completed,atm
6919,216,2024-05-21,completed,card
6920,2115,2024-01-22,completed,card
6921,1069,2024-05-14,completed,card
6922,1157,2024-08-18,completed,wallet
6923,353,2025-12-27,completed,cod
6924,419,2024-08-08,completed,atm
6925,1751,2024-12-06,completed,cod
6926,347,2025-10-08,completed,card
6927,1490,2025-08-14,completed,card
6928,1895,2025-11-02,cancelled,atm
6929,949,2024-02-17,completed,atm
6930,381,2024-09-17,completed,card
6931,2323,2025-08-27,completed,card
6932,1745,2024-07-27,completed,cod
6933,2060,2024-10-29,completed,atm
6934,1596,2025-04-16,completed,card
6935,1159,2024-02-12,refunded,card
6936,2194,2025-04-27,completed,cod
6937,1068,2024-08-18,completed,wallet
6938,2381,2025-06-14,completed,atm
6939,512,2024-12-17,completed,atm
6940,1613,2025-08-27,completed,atm
6941,144,2025-02-11,completed,card
6942,569,2024-10-05,completed,card
6943,1069,2025-08-20,completed,card
6944,1507,2025-04-19,completed,atm
6945,516,2025-12-01,completed,card
6946,639,2024-05-08,completed,card
6947,1225,2025-12-26,completed,card
6948,2220,2025-04-22,completed,atm
6949,1998,2024-02-24,completed,wallet
6950,615,2025-05-18,completed,card
6951,897,2025-09-30,completed,atm
6952,1933,2024-12-26,completed,wallet
6953,407,2025-02-02,completed,card
6954,1928,2024-01-04,completed,atm
6955,1645,2024-11-20,completed,card
6956,2034,2024-10-23,completed,card
6957,1503,2025-12-03,completed,card
6958,838,2024-05-13,completed,card
6959,1646,2025-07-08,completed,atm
6960,920,2024-02-06,completed,wallet
6961,2067,2025-07-10,completed,wallet
6962,857,2024-07-06,completed,card
6963,2071,2024-03-07,completed,card
6964,1759,2024-01-03,completed,card
6965,1223,2025-10-21,completed,atm
6966,1468,2025-10-28,completed,card
6967,704,2024-02-23,completed,atm
6968,1034,2024-10-20,completed,card
6969,2202,2025-04-22,completed,card
6970,1637,2025-02-01,cancelled,card
6971,597,2024-12-07,completed,atm
6972,851,2024-04-17,completed,card
6973,1936,2025-04-26,completed,card
6974,2211,2024-01-30,completed,card
6975,2285,2024-08-25,completed,cod
6976,778,2025-05-04,completed,card
6977,502,2025-08-14,completed,card
6978,1733,2025-11-30,completed,card
6979,2289,2024-11-18,completed,atm
6980,1039,2025-08-24,completed,cod
6981,1792,2025-11-26,completed,card
6982,650,2025-05-07,completed,card
6983,1703,2025-11-14,completed,atm
6984,1477,2025-07-15,completed,card
6985,487,2024-10-14,completed,atm
6986,2455,2024-06-12,completed,card
6987,765,2024-03-19,completed,atm
6988,2357,2024-01-26,completed,atm
6989,2422,2025-11-22,completed,card
6990,1872,2024-06-06,completed,atm
6991,1098,2024-05-18,completed,cod
6992,984,2024-12-26,completed,card
6993,11,2025-08-14,completed,atm
6994,1201,2025-02-23,completed,atm
6995,1933,2025-03-28,completed,atm
6996,2024,2025-05-25,completed,atm
6997,1258,2024-01-30,completed,atm
6998,1934,2025-09-04,completed,wallet
6999,429,2025-05-12,completed,wallet
7000,2084,2024-05-14,completed,card
7001,877,2024-04-18,completed,card
7002,2281,2024-03-18,cancelled,card
7003,1097,2025-10-28,completed,atm
7004,2406,2025-12-27,completed,wallet
7005,355,2025-05-05,completed,card
7006,596,2025-12-22,completed,card
7007,1725,2024-05-23,completed,card
7008,793,2025-12-22,completed,atm
7009,1465,2025-06-23,completed,atm
7010,1066,2024-12-27,completed,card
7011,837,2024-08-03,cancelled,card
7012,590,2025-07-04,completed,cod
7013,139,2025-08-10,completed,card
7014,849,2024-12-21,completed,card
7015,865,2024-03-31,completed,card
7016,279,2025-10-25,completed,atm
7017,561,2025-05-21,completed,card
7018,2348,2025-04-03,completed,card
7019,1285,2024-11-11,completed,card
7020,894,2024-12-05,completed,card
7021,1546,2024-06-28,completed,card
7022,2110,2025-03-30,completed,atm
7023,1501,2024-10-20,completed,card
7024,801,2025-01-04,completed,atm
7025,66,2024-08-01,completed,card
7026,2125,2024-01-01,completed,card
7027,144,2024-06-04,completed,card
7028,530,2025-02-28,completed,atm
7029,1113,2025-02-05,refunded,wallet
7030,1227,2025-02-09,completed,atm
7031,598,2024-03-14,completed,atm
7032,580,2024-07-24,completed,wallet
7033,1625,2025-08-02,completed,card
7034,1839,2025-06-23,completed,atm
7035,2285,2025-05-05,completed,wallet
7036,2370,2024-10-11,completed,cod
7037,1536,2025-09-21,completed,card
7038,1867,2024-05-01,completed,card
7039,1188,2024-05-18,completed,card
7040,1457,2024-11-19,completed,atm
7041,687,2025-12-27,completed,atm
7042,1279,2025-11-16,completed,card
7043,1889,2024-09-24,completed,card
7044,368,2024-10-19,completed,card
7045,2216,2025-10-24,completed,card
7046,2357,2024-09-02,completed,wallet
7047,1219,2024-03-07,completed,cod
7048,1097,2025-05-28,completed,card
7049,1843,2025-10-11,completed,card
7050,522,2024-04-12,completed,card
7051,1643,2025-10-19,completed,wallet
7052,67,2025-02-11,completed,card
7053,2161,2025-05-25,completed,card
7054,2102,2024-01-26,cancelled,card
7055,2424,2025-02-09,completed,card
7056,982,2025-12-05,completed,wallet
7057,1309,2024-02-11,cancelled,atm
7058,1690,2024-09-07,completed,card
7059,2341,2025-08-20,completed,atm
7060,5,2024-12-22,completed,cod
7061,1835,2024-07-24,completed,cod
7062,1111,2025-08-04,completed,wallet
7063,1591,2024-03-21,completed,card
7064,1061,2025-07-11,cancelled,card
7065,234,2024-06-17,completed,card
7066,812,2024-07-14,completed,wallet
7067,633,2025-09-18,completed,atm
7068,1223,2024-04-17,completed,wallet
7069,444,2024-05-04,completed,card
7070,497,2024-06-09,completed,card
7071,763,2024-11-09,completed,atm
7072,2032,2025-08-17,completed,card
7073,2366,2024-09-04,completed,cod
7074,1828,2024-04-24,completed,atm
7075,101,2024-03-31,completed,cod
7076,1901,2025-12-25,completed,atm
7077,639,2025-10-01,completed,card
7078,83,2024-06-08,completed,wallet
7079,2345,2024-09-24,completed,card
7080,401,2025-06-23,completed,atm
7081,960,2025-10-17,completed,card
7082,2340,2024-09-10,completed,atm
7083,2110,2025-04-09,completed,card
7084,1534,2024-05-02,completed,wallet
7085,174,2024-02-03,completed,card
7086,2464,2024-12-10,completed,wallet
7087,874,2024-08-08,completed,atm
7088,2221,2024-08-16,completed,atm
7089,1028,2025-10-25,completed,wallet
7090,1271,2025-02-19,completed,card
7091,969,2025-10-09,completed,card
7092,1658,2025-08-29,completed,card
7093,149,2024-01-28,completed,card
7094,1207,2025-12-30,completed,card
7095,1043,2025-08-10,refunded,card
7096,2307,2024-04-10,completed,atm
7097,140,2025-12-28,completed,atm
7098,1799,2025-02-14,completed,atm
7099,233,2024-06-19,completed,card
7100,2117,2024-11-30,completed,card
7101,325,2024-12-26,completed,atm
7102,16,2024-03-11,completed,wallet
7103,574,2025-07-04,completed,card
7104,654,2025-09-15,completed,atm
7105,271,2024-12-07,cancelled,card
7106,598,2024-03-25,completed,card
7107,1956,2024-10-05,completed,card
7108,1075,2024-07-15,completed,atm
7109,1731,2024-03-29,completed,wallet
7110,1045,2025-09-13,completed,atm
7111,2127,2024-05-15,completed,card
7112,1192,2024-12-29,completed,cod
7113,112,2025-06-02,completed,card
7114,670,2024-10-26,completed,card
7115,1452,2025-09-12,completed,card
7116,1871,2025-08-29,completed,cod
7117,2136,2024-11-13,completed,card
7118,142,2024-03-19,completed,atm
7119,947,2025-04-10,completed,card
7120,2182,2025-12-29,completed,atm
7121,1181,2025-06-20,completed,card
7122,1109,2024-10-23,completed,wallet
7123,1264,2025-11-14,completed,card
7124,2435,2025-01-13,completed,wallet
7125,2217,2025-12-09,completed,atm
7126,1183,2024-11-11,completed,atm
7127,691,2025-03-26,completed,atm
7128,390,2025-10-13,completed,card
7129,1274,2024-07-29,completed,card
7130,203,2025-11-05,completed,card
7131,134,2025-09-07,completed,wallet
7132,2462,2024-05-22,completed,card
7133,1913,2024-07-04,completed,atm
7134,48,2025-07-24,completed,card
7135,2135,2025-07-16,completed,card
7136,1064,2025-11-02,completed,atm
7137,2183,2025-12-29,completed,cod
7138,1655,2025-09-28,completed,wallet
7139,1962,2025-05-03,completed,card
7140,2478,2024-05-09,completed,atm
7141,2037,2024-02-15,completed,card
7142,1750,2025-08-22,completed,atm
7143,2035,2025-10-17,cancelled,card
7144,1703,2024-10-05,completed,card
7145,2443,2024-10-01,completed,card
7146,1125,2025-03-04,completed,card
7147,479,2024-01-24,completed,atm
7148,1486,2025-05-20,completed,card
7149,1622,2025-01-23,completed,wallet
7150,1409,2024-09-07,completed,card
7151,644,2024-08-04,completed,atm
7152,2037,2025-03-17,completed,card
7153,196,2024-08-31,completed,wallet
7154,2253,2025-01-25,completed,card
7155,272,2025-09-02,completed,card
7156,2333,2025-07-03,completed,atm
7157,2400,2025-06-18,completed,atm
7158,337,2025-02-24,completed,card
7159,2415,2025-01-13,completed,card
7160,1487,2025-04-17,completed,atm
7161,1751,2024-01-10,completed,card
7162,1013,2024-10-06,completed,cod
7163,1612,2025-12-12,completed,card
7164,1360,2025-01-31,refunded,atm
7165,129,2025-10-10,completed,wallet
7166,1180,2024-05-03,completed,wallet
7167,790,2024-07-26,completed,atm
7168,1795,2024-02-26,completed,atm
7169,270,2024-02-24,completed,atm
7170,928,2025-07-01,completed,card
7171,492,2025-11-17,completed,card
7172,1773,2025-11-23,completed,card
7173,584,2025-01-07,completed,card
7174,873,2025-05-02,completed,card
7175,1856,2025-03-31,completed,wallet
7176,48,2025-05-18,completed,card
7177,1893,2025-01-11,completed,card
7178,1555,2025-10-28,completed,atm
7179,1471,2024-10-11,cancelled,wallet
7180,1461,2025-12-04,completed,card
7181,1063,2025-10-21,completed,card
7182,1762,2025-07-17,completed,cod
7183,1337,2024-11-26,completed,card
7184,196,2025-04-20,completed,card
7185,2396,2024-11-28,completed,atm
7186,821,2024-04-09,completed,card
7187,1178,2025-05-29,completed,card
7188,1335,2025-02-16,completed,card
7189,488,2025-05-22,completed,card
7190,1337,2024-05-08,completed,cod
7191,544,2025-05-13,completed,cod
7192,1941,2024-11-08,completed,card
7193,933,2025-01-26,completed,cod
7194,2291,2025-10-13,completed,card
7195,1156,2025-12-23,completed,cod
7196,1304,2025-07-17,cancelled,wallet
7197,588,2024-07-18,completed,card
7198,2148,2025-08-01,completed,card
7199,1193,2024-12-20,completed,wallet
7200,1513,2024-07-05,completed,card
7201,888,2024-06-15,completed,card
7202,1736,2024-09-05,completed,atm
7203,2447,2024-11-23,completed,atm
7204,1127,2024-05-25,completed,card
7205,2098,2025-11-25,completed,card
7206,26,2025-07-25,completed,atm
7207,661,2024-10-20,completed,atm
7208,203,2025-01-07,completed,atm
7209,1095,2024-04-13,completed,card
7210,1286,2024-08-05,completed,wallet
7211,1558,2024-08-17,completed,card
7212,2298,2024-03-06,completed,cod
7213,2451,2025-04-23,refunded,cod
7214,588,2025-12-12,completed,card
7215,485,2025-02-26,completed,card
7216,1615,2025-01-01,completed,wallet
7217,1862,2024-12-22,completed,card
7218,1874,2024-02-13,completed,cod
7219,1599,2025-07-29,completed,card
7220,2360,2025-06-09,completed,card
7221,2137,2025-03-04,completed,wallet
7222,1773,2024-06-27,completed,card
7223,2408,2024-06-22,completed,atm
7224,1400,2024-10-31,completed,card
7225,1500,2024-11-10,completed,atm
7226,47,2024-11-11,completed,atm
7227,2445,2025-04-30,completed,card
7228,1052,2024-04-13,completed,cod
7229,772,2025-02-23,completed,cod
7230,1115,2025-12-21,completed,card
7231,2098,2024-08-25,completed,card
7232,979,2024-10-29,completed,atm
7233,152,2025-03-08,refunded,card
7234,867,2024-05-10,completed,card
7235,1069,2025-12-20,completed,cod
7236,1578,2024-03-18,completed,cod
7237,1456,2025-09-05,completed,card
7238,1577,2024-10-04,completed,card
7239,628,2025-01-30,cancelled,atm
7240,626,2025-10-14,completed,card
7241,125,2024-05-24,completed,card
7242,2115,2024-04-02,completed,card
7243,1136,2025-12-22,refunded,card
7244,286,2025-06-16,completed,card
7245,1846,2025-03-24,completed,cod
7246,877,2024-10-30,completed,card
7247,1371,2025-11-27,completed,card
7248,382,2025-01-23,completed,atm
7249,1931,2024-08-25,cancelled,atm
7250,1355,2025-07-03,cancelled,atm
7251,1468,2025-06-30,completed,cod
7252,961,2024-06-16,completed,atm
7253,1073,2025-05-12,cancelled,wallet
7254,1537,2024-09-18,completed,card
7255,730,2024-01-13,cancelled,card
7256,2115,2024-01-25,completed,cod
7257,2183,2024-10-09,completed,card
7258,2087,2024-09-18,completed,card
7259,2197,2025-06-05,completed,card
7260,134,2024-01-08,completed,cod
7261,136,2024-02-26,completed,card
7262,914,2024-09-16,completed,card
7263,641,2024-12-06,completed,card
7264,1827,2025-09-25,completed,wallet
7265,1752,2024-01-22,cancelled,card
7266,337,2024-04-09,completed,wallet
7267,356,2024-09-16,completed,wallet
7268,467,2025-01-30,completed,card
7269,1646,2025-09-10,completed,wallet
7270,1925,2024-10-27,completed,card
7271,1912,2024-04-29,completed,cod
7272,118,2025-10-14,completed,card
7273,727,2024-09-01,completed,atm
7274,1742,2025-08-28,completed,wallet
7275,1457,2024-01-23,completed,atm
7276,1460,2025-01-10,completed,atm
7277,1886,2025-07-26,completed,wallet
7278,1052,2025-01-30,completed,card
7279,2483,2024-11-03,completed,card
7280,2075,2024-12-11,cancelled,atm
7281,702,2024-11-23,completed,atm
7282,2196,2024-10-13,completed,wallet
7283,980,2024-01-01,completed,card
7284,468,2025-07-14,completed,wallet
7285,2188,2025-06-02,completed,wallet
7286,2443,2025-10-26,completed,card
7287,188,2025-08-25,completed,wallet
7288,227,2025-01-31,completed,atm
7289,1195,2024-07-30,completed,wallet
7290,172,2024-03-30,refunded,card
7291,2123,2024-09-04,completed,cod
7292,1827,2024-07-16,completed,wallet
7293,1453,2025-07-07,completed,atm
7294,508,2024-08-23,completed,card
7295,1362,2024-09-24,completed,cod
7296,2263,2024-02-01,completed,wallet
7297,1867,2024-04-26,cancelled,atm
7298,520,2024-06-18,completed,atm
7299,1486,2024-01-18,completed,card
7300,398,2024-10-17,completed,card
7301,1281,2024-10-03,completed,atm
7302,2329,2025-04-05,completed,cod
7303,1066,2024-08-29,completed,card
7304,2167,2025-01-11,completed,card
7305,579,2025-01-01,completed,atm
7306,1932,2025-04-17,completed,card
7307,775,2024-05-23,completed,card
7308,2200,2024-12-03,completed,cod
7309,2113,2025-05-16,completed,cod
7310,2409,2024-05-28,completed,atm
7311,419,2024-10-21,cancelled,cod
7312,44,2025-04-10,completed,card
7313,25,2024-10-06,completed,wallet
7314,714,2024-04-14,completed,atm
7315,56,2024-05-11,completed,cod
7316,98,2025-01-12,completed,card
7317,623,2024-12-10,completed,wallet
7318,1943,2024-12-22,completed,card
7319,96,2025-10-08,completed,atm
7320,924,2024-03-15,refunded,cod
7321,677,2024-01-28,refunded,card
7322,923,2025-11-14,completed,cod
7323,923,2024-02-01,completed,cod
7324,298,2024-03-25,cancelled,atm
7325,1852,2025-08-28,completed,cod
7326,2335,2024-03-14,completed,wallet
7327,391,2024-01-11,completed,atm
7328,2265,2025-02-25,completed,wallet
7329,1702,2025-05-11,completed,atm
7330,841,2024-09-06,completed,wallet
7331,1257,2024-03-14,completed,atm
7332,1188,2025-02-02,cancelled,atm
7333,1551,2025-05-08,completed,wallet
7334,216,2025-05-19,refunded,card
7335,274,2024-10-16,completed,cod
7336,807,2024-12-05,completed,wallet
7337,1154,2025-10-08,completed,card
7338,1638,2025-05-01,completed,atm
7339,2147,2024-08-25,completed,card
7340,2210,2024-12-07,completed,card
7341,292,2024-02-10,completed,card
7342,113,2024-06-18,completed,atm
7343,869,2024-04-26,completed,card
7344,2136,2024-09-03,completed,card
7345,519,2024-12-03,completed,card
7346,653,2024-11-25,completed,card
7347,301,2024-12-18,completed,wallet
7348,2268,2025-05-29,completed,card
7349,706,2024-05-03,completed,cod
7350,129,2024-03-13,completed,card
7351,1642,2025-05-23,completed,atm
7352,414,2025-08-16,completed,atm
7353,1479,2024-11-04,completed,wallet
7354,672,2024-08-22,completed,atm
7355,334,2024-06-13,completed,card
7356,1557,2025-02-11,cancelled,card
7357,282,2024-01-25,completed,atm
7358,504,2025-08-27,completed,cod
7359,442,2024-10-15,completed,atm
7360,2331,2025-12-31,completed,atm
7361,1643,2024-01-27,completed,card
7362,1606,2024-05-25,completed,card
7363,1818,2024-07-25,completed,atm
7364,1017,2025-02-15,completed,card
7365,292,2024-10-26,completed,atm
7366,1125,2024-11-24,completed,wallet
7367,559,2025-05-07,completed,card
7368,367,2024-11-24,completed,card
7369,732,2025-08-26,completed,wallet
7370,1925,2025-11-24,completed,card
7371,687,2025-10-14,refunded,card
7372,1765,2024-05-04,refunded,card
7373,1324,2025-12-27,completed,card
7374,2396,2024-02-16,completed,atm
7375,1151,2025-12-08,completed,card
7376,2245,2024-08-16,completed,card
7377,162,2024-01-23,completed,cod
7378,1486,2025-01-23,cancelled,cod
7379,2258,2025-12-21,completed,atm
7380,1479,2024-05-04,completed,card
7381,994,2025-01-28,completed,card
7382,2297,2024-10-19,cancelled,card
7383,1522,2024-03-28,completed,wallet
7384,242,2024-01-10,completed,cod
7385,2222,2024-12-13,completed,wallet
7386,1014,2025-07-18,completed,card
7387,646,2025-02-13,completed,card
7388,407,2025-05-10,completed,atm
7389,1256,2024-12-22,completed,card
7390,2044,2025-12-03,completed,wallet
7391,1932,2024-05-21,completed,card
7392,1375,2024-09-06,completed,wallet
7393,382,2024-08-30,completed,cod
7394,1756,2025-02-26,completed,atm
7395,1734,2024-07-04,completed,card
7396,349,2025-08-09,completed,atm
7397,2127,2025-07-06,completed,atm
7398,2411,2025-02-27,completed,atm
7399,102,2025-12-19,completed,card
7400,361,2024-06-24,completed,atm
7401,2231,2024-02-10,completed,atm
7402,1823,2024-11-28,completed,atm
7403,1229,2024-11-13,completed,atm
7404,2452,2024-07-15,completed,wallet
7405,1492,2025-05-18,completed,atm
7406,2269,2025-11-30,completed,atm
7407,2138,2024-10-09,completed,card
7408,2100,2024-05-22,completed,wallet
7409,1216,2025-08-13,completed,wallet
7410,1359,2024-09-05,completed,atm
7411,1352,2024-04-19,completed,card
7412,1675,2024-02-22,completed,card
7413,146,2024-05-21,completed,card
7414,691,2025-05-05,completed,wallet
7415,791,2025-10-10,completed,card
7416,1275,2025-08-19,completed,card
7417,1424,2025-08-03,completed,card
7418,360,2024-02-03,completed,cod
7419,184,2024-03-30,completed,card
7420,1189,2024-03-09,completed,card
7421,2457,2024-03-17,completed,card
7422,1705,2025-05-27,completed,atm
7423,1110,2024-02-16,completed,atm
7424,339,2024-05-08,completed,card
7425,2349,2024-12-03,completed,card
7426,1295,2025-08-29,completed,card
7427,966,2025-04-13,completed,card
7428,1188,2025-08-05,completed,card
7429,270,2025-03-24,completed,card
7430,1920,2025-02-03,completed,wallet
7431,1900,2025-09-25,completed,card
7432,2153,2025-01-04,completed,card
7433,384,2025-10-14,cancelled,atm
7434,220,2025-12-10,completed,cod
7435,531,2024-05-18,completed,atm
7436,245,2024-02-23,completed,card
7437,1206,2025-12-26,completed,cod
7438,2347,2024-08-03,completed,card
7439,1582,2025-01-23,completed,card
7440,1533,2025-04-23,completed,card
7441,27,2024-04-09,completed,wallet
7442,556,2024-01-18,completed,wallet
7443,1824,2024-05-07,refunded,cod
7444,1412,2024-08-25,completed,card
7445,1734,2024-09-08,completed,atm
7446,2249,2024-02-08,completed,card
7447,1889,2025-01-21,completed,atm
7448,1738,2024-07-17,completed,card
7449,164,2025-05-09,completed,card
7450,1377,2024-05-01,completed,atm
7451,57,2024-09-10,completed,card
7452,305,2025-11-08,completed,card
7453,1857,2025-04-21,completed,atm
7454,364,2025-10-30,completed,cod
7455,1205,2024-09-04,cancelled,card
7456,2168,2025-09-02,cancelled,atm
7457,462,2025-04-26,completed,atm
7458,1090,2024-01-08,completed,cod
7459,917,2024-06-25,completed,card
7460,2105,2024-06-10,completed,atm
7461,1254,2024-04-21,completed,atm
7462,2173,2024-12-20,completed,card
7463,524,2025-08-21,completed,wallet
7464,1353,2024-08-03,completed,atm
7465,146,2024-11-05,completed,card
7466,590,2025-12-30,completed,card
7467,70,2025-06-28,completed,card
7468,1236,2024-04-30,completed,atm
7469,1388,2024-03-26,completed,atm
7470,328,2025-11-13,completed,cod
7471,1038,2025-05-30,completed,cod
7472,2245,2024-04-15,completed,card
7473,2384,2025-01-22,completed,atm
7474,442,2025-11-30,completed,atm
7475,320,2025-12-16,completed,card
7476,2193,2025-10-06,completed,card
7477,990,2025-10-03,completed,card
7478,19,2025-06-15,completed,atm
7479,2322,2024-08-05,completed,card
7480,1310,2025-11-22,completed,atm
7481,1800,2025-01-06,completed,card
7482,2245,2024-12-07,completed,card
7483,1090,2024-04-11,completed,atm
7484,497,2025-11-15,completed,card
7485,956,2024-09-30,completed,atm
7486,1133,2024-06-20,completed,cod
7487,2309,2025-10-17,completed,card
7488,2228,2024-12-28,completed,wallet
7489,1054,2024-09-11,completed,atm
7490,250,2024-03-29,completed,card
7491,1262,2025-05-27,completed,card
7492,2320,2025-06-25,completed,card
7493,303,2024-01-17,completed,atm
7494,747,2024-07-29,completed,atm
7495,1580,2024-08-29,completed,wallet
7496,833,2025-06-17,completed,cod
7497,1161,2025-03-30,completed,card
7498,1844,2024-12-29,completed,card
7499,849,2024-12-01,completed,cod
7500,2341,2024-02-26,completed,cod
7501,2123,2025-04-24,completed,card
7502,2231,2025-02-07,completed,card
7503,1520,2025-02-07,completed,card
7504,1298,2025-03-27,completed,wallet
7505,487,2024-06-26,completed,card
7506,1652,2024-01-29,completed,cod
7507,1539,2025-10-06,completed,card
7508,2053,2025-01-08,completed,cod
7509,523,2025-06-11,completed,card
7510,1235,2024-10-08,completed,wallet
7511,492,2024-01-22,completed,cod
7512,728,2025-09-21,completed,card
7513,1471,2024-09-21,completed,atm
7514,2114,2025-05-05,completed,atm
7515,1443,2025-06-21,completed,atm
7516,310,2024-03-01,completed,wallet
7517,2498,2025-05-30,completed,card
7518,40,2025-05-14,completed,wallet
7519,1560,2024-12-25,completed,cod
7520,1168,2024-08-23,completed,card
7521,472,2024-08-17,completed,card
7522,2025,2024-10-24,completed,card
7523,1181,2024-09-08,completed,atm
7524,885,2024-02-12,completed,wallet
7525,1813,2024-04-07,refunded,card
7526,2495,2024-05-08,completed,wallet
7527,1807,2024-11-06,completed,card
7528,110,2024-11-05,completed,card
7529,2007,2024-06-01,completed,card
7530,657,2024-12-26,completed,cod
7531,186,2025-12-25,completed,wallet
7532,1786,2025-01-12,completed,card
7533,2453,2025-03-10,completed,atm
7534,1073,2024-01-01,completed,wallet
7535,2268,2024-11-21,completed,card
7536,2095,2025-05-11,completed,cod
7537,2296,2024-10-18,completed,card
7538,809,2024-06-08,completed,card
7539,1326,2024-03-19,completed,card
7540,595,2025-02-21,completed,card
7541,1622,2025-08-12,completed,atm
7542,2391,2024-03-30,completed,cod
7543,213,2024-10-05,completed,cod
7544,441,2024-01-20,completed,card
7545,2416,2025-01-16,completed,atm
7546,1604,2025-05-13,completed,wallet
7547,971,2024-11-01,completed,atm
7548,1422,2024-11-30,cancelled,wallet
7549,1376,2025-06-04,refunded,atm
7550,2297,2025-01-03,completed,atm
7551,1773,2025-10-05,completed,atm
7552,435,2025-04-27,completed,card
7553,954,2025-01-16,cancelled,card
7554,1686,2024-02-29,completed,atm
7555,1716,2024-03-24,completed,card
7556,1591,2025-09-29,cancelled,card
7557,44,2025-04-29,completed,card
7558,1983,2024-09-21,completed,cod
7559,1971,2024-10-01,completed,card
7560,1553,2025-02-21,completed,wallet
7561,1817,2024-09-07,completed,card
7562,654,2025-01-21,completed,cod
7563,1320,2024-11-23,completed,cod
7564,33,2025-09-22,completed,cod
7565,2066,2024-01-16,completed,atm
7566,1511,2025-11-13,completed,card
7567,1842,2025-07-25,completed,card
7568,218,2025-11-08,completed,atm
7569,1465,2024-04-17,completed,card
7570,2137,2025-08-09,cancelled,card
7571,1196,2024-06-21,completed,card
7572,349,2025-05-23,completed,card
7573,2228,2025-10-06,refunded,wallet
7574,244,2025-11-03,completed,wallet
7575,392,2025-01-15,completed,card
7576,1704,2024-05-09,completed,card
7577,751,2024-10-01,completed,atm
7578,1974,2024-06-11,cancelled,card
7579,1799,2025-06-01,completed,card
7580,1273,2025-11-07,completed,atm
7581,1793,2025-10-16,completed,card
7582,910,2025-01-10,completed,cod
7583,294,2025-08-10,completed,card
7584,2424,2024-01-08,completed,cod
7585,2189,2024-09-17,completed,wallet
7586,1137,2024-12-04,completed,card
7587,1443,2024-01-15,completed,cod
7588,614,2024-07-02,completed,card
7589,2173,2025-07-29,completed,wallet
7590,118,2025-01-20,completed,atm
7591,1444,2025-10-23,completed,card
7592,401,2025-12-31,completed,card
7593,325,2025-06-01,completed,cod
7594,765,2025-01-28,cancelled,wallet
7595,1141,2025-01-10,completed,cod
7596,1344,2025-05-21,completed,atm
7597,1016,2024-08-24,completed,card
7598,736,2024-03-07,completed,cod
7599,77,2025-02-21,completed,cod
7600,1353,2024-11-13,completed,card
7601,2443,2025-09-14,completed,card
7602,439,2024-02-10,completed,card
7603,1646,2024-04-02,completed,card
7604,100,2025-11-02,completed,card
7605,427,2024-01-16,completed,card
7606,966,2025-08-29,completed,card
7607,61,2024-08-28,completed,atm
7608,2467,2024-02-22,completed,atm
7609,1458,2024-02-11,completed,wallet
7610,788,2024-03-19,completed,card
7611,2439,2024-11-01,completed,atm
7612,1569,2024-10-12,completed,atm
7613,970,2024-04-15,completed,atm
7614,842,2024-05-05,completed,atm
7615,485,2025-03-14,completed,card
7616,30,2025-11-29,completed,atm
7617,1365,2025-11-26,completed,card
7618,914,2024-07-08,refunded,card
7619,598,2024-05-12,completed,card
7620,1949,2025-01-02,completed,card
7621,1110,2024-12-12,completed,card
7622,1863,2025-07-04,completed,card
7623,1058,2025-10-28,completed,card
7624,2300,2025-08-19,completed,card
7625,1796,2025-10-28,completed,wallet
7626,1797,2024-05-14,completed,atm
7627,1715,2024-10-11,completed,atm
7628,161,2025-04-27,completed,wallet
7629,2136,2025-05-02,completed,wallet
7630,563,2024-08-13,completed,wallet
7631,1893,2025-12-20,completed,wallet
7632,2448,2024-07-22,completed,card
7633,809,2025-11-15,completed,atm
7634,32,2025-01-22,completed,card
7635,1971,2024-11-27,completed,card
7636,239,2025-04-01,completed,wallet
7637,597,2024-02-07,completed,card
7638,1630,2025-11-27,completed,card
7639,876,2025-08-31,completed,card
7640,2065,2025-12-03,completed,cod
7641,499,2024-10-27,completed,atm
7642,325,2024-12-30,completed,card
7643,1542,2024-02-18,completed,atm
7644,1362,2024-03-15,completed,wallet
7645,2291,2024-02-05,completed,card
7646,855,2024-12-01,completed,card
7647,1730,2025-11-20,completed,card
7648,335,2024-09-20,completed,card
7649,238,2025-02-26,completed,card
7650,1623,2024-05-02,completed,atm
7651,1155,2024-01-07,completed,atm
7652,1588,2024-04-05,completed,atm
7653,2064,2025-05-29,completed,card
7654,2340,2025-08-12,completed,card
7655,629,2024-05-14,completed,wallet
7656,264,2024-11-09,completed,card
7657,1685,2024-12-04,completed,cod
7658,2475,2024-03-17,completed,wallet
7659,1394,2024-02-23,cancelled,card
7660,388,2024-04-13,completed,card
7661,2059,2024-11-24,completed,card
7662,1397,2025-01-20,completed,wallet
7663,1196,2025-10-07,completed,wallet
7664,2436,2025-11-19,refunded,atm
7665,765,2025-12-18,completed,card
7666,522,2024-04-14,completed,wallet
7667,199,2024-01-21,completed,card
7668,1009,2025-01-08,completed,atm
7669,1422,2025-12-02,completed,card
7670,929,2024-01-05,completed,atm
7671,1906,2025-06-21,completed,card
7672,379,2025-04-22,completed,card
7673,721,2025-01-06,completed,cod
7674,150,2025-12-10,completed,card
7675,1075,2025-08-26,completed,atm
7676,1098,2024-11-21,completed,card
7677,419,2024-02-25,completed,card
7678,935,2024-01-28,completed,atm
7679,438,2024-01-08,completed,wallet
7680,215,2025-09-04,completed,card
7681,46,2024-05-11,completed,wallet
7682,397,2024-12-20,completed,wallet
7683,40,2025-11-13,cancelled,cod
7684,2428,2025-12-11,completed,wallet
7685,1010,2024-02-28,completed,card
7686,2271,2024-03-02,completed,card
7687,250,2025-11-27,completed,card
7688,1145,2024-05-19,completed,wallet
7689,1564,2025-01-23,completed,card
7690,1552,2025-10-12,completed,card
7691,2223,2024-08-07,completed,card
7692,1631,2024-03-09,completed,cod
7693,644,2024-01-24,completed,atm
7694,1379,2024-12-31,refunded,atm
7695,1335,2025-11-11,completed,atm
7696,1318,2024-05-24,completed,atm
7697,1489,2025-11-10,completed,wallet
7698,887,2025-11-25,completed,atm
7699,492,2024-03-02,completed,card
7700,905,2025-01-24,completed,wallet
7701,1223,2025-12-12,completed,atm
7702,1346,2025-03-16,completed,card
7703,857,2025-11-16,cancelled,wallet
7704,1865,2025-12-18,completed,wallet
7705,2089,2025-12-08,completed,atm
7706,726,2024-11-07,completed,card
7707,631,2024-04-23,completed,wallet
7708,922,2024-10-02,completed,card
7709,1773,2025-02-23,completed,card
7710,1957,2024-12-30,completed,atm
7711,659,2025-09-16,completed,card
7712,1148,2024-08-08,completed,card
7713,982,2024-05-14,completed,card
7714,838,2024-04-11,cancelled,card
7715,1020,2024-01-04,completed,wallet
7716,1812,2025-03-21,completed,atm
7717,330,2025-08-21,completed,card
7718,1888,2024-01-19,completed,cod
7719,1459,2025-01-13,completed,card
7720,236,2025-08-04,completed,wallet
7721,590,2025-12-28,completed,atm
7722,1903,2024-11-01,completed,card
7723,491,2024-10-27,completed,cod
7724,1142,2025-06-22,completed,cod
7725,593,2024-10-06,completed,wallet
7726,1765,2024-05-11,completed,card
7727,1760,2024-04-17,completed,card
7728,1423,2025-12-20,completed,card
7729,2251,2024-11-09,completed,wallet
7730,1043,2024-02-29,cancelled,card
7731,1127,2025-03-17,completed,card
7732,1476,2025-05-27,completed,wallet
7733,1862,2025-01-15,cancelled,atm
7734,1138,2025-04-05,completed,card
7735,1603,2024-05-20,completed,wallet
7736,1688,2024-05-24,completed,card
7737,2080,2024-08-19,completed,cod
7738,77,2024-10-12,completed,cod
7739,1071,2024-10-02,completed,atm
7740,1728,2025-03-21,completed,card
7741,1593,2025-05-27,completed,wallet
7742,2363,2025-10-16,completed,wallet
7743,264,2025-06-15,completed,cod
7744,308,2025-10-11,completed,card
7745,462,2025-01-27,completed,atm
7746,2101,2024-08-23,completed,card
7747,914,2025-12-07,completed,atm
7748,746,2025-11-03,completed,card
7749,2089,2024-08-06,completed,card
7750,106,2025-05-07,completed,card
7751,1637,2025-03-07,completed,card
7752,1432,2024-12-25,completed,card
7753,725,2025-10-13,completed,atm
7754,1340,2024-02-28,completed,card
7755,2317,2024-10-27,completed,card
7756,1349,2024-09-29,completed,atm
7757,1100,2024-11-26,completed,card
7758,743,2024-10-08,cancelled,card
7759,1373,2024-12-30,completed,atm
7760,1253,2024-09-04,completed,cod
7761,143,2024-08-26,completed,cod
7762,926,2025-08-21,completed,atm
7763,704,2024-12-12,completed,card
7764,765,2024-12-26,completed,card
7765,1054,2025-01-25,refunded,cod
7766,308,2024-01-15,completed,atm
7767,2301,2025-06-21,completed,wallet
7768,2050,2025-08-04,completed,atm
7769,832,2025-06-17,completed,atm
7770,451,2024-12-17,completed,cod
7771,578,2025-01-21,completed,atm
7772,1644,2024-10-05,completed,wallet
7773,1552,2024-10-01,completed,card
7774,1086,2024-11-12,completed,wallet
7775,87,2025-01-26,completed,wallet
7776,2021,2024-09-13,completed,atm
7777,753,2024-08-28,completed,card
7778,1211,2025-04-09,completed,cod
7779,327,2024-02-10,cancelled,card
7780,2225,2025-07-05,completed,card
7781,2209,2024-09-04,completed,wallet
7782,265,2024-10-17,completed,atm
7783,241,2024-02-06,cancelled,atm
7784,1409,2025-11-09,completed,card
7785,1269,2024-10-03,completed,atm
7786,1367,2025-09-22,completed,wallet
7787,1132,2025-03-13,completed,card
7788,436,2024-09-10,completed,wallet
7789,1152,2025-12-12,completed,wallet
7790,315,2024-02-10,completed,cod
7791,1615,2024-03-24,completed,card
7792,2440,2024-06-12,completed,card
7793,2384,2025-09-20,completed,wallet
7794,2465,2025-05-17,completed,card
7795,2432,2024-06-14,completed,atm
7796,1911,2025-02-02,completed,atm
7797,1256,2025-11-20,completed,atm
7798,1366,2024-08-23,completed,card
7799,160,2024-05-15,completed,atm
7800,672,2024-12-03,completed,wallet
7801,1794,2025-04-27,completed,card
7802,488,2025-11-20,completed,atm
7803,577,2025-11-10,completed,cod
7804,1817,2024-08-07,completed,card
7805,1284,2024-12-26,refunded,card
7806,2075,2025-05-28,completed,card
7807,1183,2024-10-24,completed,cod
7808,831,2024-05-11,completed,card
7809,424,2024-05-11,completed,atm
7810,1101,2025-01-06,completed,card
7811,2396,2025-10-19,completed,cod
7812,1615,2025-11-18,completed,card
7813,2208,2024-04-21,completed,wallet
7814,2333,2025-07-09,completed,card
7815,2436,2024-07-24,completed,wallet
7816,736,2024-06-10,cancelled,atm
7817,958,2025-01-27,completed,card
7818,955,2024-10-12,completed,atm
7819,1593,2024-08-13,completed,wallet
7820,1095,2024-02-13,completed,cod
7821,2268,2025-05-22,completed,atm
7822,1770,2025-06-02,completed,card
7823,1605,2025-08-10,completed,wallet
7824,536,2024-11-13,completed,atm
7825,89,2024-10-05,completed,card
7826,973,2025-01-29,completed,card
7827,1802,2024-03-09,completed,wallet
7828,526,2025-01-21,completed,wallet
7829,973,2025-08-05,completed,card
7830,1748,2024-07-02,completed,cod
7831,2415,2025-09-26,completed,card
7832,1072,2025-04-07,completed,wallet
7833,968,2025-12-17,completed,card
7834,275,2024-03-16,completed,card
7835,900,2024-11-30,completed,card
7836,999,2025-12-27,completed,card
7837,259,2024-02-06,completed,wallet
7838,1999,2025-05-14,completed,card
7839,934,2024-04-18,completed,card
7840,917,2025-12-12,completed,card
7841,436,2024-10-02,completed,cod
7842,1943,2025-12-08,completed,atm
7843,2490,2024-06-08,completed,card
7844,366,2025-12-18,completed,atm
7845,237,2024-06-11,completed,cod
7846,2215,2024-05-05,completed,card
7847,351,2025-10-17,completed,cod
7848,460,2024-08-02,completed,atm
7849,2356,2024-05-11,completed,atm
7850,2356,2024-05-07,completed,card
7851,373,2024-03-23,completed,card
7852,1827,2024-07-18,completed,cod
7853,801,2025-02-07,completed,cod
7854,2288,2024-02-10,completed,card
7855,232,2024-03-20,completed,card
7856,2381,2024-02-29,completed,wallet
7857,2393,2025-12-07,completed,atm
7858,230,2024-05-30,completed,card
7859,1229,2024-10-21,completed,card
7860,2297,2025-04-27,completed,cod
7861,1971,2025-08-25,completed,wallet
7862,2066,2024-10-18,completed,wallet
7863,313,2025-01-03,cancelled,atm
7864,2086,2025-01-21,completed,card
7865,1993,2025-05-02,completed,cod
7866,50,2024-04-22,completed,wallet
7867,1774,2024-11-30,completed,atm
7868,320,2024-01-13,completed,card
7869,1287,2025-08-06,refunded,card
7870,201,2025-02-18,completed,card
7871,64,2024-09-14,refunded,wallet
7872,1788,2025-05-01,completed,atm
7873,1897,2025-10-07,completed,card
7874,1477,2025-11-07,completed,wallet
7875,1866,2025-02-05,completed,cod
7876,577,2025-12-23,completed,card
7877,1718,2024-07-25,completed,card
7878,904,2024-05-03,completed,card
7879,223,2025-12-10,completed,atm
7880,338,2025-08-10,completed,wallet
7881,1512,2024-08-08,completed,card
7882,1942,2024-04-04,completed,cod
7883,888,2024-08-22,completed,atm
7884,658,2024-05-23,completed,card
7885,379,2024-03-20,completed,card
7886,1482,2024-02-25,completed,atm
7887,1370,2024-08-04,completed,card
7888,984,2025-04-14,completed,card
7889,384,2025-01-22,completed,card
7890,1062,2025-09-28,completed,card
7891,1311,2024-11-14,completed,cod
7892,795,2024-02-12,completed,card
7893,384,2025-01-05,completed,card
7894,2144,2025-02-28,completed,wallet
7895,601,2024-04-07,completed,atm
7896,1311,2024-04-17,completed,card
7897,2414,2025-04-04,completed,card
7898,74,2025-05-24,completed,card
7899,1159,2025-05-07,completed,card
7900,2357,2024-09-16,completed,atm
7901,650,2024-05-17,completed,card
7902,1845,2025-08-15,completed,card
7903,2037,2025-02-22,completed,atm
7904,197,2024-12-27,completed,wallet
7905,502,2025-06-03,refunded,atm
7906,1674,2024-06-27,completed,atm
7907,1399,2025-08-24,cancelled,card
7908,1464,2024-01-30,completed,wallet
7909,744,2024-08-18,completed,card
7910,1993,2025-01-21,completed,card
7911,749,2024-03-18,refunded,atm
7912,1262,2024-10-16,completed,card
7913,403,2025-12-08,completed,card
7914,415,2025-04-23,completed,atm
7915,892,2024-05-21,completed,atm
7916,1162,2024-05-30,completed,wallet
7917,2049,2025-04-28,completed,card
7918,2039,2024-04-09,completed,card
7919,1592,2025-01-29,completed,wallet
7920,859,2024-11-10,completed,card
7921,1711,2024-01-23,completed,wallet
7922,366,2025-09-26,completed,atm
7923,1710,2024-08-17,completed,atm
7924,2483,2025-06-14,completed,card
7925,1551,2025-12-17,completed,wallet
7926,1316,2025-12-23,completed,card
7927,2497,2024-04-14,completed,card
7928,71,2025-03-07,completed,card
7929,791,2024-07-10,completed,wallet
7930,320,2024-11-10,completed,atm
7931,446,2025-09-12,completed,card
7932,1443,2024-08-04,completed,atm
7933,2250,2024-03-06,completed,cod
7934,408,2025-06-27,completed,wallet
7935,1030,2024-10-07,completed,card
7936,318,2025-03-29,completed,atm
7937,2320,2024-04-28,completed,card
7938,1839,2024-01-15,completed,card
7939,1374,2024-01-02,completed,card
7940,529,2025-10-25,completed,wallet
7941,1955,2024-07-17,completed,card
7942,102,2024-12-15,completed,wallet
7943,1909,2024-05-30,completed,cod
7944,2336,2025-12-12,completed,card
7945,874,2025-03-16,completed,atm
7946,195,2024-02-03,completed,atm
7947,726,2024-06-19,completed,card
7948,2214,2025-07-06,completed,card
7949,2497,2025-03-28,completed,atm
7950,346,2024-06-25,completed,wallet
7951,636,2025-09-28,completed,atm
7952,2203,2024-04-27,completed,cod
7953,2414,2024-08-31,completed,atm
7954,2088,2024-03-19,completed,card
7955,1254,2024-07-02,completed,atm
7956,142,2024-04-21,completed,card
7957,121,2025-09-30,completed,atm
7958,2015,2024-12-10,completed,wallet
7959,961,2025-03-05,completed,card
7960,298,2024-03-23,completed,card
7961,1352,2024-12-10,completed,card
7962,1183,2024-06-12,completed,wallet
7963,1596,2024-02-25,completed,atm
7964,1459,2024-02-10,completed,cod
7965,1750,2025-11-18,completed,card
7966,2024,2024-07-04,completed,cod
7967,844,2024-09-05,completed,wallet
7968,1031,2024-09-13,completed,card
7969,2214,2024-11-06,completed,card
7970,2335,2025-09-07,completed,atm
7971,204,2024-10-08,completed,card
7972,276,2025-09-19,completed,atm
7973,1604,2025-03-18,completed,card
7974,1344,2025-12-09,completed,card
7975,234,2025-11-17,completed,atm
7976,1465,2025-08-12,completed,card
7977,2184,2025-05-12,completed,card
7978,864,2024-12-30,completed,card
7979,19,2024-08-02,completed,atm
7980,1761,2024-02-12,completed,card
7981,2298,2024-01-23,completed,card
7982,263,2025-10-09,completed,cod
7983,695,2024-01-15,completed,card
7984,1038,2025-10-22,completed,wallet
7985,2494,2025-09-26,completed,wallet
7986,322,2024-07-18,completed,atm
7987,1862,2025-04-27,completed,card
7988,40,2025-02-15,completed,card
7989,786,2024-11-15,completed,card
7990,2257,2025-10-06,completed,atm
7991,237,2025-03-04,completed,card
7992,569,2025-05-01,completed,cod
7993,1959,2025-01-30,completed,atm
7994,1824,2024-02-22,completed,wallet
7995,115,2025-11-24,completed,card
7996,1339,2024-08-16,refunded,atm
7997,996,2024-11-27,completed,cod
7998,1395,2024-06-09,completed,card
7999,1336,2025-12-26,completed,card
8000,2289,2024-12-25,completed,atm
8001,592,2024-12-17,completed,atm
8002,1180,2024-11-07,completed,atm
8003,1560,2024-07-26,completed,atm
8004,1685,2025-07-17,completed,card
8005,2381,2025-10-17,completed,atm
8006,2500,2025-07-17,completed,card
8007,2317,2025-03-19,completed,cod
8008,2042,2025-08-12,completed,cod
8009,1271,2024-07-26,completed,atm
8010,157,2025-01-20,completed,card
8011,828,2024-11-08,cancelled,atm
8012,2299,2024-05-21,completed,card
8013,1611,2024-03-19,completed,card
8014,2001,2024-12-28,completed,cod
8015,1782,2024-02-20,completed,card
8016,1551,2025-01-20,completed,wallet
8017,1300,2024-03-12,completed,wallet
8018,415,2025-11-05,completed,card
8019,1625,2024-11-27,completed,atm
8020,1041,2025-10-06,completed,atm
8021,272,2025-06-09,refunded,card
8022,2415,2024-11-23,completed,card
8023,1658,2025-09-24,completed,atm
8024,2259,2024-05-25,completed,atm
8025,1912,2024-11-12,completed,atm
8026,2179,2025-05-23,completed,card
8027,1898,2025-11-29,completed,wallet
8028,1197,2024-09-22,completed,card
8029,865,2024-10-22,completed,card
8030,1335,2024-06-21,completed,wallet
8031,2392,2025-06-06,completed,card
8032,2077,2025-11-09,completed,card
8033,1393,2024-02-16,completed,card
8034,1637,2024-08-14,completed,card
8035,571,2025-05-21,completed,card
8036,144,2025-11-13,completed,atm
8037,650,2024-08-28,completed,card
8038,2427,2025-06-28,completed,atm
8039,2235,2024-09-12,completed,card
8040,1163,2025-04-12,completed,atm
8041,1220,2025-04-11,completed,atm
8042,874,2025-06-09,completed,card
8043,1773,2024-03-31,completed,wallet
8044,1531,2024-03-23,completed,atm
8045,2153,2025-12-18,completed,wallet
8046,631,2024-11-03,refunded,card
8047,1953,2024-10-28,refunded,card
8048,793,2025-10-07,completed,atm
8049,2276,2025-03-28,completed,atm
8050,33,2025-10-23,completed,card
8051,173,2024-06-12,completed,atm
8052,721,2025-08-13,completed,cod
8053,902,2025-04-15,refunded,atm
8054,2259,2025-01-24,completed,card
8055,2202,2025-01-18,completed,card
8056,946,2024-02-24,completed,atm
8057,1150,2025-07-10,completed,card
8058,255,2024-12-10,completed,wallet
8059,1916,2024-04-28,completed,atm
8060,1147,2025-12-14,completed,card
8061,2458,2025-07-01,completed,wallet
8062,1336,2024-11-24,completed,atm
8063,820,2025-08-04,completed,card
8064,389,2025-10-17,completed,atm
8065,1768,2025-08-05,completed,atm
8066,1359,2025-03-19,completed,atm
8067,1984,2025-05-28,completed,atm
8068,38,2024-02-23,completed,card
8069,1069,2025-12-15,completed,card
8070,1081,2024-10-06,completed,card
8071,2194,2024-12-23,completed,wallet
8072,574,2025-07-02,completed,card
8073,1942,2025-01-26,completed,card
8074,618,2024-02-17,completed,card
8075,1993,2025-09-14,completed,atm
8076,520,2025-07-19,completed,wallet
8077,986,2025-06-07,completed,wallet
8078,1783,2024-06-05,completed,card
8079,241,2025-01-21,completed,card
8080,448,2025-02-28,completed,wallet
8081,1629,2025-12-18,completed,atm
8082,910,2025-12-10,completed,card
8083,45,2024-08-22,completed,card
8084,1179,2024-07-16,cancelled,card
8085,1066,2024-06-16,completed,card
8086,88,2025-07-23,completed,wallet
8087,657,2024-05-09,completed,card
8088,1116,2025-06-27,completed,atm
8089,2397,2024-02-06,completed,card
8090,429,2025-05-03,completed,card
8091,1169,2025-10-29,completed,card
8092,835,2025-11-03,completed,atm
8093,1821,2025-09-05,completed,card
8094,94,2024-12-25,completed,card
8095,1834,2025-08-20,completed,wallet
8096,2290,2024-04-10,refunded,cod
8097,1189,2024-05-13,completed,atm
8098,2268,2025-12-11,completed,card
8099,1762,2025-10-25,completed,atm
8100,2295,2025-04-03,completed,wallet
8101,1985,2024-11-28,completed,card
8102,2195,2025-12-04,completed,wallet
8103,384,2024-12-14,completed,wallet
8104,112,2024-09-22,completed,card
8105,2254,2024-05-17,completed,card
8106,2441,2024-01-12,completed,card
8107,1640,2025-01-02,completed,card
8108,696,2025-02-13,completed,cod
8109,1652,2025-09-13,completed,wallet
8110,974,2024-09-04,completed,card
8111,2352,2024-04-21,completed,wallet
8112,1457,2025-03-06,completed,card
8113,1883,2024-08-06,completed,cod
8114,2443,2024-10-23,completed,card
8115,2491,2025-03-16,completed,atm
8116,2192,2024-04-21,completed,card
8117,73,2024-02-16,completed,atm
8118,408,2025-11-25,completed,card
8119,1386,2025-05-05,completed,cod
8120,2064,2024-02-05,completed,card
8121,433,2024-10-29,completed,cod
8122,1206,2024-09-11,completed,card
8123,2398,2025-05-11,refunded,card
8124,1451,2024-04-13,completed,card
8125,1181,2024-05-16,completed,atm
8126,1990,2024-06-02,completed,card
8127,2447,2025-11-08,cancelled,wallet
8128,1482,2025-12-25,completed,wallet
8129,226,2025-08-10,completed,card
8130,1982,2024-09-14,completed,card
8131,1908,2024-01-16,completed,card
8132,1862,2025-05-14,completed,wallet
8133,1115,2025-09-20,completed,atm
8134,2229,2025-08-07,completed,wallet
8135,2413,2024-10-05,completed,card
8136,1546,2024-08-16,completed,card
8137,355,2025-05-03,completed,atm
8138,1345,2024-08-30,completed,wallet
8139,1546,2025-01-25,completed,wallet
8140,75,2025-02-23,completed,card
8141,1735,2024-04-01,completed,card
8142,1998,2024-12-17,completed,card
8143,1052,2025-10-23,completed,cod
8144,567,2024-10-26,completed,card
8145,678,2024-08-23,completed,card
8146,1905,2025-10-06,completed,cod
8147,2085,2024-10-19,completed,card
8148,217,2024-01-27,completed,card
8149,1041,2025-12-30,completed,card
8150,2086,2025-07-18,completed,card
8151,472,2025-03-09,completed,atm
8152,1901,2024-08-05,completed,atm
8153,151,2024-07-23,completed,card
8154,1316,2024-08-16,completed,atm
8155,614,2024-03-08,completed,atm
8156,742,2025-03-20,completed,card
8157,1754,2025-12-31,completed,atm
8158,1890,2024-05-16,cancelled,card
8159,652,2025-10-18,completed,card
8160,619,2025-01-15,completed,card
8161,1868,2024-01-11,completed,card
8162,1492,2024-11-19,completed,cod
8163,315,2025-12-20,completed,card
8164,889,2024-05-08,completed,card
8165,2422,2024-08-15,cancelled,card
8166,391,2024-11-14,completed,card
8167,1270,2025-02-09,completed,card
8168,1053,2025-11-25,completed,card
8169,1260,2025-11-10,completed,card
8170,924,2025-10-17,completed,card
8171,1273,2025-01-21,completed,card
8172,509,2025-12-23,completed,atm
8173,383,2025-02-21,completed,card
8174,2428,2025-05-05,completed,card
8175,1297,2024-04-29,completed,card
8176,1353,2025-08-13,completed,card
8177,240,2024-02-19,completed,atm
8178,1804,2024-01-03,cancelled,atm
8179,580,2024-04-02,completed,card
8180,910,2024-11-15,completed,atm
8181,1232,2024-03-14,completed,card
8182,2230,2024-07-28,completed,atm
8183,882,2025-02-14,completed,card
8184,447,2024-04-18,completed,card
8185,462,2024-12-08,completed,card
8186,788,2025-08-28,completed,card
8187,533,2025-03-17,completed,card
8188,1072,2025-01-20,completed,atm
8189,2448,2024-07-22,completed,card
8190,2395,2025-04-17,completed,wallet
8191,2027,2025-04-28,completed,card
8192,1655,2025-10-10,completed,atm
8193,582,2024-06-25,completed,atm
8194,714,2024-01-21,completed,card
8195,1943,2024-06-08,completed,card
8196,2077,2025-10-07,cancelled,card
8197,2262,2025-12-17,completed,card
8198,1747,2024-02-02,completed,card
8199,198,2025-09-23,refunded,wallet
8200,1722,2025-02-06,completed,card
8201,911,2024-08-24,completed,card
8202,1488,2025-02-14,completed,atm
8203,2291,2024-02-12,completed,card
8204,1587,2025-09-11,completed,wallet
8205,1229,2025-01-03,completed,cod
8206,1620,2024-09-16,completed,wallet
8207,2404,2024-08-06,completed,card
8208,259,2024-04-19,completed,card
8209,569,2025-01-21,completed,card
8210,2079,2024-01-04,completed,atm
8211,835,2025-08-10,refunded,wallet
8212,730,2025-03-05,completed,wallet
8213,1044,2024-07-27,refunded,wallet
8214,1291,2025-01-27,completed,card
8215,1054,2024-10-10,completed,card
8216,1016,2025-06-29,completed,cod
8217,2075,2024-12-26,completed,wallet
8218,334,2025-12-04,completed,card
8219,620,2024-08-06,completed,atm
8220,1290,2025-05-15,completed,card
8221,2264,2025-05-22,completed,card
8222,1984,2024-05-22,completed,cod
8223,1573,2024-05-16,completed,atm
8224,2370,2024-01-02,completed,atm
8225,1228,2025-09-23,completed,wallet
8226,1153,2025-11-25,completed,card
8227,631,2024-04-04,completed,card
8228,2212,2024-08-21,completed,wallet
8229,1602,2025-09-15,refunded,card
8230,1620,2024-06-12,refunded,cod
8231,1944,2025-01-04,completed,card
8232,1566,2025-08-24,completed,atm
8233,150,2025-09-14,completed,atm
8234,391,2025-10-17,completed,cod
8235,815,2024-09-17,cancelled,card
8236,1738,2024-07-14,completed,wallet
8237,1825,2025-04-07,completed,atm
8238,297,2025-07-09,completed,card
8239,1492,2024-12-19,completed,atm
8240,983,2024-08-01,completed,wallet
8241,920,2024-01-12,completed,card
8242,1588,2025-04-10,completed,card
8243,392,2024-10-21,completed,card
8244,2419,2024-02-15,completed,card
8245,555,2025-06-26,completed,card
8246,1533,2024-08-29,completed,atm
8247,1095,2025-08-31,completed,card
8248,165,2024-07-02,completed,card
8249,2491,2025-05-07,completed,card
8250,292,2024-05-15,completed,card
8251,325,2025-05-29,completed,atm
8252,341,2024-12-19,completed,card
8253,2313,2025-03-16,completed,wallet
8254,348,2025-10-07,completed,card
8255,2150,2024-03-01,completed,cod
8256,2311,2024-10-30,completed,cod
8257,863,2024-12-08,completed,card
8258,407,2024-11-02,cancelled,wallet
8259,1009,2025-09-18,completed,card
8260,547,2024-03-21,completed,card
8261,1655,2024-01-11,completed,card
8262,324,2024-10-16,completed,atm
8263,468,2024-06-20,completed,atm
8264,1253,2025-05-30,completed,wallet
8265,660,2024-07-08,cancelled,wallet
8266,723,2025-05-15,completed,card
8267,492,2024-12-07,completed,card
8268,2479,2025-08-12,completed,atm
8269,1471,2025-10-05,completed,card
8270,1928,2025-12-14,completed,card
8271,273,2025-01-19,completed,card
8272,1500,2025-05-03,completed,atm
8273,2469,2025-07-27,completed,atm
8274,308,2024-08-05,completed,wallet
8275,1015,2025-06-04,completed,card
8276,2436,2024-02-19,completed,card
8277,1673,2025-12-03,completed,atm
8278,1945,2025-12-29,completed,atm
8279,1623,2024-07-28,completed,wallet
8280,771,2025-04-14,completed,wallet
8281,28,2024-09-25,completed,card
8282,1413,2024-05-04,refunded,atm
8283,803,2025-08-29,completed,card
8284,1203,2025-10-17,completed,card
8285,664,2024-05-27,completed,card
8286,1671,2024-06-08,completed,card
8287,1667,2024-02-22,completed,cod
8288,989,2024-08-22,completed,card
8289,163,2024-05-03,refunded,card
8290,538,2025-06-18,completed,card
8291,1408,2025-06-20,completed,card
8292,1614,2025-12-28,completed,cod
8293,67,2024-01-04,completed,card
8294,666,2025-06-07,completed,card
8295,2114,2025-08-09,completed,cod
8296,265,2024-10-19,completed,card
8297,1457,2025-10-28,completed,card
8298,2445,2025-10-11,completed,wallet
8299,896,2025-08-10,completed,card
8300,969,2024-12-22,completed,atm
8301,1184,2025-10-15,completed,atm
8302,1052,2025-11-01,completed,cod
8303,154,2024-06-18,completed,cod
8304,2242,2025-09-03,completed,card
8305,803,2025-01-23,completed,card
8306,2196,2025-07-11,completed,card
8307,1281,2024-01-17,cancelled,card
8308,2052,2024-07-27,completed,card
8309,504,2024-12-24,completed,atm
8310,1479,2024-12-19,completed,card
8311,1856,2025-10-14,completed,atm
8312,1955,2024-10-27,completed,atm
8313,1201,2024-08-11,completed,wallet
8314,1153,2024-12-06,completed,cod
8315,914,2025-07-25,completed,atm
8316,1524,2025-01-07,completed,atm
8317,2059,2025-09-01,completed,atm
8318,419,2024-08-12,completed,card
8319,243,2024-06-16,cancelled,wallet
8320,2146,2025-04-30,completed,atm
8321,1023,2024-09-07,completed,cod
8322,1347,2024-03-10,completed,card
8323,1248,2025-01-09,cancelled,atm
8324,234,2024-05-25,completed,card
8325,1549,2025-01-06,completed,card
8326,1757,2024-02-15,completed,atm
8327,251,2024-11-20,completed,atm
8328,1484,2024-04-25,completed,atm
8329,613,2024-01-29,completed,wallet
8330,1227,2025-10-10,completed,atm
8331,497,2024-08-09,completed,card
8332,188,2024-07-24,cancelled,card
8333,1110,2025-01-22,completed,wallet
8334,608,2025-12-13,completed,wallet
8335,2460,2025-08-29,completed,atm
8336,1750,2024-07-27,completed,card
8337,2408,2024-07-28,completed,atm
8338,191,2024-10-26,completed,card
8339,2205,2024-04-28,completed,card
8340,850,2024-02-18,completed,card
8341,395,2024-06-11,completed,card
8342,1257,2024-09-25,completed,atm
8343,709,2025-07-08,completed,card
8344,1687,2024-12-20,completed,card
8345,896,2025-08-11,completed,atm
8346,2329,2024-01-29,completed,card
8347,551,2024-10-25,completed,wallet
8348,1410,2024-11-12,refunded,card
8349,1180,2024-04-18,completed,card
8350,1321,2025-04-19,completed,atm
8351,259,2025-03-07,completed,card
8352,2358,2025-10-15,completed,card
8353,612,2025-02-04,completed,cod
8354,1149,2025-12-06,completed,wallet
8355,2115,2025-12-20,completed,card
8356,1442,2025-12-13,completed,wallet
8357,815,2025-02-22,cancelled,wallet
8358,1798,2024-07-11,completed,card
8359,1766,2024-11-01,cancelled,card
8360,906,2024-12-15,completed,atm
8361,954,2025-09-08,completed,card
8362,676,2024-07-17,completed,card
8363,1819,2025-02-01,completed,wallet
8364,1228,2024-02-13,refunded,atm
8365,2202,2025-09-24,cancelled,cod
8366,153,2024-05-05,completed,card
8367,128,2024-08-21,completed,wallet
8368,1299,2025-02-22,completed,card
8369,1694,2024-11-12,completed,card
8370,248,2025-01-24,completed,atm
8371,1493,2024-01-02,completed,cod
8372,211,2024-01-20,refunded,card
8373,1818,2024-11-29,completed,atm
8374,349,2025-09-15,completed,card
8375,384,2025-10-20,completed,card
8376,2076,2024-03-24,completed,card
8377,1483,2025-11-15,completed,atm
8378,1061,2024-07-18,completed,card
8379,381,2024-06-04,completed,card
8380,1540,2025-10-17,completed,card
8381,1712,2024-09-14,completed,card
8382,76,2025-02-15,completed,atm
8383,2281,2024-08-23,completed,card
8384,2205,2025-03-30,completed,card
8385,430,2024-04-18,cancelled,card
8386,398,2024-01-29,completed,card
8387,197,2024-09-28,completed,card
8388,1363,2024-02-04,completed,atm
8389,1312,2024-11-14,completed,card
8390,426,2024-10-15,completed,card
8391,916,2025-05-06,completed,atm
8392,1245,2024-12-10,completed,cod
8393,772,2024-12-27,completed,card
8394,2136,2025-06-16,completed,card
8395,993,2025-12-31,completed,atm
8396,1057,2024-01-30,refunded,card
8397,1487,2024-02-26,completed,wallet
8398,338,2025-08-21,completed,wallet
8399,530,2025-07-19,completed,card
8400,1385,2025-04-04,completed,wallet
8401,970,2025-06-09,completed,wallet
8402,2116,2024-10-14,completed,card
8403,1350,2024-05-18,completed,card
8404,1452,2025-04-11,completed,atm
8405,407,2025-10-12,completed,card
8406,1310,2024-08-26,completed,wallet
8407,551,2024-05-14,completed,card
8408,869,2024-02-27,completed,atm
8409,1014,2025-08-01,completed,wallet
8410,2005,2024-01-23,completed,atm
8411,459,2025-06-16,completed,card
8412,2402,2025-11-20,completed,card
8413,2445,2024-12-11,completed,atm
8414,692,2025-08-31,completed,card
8415,551,2025-01-01,completed,card
8416,1380,2024-05-28,completed,cod
8417,1313,2025-02-05,completed,card
8418,854,2024-01-10,completed,card
8419,1076,2025-06-22,completed,atm
8420,2019,2024-08-15,completed,card
8421,1295,2025-04-01,completed,card
8422,1166,2024-08-28,completed,card
8423,1867,2024-01-15,completed,card
8424,676,2025-06-22,completed,wallet
8425,631,2024-04-23,completed,card
8426,1428,2025-12-01,completed,card
8427,2048,2025-03-09,completed,wallet
8428,1446,2024-03-12,completed,card
8429,479,2025-06-08,completed,cod
8430,1542,2024-02-09,completed,card
8431,1819,2024-08-28,completed,card
8432,1045,2024-01-15,completed,card
8433,1716,2024-10-19,completed,wallet
8434,2419,2025-09-17,completed,card
8435,1223,2024-02-13,completed,atm
8436,1220,2024-01-04,cancelled,card
8437,483,2024-01-29,completed,card
8438,1438,2024-01-18,completed,cod
8439,471,2025-07-10,completed,card
8440,1742,2025-01-08,completed,card
8441,5,2025-05-23,completed,card
8442,860,2025-01-10,completed,atm
8443,2227,2025-02-28,completed,atm
8444,1160,2024-05-15,completed,card
8445,190,2025-02-19,completed,wallet
8446,1847,2025-03-19,completed,wallet
8447,416,2025-06-21,completed,card
8448,879,2025-09-29,completed,card
8449,2033,2024-12-03,completed,atm
8450,552,2025-04-06,completed,card
8451,1263,2025-07-22,completed,atm
8452,1998,2025-12-05,completed,cod
8453,1659,2025-08-08,completed,wallet
8454,1310,2025-04-09,completed,card
8455,1866,2025-07-28,completed,wallet
8456,1942,2025-08-25,cancelled,wallet
8457,1633,2024-02-04,completed,card
8458,296,2024-09-23,completed,card
8459,873,2025-05-31,completed,card
8460,308,2025-04-03,completed,card
8461,1341,2025-03-06,completed,atm
8462,437,2024-06-05,cancelled,atm
8463,2301,2024-11-06,completed,card
8464,1442,2024-09-11,completed,cod
8465,1923,2024-10-06,completed,card
8466,1520,2024-12-27,completed,cod
8467,495,2025-02-24,completed,cod
8468,1061,2025-04-21,completed,card
8469,1768,2024-07-14,completed,card
8470,2283,2025-12-14,completed,wallet
8471,2150,2025-10-23,completed,cod
8472,1153,2024-01-06,completed,cod
8473,467,2025-05-05,completed,wallet
8474,894,2024-03-28,completed,card
8475,1920,2025-05-30,completed,card
8476,2332,2025-02-14,completed,atm
8477,220,2025-12-01,refunded,cod
8478,1658,2025-09-24,completed,cod
8479,584,2025-06-04,completed,atm
8480,1609,2025-03-15,completed,wallet
8481,1406,2025-12-15,completed,atm
8482,2074,2024-02-06,completed,cod
8483,639,2024-06-22,completed,card
8484,976,2024-05-23,completed,card
8485,1859,2024-12-11,completed,card
8486,56,2024-02-25,completed,atm
8487,44,2025-11-18,completed,atm
8488,1725,2025-04-06,completed,card
8489,259,2025-08-18,completed,cod
8490,200,2024-10-01,completed,card
8491,161,2024-04-08,completed,wallet
8492,1263,2024-01-28,completed,atm
8493,791,2024-10-10,completed,atm
8494,2063,2025-11-14,completed,cod
8495,709,2024-01-19,completed,cod
8496,1330,2025-12-15,completed,card
8497,696,2025-06-30,completed,card
8498,228,2025-04-18,completed,wallet
8499,742,2025-02-19,completed,card
8500,570,2024-10-04,completed,wallet
8501,1741,2025-07-02,completed,cod
8502,2455,2025-06-20,completed,card
8503,1957,2024-05-05,completed,card
8504,1115,2024-09-30,completed,card
8505,2295,2024-01-25,completed,card
8506,104,2025-03-12,completed,card
8507,229,2024-05-09,completed,card
8508,365,2025-05-26,completed,card
8509,1783,2025-02-24,completed,card
8510,1314,2024-05-29,completed,card
8511,1285,2024-04-05,completed,atm
8512,314,2025-03-25,completed,atm
8513,1953,2024-02-08,cancelled,cod
8514,2203,2024-11-03,completed,card
8515,2005,2025-08-25,completed,card
8516,434,2024-11-28,completed,card
8517,1901,2024-03-18,completed,atm
8518,1006,2025-06-12,completed,atm
8519,1996,2025-11-21,completed,card
8520,1570,2025-10-19,completed,atm
8521,1079,2024-11-23,completed,card
8522,1250,2025-05-11,cancelled,card
8523,1012,2025-11-24,completed,atm
8524,954,2025-03-07,completed,wallet
8525,2495,2024-11-24,completed,card
8526,1640,2025-08-24,completed,cod
8527,2220,2024-03-17,completed,wallet
8528,598,2024-08-30,completed,atm
8529,634,2024-11-25,completed,atm
8530,2330,2025-02-10,completed,atm
8531,265,2025-10-26,completed,cod
8532,1438,2025-08-14,refunded,atm
8533,736,2025-08-23,completed,card
8534,496,2025-12-04,refunded,wallet
8535,1248,2025-07-10,completed,atm
8536,79,2025-09-06,completed,card
8537,622,2024-01-17,refunded,cod
8538,968,2025-08-02,completed,atm
8539,614,2024-12-02,completed,card
8540,1043,2024-09-19,completed,card
8541,2363,2025-03-26,completed,card
8542,665,2024-10-21,completed,card
8543,950,2024-09-08,refunded,wallet
8544,590,2025-01-17,completed,card
8545,994,2024-09-20,completed,card
8546,1930,2025-08-18,completed,wallet
8547,887,2024-03-10,completed,atm
8548,1555,2025-04-10,cancelled,card
8549,1030,2025-02-18,completed,cod
8550,1714,2024-02-23,completed,atm
8551,524,2025-07-07,completed,atm
8552,1307,2024-08-19,completed,atm
8553,1982,2024-07-31,completed,card
8554,408,2024-02-12,completed,wallet
8555,930,2024-10-05,completed,card
8556,1715,2025-03-01,completed,card
8557,2067,2024-08-20,completed,wallet
8558,175,2024-03-13,completed,cod
8559,1956,2024-01-03,completed,wallet
8560,1561,2025-03-07,cancelled,atm
8561,332,2024-05-19,completed,atm
8562,64,2025-09-01,cancelled,card
8563,260,2024-06-14,completed,card
8564,1466,2024-12-13,completed,card
8565,1999,2025-01-29,completed,card
8566,911,2024-04-11,completed,card
8567,1220,2025-05-03,completed,atm
8568,2274,2024-08-24,completed,wallet
8569,476,2024-03-10,completed,card
8570,180,2025-09-05,completed,wallet
8571,160,2025-03-24,refunded,wallet
8572,444,2024-10-13,completed,wallet
8573,1424,2025-06-17,completed,wallet
8574,2410,2025-10-04,completed,card
8575,2316,2025-05-26,completed,card
8576,1138,2024-05-10,completed,card
8577,593,2025-10-29,completed,wallet
8578,2288,2024-03-24,completed,cod
8579,2318,2025-08-12,completed,card
8580,982,2025-07-09,completed,card
8581,1909,2025-05-06,completed,card
8582,1509,2025-12-14,refunded,atm
8583,108,2024-12-01,completed,card
8584,198,2024-11-11,completed,atm
8585,707,2024-05-25,completed,card
8586,984,2025-06-17,completed,card
8587,2270,2024-03-24,completed,card
8588,1195,2024-05-26,completed,atm
8589,1906,2025-03-18,completed,card
8590,2291,2025-07-26,completed,atm
8591,917,2024-01-25,completed,atm
8592,173,2024-12-17,completed,cod
8593,419,2025-12-15,refunded,card
8594,2291,2025-10-24,completed,cod
8595,1022,2024-12-02,completed,card
8596,412,2024-03-26,cancelled,wallet
8597,318,2025-11-14,completed,atm
8598,1417,2024-03-24,completed,card
8599,1038,2024-07-14,completed,card
8600,128,2024-05-15,completed,cod
8601,2268,2024-12-07,completed,card
8602,1835,2024-03-25,refunded,card
8603,2122,2024-09-25,completed,card
8604,2441,2025-12-09,completed,card
8605,1977,2025-09-17,completed,wallet
8606,2220,2024-02-23,completed,atm
8607,2048,2025-02-08,completed,card
8608,1091,2025-01-16,completed,atm
8609,994,2024-03-02,completed,card
8610,1280,2024-03-17,completed,card
8611,784,2025-09-01,completed,wallet
8612,196,2024-05-10,completed,card
8613,653,2024-10-14,completed,atm
8614,1005,2024-02-26,completed,card
8615,1721,2025-09-23,completed,atm
8616,662,2025-11-16,completed,atm
8617,714,2024-12-01,completed,atm
8618,1198,2024-01-08,completed,card
8619,1801,2024-02-10,completed,atm
8620,2022,2025-08-29,completed,card
8621,2230,2025-04-13,completed,card
8622,23,2025-02-21,completed,card
8623,57,2025-05-30,completed,atm
8624,1889,2024-09-06,completed,card
8625,185,2025-03-06,completed,cod
8626,986,2024-01-21,completed,atm
8627,142,2024-05-31,completed,card
8628,2271,2025-12-02,completed,atm
8629,1797,2025-06-06,completed,card
8630,1631,2024-01-26,completed,card
8631,316,2025-11-22,completed,card
8632,1361,2024-02-23,completed,cod
8633,13,2025-04-13,completed,atm
8634,1443,2025-02-09,completed,atm
8635,1049,2024-08-07,completed,atm
8636,1382,2024-10-20,completed,card
8637,2013,2024-06-16,completed,card
8638,1972,2024-09-01,completed,atm
8639,1852,2025-04-03,completed,atm
8640,1360,2025-10-16,completed,card
8641,902,2024-01-16,completed,cod
8642,921,2025-04-26,completed,atm
8643,1197,2025-08-28,refunded,card
8644,1635,2025-07-20,completed,card
8645,2,2025-12-06,completed,cod
8646,270,2025-04-02,completed,atm
8647,1213,2024-10-03,completed,atm
8648,302,2025-10-05,completed,card
8649,1036,2024-01-09,completed,cod
8650,1090,2025-11-06,completed,atm
8651,1989,2025-10-21,refunded,cod
8652,586,2025-04-21,completed,card
8653,110,2025-07-28,completed,card
8654,1740,2024-05-14,completed,atm
8655,1173,2024-08-18,completed,card
8656,2436,2025-02-26,completed,atm
8657,528,2025-02-13,cancelled,card
8658,1101,2024-01-13,completed,card
8659,776,2025-02-18,completed,cod
8660,1459,2025-12-14,completed,wallet
8661,910,2024-06-06,completed,card
8662,2358,2025-11-17,completed,atm
8663,1511,2025-09-16,completed,cod
8664,2203,2025-11-27,completed,atm
8665,2180,2025-11-20,completed,card
8666,2327,2024-09-06,completed,cod
8667,1235,2024-01-18,completed,card
8668,2338,2025-11-28,completed,card
8669,1551,2025-07-02,completed,cod
8670,1451,2024-08-29,completed,wallet
8671,753,2025-08-31,completed,atm
8672,334,2024-01-25,completed,atm
8673,1518,2025-02-13,completed,wallet
8674,1767,2024-12-24,completed,atm
8675,2363,2025-06-24,completed,card
8676,374,2024-02-15,completed,wallet
8677,366,2025-12-28,completed,wallet
8678,2255,2025-04-10,completed,atm
8679,1084,2025-11-08,completed,atm
8680,2144,2025-10-27,refunded,atm
8681,743,2024-02-17,cancelled,atm
8682,1271,2024-09-24,completed,card
8683,1471,2025-05-27,completed,cod
8684,447,2025-10-25,refunded,card
8685,1611,2025-02-16,completed,atm
8686,455,2025-01-31,completed,card
8687,2022,2025-05-28,completed,atm
8688,1052,2024-03-24,completed,card
8689,139,2025-11-26,completed,wallet
8690,1774,2024-11-13,cancelled,card
8691,1046,2024-11-07,completed,card
8692,1642,2025-02-18,completed,card
8693,1454,2025-04-30,completed,wallet
8694,2356,2024-10-24,completed,atm
8695,1227,2025-12-01,completed,wallet
8696,337,2024-06-13,completed,card
8697,583,2024-06-03,completed,atm
8698,1135,2025-12-21,completed,atm
8699,190,2025-10-08,completed,card
8700,270,2025-04-17,completed,wallet
8701,2462,2024-02-22,completed,card
8702,2239,2024-11-16,completed,card
8703,1385,2024-10-25,completed,wallet
8704,1058,2024-06-29,completed,card
8705,2162,2025-12-04,completed,card
8706,1647,2024-01-21,completed,card
8707,1419,2025-02-28,completed,card
8708,730,2025-09-10,completed,card
8709,1545,2024-07-14,completed,cod
8710,1718,2025-01-31,completed,card
8711,2465,2025-02-09,completed,atm
8712,1188,2025-02-26,completed,card
8713,1114,2025-11-22,completed,wallet
8714,1082,2025-07-02,completed,card
8715,46,2025-07-23,completed,card
8716,2172,2024-08-04,refunded,card
8717,1353,2024-02-24,completed,card
8718,348,2025-01-30,completed,atm
8719,1427,2025-07-04,completed,card
8720,2388,2025-01-14,completed,card
8721,184,2024-06-10,completed,wallet
8722,2,2025-08-11,completed,card
8723,1089,2025-07-03,completed,card
8724,2244,2025-09-22,refunded,wallet
8725,1364,2024-07-05,completed,atm
8726,261,2025-12-29,cancelled,card
8727,122,2024-07-04,completed,card
8728,1939,2025-12-25,completed,card
8729,655,2025-05-27,completed,card
8730,2471,2024-01-18,completed,atm
8731,1456,2024-05-20,refunded,atm
8732,195,2025-01-13,cancelled,card
8733,1102,2024-01-02,completed,atm
8734,87,2024-01-05,completed,atm
8735,89,2025-11-02,cancelled,cod
8736,1142,2025-05-12,completed,wallet
8737,687,2024-11-09,completed,card
8738,297,2024-12-08,cancelled,card
8739,1272,2024-09-30,completed,wallet
8740,298,2024-04-01,completed,atm
8741,2085,2024-02-16,completed,cod
8742,2085,2024-05-24,completed,atm
8743,1233,2024-08-31,completed,card
8744,1485,2025-05-20,completed,atm
8745,1040,2024-12-30,completed,card
8746,438,2025-02-16,completed,atm
8747,1432,2024-09-20,completed,cod
8748,1725,2025-12-02,completed,atm
8749,77,2025-01-24,completed,atm
8750,2008,2025-02-26,completed,card
8751,2285,2024-08-25,completed,card
8752,437,2025-04-08,completed,atm
8753,1889,2024-11-15,completed,atm
8754,631,2025-05-04,completed,cod
8755,2068,2024-06-25,completed,cod
8756,666,2024-10-26,completed,atm
8757,694,2025-07-15,cancelled,atm
8758,1212,2025-12-13,completed,card
8759,1715,2024-06-21,completed,card
8760,1238,2024-04-19,completed,wallet
8761,2059,2025-11-04,completed,atm
8762,2414,2024-01-08,completed,card
8763,200,2024-03-25,completed,atm
8764,2290,2024-01-02,completed,atm
8765,2197,2025-10-05,completed,wallet
8766,1390,2025-11-26,completed,atm
8767,711,2024-03-27,completed,card
8768,446,2025-11-11,completed,card
8769,351,2025-10-04,completed,card
8770,407,2024-12-25,completed,cod
8771,2170,2024-08-10,completed,card
8772,219,2024-07-04,completed,wallet
8773,1693,2024-07-06,completed,card
8774,625,2024-08-12,completed,card
8775,654,2024-12-30,completed,atm
8776,396,2024-10-05,completed,cod
8777,45,2024-11-06,completed,card
8778,218,2024-02-02,completed,wallet
8779,232,2025-07-09,completed,wallet
8780,913,2025-08-26,completed,card
8781,2284,2025-01-14,completed,atm
8782,159,2024-11-25,completed,atm
8783,1539,2025-05-28,completed,card
8784,2006,2024-12-19,completed,card
8785,994,2024-05-26,completed,atm
8786,2285,2024-08-04,completed,card
8787,2081,2025-11-16,completed,card
8788,935,2025-05-30,completed,wallet
8789,796,2025-06-20,completed,card
8790,1274,2024-03-04,completed,cod
8791,61,2025-09-28,completed,card
8792,185,2025-12-01,refunded,atm
8793,694,2025-03-03,completed,atm
8794,2148,2024-09-12,completed,card
8795,1596,2024-05-15,completed,card
8796,1392,2025-07-25,completed,atm
8797,1637,2025-02-04,completed,card
8798,62,2024-12-02,completed,atm
8799,125,2024-11-15,completed,card
8800,206,2025-10-12,completed,card
8801,1777,2025-01-22,completed,card
8802,320,2025-01-17,completed,card
8803,922,2025-04-14,completed,card
8804,1940,2024-09-20,completed,atm
8805,610,2024-05-13,completed,wallet
8806,179,2025-06-12,completed,card
8807,1120,2024-05-19,completed,atm
8808,2163,2024-05-06,completed,atm
8809,2105,2024-01-14,completed,cod
8810,803,2025-09-19,completed,card
8811,551,2025-12-13,completed,card
8812,574,2024-08-15,completed,card
8813,1575,2025-09-07,completed,atm
8814,765,2025-08-30,cancelled,cod
8815,1840,2025-10-26,completed,card
8816,2099,2025-06-23,completed,card
8817,2125,2024-09-26,cancelled,card
8818,2079,2025-01-11,completed,card
8819,1624,2024-01-06,completed,card
8820,1628,2024-01-28,completed,card
8821,702,2024-05-10,completed,atm
8822,1332,2024-08-29,completed,wallet
8823,2345,2025-06-01,completed,cod
8824,414,2025-03-22,completed,atm
8825,2127,2025-12-15,completed,card
8826,400,2025-02-20,completed,card
8827,1420,2024-02-15,completed,wallet
8828,2354,2024-05-04,completed,card
8829,1928,2024-10-10,completed,wallet
8830,1850,2025-11-18,completed,atm
8831,2340,2024-11-01,completed,card
8832,749,2025-05-30,completed,card
8833,120,2024-04-29,completed,cod
8834,2140,2025-01-31,completed,card
8835,1724,2024-07-13,completed,card
8836,472,2024-03-28,completed,atm
8837,53,2024-10-17,completed,card
8838,492,2025-06-15,completed,cod
8839,661,2025-10-20,completed,card
8840,1698,2024-12-13,completed,atm
8841,1737,2024-12-26,completed,card
8842,735,2024-11-23,completed,atm
8843,1335,2024-08-04,completed,atm
8844,873,2024-03-04,completed,cod
8845,1752,2024-06-27,completed,card
8846,898,2025-05-02,completed,card
8847,662,2024-12-07,completed,atm
8848,688,2025-04-27,completed,card
8849,1805,2024-05-11,completed,wallet
8850,2201,2025-06-01,completed,card
8851,311,2024-07-19,cancelled,atm
8852,1168,2024-07-26,completed,cod
8853,2465,2025-02-26,completed,atm
8854,2287,2025-07-25,completed,wallet
8855,640,2024-10-09,completed,card
8856,1736,2024-01-16,completed,card
8857,604,2024-01-27,completed,atm
8858,350,2024-08-31,cancelled,wallet
8859,307,2025-02-07,completed,wallet
8860,1823,2025-12-29,completed,atm
8861,449,2024-04-17,completed,card
8862,1985,2025-08-25,completed,atm
8863,1561,2024-11-28,completed,card
8864,220,2025-11-07,completed,card
8865,854,2024-12-29,completed,wallet
8866,173,2024-06-07,completed,card
8867,968,2024-08-08,completed,wallet
8868,917,2024-05-02,completed,card
8869,1248,2024-10-18,completed,wallet
8870,2164,2024-12-24,completed,card
8871,2118,2025-12-04,completed,card
8872,553,2025-09-30,completed,atm
8873,1227,2025-12-13,completed,cod
8874,1643,2024-02-28,completed,cod
8875,69,2024-03-03,completed,card
8876,1773,2024-08-26,completed,card
8877,2252,2024-01-03,completed,card
8878,1536,2025-02-13,completed,card
8879,2463,2024-12-26,completed,cod
8880,721,2024-09-10,completed,atm
8881,2127,2024-06-18,completed,card
8882,53,2025-11-09,completed,card
8883,2030,2025-05-29,completed,card
8884,1019,2025-02-27,completed,atm
8885,2115,2024-07-16,completed,atm
8886,449,2025-02-06,completed,atm
8887,987,2025-02-18,completed,atm
8888,1148,2025-12-05,completed,card
8889,1618,2025-02-08,completed,atm
8890,1802,2025-07-13,completed,atm
8891,1834,2025-08-06,refunded,cod
8892,2411,2025-12-19,completed,atm
8893,375,2024-03-02,completed,atm
8894,1872,2024-10-10,completed,atm
8895,2388,2025-02-28,completed,atm
8896,2451,2025-10-21,completed,atm
8897,1941,2024-03-12,refunded,cod
8898,2279,2025-02-28,completed,card
8899,2037,2024-11-24,completed,atm
8900,783,2024-01-05,completed,wallet
8901,2116,2025-12-10,completed,atm
8902,612,2024-09-09,completed,card
8903,2290,2024-07-18,completed,card
8904,2378,2025-01-04,cancelled,card
8905,566,2024-02-04,completed,card
8906,2390,2024-09-20,refunded,atm
8907,2230,2024-05-14,completed,atm
8908,1806,2025-07-02,completed,card
8909,2211,2024-08-23,completed,wallet
8910,1930,2025-10-08,refunded,atm
8911,1313,2024-06-22,completed,atm
8912,1,2024-04-02,completed,card
8913,1997,2024-01-07,completed,card
8914,1388,2024-05-26,completed,wallet
8915,2320,2024-03-29,completed,wallet
8916,1157,2025-04-11,completed,wallet
8917,425,2024-01-07,completed,atm
8918,1128,2025-12-06,completed,card
8919,462,2025-09-18,refunded,atm
8920,803,2024-10-27,completed,atm
8921,661,2024-09-29,completed,card
8922,829,2024-01-12,cancelled,cod
8923,2381,2024-01-16,completed,card
8924,1375,2025-02-04,completed,card
8925,1341,2025-11-19,completed,atm
8926,179,2025-10-24,completed,atm
8927,449,2024-12-26,completed,card
8928,1867,2024-10-30,completed,card
8929,1827,2024-05-07,completed,card
8930,1969,2024-08-30,completed,cod
8931,355,2025-08-20,completed,card
8932,2245,2024-08-01,completed,card
8933,1750,2025-08-22,completed,atm
8934,281,2024-08-04,cancelled,card
8935,573,2025-01-16,completed,card
8936,1727,2025-01-30,cancelled,card
8937,304,2025-05-20,completed,card
8938,799,2025-05-28,completed,wallet
8939,55,2024-09-25,completed,atm
8940,2239,2024-11-26,completed,atm
8941,379,2024-03-19,completed,atm
8942,2201,2024-09-23,completed,card
8943,2211,2024-05-25,completed,card
8944,1241,2025-03-22,completed,atm
8945,2240,2024-08-15,completed,atm
8946,2160,2025-10-11,completed,cod
8947,490,2024-10-23,completed,atm
8948,1763,2024-10-26,completed,wallet
8949,2313,2024-06-16,completed,card
8950,2479,2024-01-03,completed,wallet
8951,2171,2025-03-15,completed,atm
8952,2364,2024-04-19,completed,atm
8953,431,2024-03-18,completed,atm
8954,2044,2024-08-05,completed,atm
8955,336,2025-11-26,completed,card
8956,622,2025-09-20,cancelled,card
8957,1367,2024-09-17,completed,card
8958,631,2025-03-28,completed,wallet
8959,1103,2024-11-17,completed,wallet
8960,2021,2025-11-17,completed,atm
8961,493,2025-12-18,completed,atm
8962,1705,2024-10-07,completed,card
8963,57,2025-05-19,completed,card
8964,522,2024-10-15,completed,card
8965,701,2024-11-12,completed,atm
8966,1767,2024-01-21,completed,wallet
8967,1632,2025-12-23,cancelled,card
8968,128,2025-05-15,completed,atm
8969,1595,2024-10-09,completed,card
8970,2381,2025-08-18,completed,card
8971,2046,2025-05-20,cancelled,card
8972,848,2025-01-02,completed,atm
8973,725,2024-05-22,completed,card
8974,606,2024-01-01,completed,cod
8975,1036,2025-04-04,completed,cod
8976,747,2025-02-02,completed,card
8977,1919,2024-04-11,completed,cod
8978,1760,2024-07-30,completed,card
8979,325,2025-11-18,completed,cod
8980,1357,2025-08-29,completed,card
8981,764,2025-12-11,completed,wallet
8982,1848,2024-12-20,completed,card
8983,1905,2024-04-02,completed,card
8984,2013,2024-12-10,completed,wallet
8985,914,2024-10-02,completed,atm
8986,195,2024-01-08,completed,wallet
8987,997,2024-09-29,completed,atm
8988,1361,2024-02-26,cancelled,card
8989,1881,2024-09-09,completed,atm
8990,1209,2024-07-09,completed,card
8991,2143,2025-11-25,completed,card
8992,773,2025-06-22,completed,card
8993,1673,2024-05-21,completed,wallet
8994,988,2024-10-24,completed,card
8995,2241,2025-11-03,completed,card
8996,740,2024-08-02,completed,card
8997,2379,2024-03-10,completed,cod
8998,662,2025-12-11,completed,atm
8999,471,2025-06-05,completed,card
9000,511,2025-02-08,completed,wallet
9001,1770,2024-03-19,completed,card
9002,2358,2024-10-13,completed,card
9003,1242,2025-08-25,completed,card
9004,338,2025-06-24,completed,card
9005,1969,2024-10-12,completed,card
9006,967,2025-07-08,completed,card
9007,1934,2024-02-09,completed,cod
9008,165,2025-07-21,completed,wallet
9009,1738,2025-08-02,completed,cod
9010,1815,2024-10-22,completed,card
9011,258,2024-10-26,completed,card
9012,661,2024-06-18,completed,card
9013,1387,2025-02-22,completed,card
9014,748,2025-09-12,completed,wallet
9015,1773,2024-03-24,completed,card
9016,1711,2024-05-01,completed,atm
9017,2094,2024-02-14,refunded,atm
9018,2067,2024-02-13,completed,card
9019,1640,2025-08-19,completed,card
9020,647,2024-08-04,completed,card
9021,571,2024-02-24,completed,atm
9022,643,2025-01-19,completed,atm
9023,1187,2024-07-01,completed,wallet
9024,754,2024-01-01,completed,card
9025,1280,2024-05-21,completed,cod
9026,763,2024-06-22,completed,cod
9027,2069,2024-02-19,completed,card
9028,835,2024-12-27,completed,cod
9029,569,2024-12-08,completed,cod
9030,135,2025-05-05,completed,atm
9031,419,2025-07-11,completed,atm
9032,1962,2024-07-07,cancelled,cod
9033,283,2025-06-04,completed,card
9034,957,2025-06-13,completed,card
9035,1521,2025-05-18,completed,card
9036,696,2025-07-14,completed,card
9037,2036,2024-10-10,completed,wallet
9038,1160,2025-08-19,completed,cod
9039,1268,2024-02-04,completed,card
9040,506,2024-04-17,completed,cod
9041,1839,2025-11-21,completed,card
9042,2256,2024-07-23,completed,atm
9043,425,2025-05-01,completed,wallet
9044,2187,2025-05-10,completed,cod
9045,229,2025-01-31,completed,atm
9046,2046,2024-05-21,completed,wallet
9047,2390,2024-04-13,completed,card
9048,542,2024-01-28,completed,card
9049,1227,2025-08-21,completed,card
9050,705,2024-01-22,completed,atm
9051,115,2024-09-01,completed,atm
9052,109,2025-12-07,completed,cod
9053,1861,2024-02-09,completed,atm
9054,236,2025-08-08,completed,wallet
9055,2276,2024-04-13,completed,card
9056,1029,2024-11-30,completed,card
9057,1440,2024-04-15,completed,card
9058,1866,2025-12-01,completed,cod
9059,153,2025-06-23,refunded,cod
9060,1457,2025-02-03,completed,atm
9061,1714,2024-07-04,completed,card
9062,1110,2025-11-20,completed,wallet
9063,1072,2024-04-24,completed,card
9064,1061,2025-03-16,completed,card
9065,159,2024-08-02,completed,atm
9066,1232,2025-06-10,completed,wallet
9067,1973,2025-01-15,completed,atm
9068,104,2025-08-13,completed,wallet
9069,283,2024-05-29,completed,atm
9070,851,2024-02-26,completed,cod
9071,814,2024-08-10,refunded,wallet
9072,2344,2025-11-14,completed,cod
9073,398,2025-01-16,completed,wallet
9074,748,2025-07-29,completed,card
9075,844,2024-01-16,completed,card
9076,563,2024-01-06,completed,card
9077,151,2024-01-22,completed,atm
9078,1336,2025-04-29,completed,card
9079,899,2024-02-11,completed,card
9080,2333,2024-12-13,cancelled,atm
9081,514,2024-06-15,completed,wallet
9082,1273,2024-05-17,completed,card
9083,1112,2024-03-30,completed,card
9084,2284,2024-01-18,completed,wallet
9085,330,2024-06-04,completed,atm
9086,751,2025-08-31,completed,card
9087,2217,2025-02-20,completed,atm
9088,1097,2025-09-06,completed,atm
9089,1582,2024-09-01,completed,card
9090,752,2025-08-19,completed,card
9091,1159,2024-10-10,completed,card
9092,531,2024-08-07,completed,card
9093,2333,2025-12-24,completed,card
9094,1118,2024-08-15,completed,atm
9095,736,2025-11-02,completed,card
9096,8,2024-08-28,completed,wallet
9097,1354,2025-07-05,completed,atm
9098,1008,2024-11-27,completed,cod
9099,451,2025-06-23,completed,atm
9100,1949,2024-12-06,completed,card
9101,1956,2025-02-11,completed,card
9102,527,2024-10-06,completed,card
9103,2258,2025-08-11,completed,card
9104,2157,2025-04-22,completed,wallet
9105,1840,2025-10-22,completed,atm
9106,629,2024-05-01,completed,atm
9107,452,2024-11-04,completed,card
9108,423,2024-04-19,completed,atm
9109,2119,2025-10-01,completed,cod
9110,2441,2024-03-05,refunded,card
9111,309,2024-06-26,completed,wallet
9112,298,2024-09-22,completed,wallet
9113,1684,2024-06-03,completed,cod
9114,326,2025-07-09,completed,card
9115,1736,2025-03-22,completed,wallet
9116,756,2025-08-22,completed,atm
9117,1563,2024-01-30,completed,wallet
9118,1531,2025-12-05,completed,atm
9119,58,2024-12-07,refunded,wallet
9120,108,2025-12-23,completed,atm
9121,1592,2024-12-23,completed,atm
9122,2015,2025-05-10,completed,wallet
9123,2174,2025-12-17,completed,card
9124,567,2024-08-10,completed,card
9125,1489,2025-10-31,completed,atm
9126,1457,2025-03-07,completed,wallet
9127,846,2025-12-05,completed,wallet
9128,117,2025-05-07,completed,atm
9129,969,2024-05-27,completed,card
9130,1389,2025-07-15,completed,card
9131,2340,2025-10-03,completed,card
9132,137,2024-01-23,completed,card
9133,256,2025-08-05,completed,card
9134,2133,2025-09-14,completed,card
9135,1628,2025-12-06,completed,wallet
9136,347,2025-03-23,completed,card
9137,1374,2024-01-10,completed,wallet
9138,918,2024-03-26,completed,card
9139,2117,2024-02-25,completed,card
9140,1763,2024-08-01,completed,cod
9141,1418,2025-05-23,completed,atm
9142,215,2024-05-21,completed,card
9143,1766,2025-08-28,cancelled,card
9144,2349,2024-01-02,completed,card
9145,1529,2024-08-11,completed,atm
9146,2116,2025-04-29,completed,card
9147,1509,2025-10-29,completed,wallet
9148,276,2025-10-17,completed,atm
9149,1453,2024-08-21,cancelled,atm
9150,2144,2024-01-27,completed,card
9151,1991,2024-02-23,completed,card
9152,538,2024-02-21,completed,cod
9153,944,2025-04-21,completed,cod
9154,764,2025-02-08,completed,card
9155,839,2024-06-18,completed,atm
9156,1315,2024-11-13,completed,atm
9157,501,2024-08-09,completed,card
9158,260,2025-04-18,completed,wallet
9159,1012,2024-02-19,completed,card
9160,283,2025-03-03,completed,card
9161,2475,2025-06-09,completed,card
9162,1708,2024-09-14,completed,atm
9163,585,2025-08-04,completed,wallet
9164,2444,2024-06-02,completed,card
9165,1640,2024-10-05,completed,atm
9166,1047,2025-09-08,cancelled,cod
9167,1859,2025-11-10,completed,card
9168,2059,2024-08-01,completed,cod
9169,2087,2024-07-31,completed,atm
9170,988,2025-12-21,completed,wallet
9171,2143,2024-04-16,completed,card
9172,563,2025-03-19,completed,card
9173,2262,2024-06-02,completed,card
9174,696,2024-01-16,completed,card
9175,1786,2024-08-30,completed,card
9176,724,2024-12-23,completed,card
9177,2322,2025-03-11,completed,card
9178,471,2024-12-31,completed,card
9179,2262,2024-10-29,completed,card
9180,1734,2025-01-06,completed,card
9181,1920,2025-05-22,completed,card
9182,2088,2025-09-08,completed,card
9183,1738,2024-05-30,completed,atm
9184,2432,2025-06-28,completed,card
9185,2197,2024-01-14,completed,atm
9186,1923,2025-04-29,completed,atm
9187,709,2025-09-08,completed,card
9188,513,2024-06-10,completed,wallet
9189,1657,2025-05-27,completed,atm
9190,190,2025-09-19,completed,card
9191,1146,2025-06-12,completed,cod
9192,2405,2024-07-21,completed,wallet
9193,2340,2024-04-16,completed,card
9194,736,2025-10-24,completed,card
9195,1467,2024-02-13,completed,card
9196,725,2025-12-11,completed,wallet
9197,482,2025-05-23,completed,wallet
9198,466,2025-05-16,completed,cod
9199,2335,2025-08-19,completed,atm
9200,1807,2025-10-21,completed,card
9201,311,2024-08-09,completed,atm
9202,1763,2025-06-08,completed,card
9203,800,2025-05-12,completed,card
9204,295,2025-01-26,completed,card
9205,882,2024-12-13,completed,atm
9206,1489,2024-05-12,completed,wallet
9207,743,2024-10-08,completed,atm
9208,712,2024-07-27,completed,wallet
9209,1002,2025-05-07,completed,cod
9210,2421,2025-12-29,completed,atm
9211,994,2024-01-27,completed,atm
9212,381,2024-05-10,completed,wallet
9213,1405,2024-08-13,completed,atm
9214,240,2025-11-08,completed,wallet
9215,285,2025-11-17,completed,atm
9216,1031,2024-06-29,completed,card
9217,372,2024-01-29,completed,card
9218,1268,2024-07-29,completed,cod
9219,2058,2024-04-18,completed,wallet
9220,585,2025-10-12,completed,card
9221,1926,2024-02-05,completed,card
9222,2268,2024-12-23,completed,card
9223,360,2024-12-20,completed,wallet
9224,1336,2024-01-31,completed,atm
9225,2128,2024-09-07,completed,card
9226,540,2024-06-11,completed,wallet
9227,1940,2025-03-02,completed,cod
9228,2320,2025-02-05,completed,wallet
9229,848,2024-10-01,completed,card
9230,1437,2025-04-09,completed,card
9231,1097,2025-07-23,completed,atm
9232,1441,2025-07-08,completed,cod
9233,163,2024-05-03,completed,atm
9234,2143,2025-04-30,completed,card
9235,1100,2025-11-16,completed,atm
9236,2363,2025-08-02,completed,wallet
9237,2263,2025-02-18,completed,card
9238,1027,2024-01-07,completed,card
9239,2051,2024-10-15,completed,cod
9240,1345,2024-08-22,completed,card
9241,1309,2025-02-04,completed,card
9242,1547,2025-02-23,completed,wallet
9243,87,2024-04-04,completed,wallet
9244,5,2024-07-09,completed,card
9245,1979,2025-10-04,completed,card
9246,2047,2025-12-18,completed,atm
9247,1660,2024-11-12,completed,cod
9248,1615,2024-12-02,completed,card
9249,1755,2025-09-12,completed,card
9250,9,2025-05-17,completed,atm
9251,1686,2025-12-09,completed,card
9252,902,2025-02-20,completed,atm
9253,313,2024-11-30,completed,atm
9254,1835,2024-10-04,completed,card
9255,2131,2024-11-20,completed,atm
9256,328,2025-05-16,completed,card
9257,1197,2024-02-11,completed,card
9258,1851,2024-04-06,completed,wallet
9259,1966,2024-11-21,completed,card
9260,47,2025-01-11,completed,cod
9261,1311,2025-01-23,completed,card
9262,195,2025-11-17,completed,atm
9263,1094,2025-04-23,completed,atm
9264,2285,2025-05-01,completed,cod
9265,1248,2024-08-19,completed,cod
9266,1069,2025-04-07,completed,card
9267,279,2024-09-26,completed,atm
9268,1679,2025-03-07,completed,card
9269,675,2025-12-05,completed,card
9270,2458,2024-10-20,completed,card
9271,2461,2025-01-26,completed,card
9272,821,2024-11-28,completed,atm
9273,1891,2024-11-01,completed,card
9274,1361,2024-09-18,completed,atm
9275,785,2025-01-25,completed,card
9276,2379,2025-06-16,completed,atm
9277,881,2025-12-27,completed,card
9278,1754,2025-03-29,completed,card
9279,407,2024-08-25,completed,wallet
9280,2289,2025-05-28,completed,card
9281,1054,2025-10-05,completed,atm
9282,2162,2024-02-11,completed,wallet
9283,1065,2024-12-04,completed,card
9284,217,2024-01-01,completed,atm
9285,1596,2024-08-14,completed,wallet
9286,388,2025-03-13,completed,cod
9287,233,2025-12-23,completed,card
9288,1229,2025-02-11,cancelled,atm
9289,1988,2025-11-19,completed,card
9290,433,2024-11-21,completed,wallet
9291,877,2025-05-21,completed,card
9292,1930,2025-06-29,completed,wallet
9293,2287,2025-07-03,completed,atm
9294,267,2024-04-06,completed,card
9295,2239,2025-06-18,completed,cod
9296,395,2024-07-24,completed,cod
9297,673,2025-09-09,cancelled,card
9298,1988,2024-12-05,completed,card
9299,1507,2024-10-01,completed,wallet
9300,863,2025-12-13,completed,card
9301,2402,2024-09-02,completed,wallet
9302,2365,2024-11-17,completed,card
9303,808,2025-03-15,completed,atm
9304,1944,2025-12-09,completed,atm
9305,2292,2025-04-19,completed,cod
9306,1516,2024-09-29,completed,atm
9307,1865,2024-08-11,completed,card
9308,368,2024-07-19,completed,wallet
9309,518,2024-09-24,completed,atm
9310,726,2025-04-19,completed,card
9311,493,2025-05-29,completed,card
9312,179,2024-05-06,completed,card
9313,728,2024-09-01,completed,card
9314,2323,2024-09-25,completed,card
9315,144,2024-02-04,completed,cod
9316,1225,2025-06-29,refunded,card
9317,865,2025-07-13,completed,cod
9318,435,2024-10-29,completed,card
9319,409,2024-05-25,completed,card
9320,617,2024-12-22,completed,card
9321,1039,2025-05-08,completed,card
9322,470,2024-01-17,completed,wallet
9323,416,2025-06-08,completed,wallet
9324,1068,2025-07-28,cancelled,atm
9325,1483,2024-06-05,completed,atm
9326,1595,2025-04-14,completed,card
9327,792,2024-12-26,completed,card
9328,627,2024-03-26,completed,card
9329,1891,2024-11-29,completed,atm
9330,95,2024-02-17,completed,wallet
9331,349,2025-11-10,completed,card
9332,1930,2025-11-09,completed,atm
9333,1501,2024-06-09,completed,card
9334,379,2024-11-30,completed,card
9335,112,2024-08-09,completed,card
9336,1579,2025-11-16,completed,card
9337,1125,2025-03-09,completed,wallet
9338,2220,2024-02-16,completed,atm
9339,2456,2024-03-14,completed,card
9340,217,2024-04-06,completed,card
9341,1657,2025-09-14,completed,card
9342,601,2025-02-23,completed,card
9343,1332,2025-01-17,completed,atm
9344,2257,2024-05-27,completed,atm
9345,683,2025-02-14,completed,card
9346,115,2025-07-19,completed,card
9347,84,2024-10-18,completed,atm
9348,290,2025-03-28,completed,card
9349,550,2024-01-24,completed,card
9350,1029,2024-06-22,completed,atm
9351,1052,2025-04-03,completed,card
9352,2288,2025-04-22,completed,atm
9353,676,2024-11-26,completed,cod
9354,765,2025-04-10,completed,atm
9355,2263,2025-02-06,completed,card
9356,2341,2025-06-03,completed,card
9357,1126,2024-02-10,completed,card
9358,863,2025-12-30,completed,wallet
9359,497,2025-04-13,completed,wallet
9360,773,2025-04-19,completed,card
9361,581,2025-04-26,completed,wallet
9362,2357,2025-10-29,completed,card
9363,1036,2025-08-19,completed,cod
9364,1453,2024-12-26,completed,atm
9365,1231,2025-07-10,completed,card
9366,497,2024-05-14,completed,card
9367,849,2025-11-22,completed,card
9368,1386,2024-05-07,completed,atm
9369,1612,2024-10-03,completed,atm
9370,32,2025-05-12,completed,card
9371,193,2024-08-09,cancelled,card
9372,2303,2024-10-22,completed,card
9373,1034,2025-07-13,completed,card
9374,156,2025-01-03,completed,card
9375,1956,2025-02-26,completed,card
9376,1524,2025-12-29,completed,card
9377,1632,2024-06-23,completed,atm
9378,286,2025-05-30,completed,card
9379,344,2024-07-11,completed,wallet
9380,347,2024-02-20,completed,card
9381,1043,2024-02-25,completed,atm
9382,307,2024-05-01,completed,card
9383,1336,2024-09-03,completed,card
9384,1888,2024-01-23,completed,cod
9385,2348,2024-05-13,refunded,wallet
9386,582,2024-05-30,completed,atm
9387,402,2025-12-06,cancelled,card
9388,258,2025-08-29,completed,card
9389,71,2025-12-26,completed,cod
9390,859,2024-11-16,completed,cod
9391,1787,2024-12-31,completed,atm
9392,629,2024-08-28,refunded,card
9393,585,2024-07-09,completed,atm
9394,1439,2024-01-19,completed,card
9395,2012,2025-09-17,completed,atm
9396,834,2024-02-25,completed,card
9397,1702,2024-08-07,completed,atm
9398,1280,2025-01-16,completed,atm
9399,1027,2025-02-20,completed,card
9400,1830,2025-02-25,completed,wallet
9401,213,2025-06-09,completed,card
9402,1753,2024-08-11,completed,card
9403,2284,2025-01-05,completed,card
9404,1189,2024-01-15,completed,card
9405,1331,2024-08-31,completed,cod
9406,2229,2025-10-10,completed,wallet
9407,1126,2024-09-26,completed,card
9408,631,2024-08-26,completed,atm
9409,2450,2024-05-18,completed,atm
9410,1543,2024-03-13,completed,atm
9411,158,2024-05-10,completed,atm
9412,2158,2024-02-29,completed,wallet
9413,914,2025-07-15,completed,cod
9414,829,2024-12-08,completed,atm
9415,1443,2025-02-11,cancelled,wallet
9416,14,2025-03-09,completed,card
9417,4,2025-02-03,completed,card
9418,817,2024-10-09,completed,card
9419,1101,2024-08-13,completed,card
9420,189,2024-01-14,completed,card
9421,894,2024-02-29,completed,atm
9422,597,2025-03-13,completed,atm
9423,2439,2025-12-30,completed,cod
9424,1564,2025-05-26,completed,card
9425,233,2024-04-18,completed,atm
9426,2303,2024-07-27,completed,card
9427,523,2024-04-05,completed,atm
9428,1939,2024-08-26,completed,card
9429,920,2025-05-08,completed,atm
9430,2280,2024-07-12,completed,card
9431,1446,2025-03-13,completed,cod
9432,820,2025-02-10,completed,card
9433,2163,2025-10-27,completed,card
9434,1028,2025-11-06,completed,wallet
9435,226,2025-12-10,completed,cod
9436,287,2025-12-12,completed,card
9437,261,2025-05-04,completed,cod
9438,74,2025-05-27,completed,atm
9439,1364,2025-10-13,completed,wallet
9440,381,2024-06-24,completed,atm
9441,1857,2024-05-01,completed,wallet
9442,1993,2024-03-18,completed,atm
9443,598,2024-06-14,completed,card
9444,221,2025-08-09,completed,wallet
9445,853,2025-12-30,completed,card
9446,96,2024-12-12,completed,atm
9447,114,2024-01-12,refunded,atm
9448,246,2024-04-01,completed,wallet
9449,443,2025-03-23,completed,wallet
9450,1898,2025-08-03,refunded,card
9451,724,2025-03-26,completed,cod
9452,70,2025-10-08,completed,card
9453,1739,2025-01-29,completed,card
9454,1073,2024-07-28,completed,atm
9455,2429,2024-12-17,completed,atm
9456,1009,2025-01-05,completed,wallet
9457,1174,2025-03-26,completed,card
9458,567,2025-08-15,completed,card
9459,32,2025-01-08,completed,cod
9460,215,2025-03-15,completed,card
9461,1103,2025-02-20,cancelled,card
9462,340,2024-03-16,completed,atm
9463,2191,2025-03-20,refunded,card
9464,1471,2025-01-15,completed,atm
9465,2053,2025-02-26,completed,card
9466,2463,2024-04-05,completed,atm
9467,2286,2025-10-26,completed,card
9468,838,2025-09-06,completed,card
9469,1302,2024-11-26,completed,wallet
9470,2416,2024-09-11,completed,card
9471,802,2025-05-08,cancelled,card
9472,753,2024-11-15,completed,card
9473,1616,2024-05-08,completed,atm
9474,1992,2025-11-02,completed,atm
9475,947,2025-11-08,completed,cod
9476,2194,2025-01-13,completed,card
9477,985,2024-10-19,completed,card
9478,1053,2025-08-11,completed,card
9479,284,2025-08-10,completed,wallet
9480,12,2025-01-25,cancelled,card
9481,1088,2025-11-01,completed,card
9482,1347,2024-07-02,completed,card
9483,1605,2024-07-25,completed,cod
9484,2407,2025-07-22,completed,card
9485,421,2025-01-22,completed,wallet
9486,353,2024-07-26,completed,card
9487,354,2025-02-08,completed,atm
9488,704,2024-12-18,completed,card
9489,1879,2024-11-03,completed,card
9490,56,2025-08-10,completed,card
9491,125,2024-08-10,completed,atm
9492,1894,2025-02-25,completed,wallet
9493,347,2024-06-24,completed,wallet
9494,154,2024-07-19,completed,card
9495,2039,2025-09-22,completed,card
9496,1534,2024-06-18,completed,card
9497,1693,2024-11-26,completed,card
9498,2372,2024-09-03,completed,cod
9499,2144,2024-01-20,completed,card
9500,2427,2024-10-03,cancelled,wallet
9501,333,2024-09-24,completed,atm
9502,1757,2025-12-20,completed,card
9503,1596,2025-08-11,completed,card
9504,1695,2024-05-21,completed,card
9505,504,2024-02-08,completed,atm
9506,1131,2025-06-14,completed,atm
9507,1287,2024-11-17,completed,card
9508,1844,2025-07-29,completed,card
9509,323,2025-06-24,completed,atm
9510,1263,2025-08-04,cancelled,atm
9511,861,2025-10-21,completed,atm
9512,550,2025-10-02,completed,wallet
9513,1481,2025-10-05,completed,card
9514,1743,2025-02-25,completed,atm
9515,126,2024-08-26,completed,atm
9516,1038,2025-04-09,completed,atm
9517,2202,2024-01-05,completed,card
9518,257,2024-10-13,completed,card
9519,939,2024-05-17,completed,wallet
9520,579,2025-12-02,completed,card
9521,2177,2024-09-14,completed,atm
9522,2350,2025-01-28,completed,atm
9523,1459,2024-02-02,completed,wallet
9524,1208,2024-12-04,completed,card
9525,109,2024-08-31,completed,atm
9526,1266,2025-03-28,cancelled,wallet
9527,867,2025-09-12,completed,card
9528,2263,2025-01-13,completed,atm
9529,1929,2024-11-05,completed,atm
9530,588,2024-03-13,completed,wallet
9531,1395,2025-07-13,completed,card
9532,1799,2024-05-12,completed,card
9533,1889,2025-01-13,completed,card
9534,2354,2024-01-26,completed,card
9535,2345,2025-11-02,completed,card
9536,99,2024-04-25,completed,wallet
9537,26,2024-02-08,completed,card
9538,2107,2024-06-04,completed,atm
9539,686,2024-08-28,completed,card
9540,2281,2024-11-22,completed,atm
9541,951,2025-05-26,completed,card
9542,59,2025-04-13,completed,card
9543,1493,2024-06-02,completed,atm
9544,2252,2025-08-29,completed,card
9545,2264,2025-07-06,completed,card
9546,88,2024-05-17,completed,card
9547,733,2025-07-04,completed,card
9548,2198,2025-07-16,completed,cod
9549,569,2025-01-02,completed,cod
9550,1173,2024-02-20,completed,cod
9551,728,2025-01-17,completed,card
9552,1940,2025-01-14,completed,card
9553,1380,2025-06-24,completed,card
9554,1096,2025-11-24,completed,card
9555,2344,2025-09-23,completed,card
9556,1029,2025-09-01,completed,atm
9557,1788,2025-06-28,completed,card
9558,2345,2024-03-01,completed,wallet
9559,1195,2024-05-27,completed,card
9560,1725,2025-07-05,completed,atm
9561,999,2024-01-20,completed,card
9562,1653,2024-02-11,completed,card
9563,847,2024-09-11,completed,atm
9564,2462,2025-01-18,completed,cod
9565,1708,2025-12-14,completed,wallet
9566,307,2025-10-17,completed,card
9567,510,2025-05-16,completed,atm
9568,2093,2025-04-24,completed,wallet
9569,1729,2024-02-21,completed,card
9570,1061,2025-10-27,completed,card
9571,1500,2025-06-13,completed,card
9572,298,2024-10-13,completed,card
9573,564,2024-10-16,completed,card
9574,1176,2024-12-20,completed,cod
9575,1766,2024-01-03,completed,card
9576,1406,2024-12-25,completed,card
9577,2463,2024-11-26,cancelled,card
9578,2336,2025-02-28,completed,wallet
9579,2219,2024-11-15,completed,card
9580,910,2025-01-03,completed,wallet
9581,1279,2025-05-24,completed,card
9582,1685,2024-06-12,completed,card
9583,382,2025-02-01,completed,wallet
9584,1096,2025-10-25,completed,atm
9585,1574,2025-12-25,completed,card
9586,2085,2024-06-23,completed,card
9587,204,2024-05-22,completed,atm
9588,398,2024-03-19,completed,card
9589,1511,2025-07-27,completed,wallet
9590,1561,2024-08-10,completed,card
9591,1631,2025-05-05,completed,wallet
9592,2000,2025-04-27,completed,card
9593,1451,2024-02-21,completed,wallet
9594,335,2025-05-11,completed,atm
9595,858,2025-01-17,completed,cod
9596,102,2025-07-01,completed,atm
9597,134,2025-10-06,refunded,card
9598,1857,2025-09-30,completed,card
9599,1007,2024-02-09,completed,atm
9600,2151,2025-12-27,completed,card
9601,1031,2024-01-16,completed,card
9602,106,2024-04-14,completed,atm
9603,513,2024-09-12,completed,card
9604,1073,2025-02-20,completed,wallet
9605,1906,2025-10-10,completed,atm
9606,395,2025-12-30,completed,atm
9607,2246,2024-02-19,completed,card
9608,431,2024-08-31,completed,cod
9609,977,2025-01-17,completed,wallet
9610,2405,2024-05-19,completed,wallet
9611,617,2025-01-21,completed,wallet
9612,849,2024-02-19,refunded,card
9613,2006,2024-11-01,completed,atm
9614,761,2024-04-01,cancelled,cod
9615,2109,2024-09-26,completed,card
9616,702,2024-05-29,completed,card
9617,779,2024-06-12,completed,cod
9618,1024,2024-07-06,completed,card
9619,741,2025-04-16,completed,wallet
9620,556,2025-08-14,completed,cod
9621,1871,2024-03-11,cancelled,card
9622,1816,2024-08-04,completed,wallet
9623,1685,2025-03-21,completed,card
9624,1218,2025-02-28,completed,card
9625,1542,2024-01-02,completed,atm
9626,1634,2025-12-16,completed,cod
9627,25,2024-04-16,completed,wallet
9628,2410,2025-03-02,completed,card
9629,2105,2025-11-06,completed,atm
9630,1302,2024-03-29,completed,wallet
9631,62,2025-02-09,completed,wallet
9632,2187,2024-02-08,completed,card
9633,1189,2024-04-01,completed,card
9634,2278,2025-11-16,completed,cod
9635,1642,2025-11-13,completed,card
9636,1514,2025-06-21,completed,cod
9637,1149,2024-02-17,completed,cod
9638,1761,2024-10-05,completed,atm
9639,843,2024-07-18,completed,card
9640,2085,2025-07-20,completed,card
9641,2448,2025-11-17,completed,card
9642,881,2025-04-29,completed,card
9643,1543,2025-02-03,completed,card
9644,7,2025-03-10,completed,cod
9645,1961,2024-01-23,completed,wallet
9646,1419,2024-01-02,completed,atm
9647,480,2024-04-19,completed,card
9648,1482,2024-02-14,completed,card
9649,334,2024-12-05,completed,card
9650,364,2024-04-17,completed,card
9651,2355,2025-12-13,completed,card
9652,544,2025-06-03,completed,atm
9653,1951,2025-02-23,completed,wallet
9654,175,2025-05-23,completed,card
9655,2254,2024-05-15,completed,atm
9656,153,2024-09-15,completed,card
9657,973,2024-06-24,completed,card
9658,2465,2024-01-17,completed,cod
9659,902,2024-09-27,completed,card
9660,1022,2024-11-30,completed,atm
9661,633,2024-03-20,completed,wallet
9662,1234,2024-02-06,completed,wallet
9663,2255,2025-11-30,completed,card
9664,1214,2025-12-04,completed,card
9665,307,2024-01-13,completed,cod
9666,1916,2024-01-31,completed,atm
9667,1533,2024-05-30,completed,cod
9668,675,2025-04-04,completed,card
9669,1312,2025-11-11,completed,atm
9670,1067,2025-12-17,completed,card
9671,2276,2024-03-16,completed,wallet
9672,2263,2024-08-12,completed,atm
9673,1258,2024-09-10,completed,atm
9674,1334,2024-10-13,completed,card
9675,413,2024-10-18,completed,wallet
9676,2213,2025-01-25,completed,wallet
9677,1690,2025-07-25,completed,card
9678,388,2024-09-11,refunded,atm
9679,2082,2024-11-17,completed,card
9680,1953,2025-02-02,completed,atm
9681,1613,2024-07-11,completed,wallet
9682,1868,2025-01-26,completed,card
9683,1349,2025-07-14,completed,card
9684,229,2024-10-10,refunded,card
9685,1291,2024-04-02,completed,card
9686,1452,2024-06-02,completed,atm
9687,1251,2025-08-24,completed,wallet
9688,938,2024-10-17,completed,cod
9689,1877,2024-04-14,completed,atm
9690,1717,2025-02-21,completed,wallet
9691,1858,2025-01-17,completed,card
9692,823,2025-05-17,completed,card
9693,164,2024-09-19,completed,card
9694,706,2025-01-27,completed,card
9695,1269,2025-06-20,completed,card
9696,527,2024-10-21,completed,cod
9697,1582,2025-06-17,completed,wallet
9698,791,2025-08-07,completed,card
9699,1423,2025-11-06,completed,cod
9700,1029,2025-06-17,refunded,card
9701,203,2025-06-12,completed,card
9702,932,2025-08-19,completed,atm
9703,960,2024-03-09,refunded,card
9704,1299,2024-10-22,completed,card
9705,2076,2025-10-17,refunded,cod
9706,351,2025-04-24,completed,card
9707,572,2025-10-28,completed,atm
9708,1459,2024-10-20,completed,card
9709,646,2024-02-07,completed,atm
9710,1701,2024-06-14,refunded,cod
9711,2468,2024-02-02,completed,wallet
9712,885,2025-09-05,completed,atm
9713,1174,2025-03-13,completed,card
9714,821,2025-10-24,completed,card
9715,2334,2024-09-18,completed,wallet
9716,1362,2024-08-12,completed,atm
9717,1859,2025-10-20,completed,atm
9718,1959,2025-04-24,completed,card
9719,2134,2025-05-18,completed,card
9720,90,2025-10-04,completed,cod
9721,589,2025-03-15,completed,card
9722,2021,2024-05-19,completed,atm
9723,289,2024-04-29,completed,wallet
9724,712,2024-08-01,completed,card
9725,728,2024-02-27,completed,card
9726,262,2025-10-10,completed,card
9727,369,2025-09-16,completed,atm
9728,2024,2025-02-25,completed,wallet
9729,1151,2024-03-17,completed,cod
9730,1441,2025-12-03,completed,atm
9731,2415,2025-06-09,completed,atm
9732,1821,2025-10-10,completed,atm
9733,486,2025-08-16,completed,card
9734,15,2025-10-10,completed,atm
9735,1578,2025-10-17,completed,atm
9736,2426,2025-01-10,completed,atm
9737,1850,2025-09-26,cancelled,atm
9738,548,2024-04-11,completed,wallet
9739,1148,2024-09-23,completed,cod
9740,148,2024-06-25,completed,card
9741,2281,2025-05-05,completed,card
9742,261,2025-11-05,completed,atm
9743,1725,2025-08-30,completed,atm
9744,2065,2024-02-29,completed,card
9745,1079,2024-03-18,completed,wallet
9746,1238,2024-05-08,completed,atm
9747,1233,2024-08-14,completed,cod
9748,1361,2024-07-05,completed,card
9749,347,2024-09-15,completed,atm
9750,135,2025-02-13,completed,card
9751,213,2025-10-30,completed,atm
9752,176,2025-01-25,completed,atm
9753,2260,2024-10-04,completed,card
9754,1673,2025-10-10,completed,card
9755,2458,2025-05-24,completed,atm
9756,1823,2025-05-22,completed,card
9757,1981,2024-07-25,completed,card
9758,1940,2024-12-16,completed,atm
9759,525,2024-12-28,completed,cod
9760,1325,2024-04-18,completed,card
9761,2383,2024-03-03,completed,cod
9762,398,2024-12-04,completed,card
9763,1371,2024-08-23,completed,cod
9764,1363,2024-07-11,completed,card
9765,856,2024-01-24,completed,wallet
9766,675,2025-05-10,completed,wallet
9767,505,2025-10-11,completed,card
9768,1971,2025-02-14,completed,card
9769,364,2024-10-22,completed,wallet
9770,631,2024-04-19,completed,cod
9771,993,2025-09-12,completed,card
9772,444,2024-07-04,completed,card
9773,590,2025-01-03,completed,cod
9774,1797,2024-05-06,completed,card
9775,1449,2024-11-12,refunded,cod
9776,1286,2024-11-25,completed,atm
9777,2116,2024-10-07,refunded,wallet
9778,1401,2024-05-06,completed,card
9779,1562,2025-12-09,completed,card
9780,2482,2025-10-02,completed,atm
9781,236,2024-06-11,completed,atm
9782,475,2024-10-09,completed,atm
9783,749,2024-10-31,completed,atm
9784,1156,2024-02-28,completed,card
9785,2102,2024-05-10,completed,atm
9786,2005,2025-02-21,completed,card
9787,743,2024-10-26,completed,card
9788,23,2025-05-17,completed,card
9789,1099,2024-09-08,completed,wallet
9790,869,2024-11-19,completed,wallet
9791,856,2024-09-24,completed,card
9792,2265,2024-03-19,completed,card
9793,2367,2025-03-15,completed,wallet
9794,1848,2025-01-05,completed,card
9795,2092,2024-04-09,completed,wallet
9796,2056,2024-07-02,completed,cod
9797,57,2024-04-19,completed,atm
9798,1067,2024-10-14,completed,card
9799,1507,2025-09-05,completed,atm
9800,175,2025-06-09,completed,card
9801,1030,2025-07-21,completed,card
9802,1152,2025-12-18,completed,wallet
9803,1052,2025-01-19,completed,wallet
9804,2495,2025-01-12,completed,wallet
9805,1518,2024-07-20,completed,card
9806,1755,2024-11-20,completed,card
9807,1271,2024-06-04,completed,atm
9808,255,2025-07-31,cancelled,atm
9809,1257,2025-08-07,completed,card
9810,1728,2025-03-09,completed,atm
9811,1485,2025-05-15,completed,card
9812,2274,2024-02-19,completed,wallet
9813,1248,2024-03-20,completed,atm
9814,310,2024-01-08,completed,card
9815,1528,2025-12-28,completed,card
9816,2070,2024-07-13,completed,atm
9817,356,2025-07-25,completed,card
9818,1640,2025-01-20,completed,card
9819,399,2025-12-22,completed,card
9820,2127,2025-06-02,completed,card
9821,1348,2025-07-14,completed,atm
9822,535,2025-03-26,completed,atm
9823,893,2024-11-21,completed,atm
9824,1627,2024-06-03,completed,wallet
9825,1989,2025-10-08,completed,card
9826,1316,2024-10-16,completed,card
9827,175,2025-02-12,completed,card
9828,1116,2024-01-27,completed,wallet
9829,1078,2025-01-15,completed,card
9830,1692,2024-06-11,completed,card
9831,2487,2025-07-13,completed,atm
9832,1980,2025-09-29,completed,wallet
9833,1636,2024-11-18,completed,cod
9834,1888,2025-11-05,completed,wallet
9835,2134,2025-08-26,refunded,card
9836,2474,2025-10-26,completed,card
9837,1096,2024-02-16,completed,card
9838,408,2024-09-21,completed,card
9839,2145,2024-02-03,completed,wallet
9840,1046,2024-02-08,completed,card
9841,1049,2024-10-06,completed,card
9842,2438,2024-02-02,completed,atm
9843,1263,2025-11-09,completed,wallet
9844,96,2025-02-13,completed,wallet
9845,316,2024-12-19,completed,cod
9846,346,2025-01-22,completed,card
9847,2044,2025-10-23,completed,card
9848,1410,2024-12-28,completed,atm
9849,2381,2024-12-13,completed,atm
9850,1715,2025-04-28,completed,card
9851,1835,2024-07-17,completed,wallet
9852,2306,2025-10-16,completed,atm
9853,943,2024-04-19,completed,cod
9854,2077,2024-08-25,completed,card
9855,1743,2025-11-13,completed,card
9856,1156,2025-06-07,completed,card
9857,2143,2025-10-30,completed,card
9858,1727,2024-07-01,completed,cod
9859,63,2024-11-27,completed,atm
9860,1339,2024-07-22,completed,card
9861,943,2025-04-07,completed,card
9862,789,2025-08-02,completed,atm
9863,551,2025-05-24,completed,card
9864,315,2025-01-04,completed,atm
9865,1274,2024-04-15,completed,atm
9866,1758,2025-08-14,refunded,wallet
9867,1296,2025-10-31,completed,card
9868,2032,2024-09-03,completed,atm
9869,133,2024-06-09,completed,atm
9870,563,2025-03-23,completed,card
9871,2318,2024-05-07,completed,card
9872,462,2025-11-02,completed,wallet
9873,2050,2025-07-09,completed,atm
9874,816,2024-02-19,cancelled,card
9875,1808,2025-09-24,completed,atm
9876,1561,2025-12-21,completed,atm
9877,1574,2025-09-23,completed,wallet
9878,1673,2024-11-20,completed,card
9879,1865,2025-10-28,completed,wallet
9880,714,2025-06-19,completed,card
9881,1904,2024-10-14,completed,atm
9882,478,2024-11-10,completed,card
9883,1600,2025-10-30,completed,card
9884,351,2024-10-21,completed,wallet
9885,2329,2024-10-29,completed,card
9886,310,2025-09-15,completed,card
9887,1742,2025-02-18,completed,card
9888,1493,2024-04-11,completed,card
9889,939,2025-12-18,completed,card
9890,451,2025-04-07,completed,card
9891,2239,2025-12-30,completed,atm
9892,582,2025-02-05,completed,card
9893,1325,2025-06-30,completed,card
9894,229,2025-08-01,completed,wallet
9895,1741,2024-11-10,completed,card
9896,100,2025-02-23,completed,atm
9897,333,2024-11-09,completed,cod
9898,1370,2025-01-15,completed,atm
9899,865,2025-07-04,completed,card
9900,1054,2024-07-04,completed,atm
9901,299,2025-10-06,completed,cod
9902,2370,2024-10-07,completed,card
9903,854,2024-07-18,completed,card
9904,2073,2024-04-22,completed,card
9905,1244,2025-01-06,completed,atm
9906,755,2025-05-16,cancelled,cod
9907,2352,2025-01-15,completed,card
9908,959,2025-07-09,completed,card
9909,300,2024-07-07,completed,wallet
9910,877,2024-02-08,completed,card
9911,233,2024-02-10,completed,atm
9912,2421,2024-09-12,cancelled,card
9913,2407,2024-12-05,completed,card
9914,1315,2025-11-27,completed,atm
9915,170,2024-01-30,refunded,cod
9916,1246,2024-04-27,completed,card
9917,2416,2024-10-09,completed,atm
9918,206,2025-11-06,completed,cod
9919,446,2024-07-03,completed,card
9920,1361,2024-01-13,completed,card
9921,1395,2025-05-24,completed,atm
9922,2007,2025-04-15,completed,card
9923,2250,2024-09-23,completed,card
9924,75,2024-09-23,completed,atm
9925,1148,2024-02-08,completed,cod
9926,617,2025-11-08,completed,atm
9927,610,2025-03-18,completed,card
9928,504,2025-03-04,cancelled,wallet
9929,175,2025-11-12,completed,card
9930,1672,2025-04-04,completed,wallet
9931,663,2025-11-05,completed,atm
9932,402,2025-05-03,completed,cod
9933,15,2024-10-09,completed,card
9934,2090,2025-12-19,completed,card
9935,1212,2024-10-30,completed,card
9936,2419,2025-10-23,completed,cod
9937,584,2025-01-01,completed,card
9938,340,2025-04-27,completed,card
9939,858,2025-11-27,completed,wallet
9940,493,2024-01-13,completed,cod
9941,2136,2024-11-29,completed,atm
9942,1806,2024-10-20,completed,atm
9943,1395,2024-11-29,completed,card
9944,1751,2025-10-06,completed,card
9945,1080,2025-01-18,completed,card
9946,1338,2025-07-23,completed,card
9947,878,2025-10-21,completed,card
9948,201,2024-09-06,completed,card
9949,1770,2025-08-10,completed,card
9950,990,2024-01-21,completed,card
9951,2285,2024-11-18,completed,atm
9952,863,2025-08-07,completed,card
9953,952,2024-05-15,completed,card
9954,1069,2024-11-17,completed,wallet
9955,1741,2024-12-03,cancelled,wallet
9956,150,2024-04-14,completed,atm
9957,1057,2024-01-02,cancelled,card
9958,2352,2024-11-18,completed,card
9959,302,2024-06-30,completed,card
9960,560,2025-11-06,completed,card
9961,1096,2024-08-10,completed,atm
9962,1374,2025-09-15,completed,atm
9963,780,2024-02-08,completed,atm
9964,1205,2025-10-22,completed,card
9965,2239,2025-05-29,completed,card
9966,1137,2025-09-14,completed,card
9967,2137,2025-11-19,completed,card
9968,77,2025-10-02,completed,cod
9969,1693,2024-09-26,completed,card
9970,1754,2025-11-14,completed,atm
9971,489,2025-12-01,completed,card
9972,237,2025-10-10,completed,atm
9973,1396,2024-06-15,completed,atm
9974,67,2025-07-18,completed,card
9975,1198,2025-02-20,completed,card
9976,2021,2024-11-03,completed,card
9977,1608,2024-09-15,completed,cod
9978,793,2025-04-05,completed,card
9979,1483,2024-05-19,completed,card
9980,1456,2025-06-25,completed,atm
9981,1081,2024-05-28,completed,cod
9982,1460,2025-03-09,cancelled,card
9983,2337,2024-05-14,completed,wallet
9984,1361,2024-02-04,cancelled,card
9985,1818,2024-02-11,completed,cod
9986,9,2024-07-08,cancelled,card
9987,1278,2025-03-29,completed,card
9988,702,2025-10-01,completed,card
9989,2093,2025-03-30,completed,card
9990,807,2025-06-21,completed,atm
9991,1157,2025-11-30,completed,card
9992,663,2024-04-17,completed,wallet
9993,128,2025-07-02,completed,wallet
9994,551,2025-02-05,completed,atm
9995,1422,2025-02-18,completed,atm
9996,1092,2024-02-07,completed,atm
9997,2049,2025-12-18,completed,card
9998,1042,2024-09-06,completed,card
9999,803,2025-12-10,completed,card
10000,1942,2024-09-18,completed,card
10001,1971,2025-03-09,completed,card
10002,2422,2025-01-29,completed,card
10003,484,2025-12-03,cancelled,card
10004,2305,2025-09-28,completed,wallet
10005,182,2025-06-14,completed,card
10006,70,2024-06-17,completed,card
10007,1821,2025-08-13,completed,card
10008,1809,2025-01-20,completed,atm
10009,1199,2024-08-12,completed,wallet
10010,383,2025-03-25,completed,wallet
10011,248,2025-07-19,completed,card
10012,1164,2024-02-06,cancelled,card
10013,2428,2024-06-20,completed,cod
10014,443,2024-10-10,completed,card
10015,1130,2025-02-03,completed,card
10016,1179,2024-09-13,completed,card
10017,1495,2024-12-07,completed,card
10018,626,2025-06-14,completed,atm
10019,401,2025-05-03,completed,card
10020,2271,2025-06-30,completed,wallet
10021,1409,2025-01-06,completed,card
10022,763,2024-03-08,completed,cod
10023,412,2025-10-19,completed,cod
10024,1158,2024-05-19,completed,card
10025,1485,2025-01-21,completed,card
10026,2242,2025-04-08,completed,atm
10027,1461,2024-09-22,completed,card
10028,2016,2024-10-26,completed,atm
10029,1174,2024-08-01,completed,card
10030,155,2024-05-02,completed,card
10031,1453,2024-01-30,completed,cod
10032,1799,2025-02-28,refunded,card
10033,1105,2025-09-22,completed,atm
10034,1972,2025-04-19,completed,card
10035,1876,2024-09-08,completed,card
10036,2089,2024-09-21,completed,wallet
10037,1626,2025-06-02,completed,card
10038,1927,2025-08-01,completed,atm
10039,657,2024-11-23,cancelled,atm
10040,2225,2025-10-29,completed,card
10041,960,2024-10-05,completed,card
10042,2455,2025-03-11,completed,atm
10043,2064,2025-07-05,cancelled,atm
10044,738,2025-02-09,cancelled,wallet
10045,2399,2025-05-22,completed,cod
10046,1827,2024-07-23,completed,card
10047,988,2025-12-30,completed,atm
10048,44,2025-08-15,completed,card
10049,1774,2024-01-25,completed,atm
10050,811,2025-04-16,completed,cod
10051,1931,2024-06-01,completed,atm
10052,233,2024-12-29,completed,atm
10053,421,2024-01-21,completed,atm
10054,179,2025-05-19,completed,card
10055,1991,2024-11-09,completed,wallet
10056,1689,2025-08-22,completed,cod
10057,433,2025-02-14,completed,card
10058,492,2025-12-29,completed,card
10059,441,2025-06-25,completed,card
10060,2447,2025-01-01,completed,atm
10061,907,2024-08-10,completed,card
10062,1232,2024-09-28,completed,cod
10063,539,2024-01-02,completed,wallet
10064,707,2024-12-30,completed,wallet
10065,941,2024-05-07,completed,wallet
10066,15,2024-10-06,refunded,atm
10067,2487,2024-05-23,completed,atm
10068,853,2025-11-28,completed,atm
10069,1300,2024-12-12,completed,wallet
10070,1217,2025-05-26,completed,cod
10071,1775,2025-11-08,completed,atm
10072,1760,2024-08-05,completed,card
10073,226,2024-09-30,completed,card
10074,368,2025-06-07,completed,wallet
10075,1592,2025-09-22,completed,card
10076,326,2024-04-28,completed,atm
10077,2019,2025-12-19,completed,card
10078,2336,2025-12-13,completed,atm
10079,1280,2025-10-24,completed,atm
10080,692,2024-05-11,completed,wallet
10081,1636,2024-07-02,completed,atm
10082,12,2024-12-31,completed,atm
10083,1316,2024-04-27,completed,cod
10084,1793,2025-11-08,completed,card
10085,2189,2025-11-07,completed,card
10086,2361,2024-02-05,completed,card
10087,1267,2025-05-22,completed,wallet
10088,1811,2025-03-21,completed,atm
10089,1803,2024-05-11,completed,card
10090,1827,2024-06-22,completed,atm
10091,852,2024-09-26,completed,atm
10092,1635,2024-01-28,completed,wallet
10093,2057,2024-05-10,cancelled,wallet
10094,2267,2025-07-17,completed,card
10095,297,2024-12-22,completed,card
10096,1697,2024-12-23,completed,card
10097,1594,2025-03-28,completed,wallet
10098,1631,2025-09-11,completed,cod
10099,815,2025-12-28,completed,wallet
10100,2005,2025-09-25,completed,wallet
10101,1253,2025-11-03,completed,atm
10102,2176,2025-10-28,completed,atm
10103,1094,2025-05-21,completed,atm
10104,452,2024-05-05,completed,card
10105,798,2025-01-14,completed,wallet
10106,817,2025-07-12,cancelled,atm
10107,2449,2024-05-31,completed,wallet
10108,408,2025-11-07,completed,card
10109,727,2024-12-24,completed,card
10110,427,2025-07-28,completed,wallet
10111,706,2025-10-07,completed,wallet
10112,2089,2025-06-15,completed,card
10113,412,2025-10-03,completed,wallet
10114,2248,2024-01-03,completed,card
10115,379,2024-01-09,completed,card
10116,270,2024-02-12,completed,atm
10117,314,2025-01-06,completed,card
10118,2429,2024-09-11,completed,atm
10119,1729,2025-05-26,completed,wallet
10120,8,2025-04-22,completed,cod
10121,1948,2025-02-02,completed,card
10122,2134,2024-08-06,completed,card
10123,1876,2024-04-24,completed,atm
10124,34,2025-12-07,completed,cod
10125,1501,2025-01-08,completed,atm
10126,2142,2024-06-27,completed,cod
10127,368,2025-11-23,completed,card
10128,2407,2025-09-17,completed,wallet
10129,407,2025-12-02,completed,card
10130,2162,2024-10-13,completed,atm
10131,1947,2024-01-31,completed,card
10132,26,2024-06-07,completed,card
10133,2392,2025-01-18,completed,card
10134,1493,2025-06-25,completed,card
10135,552,2025-11-06,completed,card
10136,929,2025-06-21,completed,wallet
10137,2212,2025-05-10,completed,atm
10138,2474,2025-11-02,completed,card
10139,2364,2024-01-05,completed,wallet
10140,1129,2024-09-09,completed,wallet
10141,1051,2024-10-01,completed,card
10142,2056,2024-06-05,completed,card
10143,1153,2025-02-24,cancelled,cod
10144,740,2024-12-17,completed,card
10145,1865,2025-08-17,completed,card
10146,1809,2025-10-26,completed,cod
10147,1036,2024-07-02,completed,atm
10148,1040,2024-01-10,completed,atm
10149,1241,2024-06-10,completed,card
10150,710,2025-09-09,completed,wallet
10151,150,2025-12-29,completed,card
10152,1617,2025-08-20,completed,card
10153,1598,2025-07-04,cancelled,atm
10154,153,2025-07-12,completed,card
10155,2112,2025-08-23,completed,card
10156,5,2024-02-04,completed,atm
10157,2095,2024-11-28,completed,wallet
10158,696,2025-05-31,completed,atm
10159,1138,2024-11-05,completed,wallet
10160,971,2025-08-06,completed,card
10161,2149,2024-10-02,completed,card
10162,2162,2025-04-10,completed,atm
10163,13,2025-12-24,completed,card
10164,1711,2024-08-01,completed,card
10165,35,2024-06-12,completed,cod
10166,470,2024-09-29,completed,cod
10167,46,2025-12-13,completed,card
10168,856,2025-11-10,completed,card
10169,518,2025-10-12,completed,wallet
10170,1492,2024-12-27,completed,wallet
10171,2448,2024-01-19,completed,card
10172,695,2024-01-20,completed,card
10173,405,2025-10-08,completed,card
10174,529,2024-06-14,completed,wallet
10175,601,2025-08-28,refunded,card
10176,1760,2024-12-11,completed,card
10177,2306,2025-02-10,completed,atm
10178,487,2025-07-05,completed,atm
10179,186,2025-06-15,completed,atm
10180,2361,2024-10-01,cancelled,card
10181,2489,2024-06-03,completed,cod
10182,1240,2025-06-12,completed,atm
10183,2130,2024-10-28,completed,card
10184,2281,2025-12-16,completed,cod
10185,1671,2025-08-10,completed,card
10186,1031,2024-11-11,cancelled,card
10187,2214,2025-01-14,completed,atm
10188,2170,2024-03-18,completed,cod
10189,1256,2025-07-05,completed,wallet
10190,47,2024-01-10,completed,card
10191,1778,2024-05-23,completed,card
10192,1304,2025-11-10,completed,cod
10193,2456,2024-08-22,cancelled,cod
10194,2473,2024-11-19,completed,card
10195,2454,2024-02-24,completed,card
10196,1410,2025-04-27,completed,card
10197,1009,2024-02-19,cancelled,card
10198,1370,2024-10-19,completed,atm
10199,1462,2024-06-07,cancelled,card
10200,1989,2025-02-27,completed,card
10201,2149,2025-10-24,completed,card
10202,2071,2025-08-02,completed,cod
10203,953,2024-03-30,cancelled,card
10204,1496,2024-04-02,completed,card
10205,255,2025-08-17,completed,card
10206,1399,2024-11-16,completed,wallet
10207,2276,2024-10-17,completed,card
10208,608,2024-05-25,completed,card
10209,2382,2024-10-30,completed,card
10210,670,2025-12-07,completed,card
10211,2255,2025-05-04,cancelled,card
10212,1174,2024-01-24,completed,cod
10213,2441,2025-10-03,completed,card
10214,1268,2025-05-27,completed,atm
10215,608,2025-02-05,completed,cod
10216,1675,2024-08-12,completed,card
10217,525,2024-10-18,completed,card
10218,449,2024-02-10,completed,atm
10219,264,2024-01-11,completed,card
10220,1158,2025-01-16,completed,card
10221,1493,2024-04-06,completed,card
10222,2443,2025-12-26,completed,cod
10223,1833,2025-10-06,completed,atm
10224,310,2024-10-29,completed,card
10225,69,2025-08-11,completed,card
10226,1309,2025-06-14,completed,wallet
10227,1429,2024-03-25,completed,wallet
10228,85,2024-10-30,completed,atm
10229,2352,2025-01-30,completed,wallet
10230,456,2025-12-27,completed,card
10231,507,2025-03-25,completed,card
10232,791,2024-01-16,completed,card
10233,2253,2025-05-31,completed,atm
10234,2483,2024-10-25,completed,cod
10235,889,2025-08-13,completed,wallet
10236,275,2024-01-23,completed,atm
10237,2381,2024-05-19,cancelled,atm
10238,1756,2024-03-13,completed,card
10239,1732,2024-05-27,completed,cod
10240,942,2025-07-08,completed,atm
10241,2434,2025-07-25,completed,atm
10242,397,2025-01-19,completed,card
10243,788,2025-09-07,completed,card
10244,1182,2024-12-10,completed,card
10245,1081,2024-12-06,completed,card
10246,2216,2024-12-10,completed,card
10247,1866,2025-09-20,completed,atm
10248,1637,2025-10-18,completed,card
10249,1766,2025-09-17,refunded,wallet
10250,2446,2024-12-23,completed,card
10251,1528,2025-02-27,refunded,atm
10252,472,2024-06-05,completed,atm
10253,731,2024-05-11,completed,cod
10254,2466,2025-07-06,completed,wallet
10255,71,2024-10-05,completed,atm
10256,2320,2024-03-30,completed,card
10257,802,2025-09-02,completed,atm
10258,1097,2024-08-25,completed,wallet
10259,390,2025-11-04,completed,atm
10260,890,2025-07-31,completed,atm
10261,2082,2024-06-23,completed,card
10262,531,2025-06-18,completed,card
10263,1200,2024-10-16,cancelled,atm
10264,899,2024-12-19,completed,atm
10265,2206,2024-11-04,completed,card
10266,88,2024-08-09,completed,card
10267,2150,2025-06-15,completed,card
10268,599,2025-08-21,completed,wallet
10269,661,2025-01-04,completed,atm
10270,1303,2024-11-27,completed,card
10271,857,2024-10-29,completed,cod
10272,695,2025-05-20,completed,wallet
10273,1204,2024-10-06,completed,card
10274,557,2025-09-05,completed,wallet
10275,1988,2025-11-14,completed,card
10276,661,2025-09-07,completed,card
10277,1934,2024-06-05,completed,card
10278,1090,2025-06-21,completed,card
10279,735,2024-11-22,completed,cod
10280,438,2024-04-02,completed,card
10281,1259,2025-06-02,completed,atm
10282,1137,2024-09-20,completed,card
10283,2310,2024-08-17,cancelled,atm
10284,587,2025-09-04,completed,card
10285,1211,2025-02-10,completed,card
10286,1876,2025-05-20,completed,card
10287,2308,2024-07-30,completed,cod
10288,651,2025-08-18,completed,atm
10289,1056,2025-08-27,completed,card
10290,1058,2024-02-22,completed,card
10291,2083,2024-11-13,completed,wallet
10292,2348,2024-11-21,completed,atm
10293,15,2024-10-26,completed,card
10294,1253,2025-03-06,completed,card
10295,1190,2025-11-22,completed,atm
10296,1737,2025-08-10,completed,card
10297,2092,2024-11-17,completed,atm
10298,1543,2024-12-01,completed,cod
10299,2223,2024-04-15,completed,atm
10300,1341,2024-12-12,completed,atm
10301,2144,2024-07-22,completed,atm
10302,1975,2024-10-10,completed,atm
10303,230,2024-03-06,completed,atm
10304,1302,2025-11-02,completed,card
10305,1837,2024-08-13,completed,card
10306,1871,2024-08-16,completed,wallet
10307,2431,2024-10-31,completed,card
10308,32,2025-12-09,completed,card
10309,1765,2024-12-04,completed,card
10310,2469,2025-01-09,completed,wallet
10311,1606,2025-05-20,completed,card
10312,2262,2025-06-22,completed,card
10313,1246,2025-01-25,completed,wallet
10314,1933,2024-07-19,completed,card
10315,851,2025-05-10,refunded,wallet
10316,2455,2025-08-29,completed,card
10317,736,2024-08-27,completed,card
10318,1337,2024-11-11,completed,wallet
10319,440,2024-10-02,completed,atm
10320,1778,2024-08-08,completed,atm
10321,1982,2024-04-08,completed,card
10322,1606,2024-10-08,completed,card
10323,1569,2025-02-24,completed,card
10324,1721,2024-10-10,completed,card
10325,182,2025-11-08,cancelled,card
10326,682,2025-04-25,completed,wallet
10327,2194,2025-08-21,completed,atm
10328,325,2025-12-28,completed,wallet
10329,1423,2024-09-01,completed,card
10330,470,2025-05-23,completed,card
10331,969,2024-03-04,refunded,card
10332,2087,2024-03-31,completed,card
10333,1954,2024-05-03,completed,cod
10334,1721,2025-08-31,completed,cod
10335,2027,2024-12-08,completed,wallet
10336,1627,2024-07-30,completed,atm
10337,415,2024-10-31,completed,card
10338,28,2024-02-12,completed,wallet
10339,72,2024-05-29,completed,card
10340,281,2025-10-20,completed,atm
10341,1456,2024-01-29,completed,wallet
10342,2033,2025-05-20,completed,cod
10343,34,2025-03-29,completed,cod
10344,485,2024-01-04,completed,atm
10345,756,2025-07-21,completed,card
10346,1709,2024-04-18,completed,atm
10347,1804,2024-07-09,cancelled,atm
10348,1651,2024-03-17,completed,card
10349,8,2025-01-13,completed,card
10350,2071,2025-07-07,completed,card
10351,1769,2025-07-02,completed,card
10352,2021,2024-05-07,completed,cod
10353,362,2025-02-05,completed,wallet
10354,122,2025-02-03,completed,card
10355,742,2024-03-12,completed,card
10356,1681,2025-02-25,completed,atm
10357,144,2025-10-30,completed,cod
10358,15,2025-02-09,completed,card
10359,1631,2024-01-24,completed,card
10360,1463,2025-08-18,completed,card
10361,2215,2024-02-23,completed,card
10362,1676,2024-01-18,completed,wallet
10363,1511,2024-02-24,completed,card
10364,1485,2024-03-19,completed,card
10365,2203,2024-12-12,completed,atm
10366,667,2025-04-03,completed,card
10367,1487,2024-07-06,completed,wallet
10368,1843,2025-11-17,completed,atm
10369,382,2024-05-04,completed,card
10370,2067,2024-07-26,completed,atm
10371,1383,2025-11-04,completed,card
10372,1681,2025-10-21,completed,wallet
10373,1989,2025-05-22,completed,card
10374,1061,2025-03-07,completed,card
10375,2451,2025-08-10,completed,card
10376,1894,2025-04-19,completed,atm
10377,2318,2024-04-25,completed,card
10378,586,2025-10-06,completed,card
10379,1270,2025-05-01,cancelled,atm
10380,2290,2024-01-25,completed,card
10381,2236,2024-06-23,completed,card
10382,464,2025-10-01,completed,atm
10383,2184,2025-09-14,completed,card
10384,1146,2025-08-26,completed,card
10385,915,2024-10-12,completed,cod
10386,2050,2025-08-20,completed,card
10387,654,2025-01-05,completed,card
10388,1039,2024-11-07,completed,atm
10389,1343,2024-03-31,completed,card
10390,1138,2025-10-22,completed,atm
10391,803,2024-07-31,completed,wallet
10392,1512,2025-05-08,completed,card
10393,431,2025-08-21,completed,card
10394,1091,2025-06-27,completed,atm
10395,661,2025-12-06,completed,atm
10396,1189,2025-01-30,completed,card
10397,2422,2025-05-09,completed,card
10398,476,2025-12-16,completed,card
10399,92,2025-01-28,completed,card
10400,1430,2024-06-30,completed,card
10401,2015,2024-07-12,completed,card
10402,2181,2024-11-08,completed,card
10403,210,2024-07-05,completed,card
10404,324,2024-12-31,completed,card
10405,914,2024-08-27,completed,card
10406,1112,2024-03-23,completed,card
10407,1868,2025-05-29,completed,atm
10408,2271,2024-01-31,completed,atm
10409,1659,2024-06-14,completed,card
10410,416,2025-05-18,completed,card
10411,329,2024-02-04,completed,atm
10412,1811,2024-04-03,completed,card
10413,1361,2024-11-18,completed,wallet
10414,1728,2024-01-31,completed,wallet
10415,111,2025-06-29,completed,card
10416,531,2024-09-11,completed,cod
10417,296,2024-10-14,completed,wallet
10418,1293,2025-04-22,completed,cod
10419,1797,2025-06-03,completed,atm
10420,2042,2025-01-15,completed,cod
10421,15,2025-08-25,completed,card
10422,679,2025-09-11,completed,card
10423,2121,2025-11-05,completed,card
10424,864,2025-10-25,completed,card
10425,1801,2025-02-01,completed,card
10426,2498,2025-07-17,completed,atm
10427,49,2025-03-21,completed,card
10428,536,2025-02-20,completed,card
10429,235,2024-08-29,completed,wallet
10430,128,2024-01-07,completed,card
10431,388,2024-11-22,completed,card
10432,2198,2025-09-17,completed,card
10433,530,2024-08-11,completed,cod
10434,1275,2024-02-28,completed,atm
10435,290,2024-10-08,completed,card
10436,13,2024-12-05,completed,cod
10437,1525,2025-11-11,completed,card
10438,598,2024-11-20,completed,wallet
10439,408,2024-11-03,completed,card
10440,1128,2024-05-08,refunded,atm
10441,1297,2025-05-28,completed,card
10442,285,2024-05-03,completed,atm
10443,552,2025-10-19,completed,atm
10444,2351,2025-07-27,completed,cod
10445,560,2024-11-10,completed,wallet
10446,410,2024-12-15,completed,card
10447,2362,2025-07-16,completed,card
10448,2231,2024-08-21,completed,card
10449,802,2024-02-24,completed,cod
10450,1659,2024-03-18,completed,card
10451,1104,2025-05-03,cancelled,card
10452,2456,2024-08-24,cancelled,card
10453,1255,2025-03-30,completed,wallet
10454,1344,2025-10-11,completed,atm
10455,1457,2025-04-01,completed,card
10456,967,2024-12-05,completed,card
10457,2219,2024-01-06,completed,card
10458,17,2025-10-01,completed,card
10459,1002,2024-12-22,completed,atm
10460,1217,2024-05-23,completed,card
10461,1271,2024-08-24,completed,wallet
10462,1590,2025-10-28,completed,wallet
10463,1053,2025-08-07,completed,atm
10464,481,2025-05-10,completed,card
10465,433,2024-08-27,completed,card
10466,1701,2025-01-27,completed,card
10467,232,2024-06-13,completed,card
10468,2455,2024-04-17,completed,card
10469,837,2024-09-13,completed,cod
10470,1609,2025-07-11,completed,atm
10471,1659,2024-10-26,completed,cod
10472,2173,2025-01-01,completed,atm
10473,1372,2024-09-13,completed,card
10474,1748,2024-10-14,completed,card
10475,27,2025-11-26,completed,wallet
10476,2015,2025-01-12,completed,card
10477,1933,2025-05-13,completed,atm
10478,1518,2025-11-03,completed,atm
10479,1450,2025-11-16,completed,card
10480,2438,2024-10-29,completed,wallet
10481,1508,2025-04-06,cancelled,wallet
10482,270,2025-01-08,completed,card
10483,678,2025-08-08,completed,wallet
10484,1299,2024-11-20,completed,atm
10485,986,2025-10-13,completed,atm
10486,1757,2025-12-21,completed,atm
10487,1101,2024-12-17,completed,atm
10488,1030,2024-09-09,completed,card
10489,921,2025-03-26,completed,atm
10490,1725,2025-10-23,completed,card
10491,953,2025-11-25,refunded,card
10492,569,2024-03-18,completed,wallet
10493,407,2025-10-01,completed,atm
10494,1710,2025-02-21,completed,wallet
10495,366,2024-01-24,completed,atm
10496,1824,2024-11-25,completed,card
10497,1422,2025-07-14,completed,atm
10498,965,2025-03-07,completed,atm
10499,516,2025-10-05,completed,card
10500,1336,2025-01-26,completed,card
10501,386,2024-12-29,refunded,atm
10502,200,2025-06-14,completed,card
10503,2473,2024-05-16,completed,atm
10504,932,2024-06-04,completed,cod
10505,2210,2024-07-10,completed,card
10506,1895,2025-02-28,completed,wallet
10507,2110,2024-04-22,completed,card
10508,1029,2024-07-18,refunded,wallet
10509,2179,2025-08-21,completed,card
10510,1974,2025-12-17,completed,card
10511,551,2025-05-21,completed,card
10512,1352,2024-09-23,completed,card
10513,591,2024-04-11,completed,card
10514,1616,2024-01-01,completed,atm
10515,1347,2025-10-29,cancelled,card
10516,1462,2025-07-04,completed,card
10517,1956,2025-04-29,completed,card
10518,2092,2024-01-08,completed,card
10519,1670,2024-10-17,completed,card
10520,1982,2024-01-07,completed,atm
10521,2035,2024-01-05,completed,atm
10522,182,2024-05-24,completed,card
10523,1249,2024-02-20,completed,card
10524,1691,2025-06-10,completed,cod
10525,367,2025-01-10,completed,atm
10526,2466,2025-12-22,completed,card
10527,1050,2025-02-04,completed,card
10528,2361,2025-12-25,completed,card
10529,1068,2024-09-07,completed,card
10530,2490,2024-11-08,completed,wallet
10531,1361,2025-11-14,completed,card
10532,2209,2024-11-11,cancelled,card
10533,2100,2024-06-15,completed,card
10534,2195,2024-02-05,completed,card
10535,561,2024-12-08,completed,card
10536,215,2025-03-19,completed,card
10537,1074,2025-08-01,completed,cod
10538,337,2024-05-09,completed,card
10539,216,2025-01-10,cancelled,card
10540,571,2024-07-14,completed,atm
10541,481,2024-01-22,refunded,atm
10542,1376,2025-08-12,refunded,card
10543,447,2024-02-25,completed,wallet
10544,1980,2025-08-15,completed,atm
10545,1493,2024-11-08,completed,card
10546,1486,2024-08-14,completed,atm
10547,2435,2024-08-27,completed,wallet
10548,1411,2025-06-17,completed,card
10549,991,2024-02-27,completed,cod
10550,2007,2024-07-16,completed,atm
10551,2412,2024-09-22,completed,cod
10552,1567,2024-08-01,cancelled,wallet
10553,1992,2024-12-19,completed,card
10554,2140,2024-08-30,completed,cod
10555,745,2025-01-09,completed,card
10556,1898,2024-03-24,refunded,atm
10557,2392,2024-09-26,completed,card
10558,961,2025-08-09,completed,cod
10559,2174,2025-11-09,completed,wallet
10560,582,2024-07-11,completed,card
10561,658,2024-11-16,completed,cod
10562,1651,2025-12-03,completed,cod
10563,812,2024-06-22,completed,card
10564,1737,2025-10-04,completed,atm
10565,848,2024-03-05,completed,atm
10566,1274,2024-12-19,completed,card
10567,914,2024-02-14,completed,card
10568,825,2024-12-29,completed,card
10569,663,2025-04-25,completed,card
10570,2145,2025-01-22,completed,wallet
10571,320,2024-10-30,completed,wallet
10572,1957,2024-11-14,completed,card
10573,139,2024-01-07,completed,card
10574,448,2025-06-18,completed,cod
10575,1346,2024-08-28,completed,wallet
10576,2219,2025-08-24,completed,card
10577,960,2024-09-24,completed,card
10578,1703,2025-01-28,completed,cod
10579,2003,2025-10-24,completed,wallet
10580,1336,2024-01-19,completed,atm
10581,1636,2024-03-28,completed,wallet
10582,415,2025-04-24,completed,cod
10583,1165,2024-09-06,completed,atm
10584,1046,2025-04-13,completed,card
10585,247,2025-08-16,completed,atm
10586,2296,2025-11-27,completed,atm
10587,2153,2024-01-02,completed,wallet
10588,1266,2025-07-13,refunded,atm
10589,1459,2024-12-19,completed,card
10590,645,2025-10-31,completed,card
10591,1,2024-07-09,completed,card
10592,135,2024-06-04,completed,card
10593,116,2025-05-24,completed,card
10594,1757,2025-12-14,completed,cod
10595,931,2024-09-27,completed,card
10596,971,2024-12-04,completed,cod
10597,2194,2025-09-27,completed,card
10598,997,2025-02-08,completed,card
10599,1599,2025-09-11,completed,atm
10600,1711,2024-05-22,completed,atm
10601,169,2024-05-10,completed,card
10602,1118,2024-10-02,completed,card
10603,121,2024-12-30,completed,card
10604,1671,2025-03-03,completed,wallet
10605,304,2025-12-01,completed,wallet
10606,2143,2025-08-02,completed,atm
10607,762,2024-09-16,completed,atm
10608,72,2025-02-10,completed,atm
10609,1094,2024-01-01,cancelled,card
10610,2036,2024-06-14,completed,wallet
10611,487,2025-09-22,completed,card
10612,330,2024-04-12,completed,atm
10613,1959,2024-03-08,completed,cod
10614,882,2025-01-03,cancelled,wallet
10615,2005,2025-12-24,completed,card
10616,1629,2025-10-04,completed,card
10617,449,2025-09-17,completed,card
10618,2454,2024-12-08,completed,wallet
10619,553,2025-12-03,completed,atm
10620,2204,2025-03-04,completed,wallet
10621,1575,2024-10-07,completed,card
10622,1407,2025-09-11,completed,wallet
10623,303,2025-07-03,completed,card
10624,1765,2025-05-05,completed,card
10625,964,2024-09-26,completed,atm
10626,1182,2025-02-27,completed,card
10627,801,2025-02-12,cancelled,card
10628,1763,2025-10-21,completed,atm
10629,955,2025-09-04,completed,wallet
10630,154,2024-08-16,completed,card
10631,1544,2024-05-03,completed,card
10632,1915,2024-04-19,completed,wallet
10633,1729,2024-11-10,completed,atm
10634,185,2025-12-28,completed,wallet
10635,1054,2025-02-18,completed,card
10636,228,2024-05-28,completed,atm
10637,1677,2025-01-21,completed,atm
10638,1706,2025-01-05,completed,atm
10639,2282,2025-05-08,completed,card
10640,1558,2024-01-13,completed,cod
10641,2006,2025-06-17,completed,card
10642,2124,2024-03-07,completed,card
10643,384,2025-05-18,completed,card
10644,50,2024-12-16,completed,card
10645,940,2024-03-25,completed,wallet
10646,874,2024-06-16,completed,atm
10647,2372,2025-08-11,completed,wallet
10648,908,2025-11-01,completed,wallet
10649,2245,2024-03-17,completed,wallet
10650,1057,2024-04-11,completed,atm
10651,2189,2024-11-11,completed,card
10652,857,2024-03-05,completed,card
10653,2244,2024-07-07,completed,card
10654,982,2025-03-07,completed,card
10655,1541,2024-01-11,completed,atm
10656,2286,2024-01-07,cancelled,card
10657,330,2024-04-09,completed,card
10658,1274,2025-10-29,completed,atm
10659,1443,2025-02-13,completed,cod
10660,2352,2024-04-07,completed,card
10661,888,2025-09-28,completed,card
10662,696,2024-12-19,completed,atm
10663,1409,2024-06-16,completed,card
10664,195,2025-05-04,completed,card
10665,148,2024-12-26,completed,cod
10666,1970,2024-07-11,completed,card
10667,823,2024-02-26,completed,card
10668,574,2025-02-02,completed,atm
10669,1459,2025-08-19,completed,wallet
10670,496,2025-02-18,completed,atm
10671,252,2025-03-13,refunded,wallet
10672,61,2024-02-04,completed,card
10673,252,2024-07-23,completed,wallet
10674,1609,2024-05-22,completed,card
10675,7,2025-02-25,completed,atm
10676,292,2024-08-03,completed,atm
10677,2245,2024-06-17,completed,card
10678,2149,2024-08-10,completed,wallet
10679,195,2025-08-06,refunded,atm
10680,2489,2025-04-08,completed,atm
10681,543,2024-08-31,completed,card
10682,2253,2024-06-21,completed,atm
10683,1156,2024-12-06,completed,card
10684,1799,2024-10-01,completed,atm
10685,1613,2024-11-04,completed,card
10686,1747,2024-05-02,completed,card
10687,419,2025-11-23,completed,cod
10688,1776,2024-01-04,completed,card
10689,980,2024-08-13,completed,card
10690,367,2025-05-03,completed,atm
10691,1252,2025-11-04,completed,card
10692,581,2025-02-15,completed,wallet
10693,1523,2025-10-11,refunded,card
10694,170,2024-01-09,completed,card
10695,1828,2024-10-03,completed,card
10696,599,2024-04-20,completed,cod
10697,1390,2025-12-12,completed,card
10698,885,2025-04-05,completed,wallet
10699,442,2024-09-18,completed,card
10700,193,2024-10-28,completed,card
10701,2339,2025-03-02,completed,card
10702,2315,2025-05-08,completed,atm
10703,969,2025-08-09,completed,card
10704,602,2025-02-20,completed,card
10705,1866,2025-11-23,completed,card
10706,1879,2025-08-15,completed,wallet
10707,1878,2025-03-08,completed,card
10708,418,2024-07-31,completed,card
10709,1053,2024-02-17,completed,wallet
10710,1081,2024-05-25,completed,wallet
10711,1781,2025-07-02,completed,card
10712,1181,2024-05-18,completed,card
10713,980,2024-01-07,completed,card
10714,283,2025-11-02,refunded,wallet
10715,1723,2025-06-01,completed,card
10716,2110,2025-04-29,completed,card
10717,269,2025-11-21,completed,atm
10718,2429,2024-09-06,completed,card
10719,167,2024-02-18,completed,atm
10720,881,2024-12-11,completed,card
10721,1817,2024-05-16,completed,wallet
10722,2030,2024-10-14,completed,card
10723,1827,2025-01-23,completed,wallet
10724,1561,2024-04-27,completed,card
10725,641,2024-03-01,completed,atm
10726,1255,2024-02-06,completed,wallet
10727,2032,2024-02-08,completed,atm
10728,1116,2024-03-31,cancelled,cod
10729,240,2024-06-29,completed,card
10730,1471,2024-11-10,completed,wallet
10731,313,2025-09-02,completed,atm
10732,1012,2024-01-20,completed,atm
10733,1492,2024-06-03,completed,cod
10734,1135,2025-03-16,completed,card
10735,21,2024-12-26,completed,wallet
10736,626,2024-05-31,completed,card
10737,920,2025-08-31,completed,card
10738,2173,2025-04-18,completed,card
10739,811,2025-04-23,completed,wallet
10740,2039,2024-02-10,completed,card
10741,2376,2025-12-26,completed,atm
10742,1708,2024-01-26,completed,cod
10743,444,2024-12-26,completed,atm
10744,1354,2024-12-24,completed,card
10745,1524,2025-02-23,cancelled,card
10746,2206,2024-09-11,completed,card
10747,2421,2024-08-03,completed,card
10748,1197,2025-10-09,completed,card
10749,934,2024-01-21,completed,cod
10750,1111,2024-03-31,completed,card
10751,2069,2025-08-27,completed,card
10752,2043,2024-01-29,completed,wallet
10753,388,2025-10-26,completed,cod
10754,491,2025-11-23,cancelled,card
10755,1870,2025-11-17,completed,card
10756,1462,2025-10-06,completed,card
10757,1862,2024-05-07,completed,atm
10758,1896,2025-09-27,completed,cod
10759,1350,2025-10-27,completed,card
10760,1872,2025-11-21,completed,atm
10761,1187,2025-11-03,completed,cod
10762,287,2025-05-14,completed,card
10763,1133,2025-02-13,completed,card
10764,681,2024-02-21,refunded,atm
10765,923,2025-08-03,completed,atm
10766,2181,2024-08-01,completed,atm
10767,2077,2025-04-05,completed,card
10768,1476,2024-07-12,completed,wallet
10769,506,2024-05-15,completed,card
10770,1206,2025-03-30,completed,wallet
10771,1354,2025-02-10,completed,card
10772,1279,2024-08-27,completed,atm
10773,1900,2025-04-13,completed,atm
10774,2002,2024-11-22,completed,atm
10775,2342,2025-11-16,completed,wallet
10776,391,2025-05-05,completed,card
10777,1307,2024-02-13,completed,atm
10778,2144,2024-01-08,completed,card
10779,1379,2025-07-26,completed,card
10780,1260,2024-09-28,completed,card
10781,1667,2025-04-26,completed,card
10782,2406,2024-03-10,completed,atm
10783,717,2025-06-05,completed,atm
10784,1797,2024-07-29,completed,wallet
10785,2443,2024-12-20,completed,atm
10786,357,2024-09-24,completed,atm
10787,1636,2025-12-08,completed,card
10788,1252,2024-02-16,completed,wallet
10789,834,2025-10-23,completed,atm
10790,1441,2024-08-02,completed,card
10791,2437,2025-04-18,completed,card
10792,2085,2025-01-09,completed,cod
10793,2089,2025-11-02,completed,wallet
10794,1308,2025-12-30,cancelled,atm
10795,687,2025-04-07,completed,card
10796,200,2024-02-03,completed,card
10797,1320,2024-02-18,completed,wallet
10798,1013,2025-07-24,completed,atm
10799,412,2025-03-14,completed,atm
10800,370,2024-05-31,completed,card
10801,693,2025-11-28,completed,atm
10802,2320,2025-08-24,completed,card
10803,2132,2024-08-11,completed,card
10804,1255,2025-08-28,completed,card
10805,855,2024-10-03,completed,atm
10806,1479,2024-09-18,completed,atm
10807,2289,2025-12-30,completed,card
10808,2144,2025-10-28,completed,card
10809,2331,2025-07-20,completed,wallet
10810,628,2024-12-16,cancelled,wallet
10811,830,2025-01-29,completed,card
10812,483,2025-01-18,completed,atm
10813,2157,2024-01-20,completed,wallet
10814,1492,2025-08-22,completed,card
10815,2066,2025-07-15,completed,card
10816,1875,2025-02-10,completed,card
10817,1805,2025-07-20,completed,card
10818,1160,2024-01-05,completed,atm
10819,923,2025-01-17,completed,cod
10820,71,2024-12-05,completed,atm
10821,2325,2024-11-22,completed,card
10822,847,2025-10-30,completed,card
10823,1871,2024-05-07,refunded,card
10824,8,2024-11-12,completed,wallet
10825,365,2025-01-12,completed,wallet
10826,1631,2025-05-13,completed,card
10827,471,2024-11-20,completed,cod
10828,1407,2024-01-23,completed,card
10829,1938,2024-01-24,completed,card
10830,1392,2024-01-04,completed,card
10831,2109,2024-12-31,completed,cod
10832,1032,2024-04-17,completed,card
10833,361,2024-02-16,completed,atm
10834,152,2024-12-28,completed,card
10835,587,2025-11-03,completed,card
10836,1797,2024-05-29,completed,atm
10837,2404,2024-12-20,completed,wallet
10838,150,2025-04-18,completed,card
10839,289,2024-02-17,completed,cod
10840,1729,2024-04-21,completed,card
10841,485,2025-02-21,completed,cod
10842,387,2024-04-18,completed,atm
10843,2451,2025-01-03,completed,atm
10844,1028,2025-05-24,completed,card
10845,203,2025-10-05,cancelled,card
10846,341,2024-02-24,completed,card
10847,1205,2024-03-21,completed,card
10848,2331,2025-08-19,completed,wallet
10849,582,2025-05-20,completed,wallet
10850,302,2024-05-21,completed,atm
10851,552,2024-11-18,completed,cod
10852,1725,2024-05-08,completed,card
10853,982,2024-03-15,completed,card
10854,2013,2024-06-30,completed,atm
10855,457,2025-12-31,completed,cod
10856,1100,2024-08-10,completed,card
10857,1319,2025-06-11,completed,atm
10858,372,2024-12-12,completed,card
10859,99,2025-12-29,completed,card
10860,2491,2024-06-06,completed,card
10861,1456,2025-06-02,completed,wallet
10862,718,2025-07-25,cancelled,card
10863,1542,2025-02-19,completed,card
10864,2437,2024-10-14,completed,cod
10865,2168,2025-02-12,cancelled,card
10866,768,2024-10-08,completed,atm
10867,335,2024-10-10,completed,atm
10868,1291,2025-05-02,completed,atm
10869,1369,2024-08-23,completed,atm
10870,2439,2025-05-13,completed,cod
10871,2064,2025-01-07,completed,card
10872,2322,2024-05-08,completed,atm
10873,2331,2024-04-18,completed,cod
10874,1647,2024-01-09,completed,card
10875,1715,2024-09-24,refunded,atm
10876,599,2025-05-25,completed,card
10877,495,2024-11-30,completed,card
10878,1336,2024-05-02,completed,card
10879,1493,2024-04-15,completed,card
10880,369,2025-11-28,completed,wallet
10881,471,2025-12-11,completed,wallet
10882,1243,2025-01-03,completed,atm
10883,84,2025-05-21,completed,card
10884,656,2024-02-05,completed,atm
10885,1613,2024-11-04,completed,wallet
10886,1203,2025-08-04,completed,card
10887,1164,2025-04-11,completed,cod
10888,1054,2025-08-20,completed,card
10889,1725,2025-01-23,completed,card
10890,765,2025-12-19,completed,card
10891,349,2025-07-19,completed,wallet
10892,291,2024-10-09,completed,card
10893,530,2025-07-14,completed,wallet
10894,1775,2024-10-22,completed,wallet
10895,1544,2024-06-19,completed,cod
10896,1478,2025-04-16,completed,card
10897,1624,2024-12-09,completed,card
10898,401,2025-11-16,completed,card
10899,695,2024-07-26,completed,cod
10900,1740,2024-07-18,completed,card
10901,2059,2024-11-22,completed,wallet
10902,954,2025-02-06,refunded,cod
10903,54,2025-09-01,completed,card
10904,1253,2024-12-12,completed,card
10905,2050,2025-05-05,cancelled,atm
10906,360,2025-03-03,completed,card
10907,2185,2024-11-01,completed,atm
10908,863,2025-02-08,completed,card
10909,2464,2025-08-22,completed,atm
10910,492,2025-01-24,completed,cod
10911,2208,2025-07-02,completed,card
10912,2278,2024-04-23,completed,card
10913,530,2024-12-28,completed,cod
10914,1526,2024-11-30,completed,card
10915,1282,2025-06-24,completed,atm
10916,1741,2024-08-11,completed,cod
10917,2026,2025-08-20,completed,card
10918,927,2024-12-05,completed,atm
10919,1639,2025-12-23,completed,card
10920,333,2024-11-15,completed,wallet
10921,2073,2024-02-12,completed,atm
10922,1436,2025-09-01,completed,atm
10923,575,2024-09-22,completed,wallet
10924,235,2025-02-11,completed,wallet
10925,1264,2024-02-13,completed,atm
10926,154,2025-11-26,completed,card
10927,1389,2024-05-06,completed,card
10928,1993,2024-04-15,completed,atm
10929,1502,2024-05-24,completed,wallet
10930,1084,2024-05-03,completed,atm
10931,1274,2025-01-26,completed,card
10932,1022,2025-04-13,refunded,card
10933,2263,2025-02-08,completed,atm
10934,624,2025-05-07,completed,card
10935,910,2024-06-11,completed,card
10936,1333,2025-12-11,completed,wallet
10937,1319,2024-04-02,completed,card
10938,1587,2024-07-07,completed,card
10939,1198,2024-10-23,completed,atm
10940,454,2025-06-20,completed,cod
10941,60,2025-08-28,completed,wallet
10942,157,2024-10-09,completed,atm
10943,1769,2025-01-19,completed,wallet
10944,1737,2024-10-06,completed,card
10945,1177,2025-01-02,completed,card
10946,1758,2025-02-13,completed,wallet
10947,1775,2025-08-13,completed,card
10948,196,2025-09-21,completed,cod
10949,585,2024-12-10,completed,card
10950,1173,2025-01-07,completed,card
10951,1640,2025-03-02,completed,atm
10952,1600,2024-04-18,completed,card
10953,585,2024-07-21,completed,card
10954,2261,2024-10-18,refunded,card
10955,1468,2024-05-18,refunded,card
10956,692,2025-01-03,completed,card
10957,1378,2024-04-27,completed,wallet
10958,1768,2025-02-21,completed,wallet
10959,346,2025-07-09,completed,wallet
10960,1728,2025-07-08,refunded,card
10961,783,2025-07-30,completed,card
10962,752,2025-12-23,completed,card
10963,961,2025-12-13,completed,card
10964,2245,2025-06-14,completed,card
10965,489,2024-10-17,completed,card
10966,569,2024-06-15,completed,card
10967,1069,2024-10-01,completed,card
10968,505,2024-09-09,completed,card
10969,1893,2025-07-21,completed,card
10970,211,2024-03-19,completed,wallet
10971,756,2025-06-06,completed,card
10972,1214,2025-12-13,completed,atm
10973,945,2024-02-19,completed,card
10974,2099,2025-11-18,completed,atm
10975,1215,2024-01-25,completed,card
10976,459,2025-12-17,cancelled,atm
10977,988,2024-05-25,completed,card
10978,1696,2025-03-30,completed,card
10979,926,2025-10-03,completed,card
10980,1315,2025-06-21,completed,atm
10981,2156,2025-01-10,completed,card
10982,1217,2024-05-21,refunded,card
10983,918,2024-12-18,completed,card
10984,1754,2024-11-20,completed,atm
10985,1068,2024-10-02,completed,card
10986,2272,2025-12-27,completed,atm
10987,1222,2024-02-25,completed,card
10988,749,2025-09-04,completed,card
10989,782,2024-02-19,completed,card
10990,1513,2025-09-23,completed,wallet
10991,2195,2024-12-15,completed,atm
10992,1355,2025-12-08,completed,wallet
10993,886,2024-05-03,completed,card
10994,689,2025-01-18,completed,card
10995,2072,2024-06-27,completed,atm
10996,1397,2025-03-02,completed,card
10997,198,2024-11-10,completed,card
10998,2035,2024-12-04,completed,atm
10999,234,2024-11-01,completed,card
11000,1454,2024-03-09,cancelled,atm
11001,1282,2024-02-20,completed,cod
11002,1984,2025-04-15,completed,card
11003,701,2024-10-15,completed,card
11004,2369,2025-12-14,completed,card
11005,170,2025-09-03,completed,atm
11006,516,2024-08-17,completed,card
11007,1081,2025-08-04,completed,card
11008,1260,2025-05-20,completed,card
11009,1823,2024-12-16,completed,card
11010,1949,2024-09-23,completed,atm
11011,1708,2024-01-16,completed,card
11012,2113,2024-04-15,completed,atm
11013,780,2024-06-03,completed,card
11014,1354,2024-08-02,completed,atm
11015,88,2025-05-03,completed,card
11016,1781,2025-12-23,completed,cod
11017,2138,2025-07-09,completed,atm
11018,2002,2024-07-10,completed,card
11019,1221,2024-02-16,completed,atm
11020,1993,2024-10-20,completed,card
11021,1433,2024-12-31,completed,card
11022,750,2025-05-24,completed,wallet
11023,2406,2024-12-02,completed,card
11024,1446,2024-08-24,completed,card
11025,1189,2025-06-17,completed,card
11026,981,2024-10-29,completed,card
11027,119,2024-11-16,completed,atm
11028,1136,2025-04-14,completed,card
11029,2001,2025-06-22,completed,card
11030,978,2024-09-08,completed,card
11031,1480,2024-11-05,completed,atm
11032,1075,2024-11-12,completed,card
11033,1371,2025-05-08,completed,cod
11034,794,2024-08-18,completed,card
11035,1452,2024-11-06,completed,card
11036,1621,2024-01-24,completed,wallet
11037,715,2025-11-03,completed,card
11038,266,2025-12-21,completed,atm
11039,1195,2025-07-15,completed,card
11040,2500,2025-08-12,completed,wallet
11041,721,2025-05-24,completed,wallet
11042,1762,2024-03-11,completed,card
11043,1440,2025-08-06,completed,wallet
11044,1492,2024-05-14,completed,wallet
11045,1878,2025-11-17,completed,card
11046,1582,2024-02-16,completed,card
11047,738,2025-09-03,completed,card
11048,6,2025-11-17,completed,card
11049,1990,2024-06-16,completed,card
11050,2275,2024-08-08,completed,atm
11051,235,2025-09-27,completed,atm
11052,963,2024-10-30,completed,card
11053,1864,2025-08-05,completed,atm
11054,671,2024-09-10,completed,card
11055,1149,2024-11-18,completed,card
11056,372,2024-04-29,completed,card
11057,615,2024-05-11,completed,card
11058,611,2024-08-29,completed,card
11059,431,2024-09-24,completed,wallet
11060,2269,2024-02-21,completed,atm
11061,1137,2025-11-18,completed,card
11062,2171,2024-02-02,completed,card
11063,6,2024-08-12,completed,card
11064,2337,2025-10-11,completed,atm
11065,165,2024-01-20,completed,atm
11066,207,2024-02-05,completed,card
11067,159,2024-06-13,completed,cod
11068,2289,2024-10-30,completed,wallet
11069,198,2025-11-25,completed,card
11070,939,2024-03-23,completed,card
11071,1856,2025-06-03,completed,card
11072,1199,2025-10-04,completed,card
11073,2456,2024-02-15,completed,card
11074,2405,2024-01-18,completed,wallet
11075,2383,2024-11-29,cancelled,card
11076,1082,2024-10-29,completed,wallet
11077,1961,2025-01-27,cancelled,wallet
11078,2166,2025-01-13,completed,atm
11079,1975,2024-05-23,completed,card
11080,1041,2025-06-06,completed,atm
11081,1542,2025-10-02,completed,wallet
11082,1651,2024-03-13,completed,card
11083,283,2024-12-19,completed,card
11084,1352,2024-08-01,completed,card
11085,233,2024-12-24,completed,card
11086,1506,2025-01-15,completed,atm
11087,1008,2024-01-26,refunded,card
11088,1688,2024-05-07,completed,card
11089,349,2024-01-09,completed,card
11090,892,2025-12-04,completed,card
11091,448,2024-11-08,completed,atm
11092,2110,2024-09-27,completed,card
11093,195,2024-07-24,completed,card
11094,1838,2025-07-09,completed,atm
11095,1356,2025-08-17,completed,card
11096,174,2024-05-31,completed,card
11097,2454,2024-10-12,completed,card
11098,99,2025-04-23,completed,atm
11099,203,2025-03-03,completed,wallet
11100,1189,2024-07-14,completed,card
11101,2371,2024-06-14,completed,cod
11102,2146,2024-07-19,completed,card
11103,1657,2024-09-03,completed,atm
11104,677,2024-10-17,completed,card
11105,1153,2025-08-23,completed,card
11106,887,2024-01-29,completed,card
11107,2378,2025-10-24,completed,cod
11108,2039,2024-10-21,completed,cod
11109,376,2025-05-01,completed,wallet
11110,101,2024-09-01,completed,atm
11111,1778,2025-02-20,completed,card
11112,2240,2024-11-27,completed,atm
11113,1718,2024-09-18,completed,card
11114,1398,2024-08-06,completed,card
11115,1356,2025-12-18,completed,card
11116,1460,2024-03-30,completed,atm
11117,977,2025-08-29,completed,card
11118,163,2024-10-19,completed,atm
11119,1879,2024-10-24,completed,card
11120,260,2024-07-26,completed,card
11121,1178,2024-08-27,completed,cod
11122,2270,2024-02-05,completed,wallet
11123,316,2024-05-26,completed,cod
11124,2358,2024-10-29,completed,card
11125,1031,2025-12-11,completed,wallet
11126,1451,2024-09-29,completed,wallet
11127,341,2025-07-20,completed,card
11128,1241,2024-05-19,completed,wallet
11129,2149,2025-08-08,completed,wallet
11130,1776,2025-10-20,completed,card
11131,1197,2025-08-16,completed,wallet
11132,2110,2024-04-09,completed,atm
11133,1045,2025-10-11,refunded,card
11134,1722,2025-05-10,refunded,atm
11135,62,2024-11-16,completed,wallet
11136,2362,2024-02-28,completed,wallet
11137,1446,2024-10-14,completed,card
11138,152,2024-12-14,completed,card
11139,2102,2025-07-27,completed,cod
11140,1846,2024-05-23,completed,card
11141,402,2025-02-15,completed,wallet
11142,919,2025-04-06,completed,wallet
11143,1094,2025-08-14,completed,atm
11144,2056,2024-10-02,completed,wallet
11145,1140,2025-12-02,completed,wallet
11146,2220,2025-02-02,completed,card
11147,1681,2025-01-28,completed,atm
11148,2282,2025-08-16,completed,wallet
11149,1254,2024-10-07,completed,wallet
11150,2242,2024-03-20,completed,atm
11151,236,2024-12-17,completed,wallet
11152,1004,2024-02-05,completed,atm
11153,1433,2024-08-08,completed,atm
11154,236,2025-01-23,completed,atm
11155,356,2024-07-04,completed,card
11156,2245,2024-12-14,completed,wallet
11157,1534,2024-12-22,completed,atm
11158,1456,2024-11-26,completed,wallet
11159,2182,2025-05-24,cancelled,wallet
11160,426,2024-03-03,completed,card
11161,8,2024-08-26,completed,atm
11162,690,2025-11-02,completed,cod
11163,247,2024-05-01,completed,card
11164,2076,2025-02-03,completed,card
11165,1047,2024-02-06,completed,card
11166,561,2024-11-12,completed,atm
11167,877,2025-12-16,completed,atm
11168,298,2024-12-31,completed,atm
11169,238,2024-01-21,completed,card
11170,1521,2025-07-04,completed,card
11171,1059,2025-09-01,completed,cod
11172,229,2024-12-26,completed,card
11173,823,2025-12-03,cancelled,cod
11174,766,2024-05-16,completed,card
11175,323,2025-10-03,completed,card
11176,726,2024-07-06,completed,wallet
11177,2090,2025-03-31,completed,wallet
11178,1914,2024-11-26,completed,card
11179,475,2025-05-19,completed,atm
11180,1243,2025-01-19,completed,card
11181,478,2024-12-31,completed,atm
11182,2219,2025-09-27,completed,card
11183,2136,2024-03-28,completed,wallet
11184,1269,2024-11-14,completed,wallet
11185,1103,2024-07-02,refunded,atm
11186,859,2024-06-25,completed,atm
11187,1236,2024-04-17,completed,wallet
11188,1827,2024-01-31,completed,card
11189,928,2025-08-17,completed,cod
11190,36,2025-03-03,completed,wallet
11191,1174,2025-08-30,completed,card
11192,684,2024-02-10,completed,card
11193,2245,2024-09-10,completed,card
11194,748,2025-12-18,completed,card
11195,1163,2024-04-30,completed,card
11196,1710,2024-03-28,completed,atm
11197,1820,2025-01-20,completed,atm
11198,205,2024-01-31,completed,cod
11199,448,2024-07-09,completed,card
11200,1843,2025-03-03,completed,wallet
11201,820,2025-11-29,completed,cod
11202,1785,2024-05-09,completed,atm
11203,2059,2025-10-27,completed,card
11204,853,2024-08-25,completed,card
11205,448,2025-07-01,cancelled,atm
11206,860,2024-12-30,completed,card
11207,1847,2025-01-21,completed,card
11208,2139,2024-10-21,completed,card
11209,484,2025-01-22,completed,card
11210,1961,2025-11-11,completed,card
11211,1034,2025-12-04,completed,card
11212,1451,2025-01-25,completed,atm
11213,1986,2025-11-05,completed,card
11214,971,2025-10-08,completed,atm
11215,2274,2024-03-28,completed,card
11216,2451,2024-02-09,completed,card
11217,260,2025-09-22,completed,card
11218,1932,2025-06-23,completed,card
11219,1468,2025-04-20,completed,card
11220,1486,2025-01-17,completed,card
11221,2207,2025-11-16,completed,atm
11222,314,2024-03-01,completed,atm
11223,344,2024-10-09,completed,card
11224,1157,2024-03-07,completed,card
11225,489,2024-01-01,completed,atm
11226,860,2024-02-21,completed,card
11227,1409,2025-05-29,completed,wallet
11228,197,2025-11-27,completed,atm
11229,695,2024-08-09,completed,card
11230,519,2024-06-26,completed,card
11231,1618,2024-02-27,completed,atm
11232,450,2024-10-11,completed,card
11233,2132,2024-10-12,completed,card
11234,1455,2024-02-17,completed,cod
11235,691,2024-03-25,completed,atm
11236,58,2024-12-21,completed,card
11237,240,2024-05-06,completed,wallet
11238,361,2025-06-12,completed,card
11239,131,2024-10-16,completed,card
11240,268,2024-03-22,completed,card
11241,1640,2025-12-14,completed,card
11242,2149,2025-11-01,completed,cod
11243,506,2025-02-23,completed,card
11244,576,2025-03-14,completed,cod
11245,12,2025-09-13,completed,atm
11246,1198,2025-10-29,completed,atm
11247,1070,2024-01-23,completed,card
11248,629,2025-08-24,completed,card
11249,1887,2024-02-15,completed,atm
11250,462,2025-01-17,completed,atm
11251,1801,2025-09-25,completed,card
11252,1850,2024-04-20,completed,card
11253,2007,2024-04-12,completed,wallet
11254,1553,2025-12-25,cancelled,cod
11255,1582,2025-05-30,completed,cod
11256,1450,2025-04-29,completed,cod
11257,2352,2025-10-24,completed,card
11258,1112,2024-11-06,completed,wallet
11259,1097,2024-01-03,completed,card
11260,228,2025-02-19,completed,card
11261,413,2024-04-13,completed,card
11262,44,2025-08-29,completed,atm
11263,1463,2024-08-16,completed,cod
11264,1596,2025-07-28,completed,card
11265,1236,2025-10-13,completed,atm
11266,1731,2024-06-28,completed,atm
11267,1197,2025-03-12,completed,cod
11268,1088,2025-05-13,completed,card
11269,711,2024-12-15,completed,card
11270,1114,2024-10-12,completed,atm
11271,1280,2025-05-12,cancelled,cod
11272,1253,2025-12-05,cancelled,cod
11273,598,2025-05-27,completed,atm
11274,1364,2025-03-26,completed,card
11275,1592,2025-04-14,completed,card
11276,1692,2025-09-15,completed,card
11277,2328,2025-01-22,cancelled,cod
11278,919,2025-01-29,completed,cod
11279,1383,2025-12-01,completed,card
11280,347,2024-09-16,completed,wallet
11281,1803,2024-06-28,completed,card
11282,1154,2025-02-18,cancelled,card
11283,792,2024-10-17,refunded,wallet
11284,577,2025-08-16,completed,card
11285,2207,2025-12-12,completed,card
11286,756,2024-02-12,completed,atm
11287,2415,2025-08-05,completed,card
11288,2500,2024-04-14,completed,cod
11289,2231,2025-01-06,completed,wallet
11290,1061,2024-08-23,completed,card
11291,2016,2025-04-25,completed,card
11292,416,2024-04-23,completed,atm
11293,2408,2025-06-07,completed,atm
11294,480,2025-09-04,completed,wallet
11295,1710,2025-02-03,completed,card
11296,1443,2025-12-19,completed,card
11297,1858,2024-05-28,completed,card
11298,241,2025-01-30,completed,card
11299,2446,2024-11-05,completed,wallet
11300,574,2025-10-18,completed,wallet
11301,1078,2024-08-28,completed,atm
11302,2380,2025-06-08,completed,card
11303,2383,2024-09-13,refunded,card
11304,408,2024-02-01,completed,cod
11305,1733,2025-05-20,completed,cod
11306,56,2024-10-21,completed,wallet
11307,1147,2025-12-27,completed,atm
11308,122,2025-05-06,cancelled,wallet
11309,379,2024-03-18,completed,cod
11310,728,2024-12-22,cancelled,card
11311,2093,2024-07-09,completed,atm
11312,735,2025-03-21,completed,card
11313,659,2025-11-24,completed,cod
11314,2155,2025-11-27,completed,atm
11315,2267,2025-07-28,completed,atm
11316,1325,2024-09-23,completed,atm
11317,562,2025-07-26,completed,card
11318,2277,2024-07-09,completed,wallet
11319,655,2025-08-10,refunded,card
11320,1061,2025-07-30,completed,atm
11321,48,2025-01-02,completed,card
11322,2249,2024-08-30,completed,card
11323,729,2025-02-06,completed,atm
11324,748,2025-12-07,completed,atm
11325,961,2024-05-21,completed,card
11326,1006,2025-05-07,completed,atm
11327,1417,2025-11-24,completed,atm
11328,2327,2024-06-29,completed,atm
11329,2118,2025-04-15,completed,wallet
11330,1971,2024-08-04,completed,wallet
11331,238,2025-01-01,completed,card
11332,1652,2025-12-18,completed,card
11333,2156,2025-10-12,completed,atm
11334,2367,2024-07-07,completed,atm
11335,518,2025-08-18,completed,card
11336,1956,2025-03-14,completed,atm
11337,2187,2024-12-14,completed,card
11338,707,2024-05-02,completed,atm
11339,122,2025-06-27,completed,card
11340,429,2025-05-14,completed,card
11341,1493,2025-09-11,completed,atm
11342,1706,2024-12-02,completed,wallet
11343,1966,2025-11-24,completed,atm
11344,2092,2025-10-24,refunded,card
11345,1687,2024-06-10,completed,cod
11346,150,2024-02-12,completed,atm
11347,2172,2024-09-28,completed,card
11348,337,2025-09-29,refunded,card
11349,710,2024-05-12,completed,card
11350,1025,2025-05-05,completed,card
11351,1477,2024-05-20,completed,card
11352,2162,2025-09-14,completed,cod
11353,712,2025-10-30,completed,wallet
11354,1740,2025-10-18,completed,card
11355,909,2024-08-15,completed,atm
11356,2500,2024-10-29,completed,cod
11357,2138,2025-01-19,completed,wallet
11358,431,2025-08-21,completed,card
11359,2430,2025-02-03,completed,wallet
11360,162,2024-12-03,completed,atm
11361,814,2024-07-14,completed,card
11362,798,2024-03-08,completed,wallet
11363,1637,2024-06-30,completed,atm
11364,1053,2025-08-16,completed,card
11365,853,2025-10-05,completed,card
11366,649,2025-10-25,completed,atm
11367,574,2024-05-14,completed,atm
11368,1182,2024-09-26,completed,card
11369,825,2024-03-04,completed,atm
11370,1518,2025-11-04,completed,card
11371,2463,2025-05-14,completed,atm
11372,2317,2025-01-09,completed,atm
11373,1687,2024-01-15,completed,card
11374,2285,2024-10-26,completed,cod
11375,2475,2024-12-04,completed,atm
11376,1423,2024-12-15,completed,card
11377,2117,2025-11-22,completed,wallet
11378,1029,2025-01-25,completed,cod
11379,2292,2024-09-27,completed,atm
11380,1676,2024-09-06,completed,card
11381,2175,2024-05-30,completed,card
11382,807,2024-12-12,completed,atm
11383,1110,2024-07-01,completed,card
11384,458,2024-05-02,completed,card
11385,2400,2025-09-21,completed,card
11386,1448,2024-06-22,completed,atm
11387,501,2024-01-07,completed,card
11388,334,2025-11-20,completed,card
11389,873,2024-04-27,completed,card
11390,947,2024-03-05,completed,card
11391,512,2024-11-09,completed,cod
11392,2346,2025-02-28,completed,atm
11393,1248,2024-01-26,completed,wallet
11394,933,2024-01-30,completed,card
11395,2365,2025-04-26,completed,cod
11396,801,2025-06-27,completed,card
11397,121,2024-04-23,completed,card
11398,2466,2025-05-09,completed,wallet
11399,1631,2025-10-01,completed,cod
11400,2435,2025-02-23,completed,atm
11401,1914,2024-10-22,completed,wallet
11402,1103,2025-12-10,completed,atm
11403,1019,2024-12-15,completed,atm
11404,1814,2024-12-16,completed,card
11405,76,2025-12-11,completed,wallet
11406,617,2024-02-25,completed,cod
11407,1639,2025-12-29,completed,card
11408,1516,2024-12-02,completed,wallet
11409,112,2025-10-13,completed,card
11410,775,2025-02-14,completed,card
11411,900,2024-03-24,completed,card
11412,600,2024-12-28,completed,card
11413,328,2024-01-01,completed,cod
11414,939,2025-11-06,completed,card
11415,996,2025-12-05,completed,wallet
11416,740,2024-06-27,completed,card
11417,457,2024-11-26,completed,cod
11418,1613,2024-10-04,completed,card
11419,1507,2025-03-06,completed,atm
11420,1100,2025-12-07,completed,atm
11421,1571,2025-11-19,completed,card
11422,764,2024-05-25,completed,card
11423,2153,2025-04-02,refunded,atm
11424,1636,2025-02-11,completed,card
11425,2388,2025-02-09,completed,card
11426,2411,2024-10-04,completed,wallet
11427,1641,2024-05-06,completed,atm
11428,2439,2024-03-05,refunded,cod
11429,797,2025-12-12,completed,card
11430,1201,2024-05-04,completed,card
11431,391,2024-09-09,completed,card
11432,165,2025-05-30,cancelled,card
11433,570,2025-01-04,completed,wallet
11434,238,2024-12-10,completed,card
11435,1606,2024-09-11,completed,cod
11436,309,2024-08-18,completed,card
11437,204,2024-04-05,completed,card
11438,2112,2024-08-03,completed,card
11439,1232,2024-10-12,completed,wallet
11440,1777,2024-10-23,completed,atm
11441,704,2025-02-04,completed,cod
11442,2033,2024-11-21,completed,card
11443,2339,2024-02-15,completed,atm
11444,1842,2025-08-30,completed,card
11445,1413,2025-03-26,completed,cod
11446,1779,2024-05-01,completed,wallet
11447,1140,2024-04-14,completed,cod
11448,183,2024-12-13,cancelled,card
11449,495,2025-10-28,cancelled,atm
11450,625,2024-10-26,completed,card
11451,2015,2024-12-23,completed,cod
11452,551,2024-08-29,completed,card
11453,2339,2024-05-30,completed,card
11454,799,2024-06-09,completed,card
11455,210,2024-11-16,completed,card
11456,2434,2025-02-18,completed,atm
11457,1823,2025-04-23,completed,atm
11458,2150,2025-12-07,completed,card
11459,131,2025-11-23,completed,atm
11460,256,2025-12-01,completed,wallet
11461,73,2025-11-14,completed,atm
11462,134,2025-08-22,completed,card
11463,2216,2025-01-10,completed,card
11464,492,2025-09-05,cancelled,atm
11465,2457,2025-06-09,completed,atm
11466,593,2025-07-07,completed,card
11467,1096,2025-10-12,completed,wallet
11468,1811,2024-01-23,completed,card
11469,551,2025-05-21,completed,atm
11470,2127,2025-08-04,cancelled,card
11471,642,2024-03-10,completed,atm
11472,2033,2024-05-04,completed,atm
11473,1592,2025-10-11,completed,atm
11474,1458,2025-12-10,completed,wallet
11475,2496,2024-08-31,completed,atm
11476,2,2024-03-01,completed,card
11477,2415,2025-09-23,completed,wallet
11478,1564,2024-08-21,completed,card
11479,1690,2024-08-03,completed,atm
11480,2223,2025-09-04,completed,card
11481,115,2025-05-04,completed,card
11482,163,2024-08-08,completed,atm
11483,617,2024-12-02,completed,cod
11484,2285,2024-05-26,completed,wallet
11485,2344,2024-05-03,completed,atm
11486,1121,2024-03-15,completed,card
11487,1495,2024-06-27,completed,atm
11488,1550,2025-10-30,completed,atm
11489,310,2024-05-14,completed,card
11490,668,2024-06-04,completed,card
11491,768,2025-12-11,completed,wallet
11492,1966,2024-01-08,completed,atm
11493,478,2025-11-05,completed,card
11494,1450,2025-11-17,completed,card
11495,116,2024-11-22,completed,card
11496,765,2024-03-03,cancelled,card
11497,1086,2025-01-03,completed,card
11498,1263,2024-01-14,completed,card
11499,712,2024-07-05,completed,wallet
11500,209,2025-08-19,completed,atm
11501,1406,2025-07-24,completed,atm
11502,539,2024-07-17,completed,card
11503,1363,2024-08-21,completed,card
11504,688,2025-12-07,completed,wallet
11505,16,2024-01-16,completed,atm
11506,513,2024-08-17,completed,card
11507,734,2024-03-24,completed,card
11508,1604,2024-08-05,completed,card
11509,782,2025-01-27,completed,wallet
11510,637,2024-05-17,completed,wallet
11511,2357,2024-04-13,completed,card
11512,1146,2024-02-09,completed,wallet
11513,2076,2025-06-07,completed,atm
11514,443,2025-07-23,completed,wallet
11515,1221,2025-08-06,completed,atm
11516,602,2025-05-01,completed,card
11517,2336,2025-12-26,completed,card
11518,337,2024-04-25,completed,cod
11519,1699,2025-08-06,completed,wallet
11520,404,2025-11-30,completed,card
11521,849,2024-01-21,cancelled,card
11522,391,2024-11-15,completed,cod
11523,1806,2024-08-27,completed,atm
11524,623,2024-02-13,refunded,card
11525,1009,2024-06-11,completed,wallet
11526,1593,2025-09-03,completed,card
11527,1235,2025-05-03,completed,atm
11528,641,2024-05-05,completed,atm
11529,1908,2025-06-05,completed,atm
11530,554,2024-03-11,completed,card
11531,2115,2024-05-08,completed,cod
11532,1695,2024-07-19,completed,card
11533,1922,2024-08-01,completed,cod
11534,585,2024-10-05,completed,atm
11535,359,2025-12-07,completed,card
11536,1921,2024-11-19,completed,card
11537,359,2024-04-27,refunded,card
11538,2337,2025-04-03,completed,atm
11539,305,2025-12-05,cancelled,card
11540,1552,2025-03-25,completed,card
11541,293,2025-12-11,completed,card
11542,2009,2024-04-13,completed,wallet
11543,1432,2025-08-20,completed,card
11544,1249,2024-06-23,completed,card
11545,1640,2024-11-21,completed,atm
11546,2401,2025-09-13,cancelled,card
11547,1138,2025-01-02,completed,cod
11548,1596,2025-02-27,completed,card
11549,2332,2025-07-25,completed,card
11550,898,2024-07-03,completed,card
11551,2155,2024-06-26,completed,cod
11552,1547,2024-06-23,completed,cod
11553,290,2025-12-22,completed,atm
11554,2261,2025-12-08,completed,card
11555,569,2025-01-03,completed,atm
11556,814,2024-02-02,completed,card
11557,1155,2024-11-09,completed,card
11558,1589,2024-08-03,completed,atm
11559,1961,2024-10-15,completed,card
11560,219,2025-01-17,completed,cod
11561,866,2024-04-12,completed,card
11562,256,2024-02-03,cancelled,card
11563,1366,2025-04-21,completed,card
11564,267,2024-12-18,completed,atm
11565,721,2025-02-22,completed,card
11566,1453,2024-11-12,completed,card
11567,570,2025-02-19,completed,card
11568,2341,2025-08-05,completed,card
11569,1145,2025-02-12,completed,card
11570,1152,2025-08-14,completed,atm
11571,892,2025-10-03,completed,atm
11572,275,2025-11-06,cancelled,atm
11573,2404,2025-07-15,completed,card
11574,615,2025-02-21,completed,card
11575,844,2025-11-23,completed,card
11576,332,2024-11-01,completed,cod
11577,2317,2025-12-26,completed,atm
11578,27,2025-02-21,completed,card
11579,1601,2025-06-11,completed,card
11580,2122,2025-08-10,completed,wallet
11581,1266,2025-11-23,completed,wallet
11582,747,2025-01-31,completed,card
11583,600,2025-11-28,completed,card
11584,2332,2024-12-18,completed,wallet
11585,358,2025-11-16,completed,card
11586,260,2024-11-03,completed,wallet
11587,330,2025-01-29,completed,wallet
11588,1112,2025-11-02,completed,card
11589,1395,2024-04-03,completed,card
11590,1752,2025-12-22,completed,cod
11591,1837,2024-01-16,completed,cod
11592,1561,2025-12-16,completed,card
11593,2187,2024-08-11,completed,card
11594,257,2025-01-17,completed,atm
11595,896,2025-04-18,completed,atm
11596,232,2025-03-19,cancelled,card
11597,1452,2024-10-02,completed,atm
11598,1090,2025-07-02,cancelled,wallet
11599,1980,2025-08-13,completed,card
11600,1584,2025-04-26,completed,atm
11601,692,2025-12-17,completed,card
11602,769,2025-12-27,completed,wallet
11603,893,2024-01-12,completed,atm
11604,2399,2025-05-05,completed,atm
11605,891,2024-05-03,completed,card
11606,2275,2025-10-18,completed,atm
11607,78,2024-10-23,completed,card
11608,39,2025-08-27,completed,atm
11609,1637,2024-09-03,cancelled,card
11610,2170,2024-12-18,completed,atm
11611,1917,2025-03-08,cancelled,cod
11612,899,2024-02-18,completed,card
11613,2346,2025-06-19,completed,atm
11614,894,2024-03-17,completed,card
11615,2127,2025-12-22,completed,card
11616,1636,2025-07-19,completed,atm
11617,2225,2025-12-17,completed,wallet
11618,420,2025-03-03,completed,card
11619,2260,2024-05-10,completed,card
11620,814,2025-01-28,completed,atm
11621,335,2024-12-07,completed,atm
11622,935,2025-10-09,refunded,atm
11623,1329,2024-08-10,completed,wallet
11624,126,2025-05-06,completed,card
11625,2156,2025-09-07,completed,card
11626,2410,2025-04-28,completed,card
11627,2082,2025-12-04,completed,atm
11628,2219,2024-09-18,completed,card
11629,536,2024-03-20,completed,atm
11630,239,2024-10-21,completed,atm
11631,588,2024-09-12,completed,atm
11632,906,2025-03-28,completed,atm
11633,1046,2024-01-13,completed,atm
11634,2249,2024-08-25,completed,atm
11635,87,2025-12-21,completed,card
11636,256,2025-11-06,completed,card
11637,762,2025-12-08,completed,card
11638,914,2025-08-15,completed,atm
11639,2122,2025-06-24,completed,card
11640,985,2024-11-11,completed,atm
11641,972,2025-11-23,completed,wallet
11642,893,2024-10-29,refunded,cod
11643,1611,2024-06-14,completed,cod
11644,2097,2024-08-15,completed,card
11645,2056,2025-10-02,completed,atm
11646,1205,2024-10-20,completed,wallet
11647,364,2024-12-02,cancelled,card
11648,886,2025-01-15,completed,atm
11649,2479,2024-11-23,completed,card
11650,825,2025-05-03,completed,card
11651,432,2024-07-03,completed,card
11652,610,2024-05-21,completed,atm
11653,83,2025-11-12,completed,wallet
11654,499,2025-06-13,completed,cod
11655,585,2024-04-07,completed,card
11656,395,2024-02-05,completed,card
11657,1631,2024-09-23,cancelled,card
11658,2023,2024-10-18,completed,card
11659,533,2025-09-10,completed,wallet
11660,1221,2024-09-06,completed,atm
11661,2087,2024-05-18,completed,atm
11662,935,2024-02-04,completed,cod
11663,1518,2025-11-26,completed,atm
11664,2451,2025-02-20,completed,atm
11665,566,2024-09-04,completed,cod
11666,865,2025-05-25,completed,card
11667,1337,2025-07-26,completed,card
11668,84,2024-08-23,completed,cod
11669,957,2024-05-04,completed,card
11670,1543,2024-09-16,completed,card
11671,678,2025-07-09,completed,atm
11672,1940,2025-11-15,completed,card
11673,34,2025-02-06,completed,card
11674,395,2024-01-04,completed,atm
11675,885,2025-10-27,completed,card
11676,1499,2024-01-15,completed,card
11677,499,2025-12-09,completed,card
11678,1058,2025-11-22,completed,wallet
11679,1331,2024-09-25,completed,card
11680,2210,2025-02-16,completed,card
11681,707,2025-07-31,completed,card
11682,2463,2025-10-08,completed,atm
11683,1693,2025-02-26,completed,card
11684,1007,2024-02-03,refunded,card
11685,1674,2024-04-16,completed,cod
11686,1330,2024-08-02,completed,cod
11687,2318,2024-02-12,completed,card
11688,493,2024-11-04,completed,wallet
11689,903,2025-08-13,completed,card
11690,628,2025-01-25,completed,card
11691,335,2024-12-12,completed,card
11692,535,2025-05-27,completed,atm
11693,1736,2024-07-07,completed,atm
11694,1447,2025-04-26,completed,card
11695,1946,2025-12-31,completed,card
11696,1014,2025-11-27,completed,card
11697,567,2024-06-26,completed,card
11698,1007,2024-06-15,completed,card
11699,2297,2025-12-16,completed,atm
11700,2147,2025-05-23,completed,cod
11701,1913,2025-09-19,completed,card
11702,1749,2025-10-29,completed,wallet
11703,1402,2024-05-23,completed,wallet
11704,969,2025-07-11,completed,card
11705,1226,2025-11-27,completed,card
11706,664,2025-01-28,completed,card
11707,717,2025-08-24,cancelled,card
11708,1029,2024-05-15,completed,wallet
11709,1400,2024-08-23,completed,wallet
11710,1109,2025-01-07,completed,card
11711,379,2025-05-21,completed,atm
11712,2466,2025-05-03,completed,card
11713,2151,2025-02-11,completed,atm
11714,1070,2025-01-21,completed,card
11715,2491,2025-08-18,completed,atm
11716,2229,2024-02-27,completed,cod
11717,1740,2024-03-02,completed,atm
11718,1091,2025-02-20,completed,card
11719,1938,2025-10-12,cancelled,card
11720,2166,2025-10-01,completed,wallet
11721,798,2024-07-15,completed,card
11722,1523,2024-08-04,completed,cod
11723,1411,2024-10-14,completed,atm
11724,1054,2025-02-04,completed,card
11725,249,2024-12-06,completed,card
11726,1770,2024-03-08,completed,wallet
11727,2396,2025-11-04,completed,card
11728,411,2025-12-09,completed,atm
11729,2059,2025-09-02,completed,card
11730,274,2025-08-28,completed,atm
11731,1435,2025-02-28,completed,card
11732,1335,2025-08-07,completed,wallet
11733,1210,2024-02-08,completed,card
11734,460,2024-01-24,completed,card
11735,112,2024-05-10,completed,wallet
11736,2186,2025-01-16,completed,card
11737,901,2024-07-25,completed,atm
11738,112,2024-10-06,completed,wallet
11739,1117,2025-12-09,completed,wallet
11740,471,2025-05-16,completed,card
11741,231,2024-01-28,completed,atm
11742,1871,2024-07-30,completed,atm
11743,1081,2024-11-20,completed,cod
11744,935,2025-12-13,completed,wallet
11745,516,2024-12-02,completed,card
11746,2230,2024-11-02,completed,card
11747,2144,2025-06-30,completed,atm
11748,2092,2025-02-28,completed,wallet
11749,283,2025-10-28,completed,card
11750,972,2024-12-04,completed,wallet
11751,1448,2024-11-14,completed,atm
11752,500,2025-10-14,completed,cod
11753,2248,2025-07-31,completed,card
11754,203,2024-05-17,completed,card
11755,551,2025-06-10,completed,wallet
11756,2013,2025-06-23,completed,card
11757,18,2024-01-06,completed,atm
11758,1114,2024-07-15,completed,atm
11759,571,2025-10-08,completed,card
11760,1568,2024-09-21,completed,card
11761,1812,2024-06-07,completed,atm
11762,1207,2025-04-02,completed,card
11763,907,2025-07-06,completed,card
11764,2114,2025-10-16,completed,card
11765,1069,2024-12-27,completed,atm
11766,2227,2025-11-11,completed,atm
11767,1172,2025-04-21,completed,card
11768,876,2025-01-26,completed,atm
11769,787,2024-05-21,completed,card
11770,2098,2024-04-13,completed,card
11771,1598,2025-12-14,completed,card
11772,1595,2025-10-31,completed,card
11773,783,2025-01-09,completed,card
11774,161,2024-11-03,completed,card
11775,2475,2025-12-18,completed,card
11776,885,2025-06-21,completed,cod
11777,1120,2024-10-03,completed,cod
11778,861,2025-05-04,completed,card
11779,1507,2024-11-20,completed,card
11780,1320,2024-03-18,completed,atm
11781,518,2025-02-14,completed,cod
11782,1999,2024-08-27,completed,card
11783,1329,2025-04-15,completed,cod
11784,2123,2024-01-21,completed,atm
11785,1522,2025-03-27,completed,card
11786,1332,2024-02-04,completed,card
11787,1603,2024-11-08,completed,card
11788,2265,2025-04-24,completed,card
11789,604,2024-04-30,completed,card
11790,1475,2024-11-06,completed,atm
11791,1156,2024-11-14,completed,card
11792,1758,2025-03-05,cancelled,wallet
11793,2378,2025-05-18,completed,cod
11794,91,2025-10-28,completed,atm
11795,542,2025-07-12,completed,card
11796,569,2024-02-27,completed,card
11797,1704,2025-05-19,completed,cod
11798,596,2024-02-02,completed,cod
11799,20,2025-04-14,completed,atm
11800,1273,2024-08-19,completed,atm
11801,2461,2025-06-23,cancelled,wallet
11802,1613,2024-10-16,completed,card
11803,178,2025-06-24,completed,atm
11804,2221,2025-02-03,completed,wallet
11805,2290,2024-11-25,completed,card
11806,1377,2025-05-17,completed,card
11807,1919,2024-08-11,completed,card
11808,509,2024-09-22,completed,card
11809,1358,2025-10-27,completed,card
11810,26,2024-02-04,completed,wallet
11811,1910,2025-12-07,completed,atm
11812,2369,2024-04-19,completed,card
11813,635,2025-11-25,completed,atm
11814,877,2024-02-24,completed,card
11815,1528,2024-01-15,completed,wallet
11816,1126,2025-01-16,completed,card
11817,1651,2025-02-28,completed,atm
11818,1202,2024-07-30,completed,wallet
11819,883,2025-08-31,completed,card
11820,1442,2024-02-08,completed,card
11821,227,2025-12-22,completed,wallet
11822,1722,2025-09-07,completed,card
11823,2252,2024-12-18,completed,card
11824,935,2025-09-30,completed,cod
11825,1743,2025-03-25,completed,wallet
11826,1453,2025-06-11,completed,card
11827,1734,2025-01-27,completed,wallet
11828,802,2024-01-16,completed,card
11829,2145,2025-02-27,completed,card
11830,1780,2024-09-14,completed,card
11831,1041,2024-11-10,completed,card
11832,344,2025-09-17,completed,card
11833,882,2025-11-20,completed,atm
11834,63,2024-01-13,completed,cod
11835,233,2024-06-06,completed,atm
11836,1309,2024-12-29,completed,card
11837,938,2025-08-26,completed,atm
11838,765,2024-07-19,completed,card
11839,1343,2025-12-16,completed,card
11840,2179,2025-05-23,completed,card
11841,583,2025-05-29,completed,wallet
11842,1857,2025-01-06,completed,cod
11843,1884,2025-03-15,completed,atm
11844,985,2024-08-04,completed,card
11845,1898,2024-05-04,completed,card
11846,832,2025-04-05,completed,atm
11847,1146,2024-12-14,completed,card
11848,654,2025-02-20,completed,card
11849,2339,2024-08-30,completed,card
11850,1460,2025-02-26,completed,atm
11851,1203,2024-08-13,completed,card
11852,40,2024-02-22,completed,atm
11853,609,2024-02-20,completed,card
11854,1915,2024-10-17,completed,card
11855,2224,2024-03-28,completed,cod
11856,1523,2025-11-20,completed,atm
11857,1284,2024-04-13,completed,card
11858,2368,2024-01-05,completed,cod
11859,2461,2024-05-16,cancelled,card
11860,969,2025-01-04,completed,card
11861,2033,2025-09-16,completed,atm
11862,748,2025-12-01,completed,cod
11863,1232,2024-12-23,cancelled,card
11864,83,2025-01-26,completed,atm
11865,849,2025-07-14,completed,card
11866,1963,2025-08-24,completed,atm
11867,1081,2024-05-01,completed,cod
11868,49,2025-03-22,completed,card
11869,1725,2024-06-02,completed,card
11870,903,2025-10-03,completed,cod
11871,2,2024-12-29,completed,card
11872,2452,2025-10-12,completed,card
11873,2262,2024-04-18,completed,card
11874,648,2024-12-27,completed,atm
11875,1852,2025-11-06,completed,card
11876,296,2025-02-18,completed,atm
11877,2466,2024-08-03,cancelled,wallet
11878,1159,2024-11-26,completed,atm
11879,1679,2025-04-03,completed,card
11880,1574,2024-09-14,completed,card
11881,654,2024-11-15,completed,cod
11882,1081,2025-09-06,completed,card
11883,39,2025-12-28,completed,card
11884,20,2025-10-21,completed,card
11885,367,2024-06-07,completed,card
11886,492,2025-01-25,completed,atm
11887,2207,2024-02-24,completed,card
11888,495,2024-12-22,completed,card
11889,239,2024-06-03,completed,cod
11890,1492,2025-08-15,completed,card
11891,478,2025-09-14,completed,wallet
11892,858,2025-10-05,completed,atm
11893,347,2024-06-29,completed,wallet
11894,1828,2024-10-08,completed,cod
11895,694,2024-05-22,cancelled,atm
11896,1583,2025-10-07,completed,wallet
11897,2392,2024-09-23,completed,wallet
11898,1067,2024-11-17,completed,card
11899,632,2025-10-28,completed,atm
11900,1929,2025-07-17,completed,card
11901,825,2025-12-16,completed,wallet
11902,695,2024-03-17,completed,atm
11903,2104,2024-12-31,completed,atm
11904,1332,2024-01-14,completed,card
11905,462,2024-11-02,completed,card
11906,764,2025-08-31,completed,card
11907,277,2025-03-07,completed,card
11908,2288,2024-11-07,completed,wallet
11909,876,2025-10-27,completed,atm
11910,1857,2024-01-24,completed,atm
11911,2386,2024-12-02,completed,card
11912,498,2025-09-04,completed,atm
11913,1109,2025-12-26,completed,card
11914,1883,2025-08-31,completed,card
11915,1330,2024-11-27,completed,card
11916,1529,2024-05-09,completed,cod
11917,1165,2024-01-12,completed,card
11918,2146,2025-07-27,completed,card
11919,2408,2025-04-18,completed,wallet
11920,1166,2025-08-05,completed,card
11921,1588,2024-12-03,completed,card
11922,1354,2024-07-27,completed,wallet
11923,955,2024-07-02,completed,card
11924,1273,2025-04-02,completed,card
11925,1739,2024-11-05,completed,atm
11926,1754,2025-01-26,cancelled,card
11927,1218,2024-12-15,completed,card
11928,965,2025-12-05,completed,card
11929,1788,2024-01-22,completed,card
11930,466,2025-01-16,refunded,card
11931,540,2025-01-27,completed,card
11932,151,2024-09-11,completed,atm
11933,2227,2025-11-14,completed,cod
11934,1582,2024-11-10,completed,atm
11935,450,2024-07-10,completed,atm
11936,529,2025-05-13,completed,card
11937,236,2025-09-09,completed,card
11938,2491,2024-11-01,completed,cod
11939,1121,2025-08-22,completed,card
11940,601,2025-01-08,completed,atm
11941,888,2025-09-23,completed,card
11942,2317,2025-08-29,completed,cod
11943,2175,2024-04-23,completed,wallet
11944,1947,2024-06-09,completed,card
11945,2123,2025-05-16,completed,wallet
11946,1426,2024-06-30,completed,card
11947,2411,2024-08-06,completed,card
11948,1438,2024-05-11,completed,card
11949,58,2025-02-17,completed,atm
11950,2016,2024-11-17,completed,wallet
11951,368,2025-05-18,completed,card
11952,250,2024-08-30,completed,card
11953,754,2024-12-05,completed,card
11954,872,2024-10-25,completed,atm
11955,2050,2024-07-05,cancelled,wallet
11956,785,2025-10-19,completed,card
11957,386,2025-06-16,completed,card
11958,260,2024-06-10,completed,card
11959,1607,2025-05-18,completed,card
11960,842,2024-09-17,completed,atm
11961,619,2025-06-03,completed,wallet
11962,36,2025-09-19,completed,card
11963,1963,2024-11-26,completed,wallet
11964,1843,2025-03-02,completed,card
11965,1710,2024-03-04,completed,cod
11966,744,2024-03-15,completed,card
11967,2056,2025-04-21,completed,atm
11968,1658,2025-04-18,completed,cod
11969,2217,2025-01-15,completed,cod
11970,548,2024-11-12,completed,wallet
11971,335,2024-07-04,completed,atm
11972,209,2025-06-29,refunded,atm
11973,1103,2025-11-21,completed,atm
11974,598,2025-10-24,completed,card
11975,2200,2024-01-02,cancelled,card
11976,1150,2025-03-13,completed,card
11977,470,2025-12-31,completed,card
11978,177,2025-03-24,completed,wallet
11979,785,2024-09-28,completed,wallet
11980,681,2024-08-25,completed,cod
11981,994,2024-02-04,completed,atm
11982,474,2025-11-22,completed,cod
11983,77,2024-10-12,completed,cod
11984,1408,2025-01-14,completed,card
11985,569,2025-11-23,completed,card
11986,472,2025-12-16,completed,wallet
11987,1071,2024-06-17,completed,atm
11988,1708,2025-06-14,completed,card
11989,1422,2025-09-19,completed,wallet
11990,55,2025-04-21,completed,wallet
11991,1309,2024-10-10,completed,atm
11992,1339,2025-12-02,refunded,cod
11993,1221,2025-05-06,completed,card
11994,1243,2024-11-04,completed,card
11995,2136,2024-08-05,completed,card
11996,2233,2024-12-17,completed,card
11997,1596,2025-12-30,completed,atm
11998,261,2025-05-04,completed,atm
11999,542,2025-10-12,completed,card
12000,162,2025-05-22,completed,atm
12001,2235,2025-03-29,completed,atm
12002,2230,2025-12-02,completed,card
12003,1190,2025-10-20,completed,wallet
12004,1064,2025-08-17,completed,wallet
12005,2478,2024-06-23,completed,atm
12006,352,2024-10-02,completed,atm
12007,917,2025-01-04,completed,atm
12008,2082,2024-12-07,completed,card
12009,1686,2024-01-06,completed,card
12010,2005,2025-03-23,completed,card
12011,1939,2024-10-28,completed,card
12012,1601,2024-04-13,completed,atm
12013,891,2025-05-16,completed,cod
12014,1346,2024-09-22,completed,card
12015,361,2024-05-04,completed,atm
12016,2493,2024-04-17,completed,cod
12017,2220,2025-06-04,completed,atm
12018,83,2024-08-04,completed,atm
12019,336,2024-01-17,completed,card
12020,1942,2025-12-22,completed,card
12021,1394,2025-12-12,completed,card
12022,1640,2024-09-22,completed,card
12023,870,2025-08-08,refunded,card
12024,2404,2025-05-02,completed,wallet
12025,192,2025-12-10,cancelled,card
12026,2370,2024-02-11,completed,atm
12027,2293,2024-08-21,completed,atm
12028,2284,2025-02-21,refunded,card
12029,1011,2024-08-23,completed,card
12030,266,2024-03-21,completed,card
12031,1575,2024-02-14,completed,cod
12032,11,2024-09-28,cancelled,cod
12033,1151,2024-12-31,completed,card
12034,99,2024-10-17,completed,atm
12035,920,2025-02-10,completed,card
12036,741,2024-10-17,completed,atm
12037,971,2024-07-03,completed,atm
12038,690,2025-04-25,completed,atm
12039,596,2024-08-28,cancelled,atm
12040,583,2024-01-21,completed,wallet
12041,588,2025-11-22,completed,atm
12042,1663,2024-06-05,completed,cod
12043,1891,2024-03-15,completed,atm
12044,162,2024-04-25,completed,atm
12045,2478,2024-05-10,completed,card
12046,2415,2024-11-09,completed,card
12047,16,2024-07-16,completed,wallet
12048,1623,2024-03-15,completed,card
12049,2386,2025-05-19,completed,card
12050,680,2025-12-16,refunded,atm
12051,838,2024-04-20,completed,wallet
12052,2312,2025-02-17,completed,card
12053,443,2025-05-24,refunded,card
12054,1376,2025-11-15,cancelled,atm
12055,1000,2024-12-29,completed,card
12056,1581,2024-03-24,completed,card
12057,1720,2024-10-26,completed,wallet
12058,2149,2024-12-18,cancelled,card
12059,1950,2024-04-10,completed,card
12060,2478,2025-12-22,completed,card
12061,2134,2024-05-16,completed,card
12062,2468,2025-11-03,completed,wallet
12063,8,2025-03-30,completed,atm
12064,920,2025-12-08,completed,cod
12065,1416,2024-05-28,completed,card
12066,2080,2025-10-18,completed,wallet
12067,2405,2024-09-23,completed,card
12068,230,2024-11-02,completed,cod
12069,574,2024-08-03,completed,card
12070,977,2025-07-27,completed,atm
12071,849,2025-03-21,completed,card
12072,1437,2024-10-23,completed,card
12073,1222,2025-06-27,completed,card
12074,1691,2025-07-05,completed,card
12075,1189,2024-06-21,completed,atm
12076,388,2024-05-26,completed,wallet
12077,1269,2025-01-27,completed,card
12078,949,2024-06-11,completed,atm
12079,1854,2025-04-09,completed,cod
12080,1405,2025-03-18,completed,wallet
12081,885,2025-09-12,completed,card
12082,2256,2024-08-17,completed,card
12083,1744,2024-05-04,completed,atm
12084,2252,2024-10-18,completed,wallet
12085,2312,2025-03-20,completed,card
12086,1477,2025-07-11,completed,atm
12087,1279,2024-06-17,completed,wallet
12088,2211,2024-03-12,completed,card
12089,2310,2025-12-12,completed,atm
12090,2351,2025-11-28,completed,card
12091,820,2025-06-29,completed,atm
12092,2358,2024-02-07,completed,cod
12093,1063,2025-08-28,completed,card
12094,1122,2024-10-10,completed,card
12095,239,2024-05-28,completed,atm
12096,911,2025-12-22,completed,card
12097,2082,2024-11-16,completed,card
12098,338,2025-10-02,completed,card
12099,1019,2025-02-22,completed,card
12100,1653,2024-03-17,completed,atm
12101,801,2024-08-01,completed,atm
12102,427,2025-01-20,completed,card
12103,604,2024-09-12,cancelled,atm
12104,1655,2024-06-11,completed,atm
12105,764,2025-12-18,completed,card
12106,604,2025-08-20,completed,atm
12107,2179,2025-08-07,completed,card
12108,1285,2025-08-29,completed,wallet
12109,499,2025-10-24,completed,card
12110,1529,2024-12-11,completed,atm
12111,1807,2025-10-14,completed,card
12112,2437,2024-02-12,completed,card
12113,2445,2025-08-25,completed,card
12114,2137,2024-08-31,refunded,atm
12115,923,2024-08-30,completed,cod
12116,1866,2024-11-12,completed,atm
12117,256,2024-03-30,completed,card
12118,813,2024-10-05,completed,card
12119,1281,2025-07-31,completed,wallet
12120,1260,2024-03-07,completed,atm
12121,1310,2024-08-10,completed,wallet
12122,627,2024-05-17,cancelled,cod
12123,1434,2024-07-14,cancelled,card
12124,1340,2024-05-09,completed,card
12125,2416,2025-06-02,completed,wallet
12126,2049,2024-03-16,completed,atm
12127,327,2024-12-26,completed,card
12128,581,2025-11-24,completed,wallet
12129,1607,2024-09-29,completed,atm
12130,1395,2025-12-30,completed,atm
12131,1170,2024-03-16,completed,atm
12132,2443,2025-04-26,completed,wallet
12133,987,2024-01-24,completed,card
12134,1217,2025-06-07,completed,card
12135,1747,2025-07-02,refunded,card
12136,750,2025-01-08,completed,card
12137,484,2024-04-07,completed,wallet
12138,725,2025-10-05,completed,atm
12139,2347,2024-09-08,completed,card
12140,1898,2024-10-29,completed,atm
12141,2119,2025-11-10,completed,atm
12142,2048,2025-03-19,completed,atm
12143,1369,2024-11-03,completed,atm
12144,1563,2025-06-05,completed,atm
12145,694,2024-01-25,completed,card
12146,1285,2025-01-15,completed,atm
12147,938,2024-08-28,completed,card
12148,1730,2024-06-22,completed,card
12149,433,2024-05-11,refunded,atm
12150,795,2024-05-31,completed,atm
12151,1926,2025-01-20,completed,card
12152,2140,2024-01-12,completed,card
12153,504,2024-10-05,completed,cod
12154,1603,2024-12-13,completed,card
12155,1573,2024-03-09,completed,wallet
12156,1400,2025-12-11,completed,atm
12157,2027,2024-04-01,completed,atm
12158,967,2025-03-11,completed,card
12159,2449,2025-02-02,completed,cod
12160,2292,2024-05-03,completed,atm
12161,188,2024-12-29,completed,card
12162,1508,2025-10-07,completed,card
12163,726,2025-03-22,completed,cod
12164,327,2024-01-27,completed,cod
12165,636,2025-06-12,completed,card
12166,316,2025-06-25,completed,card
12167,824,2024-01-03,completed,card
12168,1557,2024-07-22,completed,cod
12169,2408,2025-08-27,completed,atm
12170,1941,2024-06-19,completed,card
12171,1989,2024-04-09,refunded,card
12172,1164,2024-04-04,completed,cod
12173,917,2024-08-14,completed,cod
12174,2224,2024-03-06,completed,cod
12175,790,2025-10-25,completed,atm
12176,1772,2024-07-18,completed,atm
12177,1797,2025-02-10,completed,card
12178,1715,2024-06-02,completed,card
12179,247,2024-05-03,completed,atm
12180,2112,2024-08-04,completed,cod
12181,383,2024-01-19,completed,cod
12182,1346,2024-11-21,completed,atm
12183,1223,2025-03-23,completed,atm
12184,1033,2025-05-17,completed,card
12185,117,2024-11-15,refunded,card
12186,1473,2025-08-23,completed,atm
12187,1440,2024-04-20,completed,card
12188,410,2024-12-29,completed,cod
12189,1472,2025-03-06,completed,atm
12190,1104,2024-10-29,completed,wallet
12191,2087,2024-10-20,completed,wallet
12192,336,2025-09-17,completed,card
12193,125,2025-05-12,completed,card
12194,889,2024-01-06,completed,atm
12195,2202,2025-01-10,completed,wallet
12196,801,2024-09-11,completed,atm
12197,1174,2025-11-25,completed,atm
12198,1340,2024-03-10,completed,atm
12199,1940,2025-10-05,completed,card
12200,2229,2024-03-02,completed,card
12201,320,2024-10-22,completed,cod
12202,1206,2024-09-07,completed,card
12203,673,2025-12-15,completed,cod
12204,1614,2025-10-16,completed,atm
12205,1714,2024-10-07,completed,wallet
12206,2411,2025-02-15,completed,card
12207,2280,2025-03-26,completed,card
12208,1221,2025-05-31,completed,card
12209,886,2024-09-24,completed,card
12210,743,2024-12-26,completed,atm
12211,1127,2024-08-20,completed,wallet
12212,1956,2025-01-16,completed,atm
12213,497,2025-02-09,completed,card
12214,986,2025-03-03,completed,cod
12215,1527,2024-11-07,completed,card
12216,2381,2025-06-15,refunded,card
12217,8,2025-07-28,completed,wallet
12218,1459,2024-07-08,completed,card
12219,1400,2024-12-05,completed,cod
12220,808,2025-02-09,completed,atm
12221,1276,2025-12-20,completed,cod
12222,1347,2025-05-25,completed,card
12223,1435,2025-10-29,completed,card
12224,1525,2025-09-10,completed,card
12225,1645,2025-05-26,completed,card
12226,1649,2024-06-30,completed,atm
12227,1063,2025-10-20,completed,wallet
12228,792,2024-06-14,completed,cod
12229,355,2025-05-27,completed,card
12230,1061,2024-06-12,completed,atm
12231,2499,2025-02-21,completed,card
12232,235,2025-04-25,completed,card
12233,587,2024-03-05,completed,card
12234,963,2024-02-09,completed,atm
12235,602,2024-10-16,completed,wallet
12236,2458,2024-02-09,completed,cod
12237,1299,2024-06-10,cancelled,card
12238,1901,2025-09-20,completed,card
12239,1385,2025-10-30,completed,card
12240,421,2024-12-29,completed,card
12241,1500,2024-05-13,completed,card
12242,1074,2025-06-18,completed,cod
12243,1291,2024-02-07,completed,card
12244,1651,2025-11-13,completed,atm
12245,1594,2025-11-10,completed,card
12246,714,2024-11-10,completed,cod
12247,1563,2025-12-26,completed,atm
12248,1411,2025-10-07,completed,atm
12249,835,2024-09-13,completed,wallet
12250,1559,2025-07-24,completed,card
12251,457,2024-09-24,completed,cod
12252,675,2025-05-09,completed,card
12253,356,2024-01-26,completed,card
12254,398,2024-07-28,completed,card
12255,1117,2024-08-27,completed,card
12256,83,2024-06-23,completed,cod
12257,947,2024-10-20,completed,card
12258,1848,2024-06-03,completed,atm
12259,1766,2024-05-12,completed,card
12260,115,2024-03-25,completed,card
12261,2446,2024-12-11,completed,card
12262,248,2025-12-24,completed,card
12263,856,2024-03-18,completed,card
12264,334,2024-05-10,refunded,wallet
12265,1211,2025-08-03,completed,card
12266,1551,2025-08-27,completed,card
12267,1740,2024-09-15,completed,wallet
12268,325,2024-07-22,completed,cod
12269,1274,2025-10-13,completed,card
12270,1211,2025-10-15,completed,card
12271,714,2025-11-08,completed,card
12272,1742,2025-11-30,completed,card
12273,421,2024-04-12,completed,card
12274,290,2024-03-20,completed,card
12275,1947,2025-09-11,completed,card
12276,424,2025-12-23,completed,card
12277,1248,2025-02-06,completed,card
12278,1427,2024-04-27,completed,card
12279,1189,2024-07-31,completed,card
12280,1632,2024-10-03,cancelled,card
12281,117,2024-05-09,completed,card
12282,681,2025-05-14,completed,cod
12283,2151,2025-01-15,cancelled,atm
12284,845,2024-05-21,completed,card
12285,1308,2024-04-08,cancelled,card
12286,1248,2025-01-31,completed,card
12287,631,2024-03-25,completed,card
12288,468,2024-07-25,cancelled,wallet
12289,194,2025-11-23,completed,card
12290,1971,2024-02-21,completed,atm
12291,1009,2024-09-28,completed,card
12292,917,2024-01-12,completed,atm
12293,2263,2025-11-19,completed,card
12294,587,2024-05-19,completed,card
12295,445,2025-08-05,completed,card
12296,367,2025-07-26,completed,card
12297,443,2024-07-08,cancelled,atm
12298,626,2025-02-15,completed,card
12299,390,2025-11-03,completed,wallet
12300,379,2024-10-28,completed,card
12301,932,2024-05-04,completed,wallet
12302,141,2025-04-26,completed,card
12303,1779,2024-08-28,completed,card
12304,570,2024-06-28,completed,card
12305,1089,2025-11-08,completed,atm
12306,2086,2024-04-14,completed,card
12307,2299,2024-07-02,completed,card
12308,2239,2025-10-27,completed,card
12309,311,2025-09-08,completed,card
12310,2273,2025-03-19,cancelled,card
12311,110,2025-05-26,completed,atm
12312,2466,2024-02-13,completed,cod
12313,1157,2024-02-01,completed,atm
12314,2454,2025-12-24,completed,card
12315,8,2024-04-18,completed,cod
12316,335,2024-05-01,completed,wallet
12317,29,2025-12-16,cancelled,atm
12318,1738,2024-05-06,completed,card
12319,527,2024-01-19,completed,atm
12320,2291,2025-08-28,completed,atm
12321,471,2024-08-23,completed,card
12322,466,2025-12-26,completed,card
12323,1064,2025-01-15,completed,card
12324,713,2025-09-16,completed,card
12325,630,2024-12-30,completed,card
12326,1129,2025-06-18,completed,atm
12327,2175,2025-04-24,completed,card
12328,808,2025-07-29,completed,wallet
12329,233,2025-11-27,completed,cod
12330,331,2025-03-03,cancelled,card
12331,1664,2024-03-29,completed,cod
12332,650,2024-03-05,completed,wallet
12333,305,2024-07-10,completed,atm
12334,2106,2024-08-22,completed,atm
12335,914,2024-10-15,completed,atm
12336,1323,2024-10-12,completed,card
12337,614,2025-12-25,completed,card
12338,542,2024-11-25,completed,atm
12339,1636,2024-10-17,completed,card
12340,562,2024-08-12,completed,wallet
12341,709,2024-06-12,completed,card
12342,2472,2024-11-11,completed,atm
12343,1270,2025-11-29,completed,card
12344,1509,2025-04-14,completed,card
12345,1560,2025-12-13,completed,card
12346,208,2025-12-05,completed,atm
12347,920,2025-08-20,completed,cod
12348,1011,2024-11-24,completed,wallet
12349,403,2024-07-29,completed,wallet
12350,2317,2025-10-19,completed,atm
12351,1508,2024-05-09,completed,card
12352,1674,2024-10-25,refunded,wallet
12353,1269,2024-12-20,completed,atm
12354,1458,2024-04-11,completed,atm
12355,1841,2025-10-04,completed,card
12356,128,2024-11-12,completed,card
12357,786,2025-01-17,completed,card
12358,1031,2025-01-27,completed,card
12359,2174,2024-08-15,completed,cod
12360,2395,2025-01-01,completed,card
12361,1919,2025-08-15,completed,card
12362,238,2024-11-21,completed,card
12363,50,2024-05-11,completed,atm
12364,139,2025-05-25,completed,card
12365,1228,2025-05-16,completed,card
12366,837,2025-10-28,completed,cod
12367,2132,2025-02-12,completed,atm
12368,2086,2024-08-26,completed,card
12369,2358,2025-03-31,completed,atm
12370,1973,2025-06-27,completed,card
12371,18,2024-12-15,completed,card
12372,67,2025-01-23,completed,atm
12373,2096,2024-05-08,completed,atm
12374,117,2025-02-01,completed,card
12375,483,2024-12-14,completed,wallet
12376,2430,2025-05-16,completed,card
12377,1311,2024-05-21,completed,card
12378,965,2024-01-21,completed,card
12379,335,2024-09-05,completed,atm
12380,478,2024-05-09,completed,atm
12381,2044,2024-01-03,completed,wallet
12382,544,2024-01-29,completed,atm
12383,2227,2024-12-22,completed,card
12384,1851,2025-11-24,completed,card
12385,917,2024-01-14,completed,card
12386,1113,2025-07-14,completed,atm
12387,1765,2025-06-03,completed,atm
12388,1685,2025-05-26,completed,cod
12389,1640,2025-11-07,completed,wallet
12390,2229,2024-02-07,completed,atm
12391,2005,2024-01-18,completed,atm
12392,401,2024-09-06,completed,card
12393,1799,2025-07-19,completed,card
12394,373,2025-08-04,completed,atm
12395,2114,2025-08-08,completed,cod
12396,1235,2025-11-22,completed,card
12397,574,2024-01-09,completed,cod
12398,1792,2025-05-07,completed,card
12399,1950,2024-06-26,completed,card
12400,1132,2025-12-02,completed,atm
12401,1325,2024-05-22,completed,card
12402,1729,2024-05-21,completed,atm
12403,272,2025-05-22,completed,atm
12404,1290,2025-12-13,completed,wallet
12405,1051,2024-12-12,completed,atm
12406,166,2025-06-15,completed,wallet
12407,1177,2024-05-19,completed,card
12408,1622,2024-10-03,completed,atm
12409,348,2024-02-11,completed,card
12410,1185,2024-11-14,completed,card
12411,154,2025-07-03,completed,card
12412,104,2024-02-27,completed,card
12413,888,2025-11-09,refunded,wallet
12414,2399,2025-10-03,completed,card
12415,450,2025-06-30,completed,atm
12416,196,2024-05-05,completed,card
12417,890,2024-09-25,completed,card
12418,1003,2025-05-29,completed,card
12419,1976,2025-02-14,completed,wallet
12420,822,2024-01-08,completed,card
12421,552,2024-02-14,completed,wallet
12422,2475,2024-11-17,completed,wallet
12423,2066,2024-06-08,completed,wallet
12424,1751,2024-08-09,completed,cod
12425,1692,2024-06-30,completed,atm
12426,983,2024-12-08,completed,card
12427,2483,2024-11-11,completed,cod
12428,459,2024-02-26,completed,card
12429,987,2025-02-20,completed,card
12430,1675,2025-05-24,completed,card
12431,1355,2025-01-23,completed,wallet
12432,2165,2024-03-19,completed,card
12433,1189,2024-10-27,completed,cod
12434,1969,2024-11-06,completed,card
12435,883,2025-02-20,completed,atm
12436,1631,2025-03-09,completed,card
12437,1423,2024-02-01,completed,card
12438,770,2024-10-20,completed,card
12439,1263,2024-10-25,completed,atm
12440,2063,2024-11-19,completed,atm
12441,2173,2024-05-05,completed,card
12442,2369,2024-05-03,completed,card
12443,2112,2025-10-01,completed,card
12444,832,2024-11-25,completed,wallet
12445,586,2024-07-21,cancelled,atm
12446,295,2025-08-17,completed,card
12447,690,2025-05-14,completed,card
12448,2343,2025-05-07,completed,wallet
12449,1857,2024-08-14,completed,card
12450,5,2025-08-28,completed,card
12451,1179,2025-01-10,completed,card
12452,869,2025-03-11,refunded,card
12453,1718,2025-01-27,completed,wallet
12454,2103,2024-02-05,completed,card
12455,326,2024-03-02,completed,atm
12456,2130,2025-03-26,completed,card
12457,1449,2024-01-04,completed,wallet
12458,1203,2025-11-14,completed,card
12459,757,2025-01-03,completed,card
12460,652,2025-11-02,completed,atm
12461,2455,2024-03-09,completed,card
12462,446,2025-11-21,completed,card
12463,1998,2025-04-18,completed,atm
12464,1215,2024-03-17,completed,card
12465,389,2025-12-01,refunded,card
12466,2016,2024-06-07,completed,card
12467,1411,2025-02-11,completed,card
12468,1704,2024-06-26,completed,card
12469,855,2024-08-23,completed,card
12470,481,2025-10-12,cancelled,wallet
12471,1662,2025-08-15,completed,card
12472,462,2024-12-10,completed,card
12473,2089,2025-07-21,completed,atm
12474,844,2024-03-17,completed,card
12475,1456,2025-03-16,completed,card
12476,804,2024-07-23,completed,atm
12477,2230,2024-03-07,completed,card
12478,1759,2025-06-25,completed,atm
12479,1993,2025-11-13,completed,card
12480,122,2025-04-15,completed,atm
12481,16,2024-05-19,completed,card
12482,1359,2024-01-18,completed,wallet
12483,2205,2025-07-22,completed,atm
12484,1176,2024-08-19,completed,cod
12485,356,2024-07-15,completed,card
12486,1263,2024-06-22,completed,card
12487,1631,2024-07-18,completed,card
12488,545,2024-02-03,completed,card
12489,2195,2024-02-19,completed,wallet
12490,2410,2025-01-13,completed,atm
12491,1505,2025-11-01,completed,card
12492,352,2025-11-11,completed,wallet
12493,2202,2024-12-29,completed,card
12494,1573,2025-12-01,completed,card
12495,1846,2024-10-04,completed,card
12496,478,2025-05-29,completed,card
12497,1365,2025-12-30,completed,card
12498,701,2024-08-02,completed,card
12499,791,2025-08-16,completed,cod
12500,2408,2024-06-05,completed,cod
12501,2093,2024-01-03,completed,cod
12502,1058,2025-03-30,completed,card
12503,2197,2025-12-09,completed,card
12504,1036,2025-05-03,completed,atm
12505,1442,2025-01-22,completed,atm
12506,656,2025-01-05,completed,card
12507,1170,2025-01-30,completed,cod
12508,193,2024-11-27,completed,cod
12509,1999,2024-11-18,cancelled,card
12510,474,2024-02-23,completed,card
12511,492,2024-05-10,completed,atm
12512,2408,2024-10-13,completed,card
12513,662,2025-01-01,completed,cod
12514,1901,2024-10-10,completed,card
12515,1472,2025-03-24,refunded,atm
12516,1248,2025-08-01,completed,card
12517,592,2024-11-22,completed,card
12518,2364,2025-06-30,completed,atm
12519,2103,2025-10-04,completed,card
12520,1951,2024-11-02,completed,card
12521,1361,2025-11-08,completed,card
12522,1251,2025-09-04,completed,wallet
12523,796,2025-08-19,completed,wallet
12524,2383,2024-02-06,cancelled,wallet
12525,1604,2024-02-10,completed,atm
12526,473,2025-01-08,completed,card
12527,290,2025-04-17,cancelled,cod
12528,330,2024-05-28,completed,card
12529,493,2024-10-06,completed,atm
12530,1746,2024-01-06,refunded,card
12531,694,2024-01-23,completed,atm
12532,2443,2024-08-06,completed,card
12533,1583,2024-10-31,completed,atm
12534,1967,2024-02-17,completed,wallet
12535,2187,2024-07-05,cancelled,atm
12536,2104,2024-01-07,completed,atm
12537,2495,2025-01-09,completed,wallet
12538,2145,2025-02-08,completed,atm
12539,738,2024-03-12,completed,card
12540,1453,2024-11-26,completed,card
12541,912,2025-06-17,completed,card
12542,1711,2025-05-27,completed,atm
12543,1589,2024-04-30,cancelled,card
12544,1402,2025-10-15,completed,card
12545,1543,2025-01-08,completed,atm
12546,108,2025-08-06,completed,wallet
12547,1963,2025-05-03,completed,card
12548,887,2025-07-11,completed,card
12549,363,2025-10-04,completed,atm
12550,2076,2024-10-26,refunded,card
12551,1696,2025-04-13,completed,card
12552,1332,2025-05-03,completed,card
12553,838,2024-03-04,completed,card
12554,2347,2024-11-13,completed,wallet
12555,73,2025-10-22,completed,wallet
12556,1744,2024-02-13,completed,cod
12557,541,2024-12-25,completed,card
12558,1527,2025-09-29,completed,card
12559,1846,2024-08-17,completed,card
12560,115,2025-12-09,completed,wallet
12561,786,2024-09-03,completed,wallet
12562,193,2024-04-28,cancelled,card
12563,1933,2025-04-27,completed,cod
12564,1669,2025-09-13,completed,card
12565,903,2025-07-26,completed,card
12566,1940,2024-03-06,completed,card
12567,989,2024-01-31,completed,wallet
12568,548,2024-03-23,completed,card
12569,273,2024-12-23,completed,card
12570,765,2024-02-08,completed,card
12571,905,2024-05-08,completed,wallet
12572,314,2024-05-07,completed,atm
12573,459,2024-10-04,completed,atm
12574,648,2025-12-26,completed,card
12575,792,2025-01-09,completed,card
12576,2167,2024-06-03,completed,card
12577,869,2024-12-29,completed,atm
12578,1185,2025-12-21,completed,card
12579,2219,2025-03-10,completed,card
12580,1448,2024-03-25,completed,card
12581,485,2025-01-02,completed,card
12582,1966,2025-01-18,completed,wallet
12583,1735,2024-12-13,completed,atm
12584,181,2025-06-18,completed,card
12585,597,2024-04-21,refunded,card
12586,562,2025-08-30,completed,atm
12587,659,2025-05-03,completed,wallet
12588,2167,2024-11-30,completed,card
12589,1189,2024-03-02,completed,atm
12590,1493,2025-11-19,cancelled,card
12591,947,2025-01-26,completed,card
12592,434,2024-04-10,cancelled,card
12593,1730,2025-03-08,cancelled,card
12594,2444,2024-05-25,completed,atm
12595,1755,2024-09-27,refunded,card
12596,2017,2024-10-26,completed,card
12597,2009,2025-05-19,completed,card
12598,1492,2024-06-07,completed,cod
12599,2173,2025-08-25,completed,wallet
12600,375,2024-08-24,cancelled,atm
12601,1698,2025-04-19,completed,cod
12602,1336,2025-01-13,completed,atm
12603,2085,2025-11-30,completed,card
12604,1702,2025-05-31,completed,card
12605,526,2025-01-29,cancelled,atm
12606,2025,2024-09-03,completed,card
12607,857,2024-01-17,completed,wallet
12608,187,2024-01-19,completed,card
12609,1335,2025-11-13,completed,wallet
12610,973,2024-02-10,completed,card
12611,962,2025-10-04,completed,atm
12612,1951,2025-08-02,completed,cod
12613,471,2025-01-22,completed,cod
12614,156,2024-05-09,completed,card
12615,1506,2024-10-15,completed,card
12616,173,2024-05-11,completed,card
12617,1903,2024-08-25,refunded,card
12618,1606,2024-01-30,completed,card
12619,981,2024-10-29,completed,card
12620,248,2025-03-11,completed,atm
12621,836,2025-08-26,completed,card
12622,1898,2024-02-15,completed,wallet
12623,1568,2024-05-14,completed,card
12624,835,2024-11-10,completed,card
12625,989,2024-12-20,completed,cod
12626,328,2025-02-16,completed,atm
12627,238,2024-10-05,completed,atm
12628,338,2025-05-06,completed,atm
12629,1359,2025-03-10,completed,card
12630,251,2024-05-18,completed,card
12631,1635,2024-02-09,refunded,wallet
12632,1949,2025-10-04,completed,wallet
12633,1997,2025-11-15,completed,card
12634,1516,2025-08-01,completed,wallet
12635,80,2024-11-20,completed,card
12636,220,2024-05-05,completed,atm
12637,2311,2024-02-04,completed,card
12638,1664,2024-11-06,completed,card
12639,1013,2025-04-21,completed,card
12640,1315,2024-09-24,completed,card
12641,661,2025-02-08,completed,atm
12642,1316,2025-08-28,completed,card
12643,1249,2025-01-26,completed,card
12644,1391,2025-07-01,refunded,wallet
12645,1792,2025-02-10,completed,card
12646,1459,2025-11-20,completed,card
12647,1301,2025-08-03,refunded,wallet
12648,1059,2024-02-27,completed,wallet
12649,970,2025-03-04,completed,cod
12650,1138,2024-05-16,cancelled,card
12651,1734,2024-05-25,completed,atm
12652,1462,2025-09-23,completed,card
12653,1801,2025-12-01,completed,atm
12654,1534,2024-08-17,completed,card
12655,228,2025-05-19,completed,card
12656,2453,2024-08-03,cancelled,cod
12657,2236,2024-08-28,completed,cod
12658,1358,2025-07-27,completed,cod
12659,1926,2024-10-05,completed,wallet
12660,534,2025-11-30,completed,atm
12661,1315,2024-10-03,completed,atm
12662,2376,2025-03-15,completed,atm
12663,622,2024-08-03,completed,card
12664,228,2025-01-02,completed,card
12665,1970,2024-02-20,completed,card
12666,1558,2025-06-25,completed,card
12667,390,2024-04-04,completed,card
12668,2221,2024-05-08,completed,card
12669,941,2024-01-21,completed,atm
12670,2410,2025-06-07,completed,card
12671,713,2024-03-13,completed,cod
12672,1339,2025-04-12,completed,card
12673,1731,2024-12-20,completed,card
12674,1766,2024-07-16,completed,card
12675,762,2025-10-29,completed,card
12676,1828,2024-01-27,refunded,card
12677,1276,2025-02-06,completed,atm
12678,1091,2025-11-03,completed,atm
12679,875,2025-03-25,completed,card
12680,305,2024-01-11,completed,cod
12681,253,2024-11-03,completed,atm
12682,353,2024-12-08,completed,card
12683,1411,2025-08-12,completed,card
12684,94,2025-09-13,completed,cod
12685,1530,2025-10-14,completed,wallet
12686,846,2024-07-14,completed,wallet
12687,753,2025-08-23,completed,card
12688,2248,2024-08-31,completed,card
12689,2085,2024-12-12,completed,cod
12690,2320,2025-01-01,completed,card
12691,1382,2025-09-14,completed,cod
12692,191,2025-12-18,completed,cod
12693,1063,2024-06-27,completed,atm
12694,2025,2024-11-14,completed,card
12695,610,2025-05-24,completed,card
12696,1235,2025-02-26,completed,card
12697,1153,2024-03-15,completed,card
12698,2455,2024-08-24,completed,atm
12699,1250,2025-05-27,completed,atm
12700,628,2024-06-06,completed,card
12701,965,2024-09-21,completed,atm
12702,2245,2024-09-18,completed,cod
12703,2395,2025-12-31,completed,atm
12704,1654,2024-01-03,completed,wallet
12705,2021,2024-08-05,refunded,atm
12706,1076,2025-12-13,completed,card
12707,70,2024-07-10,completed,card
12708,2059,2025-02-28,refunded,card
12709,2462,2024-08-06,completed,card
12710,276,2025-04-18,completed,atm
12711,720,2024-08-21,completed,card
12712,485,2025-12-01,completed,card
12713,1124,2024-05-05,completed,card
12714,1117,2025-04-01,cancelled,atm
12715,1019,2024-01-01,completed,card
12716,1241,2024-06-01,completed,card
12717,247,2024-02-13,completed,atm
12718,1166,2025-11-24,completed,wallet
12719,256,2024-01-18,completed,atm
12720,1898,2024-05-13,completed,wallet
12721,335,2025-08-20,completed,card
12722,2075,2024-03-14,completed,card
12723,2431,2024-02-11,refunded,wallet
12724,477,2025-12-26,cancelled,card
12725,315,2024-02-22,completed,wallet
12726,616,2025-06-19,completed,card
12727,697,2025-11-17,completed,card
12728,378,2024-01-11,completed,card
12729,526,2025-02-09,completed,card
12730,633,2024-11-30,completed,atm
12731,1542,2025-10-20,completed,card
12732,2162,2025-10-22,completed,atm
12733,1629,2024-05-24,completed,cod
12734,347,2025-02-28,completed,card
12735,556,2024-03-17,completed,wallet
12736,244,2024-08-25,completed,atm
12737,2068,2025-12-31,refunded,wallet
12738,2322,2025-05-09,completed,card
12739,2390,2024-11-20,completed,card
12740,766,2024-06-08,completed,card
12741,1484,2024-08-14,completed,atm
12742,1397,2025-10-08,completed,atm
12743,789,2024-01-02,completed,wallet
12744,1764,2025-07-12,completed,atm
12745,2281,2024-03-07,completed,wallet
12746,2097,2024-01-07,completed,card
12747,415,2025-05-25,completed,atm
12748,1034,2025-12-22,completed,atm
12749,1217,2024-05-03,completed,atm
12750,477,2025-10-29,completed,atm
12751,495,2024-10-30,completed,card
12752,2218,2024-08-09,completed,wallet
12753,515,2024-06-19,completed,atm
12754,2351,2024-06-08,completed,card
12755,725,2024-02-13,completed,card
12756,1748,2025-07-29,completed,atm
12757,885,2025-05-14,completed,card
12758,1344,2024-11-07,completed,atm
12759,1880,2024-09-10,completed,wallet
12760,1454,2025-03-23,completed,wallet
12761,2174,2025-11-10,completed,card
12762,1075,2024-01-11,completed,card
12763,1225,2024-11-26,completed,atm
12764,2400,2024-07-15,completed,atm
12765,1316,2024-04-16,completed,atm
12766,1947,2025-03-19,completed,card
12767,262,2024-07-07,completed,atm
12768,2260,2025-02-25,completed,atm
12769,953,2025-01-20,cancelled,card
12770,2419,2024-03-28,completed,wallet
12771,1258,2025-06-03,completed,card
12772,1416,2025-04-04,completed,card
12773,2387,2025-09-19,completed,atm
12774,993,2024-10-10,completed,wallet
12775,1187,2025-06-16,completed,atm
12776,1558,2025-12-07,completed,card
12777,1023,2024-05-05,completed,card
12778,1509,2025-09-11,completed,card
12779,1831,2025-11-18,completed,atm
12780,130,2025-09-14,completed,wallet
12781,179,2025-12-15,completed,card
12782,1956,2024-07-05,refunded,card
12783,2483,2025-12-14,completed,atm
12784,2411,2025-12-28,completed,card
12785,2374,2025-07-09,completed,cod
12786,499,2025-11-01,completed,card
12787,538,2025-02-10,completed,card
12788,1754,2025-10-01,completed,card
12789,975,2025-08-08,completed,card
12790,1014,2024-12-19,completed,atm
12791,1326,2024-10-07,completed,card
12792,1309,2024-02-19,completed,card
12793,161,2025-10-13,completed,card
12794,1915,2025-11-19,completed,atm
12795,1611,2025-08-23,completed,card
12796,791,2024-02-04,completed,card
12797,616,2024-02-27,completed,card
12798,1787,2024-01-24,completed,cod
12799,7,2024-08-04,completed,card
12800,1465,2024-05-11,refunded,atm
12801,29,2024-12-25,completed,cod
12802,2400,2025-07-21,refunded,wallet
12803,1222,2025-11-14,refunded,card
12804,2066,2024-10-03,completed,atm
12805,442,2024-12-14,completed,wallet
12806,1585,2025-12-23,completed,cod
12807,2353,2024-06-09,completed,wallet
12808,328,2025-12-31,completed,atm
12809,784,2025-01-06,completed,card
12810,677,2025-08-11,completed,card
12811,2139,2024-06-10,completed,card
12812,1701,2025-06-02,completed,card
12813,1151,2025-05-11,completed,card
12814,2312,2024-10-30,completed,card
12815,1497,2025-01-05,cancelled,card
12816,2178,2024-10-22,completed,card
12817,1887,2024-01-29,completed,atm
12818,542,2024-04-21,completed,atm
12819,2068,2025-08-02,completed,card
12820,859,2024-02-17,completed,atm
12821,1696,2024-01-14,completed,card
12822,491,2024-03-21,completed,card
12823,2162,2025-02-09,completed,card
12824,1743,2024-12-29,completed,card
12825,310,2024-06-15,completed,atm
12826,1998,2024-12-04,completed,cod
12827,531,2025-03-08,completed,card
12828,1527,2024-04-10,completed,wallet
12829,2351,2024-07-25,completed,card
12830,1364,2024-06-09,completed,wallet
12831,2078,2024-05-07,completed,card
12832,2092,2024-02-20,completed,atm
12833,1221,2024-05-18,completed,cod
12834,1482,2025-05-01,completed,card
12835,1424,2024-09-28,completed,card
12836,811,2024-07-18,completed,card
12837,1752,2024-03-31,completed,wallet
12838,1602,2025-04-09,completed,card
12839,1367,2024-06-19,completed,wallet
12840,646,2025-08-22,completed,card
12841,1678,2024-04-24,completed,card
12842,1945,2025-11-01,completed,atm
12843,2302,2024-09-27,completed,wallet
12844,866,2024-05-01,cancelled,atm
12845,2336,2024-12-05,completed,atm
12846,879,2024-08-25,completed,card
12847,926,2024-11-24,completed,card
12848,1513,2025-07-14,completed,atm
12849,1068,2025-11-15,completed,atm
12850,2201,2024-06-17,completed,card
12851,384,2025-02-23,completed,card
12852,1341,2024-05-23,completed,card
12853,337,2025-06-03,completed,atm
12854,2,2025-07-21,completed,card
12855,917,2024-10-26,completed,atm
12856,1647,2024-04-25,completed,card
12857,2456,2025-08-18,completed,wallet
12858,381,2025-11-24,completed,atm
12859,549,2024-07-09,completed,atm
12860,2312,2024-05-15,completed,atm
12861,53,2024-09-26,completed,card
12862,2414,2024-10-04,completed,atm
12863,1938,2025-11-30,completed,card
12864,784,2024-02-19,completed,atm
12865,1747,2024-06-03,completed,card
12866,994,2025-07-13,completed,atm
12867,2224,2025-12-04,completed,card
12868,2041,2025-09-24,completed,wallet
12869,1067,2025-12-28,completed,card
12870,1492,2024-08-21,completed,card
12871,1894,2025-12-07,completed,wallet
12872,1238,2025-04-24,completed,card
12873,530,2025-04-28,completed,atm
12874,1219,2025-04-25,completed,card
12875,103,2025-06-15,completed,card
12876,2135,2025-02-17,completed,card
12877,2155,2025-08-21,completed,card
12878,732,2025-05-10,completed,atm
12879,781,2024-02-13,completed,cod
12880,1287,2024-03-15,completed,atm
12881,1780,2024-12-05,completed,atm
12882,474,2025-08-22,completed,atm
12883,195,2024-03-19,completed,atm
12884,2140,2025-09-26,completed,atm
12885,1175,2024-01-02,completed,card
12886,1185,2025-01-10,completed,card
12887,115,2024-12-15,completed,atm
12888,2194,2025-12-04,completed,atm
12889,2087,2025-01-02,completed,cod
12890,789,2024-12-27,completed,card
12891,2047,2024-04-30,completed,cod
12892,419,2024-09-03,completed,card
12893,1418,2025-02-10,completed,atm
12894,137,2024-01-17,completed,cod
12895,321,2025-12-05,completed,card
12896,1680,2024-11-05,completed,card
12897,1252,2024-02-19,completed,card
12898,834,2025-10-30,completed,cod
12899,547,2025-01-20,completed,card
12900,747,2024-03-19,completed,wallet
12901,2370,2025-10-14,completed,wallet
12902,1429,2025-12-01,completed,card
12903,1252,2024-05-06,completed,cod
12904,33,2024-12-27,completed,card
12905,1514,2025-01-22,completed,card
12906,619,2025-02-13,completed,card
12907,1504,2024-01-30,completed,card
12908,159,2025-06-15,completed,card
12909,2137,2025-11-25,completed,card
12910,234,2024-08-04,completed,cod
12911,1201,2024-01-19,completed,atm
12912,1721,2024-01-18,completed,wallet
12913,554,2025-01-17,completed,card
12914,1103,2024-02-22,completed,card
12915,2412,2024-12-19,completed,atm
12916,2172,2024-05-30,completed,card
12917,1708,2025-08-17,completed,card
12918,792,2024-02-17,completed,atm
12919,182,2024-11-26,completed,card
12920,577,2024-07-27,completed,cod
12921,1173,2024-02-10,completed,card
12922,2160,2024-12-03,completed,wallet
12923,497,2025-12-01,completed,card
12924,138,2025-07-02,completed,atm
12925,1780,2024-11-16,completed,card
12926,1449,2025-12-30,completed,wallet
12927,269,2024-09-21,completed,card
12928,1272,2024-11-22,completed,atm
12929,644,2025-08-30,completed,card
12930,308,2024-02-08,completed,card
12931,71,2024-02-01,completed,atm
12932,636,2024-12-19,completed,atm
12933,185,2024-01-13,completed,wallet
12934,702,2025-02-27,completed,card
12935,1702,2024-04-21,completed,wallet
12936,2266,2025-02-26,completed,atm
12937,289,2025-10-07,completed,wallet
12938,1401,2025-11-27,completed,atm
12939,870,2024-09-03,completed,wallet
12940,92,2025-12-02,completed,card
12941,1433,2024-05-03,completed,card
12942,676,2025-02-23,completed,card
12943,1709,2025-01-05,completed,atm
12944,229,2025-10-12,completed,wallet
12945,909,2025-01-31,completed,card
12946,578,2024-07-24,completed,card
12947,1232,2024-08-05,completed,wallet
12948,1108,2025-01-03,completed,cod
12949,2452,2025-10-04,completed,cod
12950,180,2024-12-14,completed,atm
12951,730,2024-08-22,completed,card
12952,1208,2025-04-29,completed,card
12953,1707,2024-03-03,completed,wallet
12954,1399,2024-05-04,completed,atm
12955,1917,2024-10-30,completed,atm
12956,1651,2024-05-05,completed,card
12957,837,2025-04-12,completed,atm
12958,1940,2024-02-10,completed,atm
12959,1565,2025-11-07,completed,card
12960,2326,2024-05-11,cancelled,card
12961,1306,2025-09-11,completed,card
12962,149,2024-11-20,completed,atm
12963,1275,2024-10-09,completed,card
12964,877,2025-02-01,cancelled,wallet
12965,446,2024-04-26,refunded,card
12966,179,2025-02-16,completed,wallet
12967,1190,2024-09-12,completed,atm
12968,2437,2024-03-27,completed,cod
12969,2180,2024-12-03,completed,atm
12970,115,2025-10-31,completed,cod
12971,2160,2024-04-08,completed,atm
12972,904,2025-05-26,completed,cod
12973,821,2025-01-28,completed,atm
12974,1348,2024-03-20,completed,cod
12975,2305,2024-11-30,completed,wallet
12976,1824,2024-08-05,completed,card
12977,1519,2025-10-30,completed,atm
12978,1949,2024-10-21,completed,card
12979,2127,2025-11-11,completed,card
12980,1263,2025-12-02,completed,atm
12981,1612,2025-02-24,completed,atm
12982,2055,2025-02-12,completed,atm
12983,149,2024-05-17,completed,cod
12984,1342,2025-07-27,completed,card
12985,1746,2024-05-21,completed,atm
12986,2253,2024-11-28,completed,cod
12987,2135,2024-11-25,cancelled,card
12988,1866,2024-02-23,completed,wallet
12989,1324,2024-07-07,completed,atm
12990,538,2025-05-15,completed,atm
12991,797,2024-04-21,refunded,wallet
12992,257,2024-07-31,completed,card
12993,89,2025-11-05,completed,card
12994,2498,2024-02-28,completed,card
12995,346,2025-06-13,completed,card
12996,2173,2024-03-19,completed,card
12997,2498,2024-05-16,completed,atm
12998,838,2024-08-23,completed,card
12999,2423,2024-12-12,completed,atm
13000,2466,2025-05-16,completed,card
13001,695,2025-10-21,completed,wallet
13002,1386,2024-01-29,completed,wallet
13003,1171,2024-08-22,completed,card
13004,1991,2025-11-25,completed,cod
13005,1263,2024-12-30,completed,atm
13006,2009,2024-10-04,completed,cod
13007,390,2025-02-16,completed,wallet
13008,1195,2025-12-04,completed,card
13009,148,2024-10-05,completed,atm
13010,499,2024-09-29,completed,card
13011,639,2024-05-31,completed,wallet
13012,1273,2025-03-26,completed,card
13013,1620,2025-08-05,completed,wallet
13014,672,2025-02-17,completed,cod
13015,229,2024-08-30,refunded,cod
13016,1976,2025-10-22,refunded,cod
13017,1858,2025-08-19,refunded,card
13018,1611,2025-03-24,completed,card
13019,1350,2025-11-27,completed,card
13020,215,2024-01-20,cancelled,card
13021,902,2025-05-28,completed,atm
13022,650,2025-02-10,completed,wallet
13023,324,2025-08-07,completed,atm
13024,472,2024-02-14,completed,wallet
13025,1240,2024-04-10,completed,card
13026,764,2025-04-22,completed,atm
13027,1436,2025-05-27,completed,wallet
13028,1912,2024-05-19,completed,atm
13029,879,2025-04-02,completed,atm
13030,2068,2024-07-17,completed,atm
13031,1206,2024-03-20,completed,card
13032,877,2025-06-28,completed,card
13033,202,2024-03-09,completed,card
13034,127,2025-01-16,completed,card
13035,2334,2024-07-07,completed,atm
13036,1881,2025-02-17,completed,card
13037,1390,2025-04-24,completed,card
13038,650,2025-02-23,completed,cod
13039,1843,2024-07-01,completed,card
13040,882,2024-05-06,completed,atm
13041,2231,2025-05-02,completed,card
13042,56,2024-08-15,completed,cod
13043,1657,2024-06-06,cancelled,cod
13044,2337,2025-02-21,completed,card
13045,2265,2025-03-25,completed,atm
13046,1872,2024-07-31,completed,wallet
13047,99,2025-10-09,completed,wallet
13048,1193,2025-01-24,completed,card
13049,1347,2024-12-26,completed,cod
13050,1105,2025-05-17,completed,card
13051,1949,2024-09-26,completed,card
13052,443,2025-06-30,completed,card
13053,556,2025-02-03,completed,card
13054,380,2025-08-04,completed,card
13055,2131,2024-09-28,completed,atm
13056,2414,2025-11-07,completed,card
13057,1824,2024-11-11,completed,card
13058,1980,2024-01-15,completed,card
13059,1794,2024-06-09,completed,card
13060,907,2024-03-11,cancelled,card
13061,756,2025-09-06,completed,cod
13062,2265,2025-02-09,completed,card
13063,865,2024-12-25,completed,card
13064,1354,2024-10-12,completed,card
13065,1584,2025-05-26,cancelled,atm
13066,398,2025-12-16,completed,card
13067,2498,2024-06-03,completed,atm
13068,1334,2024-03-31,completed,card
13069,1215,2025-12-18,cancelled,card
13070,756,2024-04-21,refunded,card
13071,1890,2025-12-29,completed,card
13072,1555,2024-03-20,completed,card
13073,2305,2025-12-26,completed,wallet
13074,2006,2024-01-14,completed,card
13075,2032,2024-09-24,completed,card
13076,311,2024-08-18,completed,cod
13077,1307,2025-09-16,completed,wallet
13078,1022,2025-05-12,completed,card
13079,2075,2024-12-25,completed,card
13080,2295,2024-01-16,completed,card
13081,1249,2024-05-05,completed,card
13082,1816,2025-08-16,completed,atm
13083,2068,2025-03-10,completed,atm
13084,2077,2025-01-10,completed,atm
13085,585,2025-10-19,completed,wallet
13086,2340,2025-02-07,completed,atm
13087,619,2024-09-13,completed,atm
13088,1615,2025-09-01,completed,card
13089,69,2025-03-08,completed,card
13090,1156,2025-08-23,completed,card
13091,1457,2024-01-10,completed,wallet
13092,1021,2024-09-05,completed,atm
13093,384,2025-05-20,completed,wallet
13094,2313,2025-03-08,completed,cod
13095,1481,2025-08-19,completed,wallet
13096,1584,2025-05-19,completed,card
13097,2322,2025-07-07,completed,card
13098,1246,2025-12-17,completed,card
13099,1975,2024-07-18,completed,card
13100,2019,2025-07-08,cancelled,card
13101,1039,2024-07-26,completed,card
13102,448,2024-08-15,completed,cod
13103,1509,2025-11-01,completed,card
13104,372,2024-02-04,completed,atm
13105,1411,2024-12-22,completed,card
13106,1516,2024-09-02,completed,wallet
13107,1335,2025-01-01,completed,wallet
13108,2012,2025-07-01,completed,card
13109,1261,2024-11-14,completed,wallet
13110,1231,2025-07-31,completed,card
13111,1198,2025-10-01,completed,card
13112,497,2025-02-05,completed,atm
13113,1972,2024-12-22,completed,card
13114,1135,2024-11-09,completed,card
13115,1160,2025-02-06,completed,atm
13116,1546,2025-10-09,completed,atm
13117,2476,2024-04-11,completed,cod
13118,2212,2024-09-22,completed,wallet
13119,1909,2025-11-11,completed,wallet
13120,1232,2025-04-09,completed,card
13121,1891,2025-09-17,completed,cod
13122,2306,2024-10-23,completed,card
13123,1202,2025-12-31,completed,card
13124,64,2025-08-18,completed,atm
13125,1029,2025-08-14,cancelled,card
13126,2445,2024-11-30,completed,card
13127,1632,2024-05-29,completed,cod
13128,316,2025-12-11,completed,atm
13129,1645,2025-08-21,completed,wallet
13130,102,2025-01-21,completed,card
13131,725,2024-11-22,completed,cod
13132,325,2024-12-11,completed,wallet
13133,2222,2025-02-24,completed,card
13134,407,2025-07-22,completed,wallet
13135,1208,2024-04-22,completed,card
13136,633,2024-12-20,completed,atm
13137,1178,2024-03-18,completed,atm
13138,1655,2024-12-17,completed,atm
13139,2157,2025-02-06,refunded,atm
13140,1378,2025-01-30,completed,atm
13141,1265,2025-09-12,completed,card
13142,383,2024-06-19,completed,atm
13143,1617,2025-09-06,completed,card
13144,1945,2024-10-16,completed,card
13145,62,2024-06-27,completed,atm
13146,1062,2025-08-15,completed,atm
13147,265,2025-10-16,completed,atm
13148,152,2024-12-12,completed,atm
13149,1677,2025-08-08,completed,card
13150,2183,2024-05-28,completed,wallet
13151,388,2024-01-12,completed,atm
13152,2439,2024-11-14,completed,atm
13153,1684,2025-11-22,completed,atm
13154,1903,2024-01-06,completed,card
13155,1555,2025-11-18,completed,atm
13156,1969,2024-01-09,completed,wallet
13157,1975,2024-05-18,completed,card
13158,2302,2025-03-06,completed,card
13159,2126,2025-04-01,completed,cod
13160,2244,2024-04-17,completed,atm
13161,814,2025-12-18,completed,atm
13162,1826,2025-12-30,completed,wallet
13163,135,2024-05-16,completed,atm
13164,2100,2024-06-25,completed,card
13165,453,2024-03-08,refunded,cod
13166,1666,2024-01-03,completed,atm
13167,336,2025-01-02,completed,card
13168,1981,2024-06-16,completed,cod
13169,1903,2024-02-12,completed,card
13170,1078,2024-04-16,completed,card
13171,1189,2024-10-10,completed,wallet
13172,111,2024-11-04,completed,card
13173,1147,2025-04-06,refunded,card
13174,1444,2025-11-02,completed,wallet
13175,1007,2024-01-16,completed,atm
13176,1289,2024-04-20,completed,atm
13177,975,2025-12-03,completed,card
13178,954,2024-10-04,completed,atm
13179,2397,2025-09-20,completed,atm
13180,533,2025-06-14,completed,card
13181,1108,2024-02-23,completed,card
13182,2348,2024-04-09,refunded,atm
13183,1404,2025-05-23,completed,atm
13184,1014,2025-03-15,completed,wallet
13185,2080,2025-03-21,completed,atm
13186,989,2025-04-29,completed,card
13187,1943,2024-11-14,completed,wallet
13188,2441,2024-11-17,cancelled,atm
13189,2140,2024-02-05,completed,card
13190,599,2025-02-28,completed,card
13191,1819,2025-12-01,completed,atm
13192,1315,2025-09-20,completed,cod
13193,2177,2024-08-06,completed,wallet
13194,583,2025-05-27,completed,card
13195,2255,2024-08-20,completed,card
13196,2322,2025-05-30,completed,cod
13197,2181,2024-07-22,completed,card
13198,1573,2025-05-11,completed,cod
13199,276,2025-11-12,completed,card
13200,2089,2025-01-04,completed,card
13201,17,2025-06-06,completed,card
13202,2251,2025-12-31,completed,atm
13203,2056,2025-10-15,completed,card
13204,2307,2025-08-16,completed,cod
13205,1590,2024-05-31,completed,card
13206,2124,2024-12-01,completed,card
13207,1009,2024-02-10,completed,card
13208,904,2024-10-04,completed,card
13209,1040,2025-11-08,completed,atm
13210,1550,2024-05-13,completed,atm
13211,2049,2024-04-20,completed,card
13212,1446,2025-01-20,completed,card
13213,270,2024-07-03,completed,atm
13214,1336,2025-02-21,completed,card
13215,2198,2025-05-16,completed,card
13216,158,2024-11-15,cancelled,atm
13217,1509,2024-02-27,completed,card
13218,44,2024-10-05,completed,card
13219,1997,2024-07-09,completed,cod
13220,1807,2024-01-13,completed,wallet
13221,2184,2024-11-03,completed,cod
13222,2071,2024-05-22,completed,atm
13223,1513,2025-10-25,completed,card
13224,2480,2025-03-09,completed,card
13225,2449,2025-02-25,completed,cod
13226,83,2024-01-29,cancelled,card
13227,2472,2025-12-25,completed,wallet
13228,1265,2024-02-25,refunded,atm
13229,1026,2025-09-20,completed,atm
13230,1827,2024-02-27,completed,atm
13231,2478,2025-07-09,completed,atm
13232,2244,2024-09-13,completed,cod
13233,161,2024-12-29,completed,atm
13234,1350,2024-09-01,completed,atm
13235,695,2025-01-06,completed,wallet
13236,2088,2024-08-10,completed,atm
13237,18,2025-03-23,completed,wallet
13238,977,2024-06-21,completed,atm
13239,2350,2024-01-09,completed,wallet
13240,2183,2025-05-01,completed,atm
13241,1640,2024-09-13,completed,card
13242,1940,2024-06-03,completed,card
13243,1945,2025-10-28,completed,atm
13244,615,2024-08-27,completed,atm
13245,874,2025-05-22,completed,atm
13246,2411,2025-05-27,completed,card
13247,1694,2024-02-06,completed,wallet
13248,210,2024-02-14,completed,atm
13249,2483,2025-02-14,completed,card
13250,1988,2024-02-18,completed,card
13251,1171,2025-06-11,completed,card
13252,583,2024-10-08,completed,wallet
13253,45,2024-12-03,completed,card
13254,863,2024-07-25,completed,card
13255,1859,2025-02-28,completed,atm
13256,2274,2025-10-15,completed,wallet
13257,1802,2025-02-21,completed,cod
13258,1457,2024-11-15,refunded,card
13259,161,2025-02-24,completed,card
13260,1384,2025-08-16,completed,card
13261,598,2024-09-02,completed,wallet
13262,1646,2025-06-02,cancelled,card
13263,245,2025-08-16,completed,card
13264,163,2025-08-20,completed,card
13265,44,2025-12-19,completed,card
13266,368,2025-10-13,completed,wallet
13267,843,2025-01-14,completed,wallet
13268,122,2024-01-17,completed,atm
13269,1122,2024-01-12,completed,card
13270,1594,2024-07-23,completed,card
13271,1736,2024-02-12,completed,atm
13272,1321,2025-12-28,completed,card
13273,2346,2024-09-18,completed,card
13274,2002,2025-02-26,completed,card
13275,92,2024-03-04,completed,atm
13276,2368,2024-06-08,completed,cod
13277,2098,2024-01-06,completed,atm
13278,917,2025-12-27,completed,card
13279,109,2025-03-14,refunded,card
13280,1438,2024-12-27,completed,card
13281,2170,2024-10-12,completed,card
13282,377,2025-04-25,completed,card
13283,1851,2024-06-03,completed,card
13284,1898,2024-11-30,completed,card
13285,1222,2024-01-28,completed,card
13286,920,2025-10-27,completed,atm
13287,1970,2025-10-02,cancelled,card
13288,1174,2024-06-25,completed,card
13289,941,2025-06-20,completed,atm
13290,1105,2024-01-17,completed,atm
13291,1560,2025-07-04,completed,card
13292,1151,2024-11-04,completed,card
13293,689,2024-03-06,completed,card
13294,1011,2024-07-05,completed,wallet
13295,1953,2025-09-29,completed,card
13296,608,2025-08-08,completed,card
13297,417,2025-11-27,completed,card
13298,1269,2025-06-11,completed,atm
13299,1443,2025-11-09,completed,card
13300,1420,2025-08-24,completed,atm
13301,708,2024-01-25,completed,card
13302,1513,2024-02-18,completed,card
13303,894,2025-11-04,cancelled,atm
13304,1391,2024-05-19,completed,atm
13305,50,2024-06-15,completed,card
13306,2264,2025-02-25,completed,card
13307,1195,2025-06-25,refunded,cod
13308,1605,2025-05-29,completed,card
13309,1936,2024-07-28,completed,atm
13310,513,2024-12-21,completed,cod
13311,1587,2024-04-20,completed,atm
13312,1486,2024-09-09,completed,atm
13313,198,2024-04-06,completed,cod
13314,1325,2025-06-25,completed,card
13315,1778,2025-11-21,completed,wallet
13316,587,2025-09-14,completed,cod
13317,1191,2024-09-03,completed,card
13318,1798,2025-08-03,refunded,cod
13319,358,2024-10-05,completed,atm
13320,240,2024-12-20,completed,cod
13321,1552,2024-03-30,completed,card
13322,2402,2025-08-20,completed,cod
13323,413,2025-11-07,completed,card
13324,1607,2024-04-29,completed,atm
13325,2086,2025-03-22,refunded,atm
13326,1756,2025-04-30,completed,card
13327,1410,2025-08-24,completed,card
13328,1891,2025-02-04,completed,atm
13329,1254,2025-12-19,completed,wallet
13330,1637,2025-06-10,completed,card
13331,1904,2024-09-10,completed,card
13332,717,2025-06-17,completed,atm
13333,81,2025-05-27,completed,atm
13334,1402,2025-08-07,completed,atm
13335,1645,2024-05-27,completed,atm
13336,2362,2024-08-07,completed,card
13337,859,2025-08-01,completed,card
13338,1837,2024-01-23,completed,card
13339,612,2024-10-17,completed,wallet
13340,384,2024-09-24,completed,card
13341,1088,2025-08-17,completed,card
13342,1561,2025-11-15,completed,atm
13343,265,2024-06-28,completed,atm
13344,2153,2025-06-27,completed,card
13345,1754,2025-09-19,completed,atm
13346,198,2024-10-05,completed,card
13347,1511,2025-11-24,completed,card
13348,1479,2024-01-01,completed,card
13349,215,2024-01-03,completed,card
13350,602,2025-09-10,completed,atm
13351,913,2025-07-15,completed,wallet
13352,1264,2024-08-05,completed,card
13353,1041,2024-02-06,completed,cod
13354,363,2024-01-08,completed,atm
13355,23,2024-07-22,completed,wallet
13356,2230,2025-12-10,completed,wallet
13357,1099,2024-05-30,completed,atm
13358,2308,2025-12-03,completed,wallet
13359,751,2025-10-24,cancelled,card
13360,2317,2024-08-10,completed,card
13361,2498,2024-06-13,completed,wallet
13362,322,2024-07-07,completed,card
13363,1290,2024-03-01,completed,wallet
13364,1891,2025-05-18,completed,atm
13365,934,2025-10-11,completed,card
13366,693,2024-01-19,completed,card
13367,2102,2024-12-29,completed,card
13368,682,2024-10-27,completed,atm
13369,1863,2025-01-26,completed,card
13370,2285,2024-02-01,completed,wallet
13371,1413,2025-12-05,completed,card
13372,2375,2025-11-01,completed,card
13373,1509,2025-01-31,completed,card
13374,917,2024-08-29,completed,cod
13375,1514,2025-05-31,completed,cod
13376,201,2024-04-10,completed,atm
13377,2370,2025-07-08,refunded,wallet
13378,1291,2024-09-15,completed,wallet
13379,1934,2024-12-20,completed,wallet
13380,1054,2025-02-14,completed,card
13381,1479,2025-09-27,refunded,wallet
13382,1744,2024-06-07,completed,card
13383,1360,2024-09-13,completed,card
13384,1870,2024-11-13,completed,wallet
13385,1749,2024-03-03,completed,atm
13386,1136,2025-11-25,completed,wallet
13387,860,2024-12-29,completed,card
13388,1992,2025-01-10,completed,card
13389,947,2025-02-03,completed,card
13390,833,2024-08-12,completed,card
13391,311,2024-05-02,completed,atm
13392,227,2025-03-30,completed,card
13393,1149,2024-09-18,completed,card
13394,2086,2025-05-13,completed,card
13395,1855,2024-11-18,completed,card
13396,1317,2025-03-13,completed,atm
13397,1066,2024-11-17,completed,card
13398,1756,2024-08-12,completed,cod
13399,762,2025-12-04,completed,card
13400,97,2025-05-25,completed,card
13401,1960,2025-02-01,completed,card
13402,2021,2024-11-12,cancelled,atm
13403,2268,2025-08-19,completed,card
13404,328,2025-04-01,refunded,atm
13405,1972,2024-11-10,refunded,cod
13406,519,2024-11-06,completed,wallet
13407,1416,2025-04-10,completed,wallet
13408,1935,2025-05-02,completed,wallet
13409,1966,2024-03-07,completed,atm
13410,1249,2024-07-15,completed,cod
13411,478,2025-11-24,completed,card
13412,2227,2025-02-17,refunded,card
13413,1984,2024-09-07,refunded,card
13414,2284,2024-08-01,completed,card
13415,347,2025-01-03,completed,cod
13416,225,2024-08-30,completed,cod
13417,147,2025-08-31,refunded,cod
13418,498,2024-11-29,completed,card
13419,628,2024-04-29,completed,atm
13420,902,2024-10-23,completed,atm
13421,916,2025-12-29,completed,card
13422,1499,2025-05-11,completed,card
13423,1248,2024-12-03,completed,wallet
13424,588,2025-01-24,completed,atm
13425,105,2025-08-13,completed,card
13426,1961,2025-12-05,completed,atm
13427,1788,2025-10-24,refunded,card
13428,2468,2025-05-17,cancelled,cod
13429,529,2025-12-31,completed,card
13430,1914,2024-02-05,completed,wallet
13431,1689,2024-08-25,completed,atm
13432,1193,2024-03-30,completed,atm
13433,808,2025-08-05,completed,wallet
13434,1624,2024-12-01,completed,card
13435,2344,2025-01-25,completed,atm
13436,2497,2025-08-28,completed,atm
13437,281,2024-06-14,completed,card
13438,2138,2025-07-16,completed,atm
13439,5,2024-03-28,completed,atm
13440,189,2024-12-06,completed,atm
13441,671,2025-08-30,completed,card
13442,948,2024-02-06,completed,card
13443,1772,2025-05-23,completed,card
13444,488,2024-01-19,completed,wallet
13445,216,2024-05-15,refunded,card
13446,741,2024-12-28,completed,wallet
13447,644,2024-03-21,cancelled,cod
13448,917,2024-09-28,completed,atm
13449,1533,2024-12-06,completed,card
13450,1369,2024-12-29,completed,card
13451,2290,2025-05-27,completed,cod
13452,1106,2025-01-25,completed,card
13453,427,2024-05-26,completed,card
13454,2325,2025-10-29,completed,card
13455,19,2024-07-13,completed,atm
13456,988,2025-12-09,completed,card
13457,462,2025-04-27,completed,atm
13458,725,2025-03-28,completed,card
13459,1313,2024-06-20,completed,atm
13460,1908,2024-09-25,completed,card
13461,1159,2025-08-01,completed,cod
13462,1302,2025-11-29,completed,atm
13463,1647,2024-09-01,completed,cod
13464,801,2025-09-04,completed,card
13465,320,2024-02-16,completed,atm
13466,2215,2025-07-21,completed,card
13467,619,2025-01-17,cancelled,cod
13468,2180,2024-08-27,completed,card
13469,1921,2025-10-23,completed,card
13470,1848,2024-05-14,completed,card
13471,1103,2025-02-12,completed,card
13472,2320,2025-11-25,completed,card
13473,1830,2024-12-13,completed,card
13474,2329,2024-02-25,completed,card
13475,1723,2025-05-10,completed,wallet
13476,854,2024-04-23,completed,cod
13477,862,2025-11-13,completed,cod
13478,1408,2024-08-06,completed,atm
13479,2127,2024-01-24,completed,atm
13480,2378,2024-10-19,completed,atm
13481,1264,2025-10-27,completed,card
13482,125,2025-08-28,completed,atm
13483,954,2024-07-08,completed,cod
13484,2420,2024-08-26,completed,card
13485,443,2024-08-18,completed,wallet
13486,1253,2024-08-26,completed,card
13487,2268,2025-10-13,completed,atm
13488,1609,2024-04-18,completed,card
13489,324,2025-07-05,completed,card
13490,1930,2024-10-06,completed,wallet
13491,2291,2024-12-26,completed,card
13492,716,2025-11-25,cancelled,wallet
13493,123,2024-11-20,completed,atm
13494,361,2025-12-15,completed,wallet
13495,2025,2025-01-09,completed,card
13496,488,2024-01-05,completed,card
13497,1756,2025-01-04,completed,card
13498,1891,2024-11-12,completed,atm
13499,18,2025-12-05,refunded,card
13500,292,2025-12-18,completed,atm
13501,2442,2024-08-17,completed,wallet
13502,2376,2024-11-24,completed,cod
13503,1357,2025-08-28,completed,card
13504,63,2025-11-06,completed,card
13505,2011,2024-07-25,refunded,wallet
13506,2394,2025-05-14,completed,atm
13507,2237,2025-05-28,completed,wallet
13508,643,2025-02-18,completed,wallet
13509,2472,2024-11-25,completed,card
13510,1622,2024-02-26,completed,wallet
13511,988,2025-01-22,completed,card
13512,471,2025-01-11,completed,card
13513,1880,2025-08-26,cancelled,atm
13514,1415,2024-04-09,completed,cod
13515,1750,2024-05-01,completed,atm
13516,572,2025-08-18,completed,cod
13517,2306,2025-05-04,completed,card
13518,309,2024-07-15,completed,card
13519,2098,2024-04-01,completed,card
13520,831,2025-01-23,completed,wallet
13521,70,2024-12-04,completed,card
13522,1584,2024-08-17,completed,atm
13523,1748,2024-03-24,completed,atm
13524,836,2024-07-27,completed,wallet
13525,296,2025-07-30,completed,atm
13526,1134,2025-02-02,completed,atm
13527,328,2025-10-17,completed,cod
13528,1316,2025-01-14,completed,card
13529,1148,2025-08-20,completed,cod
13530,1428,2024-01-27,completed,card
13531,566,2025-01-16,completed,atm
13532,2180,2024-05-22,refunded,wallet
13533,2131,2025-03-31,completed,atm
13534,448,2024-04-15,completed,card
13535,427,2024-07-23,completed,card
13536,1747,2024-05-12,completed,cod
13537,1522,2025-06-09,completed,atm
13538,736,2024-12-11,completed,atm
13539,771,2024-06-10,completed,atm
13540,2119,2024-02-25,completed,atm
13541,427,2025-04-18,completed,atm
13542,2268,2024-03-31,refunded,cod
13543,2275,2024-07-13,completed,wallet
13544,675,2025-08-13,completed,cod
13545,2078,2025-11-12,completed,atm
13546,1279,2025-10-10,cancelled,atm
13547,2322,2025-01-18,completed,cod
13548,2474,2024-08-03,completed,card
13549,1638,2024-12-30,completed,wallet
13550,1913,2024-12-15,completed,card
13551,335,2025-01-30,completed,atm
13552,389,2025-11-06,completed,wallet
13553,519,2025-03-17,completed,card
13554,2320,2024-04-07,completed,card
13555,293,2024-08-17,completed,wallet
13556,691,2025-12-21,completed,card
13557,946,2024-02-19,completed,atm
13558,1171,2025-06-15,completed,atm
13559,2113,2024-08-19,completed,card
13560,2366,2025-06-11,completed,card
13561,1964,2025-10-22,completed,wallet
13562,462,2025-02-19,completed,card
13563,1560,2024-04-23,completed,wallet
13564,1374,2025-02-10,completed,atm
13565,762,2025-04-23,completed,wallet
13566,2069,2024-01-13,completed,atm
13567,2410,2024-02-04,completed,cod
13568,2386,2025-09-03,completed,card
13569,1347,2024-04-15,completed,atm
13570,1627,2025-02-20,completed,card
13571,1751,2025-08-30,completed,card
13572,635,2024-07-07,refunded,card
13573,706,2024-02-26,completed,wallet
13574,2408,2025-05-15,completed,card
13575,1206,2024-09-28,completed,card
13576,1702,2024-01-29,refunded,atm
13577,547,2024-05-21,completed,card
13578,154,2024-04-30,completed,atm
13579,1118,2024-04-08,completed,card
13580,2462,2025-08-08,completed,atm
13581,1076,2024-11-23,completed,card
13582,696,2025-12-13,completed,card
13583,2201,2024-08-27,completed,wallet
13584,1365,2024-04-21,completed,wallet
13585,280,2025-09-15,completed,card
13586,1878,2025-08-23,completed,atm
13587,1389,2025-12-09,completed,card
13588,161,2025-08-29,completed,card
13589,1436,2025-10-04,completed,card
13590,517,2024-04-29,completed,card
13591,313,2024-07-28,completed,atm
13592,424,2025-08-28,completed,card
13593,801,2024-10-15,completed,atm
13594,113,2025-02-19,completed,atm
13595,381,2025-01-01,completed,wallet
13596,202,2024-07-18,completed,card
13597,1076,2025-06-15,completed,card
13598,2136,2024-07-30,completed,atm
13599,414,2024-08-11,completed,card
13600,527,2025-01-05,completed,card
13601,1668,2024-08-13,completed,wallet
13602,723,2025-10-04,refunded,card
13603,1484,2024-10-26,completed,card
13604,172,2024-11-10,completed,wallet
13605,437,2024-01-08,completed,cod
13606,1921,2025-11-08,completed,atm
13607,1108,2025-05-16,completed,card
13608,443,2024-11-21,completed,card
13609,1663,2024-08-03,completed,atm
13610,236,2024-10-18,completed,card
13611,1509,2024-12-17,completed,atm
13612,561,2025-03-24,completed,atm
13613,1372,2025-01-28,completed,atm
13614,791,2024-09-27,completed,card
13615,2315,2025-08-03,completed,card
13616,1819,2025-05-03,refunded,card
13617,246,2025-01-05,completed,card
13618,1434,2024-03-09,completed,atm
13619,786,2025-04-15,completed,card
13620,1022,2024-10-10,cancelled,card
13621,2350,2025-10-04,completed,atm
13622,1322,2024-11-27,completed,card
13623,325,2025-10-23,completed,card
13624,2179,2024-02-16,completed,atm
13625,802,2024-12-29,completed,card
13626,152,2025-08-13,completed,card
13627,264,2024-12-19,completed,cod
13628,888,2024-04-22,completed,atm
13629,2230,2025-02-24,completed,cod
13630,1232,2025-10-23,completed,card
13631,589,2025-05-05,completed,wallet
13632,1696,2024-02-19,completed,card
13633,1009,2024-12-18,completed,card
13634,2099,2024-03-13,completed,card
13635,2026,2025-04-09,refunded,card
13636,218,2024-04-11,completed,atm
13637,1646,2025-12-24,completed,card
13638,575,2025-05-17,completed,card
13639,952,2024-05-01,completed,card
13640,362,2025-12-22,completed,atm
13641,1675,2025-02-09,completed,wallet
13642,2183,2024-11-24,completed,atm
13643,1082,2025-08-26,completed,card
13644,608,2024-10-06,cancelled,card
13645,2462,2024-03-21,completed,card
13646,2105,2025-10-19,completed,cod
13647,917,2024-02-14,completed,card
13648,175,2025-05-04,completed,card
13649,320,2025-05-04,completed,card
13650,617,2024-12-13,completed,atm
13651,470,2024-06-18,completed,card
13652,1029,2025-05-17,completed,cod
13653,495,2024-09-13,completed,atm
13654,566,2024-03-15,completed,atm
13655,1761,2024-05-04,completed,card
13656,1567,2024-10-31,completed,atm
13657,1935,2024-02-29,completed,card
13658,444,2024-10-07,completed,cod
13659,593,2024-10-21,completed,cod
13660,1901,2024-09-22,completed,cod
13661,585,2024-11-01,completed,card
13662,538,2024-10-11,completed,atm
13663,2044,2024-12-26,completed,card
13664,1047,2024-07-05,completed,cod
13665,1009,2024-01-19,completed,wallet
13666,1226,2025-01-29,completed,card
13667,1330,2025-07-23,completed,wallet
13668,1069,2024-05-22,completed,atm
13669,100,2024-11-02,completed,cod
13670,2030,2025-06-28,completed,atm
13671,1972,2025-10-30,completed,card
13672,2299,2025-11-08,completed,atm
13673,1929,2024-11-28,completed,card
13674,2456,2025-04-05,completed,card
13675,932,2025-09-24,completed,card
13676,2159,2025-02-05,completed,cod
13677,1041,2025-03-04,refunded,card
13678,1954,2025-11-25,completed,atm
13679,730,2025-10-27,completed,card
13680,648,2025-08-20,completed,card
13681,2244,2024-10-07,completed,atm
13682,2244,2024-04-21,completed,card
13683,390,2025-10-28,completed,card
13684,1379,2025-01-21,completed,cod
13685,2460,2024-02-08,cancelled,atm
13686,498,2024-03-21,completed,card
13687,1186,2025-02-08,completed,atm
13688,2007,2024-05-21,completed,card
13689,2041,2025-05-02,completed,atm
13690,2477,2024-11-24,completed,card
13691,789,2024-12-15,completed,card
13692,2239,2024-11-03,completed,card
13693,851,2025-12-09,refunded,card
13694,2281,2025-02-15,completed,card
13695,35,2025-10-07,cancelled,wallet
13696,89,2024-06-01,completed,atm
13697,1773,2025-08-16,completed,cod
13698,771,2025-01-02,completed,card
13699,243,2024-01-01,cancelled,wallet
13700,1058,2025-06-27,completed,atm
13701,1929,2025-08-29,completed,cod
13702,265,2025-04-30,completed,card
13703,2462,2024-12-03,completed,card
13704,517,2024-02-03,completed,wallet
13705,2145,2025-02-24,completed,atm
13706,931,2025-12-24,completed,card
13707,78,2024-04-25,completed,atm
13708,2472,2024-11-09,completed,cod
13709,1982,2024-12-11,completed,card
13710,187,2025-06-25,completed,wallet
13711,408,2024-07-08,completed,card
13712,1565,2025-06-06,completed,card
13713,917,2024-12-29,completed,atm
13714,1265,2025-08-10,completed,cod
13715,2369,2025-07-03,completed,wallet
13716,2049,2024-11-13,cancelled,atm
13717,942,2024-12-12,completed,atm
13718,2048,2025-06-01,completed,card
13719,198,2025-05-08,completed,wallet
13720,1384,2024-12-17,completed,atm
13721,490,2025-04-19,completed,wallet
13722,1061,2024-08-18,completed,atm
13723,1540,2025-03-14,completed,cod
13724,564,2025-07-18,refunded,card
13725,516,2024-09-22,completed,wallet
13726,1023,2024-02-16,completed,cod
13727,2321,2025-01-31,completed,card
13728,569,2025-08-03,completed,atm
13729,998,2024-10-15,completed,atm
13730,2260,2024-07-20,completed,cod
13731,1037,2024-11-02,completed,atm
13732,1054,2024-08-28,completed,card
13733,2480,2025-02-05,completed,cod
13734,727,2024-01-26,completed,cod
13735,936,2025-04-30,completed,card
13736,333,2025-04-16,completed,card
13737,434,2025-01-14,completed,card
13738,1356,2025-08-19,completed,card
13739,487,2025-10-12,completed,card
13740,1066,2025-10-21,cancelled,atm
13741,891,2025-08-25,completed,card
13742,749,2024-11-14,completed,card
13743,1709,2025-12-03,completed,card
13744,2498,2025-01-20,completed,atm
13745,2367,2024-11-29,completed,card
13746,2351,2024-02-14,completed,card
13747,1752,2025-10-14,completed,card
13748,1251,2024-02-02,completed,card
13749,1622,2025-08-28,completed,atm
13750,771,2024-03-09,completed,card
13751,1549,2025-02-03,completed,card
13752,835,2025-12-21,completed,atm
13753,1073,2024-12-17,completed,cod
13754,1603,2024-03-21,completed,card
13755,325,2025-08-10,completed,atm
13756,295,2024-01-01,completed,card
13757,1269,2024-03-07,completed,atm
13758,784,2024-02-12,completed,cod
13759,2036,2024-06-12,completed,card
13760,1905,2024-08-16,completed,card
13761,1869,2024-12-14,completed,card
13762,1650,2024-10-21,completed,cod
13763,2144,2024-06-16,completed,card
13764,1574,2025-02-10,completed,card
13765,1216,2025-07-03,completed,wallet
13766,1545,2025-06-19,completed,atm
13767,2095,2025-08-09,completed,card
13768,2386,2024-01-15,completed,atm
13769,1375,2024-08-15,completed,cod
13770,768,2024-01-25,completed,atm
13771,140,2024-04-26,completed,card
13772,1763,2024-09-23,completed,atm
13773,298,2024-10-09,completed,card
13774,2323,2025-12-02,completed,card
13775,1130,2025-11-28,completed,atm
13776,1305,2025-10-22,completed,atm
13777,1003,2024-07-05,completed,card
13778,1621,2025-05-03,completed,atm
13779,1585,2024-01-20,completed,atm
13780,583,2025-02-21,completed,card
13781,848,2024-01-30,completed,atm
13782,2244,2025-01-08,completed,wallet
13783,2226,2025-10-16,completed,card
13784,145,2025-05-18,completed,card
13785,1825,2024-06-07,completed,card
13786,1023,2025-10-15,completed,card
13787,1067,2024-01-13,completed,atm
13788,802,2024-10-29,completed,card
13789,2290,2025-12-23,completed,card
13790,1285,2025-09-08,completed,card
13791,2288,2025-06-03,completed,card
13792,712,2024-12-27,completed,card
13793,1536,2025-08-03,completed,atm
13794,1248,2024-01-19,completed,atm
13795,599,2025-12-12,completed,card
13796,603,2024-06-28,completed,wallet
13797,473,2025-07-07,completed,card
13798,861,2024-05-30,completed,card
13799,1958,2024-06-20,completed,atm
13800,2229,2024-07-27,completed,card
13801,2453,2025-12-05,completed,card
13802,485,2024-10-20,completed,atm
13803,1424,2025-09-04,completed,atm
13804,2324,2025-02-03,completed,card
13805,1056,2025-10-26,completed,wallet
13806,159,2025-08-10,completed,card
13807,1891,2024-02-18,completed,card
13808,1482,2024-09-06,completed,card
13809,2339,2024-08-09,completed,atm
13810,1245,2025-05-20,refunded,atm
13811,1775,2025-05-31,completed,card
13812,1943,2025-02-18,completed,atm
13813,762,2025-07-21,completed,card
13814,38,2024-08-18,completed,cod
13815,2196,2024-05-13,completed,cod
13816,2069,2024-07-04,completed,atm
13817,1111,2025-01-17,completed,card
13818,2088,2025-12-25,completed,wallet
13819,1437,2025-05-10,completed,card
13820,2456,2025-10-16,completed,card
13821,1454,2025-04-01,completed,card
13822,340,2025-06-01,completed,card
13823,920,2025-02-09,completed,card
13824,1632,2025-08-10,completed,atm
13825,701,2025-10-16,completed,card
13826,1547,2025-01-14,completed,wallet
13827,876,2025-10-15,completed,card
13828,2286,2025-12-25,completed,card
13829,1030,2025-04-17,completed,card
13830,17,2024-05-13,refunded,wallet
13831,1956,2025-10-17,completed,wallet
13832,1997,2025-06-02,completed,atm
13833,148,2025-11-21,completed,card
13834,863,2024-08-31,completed,card
13835,1801,2024-04-14,completed,atm
13836,1636,2024-01-28,completed,wallet
13837,2374,2025-01-10,completed,wallet
13838,254,2025-07-19,completed,atm
13839,2274,2024-01-04,completed,card
13840,2381,2025-06-04,completed,card
13841,997,2024-01-01,completed,atm
13842,160,2024-02-03,cancelled,cod
13843,1335,2024-10-22,completed,atm
13844,706,2024-02-01,completed,cod
13845,1010,2024-07-21,completed,wallet
13846,1361,2025-11-10,completed,atm
13847,1365,2024-04-18,completed,card
13848,551,2024-07-19,completed,cod
13849,759,2024-12-02,completed,card
13850,2304,2024-04-27,completed,card
13851,1585,2024-03-26,completed,card
13852,236,2024-10-05,completed,cod
13853,2056,2025-08-18,completed,card
13854,2243,2025-02-11,completed,cod
13855,1549,2025-10-26,completed,card
13856,1895,2024-05-05,completed,cod
13857,267,2025-01-18,completed,wallet
13858,51,2025-07-27,completed,atm
13859,552,2024-10-27,completed,card
13860,1918,2024-02-05,completed,card
13861,697,2024-12-31,completed,card
13862,2044,2025-10-29,completed,cod
13863,490,2025-12-02,completed,card
13864,1672,2025-09-15,completed,atm
13865,2017,2024-09-10,completed,card
13866,2127,2025-11-14,completed,card
13867,548,2024-10-01,completed,cod
13868,605,2025-01-28,completed,cod
13869,1742,2024-06-22,completed,atm
13870,981,2025-10-14,completed,card
13871,865,2024-09-23,completed,cod
13872,892,2025-05-08,completed,wallet
13873,1511,2024-01-01,completed,card
13874,1607,2024-02-02,completed,card
13875,650,2024-12-02,completed,atm
13876,2263,2025-06-02,completed,wallet
13877,1439,2024-11-26,completed,card
13878,194,2024-12-30,completed,card
13879,156,2025-10-02,completed,card
13880,1586,2024-01-12,completed,atm
13881,1684,2025-11-29,completed,card
13882,665,2024-02-27,completed,card
13883,1249,2025-09-21,completed,card
13884,2172,2025-02-26,cancelled,cod
13885,692,2025-08-18,completed,card
13886,964,2024-06-21,completed,atm
13887,1892,2025-08-04,completed,atm
13888,239,2024-10-09,completed,atm
13889,2079,2025-01-07,completed,wallet
13890,2490,2024-07-11,completed,card
13891,1984,2025-05-08,completed,card
13892,727,2025-10-27,completed,wallet
13893,433,2024-08-30,completed,card
13894,662,2025-10-09,completed,card
13895,87,2025-02-03,completed,card
13896,1327,2025-08-29,completed,atm
13897,403,2025-11-03,completed,card
13898,2083,2024-03-11,completed,card
13899,1035,2025-02-03,completed,cod
13900,505,2025-09-08,completed,atm
13901,2390,2025-08-10,completed,cod
13902,1750,2024-10-31,completed,card
13903,791,2025-03-15,completed,wallet
13904,1847,2025-11-03,cancelled,atm
13905,2062,2024-01-13,completed,wallet
13906,1801,2024-11-07,completed,cod
13907,1125,2025-12-25,completed,cod
13908,783,2024-08-03,completed,card
13909,2393,2025-01-19,completed,card
13910,2306,2025-11-26,completed,card
13911,1281,2024-11-18,completed,card
13912,124,2024-08-12,completed,atm
13913,2101,2025-01-23,cancelled,wallet
13914,631,2025-03-25,completed,cod
13915,1913,2024-03-20,completed,card
13916,1070,2024-12-27,completed,card
13917,1933,2025-04-12,completed,atm
13918,1721,2024-09-27,completed,atm
13919,111,2024-03-27,completed,card
13920,2272,2024-06-12,completed,wallet
13921,1332,2025-10-14,completed,atm
13922,912,2025-02-23,refunded,wallet
13923,1433,2024-06-01,completed,wallet
13924,1567,2024-05-01,completed,atm
13925,1984,2024-09-11,completed,card
13926,2063,2025-12-17,completed,card
13927,1066,2024-08-03,completed,atm
13928,1091,2024-02-15,completed,card
13929,176,2025-04-27,completed,card
13930,1722,2024-09-28,completed,wallet
13931,1396,2025-11-12,completed,wallet
13932,373,2024-06-12,completed,wallet
13933,1147,2024-10-22,completed,card
13934,1853,2025-11-18,completed,card
13935,2342,2025-08-07,completed,wallet
13936,1723,2024-09-18,completed,card
13937,1301,2024-01-21,completed,card
13938,969,2025-01-05,completed,wallet
13939,1468,2024-05-22,completed,card
13940,2486,2024-11-28,completed,card
13941,1254,2024-05-04,completed,card
13942,2144,2024-11-12,completed,atm
13943,582,2024-06-23,cancelled,card
13944,2235,2025-12-15,completed,wallet
13945,612,2024-11-01,completed,atm
13946,607,2025-02-06,completed,wallet
13947,1927,2025-02-23,completed,atm
13948,1858,2025-12-23,completed,card
13949,235,2024-09-17,completed,card
13950,977,2025-01-05,completed,wallet
13951,1487,2024-12-29,refunded,cod
13952,740,2024-05-26,completed,cod
13953,371,2024-05-05,completed,cod
13954,1937,2024-05-31,completed,wallet
13955,2490,2025-05-24,refunded,atm
13956,2025,2024-10-08,completed,card
13957,1160,2024-05-01,completed,cod
13958,1692,2024-07-07,completed,atm
13959,452,2025-09-17,completed,cod
13960,1305,2025-05-25,completed,atm
13961,419,2025-11-02,completed,card
13962,165,2025-08-19,completed,card
13963,1561,2024-01-10,completed,card
13964,198,2024-12-20,completed,atm
13965,1853,2025-05-19,completed,atm
13966,2435,2025-04-30,completed,atm
13967,864,2025-08-20,completed,atm
13968,363,2024-04-18,completed,atm
13969,2389,2025-06-09,completed,card
13970,715,2025-02-07,completed,atm
13971,964,2025-11-07,completed,card
13972,2104,2025-01-26,completed,atm
13973,2428,2024-10-12,completed,card
13974,2334,2024-08-09,completed,wallet
13975,312,2025-04-09,completed,card
13976,1980,2025-08-25,completed,card
13977,1508,2024-03-16,completed,atm
13978,20,2025-04-03,completed,atm
13979,472,2025-10-05,completed,card
13980,1519,2025-10-02,completed,wallet
13981,1455,2025-02-04,completed,atm
13982,801,2024-05-25,completed,card
13983,1380,2024-02-19,completed,card
13984,2167,2024-11-01,completed,card
13985,2375,2024-01-13,completed,atm
13986,566,2024-02-16,completed,card
13987,626,2025-03-18,completed,card
13988,204,2024-09-27,completed,card
13989,1577,2024-11-21,completed,atm
13990,150,2025-12-11,completed,atm
13991,255,2025-09-24,completed,card
13992,200,2024-02-25,refunded,card
13993,2159,2024-12-16,completed,card
13994,2321,2024-10-05,completed,atm
13995,2014,2024-12-12,completed,card
13996,1125,2024-02-15,completed,card
13997,2283,2025-01-19,completed,atm
13998,64,2025-09-06,completed,card
13999,1357,2025-12-26,completed,card
14000,1912,2025-01-02,completed,atm
14001,1243,2025-07-30,completed,card
14002,44,2024-11-04,completed,cod
14003,2040,2025-08-03,completed,atm
14004,338,2024-09-24,completed,atm
14005,2322,2025-12-25,completed,cod
14006,2457,2024-12-16,completed,atm
14007,1380,2024-08-06,completed,wallet
14008,1688,2025-03-17,completed,atm
14009,148,2024-08-11,completed,wallet
14010,901,2024-12-15,refunded,card
14011,438,2025-08-02,completed,wallet
14012,359,2024-11-23,completed,card
14013,1240,2025-10-16,completed,card
14014,2242,2025-07-02,completed,card
14015,1711,2024-05-28,completed,atm
14016,2304,2024-01-16,cancelled,card
14017,1560,2025-08-16,completed,card
14018,1982,2024-06-05,completed,card
14019,1027,2025-04-01,completed,cod
14020,980,2025-08-28,completed,atm
14021,692,2024-11-22,completed,cod
14022,2342,2025-11-08,completed,card
14023,1706,2024-11-03,completed,wallet
14024,261,2025-11-06,completed,atm
14025,1182,2025-07-19,completed,cod
14026,1600,2025-03-20,completed,card
14027,89,2024-10-26,completed,card
14028,2400,2024-01-16,completed,card
14029,71,2025-05-13,completed,card
14030,2043,2024-11-10,completed,atm
14031,268,2024-08-31,refunded,card
14032,174,2024-12-05,completed,cod
14033,594,2024-09-24,refunded,cod
14034,1758,2024-08-21,completed,atm
14035,2290,2024-01-23,completed,cod
14036,1857,2024-08-21,completed,card
14037,690,2024-03-08,completed,card
14038,472,2025-08-22,cancelled,card
14039,1009,2024-07-13,completed,card
14040,1433,2024-10-22,completed,card
14041,678,2024-02-20,completed,atm
14042,205,2025-09-04,completed,atm
14043,12,2025-02-19,completed,card
14044,591,2024-06-23,completed,card
14045,1232,2025-02-02,completed,card
14046,237,2024-04-20,completed,card
14047,891,2025-09-21,completed,card
14048,1164,2025-05-28,completed,wallet
14049,1552,2024-06-16,completed,cod
14050,1412,2024-08-08,completed,wallet
14051,2081,2025-02-11,completed,atm
14052,460,2024-11-20,completed,card
14053,513,2025-06-09,completed,card
14054,1633,2025-11-02,completed,card
14055,233,2024-07-08,completed,card
14056,1175,2024-03-09,completed,cod
14057,1469,2025-08-08,completed,wallet
14058,562,2025-08-06,completed,card
14059,2156,2025-10-12,completed,card
14060,914,2025-07-19,completed,card
14061,720,2025-11-04,completed,card
14062,322,2025-06-30,completed,wallet
14063,1059,2025-12-20,completed,card
14064,2278,2025-08-25,completed,card
14065,905,2025-06-14,completed,wallet
14066,2438,2025-05-17,completed,atm
14067,1063,2024-03-23,completed,wallet
14068,2226,2024-10-15,completed,atm
14069,2300,2025-04-27,completed,cod
14070,1514,2025-04-01,completed,wallet
14071,1374,2024-12-29,completed,wallet
14072,803,2025-06-06,completed,atm
14073,563,2024-02-04,completed,card
14074,1275,2025-03-22,completed,atm
14075,2043,2024-06-19,completed,card
14076,1144,2025-02-19,completed,card
14077,1792,2024-07-23,completed,cod
14078,576,2025-01-27,completed,atm
14079,303,2025-03-08,completed,atm
14080,303,2024-04-23,completed,cod
14081,30,2025-10-31,completed,atm
14082,1570,2025-06-10,completed,card
14083,2157,2024-04-22,completed,card
14084,2097,2025-08-30,completed,card
14085,555,2024-05-17,completed,atm
14086,462,2025-11-18,completed,atm
14087,1038,2024-11-06,completed,card
14088,1041,2024-04-13,completed,atm
14089,568,2024-08-13,completed,wallet
14090,1433,2025-07-02,refunded,wallet
14091,335,2024-11-10,completed,card
14092,1350,2025-11-03,completed,card
14093,769,2025-12-04,completed,card
14094,1007,2025-07-01,completed,wallet
14095,1374,2024-12-31,completed,wallet
14096,236,2024-06-30,completed,wallet
14097,2451,2024-10-21,completed,atm
14098,2188,2025-01-26,completed,wallet
14099,818,2024-08-02,completed,wallet
14100,779,2025-11-01,completed,card
14101,1953,2025-10-30,completed,card
14102,648,2024-04-14,completed,card
14103,220,2025-02-16,completed,atm
14104,1551,2024-02-11,completed,wallet
14105,379,2025-07-25,completed,card
14106,271,2025-04-27,completed,card
14107,1654,2025-11-05,completed,card
14108,1795,2024-04-19,completed,card
14109,859,2024-08-24,completed,card
14110,2286,2025-01-18,completed,wallet
14111,650,2024-10-31,completed,card
14112,34,2024-01-12,cancelled,atm
14113,1790,2024-11-02,completed,atm
14114,2358,2024-09-07,completed,card
14115,1844,2025-10-20,completed,card
14116,391,2024-04-20,completed,card
14117,1980,2025-04-19,completed,card
14118,378,2024-04-13,completed,card
14119,916,2024-05-31,completed,cod
14120,2319,2024-12-23,completed,card
14121,2055,2024-12-30,completed,card
14122,204,2024-07-17,completed,card
14123,1938,2025-09-14,completed,atm
14124,1473,2025-08-08,completed,wallet
14125,1978,2025-04-11,completed,card
14126,2243,2025-10-22,cancelled,card
14127,1039,2025-12-08,cancelled,atm
14128,1953,2024-12-28,completed,card
14129,1350,2025-07-30,completed,cod
14130,902,2025-09-02,completed,card
14131,119,2024-10-12,completed,card
14132,156,2024-04-20,completed,wallet
14133,557,2025-12-15,cancelled,atm
14134,1984,2025-07-09,completed,card
14135,1445,2025-05-05,completed,wallet
14136,1543,2025-12-06,completed,card
14137,1374,2025-10-30,completed,card
14138,142,2025-02-15,completed,cod
14139,582,2025-08-05,completed,cod
14140,179,2024-03-11,completed,card
14141,1460,2024-08-18,completed,atm
14142,1891,2025-03-05,cancelled,card
14143,471,2024-10-14,completed,card
14144,1393,2024-11-24,completed,card
14145,1956,2024-11-05,cancelled,atm
14146,63,2025-02-04,completed,card
14147,415,2024-12-28,completed,card
14148,1452,2024-02-24,completed,card
14149,748,2024-01-06,completed,card
14150,2314,2024-11-02,completed,atm
14151,1062,2024-07-11,completed,card
14152,1859,2025-12-27,completed,wallet
14153,1039,2025-11-28,completed,card
14154,695,2024-02-02,cancelled,card
14155,1414,2024-01-15,completed,card
14156,1415,2025-08-28,completed,card
14157,696,2024-01-20,completed,card
14158,1114,2024-12-30,completed,cod
14159,689,2025-01-30,completed,card
14160,211,2025-03-04,cancelled,card
14161,1558,2024-07-23,completed,atm
14162,2363,2025-08-14,completed,card
14163,2307,2025-01-27,completed,atm
14164,571,2025-11-18,completed,card
14165,1997,2025-06-27,completed,card
14166,1078,2024-08-21,completed,cod
14167,233,2025-08-13,completed,atm
14168,1392,2024-06-22,completed,card
14169,1365,2024-01-23,completed,card
14170,1757,2024-04-29,completed,wallet
14171,1298,2025-01-29,completed,wallet
14172,2067,2025-10-04,completed,card
14173,384,2025-01-14,completed,wallet
14174,610,2024-03-03,completed,card
14175,855,2024-01-25,completed,card
14176,443,2024-07-10,completed,atm
14177,2485,2024-01-28,completed,atm
14178,1501,2025-01-01,completed,wallet
14179,1015,2025-09-19,completed,wallet
14180,689,2025-07-26,completed,card
14181,381,2024-11-18,completed,wallet
14182,1052,2024-09-22,completed,card
14183,1465,2025-01-26,completed,card
14184,2259,2025-09-16,completed,atm
14185,407,2025-05-05,completed,atm
14186,865,2024-03-03,completed,wallet
14187,555,2024-03-22,completed,card
14188,2084,2025-02-15,completed,wallet
14189,820,2025-04-20,completed,card
14190,1465,2024-10-17,completed,wallet
14191,56,2025-02-19,refunded,atm
14192,230,2025-01-05,completed,card
14193,1998,2024-02-25,completed,cod
14194,659,2024-09-16,completed,atm
14195,1729,2024-10-15,completed,atm
14196,407,2025-10-09,refunded,card
14197,2128,2024-08-23,completed,wallet
14198,306,2025-10-30,completed,card
14199,390,2025-10-15,completed,card
14200,2038,2025-10-31,completed,card
14201,907,2025-10-05,completed,card
14202,1956,2024-10-02,completed,wallet
14203,241,2024-01-04,completed,card
14204,1859,2024-01-30,completed,card
14205,822,2025-12-28,completed,card
14206,1377,2025-01-14,completed,card
14207,2459,2024-01-11,cancelled,card
14208,81,2024-08-17,completed,cod
14209,2284,2025-11-06,completed,wallet
14210,1221,2024-01-16,completed,card
14211,1718,2024-01-19,completed,wallet
14212,840,2025-11-14,completed,cod
14213,1128,2024-06-20,completed,card
14214,58,2025-12-04,completed,wallet
14215,456,2024-05-08,completed,card
14216,1229,2024-07-10,completed,wallet
14217,9,2025-12-20,completed,atm
14218,1926,2025-09-11,completed,atm
14219,1926,2025-08-15,completed,card
14220,238,2024-11-24,completed,card
14221,2080,2024-11-23,refunded,atm
14222,110,2025-05-01,completed,wallet
14223,1150,2024-06-04,completed,atm
14224,337,2025-03-10,completed,wallet
14225,876,2025-11-18,completed,wallet
14226,1947,2024-10-31,completed,card
14227,857,2025-04-25,completed,card
14228,2335,2025-02-12,completed,cod
14229,1765,2024-10-25,completed,atm
14230,310,2024-12-05,completed,atm
14231,1248,2025-03-11,completed,cod
14232,1877,2024-09-30,completed,atm
14233,1230,2025-08-11,completed,atm
14234,1983,2024-01-01,completed,card
14235,1165,2025-10-12,completed,card
14236,260,2025-03-03,completed,atm
14237,2495,2025-10-20,completed,cod
14238,97,2025-06-10,completed,wallet
14239,1991,2024-08-21,completed,wallet
14240,88,2025-05-25,completed,card
14241,1744,2024-07-16,cancelled,atm
14242,810,2024-02-14,completed,atm
14243,1310,2025-11-07,completed,atm
14244,502,2025-05-20,completed,card
14245,1450,2024-12-09,completed,card
14246,1955,2025-10-06,completed,cod
14247,806,2024-02-22,completed,card
14248,623,2024-08-08,completed,atm
14249,2317,2025-02-08,completed,card
14250,907,2025-10-05,completed,card
14251,495,2025-02-16,completed,card
14252,2059,2024-09-23,completed,card
14253,1698,2025-07-27,completed,wallet
14254,671,2025-04-27,cancelled,atm
14255,728,2025-11-14,completed,wallet
14256,503,2024-05-05,completed,card
14257,378,2024-10-04,completed,atm
14258,1374,2025-03-03,cancelled,atm
14259,977,2025-07-03,completed,cod
14260,861,2024-11-21,completed,card
14261,27,2025-04-05,completed,wallet
14262,1142,2025-04-01,completed,card
14263,1372,2024-11-28,completed,cod
14264,894,2025-10-12,completed,card
14265,1058,2024-08-24,completed,card
14266,1949,2024-09-23,completed,cod
14267,1493,2024-03-24,refunded,card
14268,2067,2025-11-25,completed,atm
14269,236,2024-02-25,completed,card
14270,1659,2025-05-14,completed,wallet
14271,1030,2025-01-01,completed,atm
14272,738,2025-02-25,completed,card
14273,55,2024-05-12,completed,card
14274,315,2025-12-29,completed,atm
14275,1467,2025-11-20,completed,card
14276,1712,2024-08-01,completed,card
14277,1942,2024-01-11,completed,atm
14278,377,2025-02-22,completed,card
14279,1227,2024-01-16,completed,wallet
14280,1274,2025-05-11,completed,atm
14281,307,2024-09-17,completed,atm
14282,388,2024-05-08,completed,wallet
14283,1798,2024-02-08,completed,atm
14284,1153,2025-09-25,refunded,card
14285,1791,2024-09-12,completed,atm
14286,435,2024-12-14,completed,wallet
14287,1900,2024-05-05,completed,atm
14288,2313,2024-08-25,cancelled,cod
14289,289,2025-06-23,completed,atm
14290,2382,2025-10-15,completed,wallet
14291,2445,2024-01-07,completed,card
14292,1365,2025-08-31,completed,atm
14293,446,2025-02-22,completed,wallet
14294,2195,2024-12-05,completed,wallet
14295,2315,2025-03-29,completed,atm
14296,2374,2025-02-01,completed,card
14297,1962,2024-02-06,completed,atm
14298,1465,2025-12-22,completed,atm
14299,1495,2024-08-15,completed,card
14300,233,2025-06-09,completed,card
14301,493,2024-01-16,completed,card
14302,1190,2024-01-19,completed,card
14303,158,2025-05-10,completed,atm
14304,1034,2025-06-08,completed,atm
14305,1168,2025-05-04,completed,wallet
14306,881,2025-07-21,completed,card
14307,2025,2024-07-15,completed,card
14308,1891,2024-05-18,completed,cod
14309,2189,2025-08-22,completed,card
14310,617,2025-11-11,completed,card
14311,2495,2025-07-05,completed,atm
14312,257,2024-04-28,completed,cod
14313,2445,2025-12-19,completed,card
14314,375,2025-12-05,completed,atm
14315,286,2025-02-02,completed,wallet
14316,691,2024-06-03,completed,card
14317,604,2024-02-23,completed,cod
14318,1210,2024-02-23,completed,card
14319,2335,2025-01-31,completed,card
14320,999,2024-04-05,completed,atm
14321,2028,2024-05-26,completed,atm
14322,2355,2025-08-31,completed,card
14323,2133,2025-01-05,completed,card
14324,2352,2025-05-29,refunded,atm
14325,582,2025-08-28,completed,cod
14326,1635,2024-01-05,completed,card
14327,1841,2025-12-11,completed,atm
14328,1698,2024-05-23,cancelled,card
14329,736,2024-10-21,completed,card
14330,1722,2024-11-29,completed,cod
14331,1084,2025-02-24,completed,cod
14332,79,2025-11-12,completed,card
14333,1255,2024-03-20,completed,card
14334,808,2025-06-07,completed,atm
14335,1128,2025-06-13,completed,card
14336,1853,2025-01-17,completed,card
14337,1971,2024-05-05,completed,card
14338,1619,2024-10-08,completed,atm
14339,340,2024-11-23,completed,atm
14340,2358,2025-10-18,completed,atm
14341,2003,2024-10-21,completed,card
14342,603,2024-05-27,completed,card
14343,2251,2025-08-31,completed,wallet
14344,1014,2025-09-23,completed,card
14345,1996,2025-11-20,completed,card
14346,1091,2024-12-16,completed,atm
14347,708,2025-02-05,completed,card
14348,456,2024-03-04,completed,card
14349,2288,2025-02-03,completed,cod
14350,633,2024-12-09,completed,cod
14351,1206,2024-05-08,completed,atm
14352,146,2024-03-12,completed,card
14353,524,2025-05-04,completed,card
14354,124,2024-05-29,completed,atm
14355,128,2025-06-17,completed,cod
14356,778,2025-12-09,completed,cod
14357,1934,2024-05-21,completed,card
14358,804,2025-11-07,completed,wallet
14359,2058,2024-01-06,completed,card
14360,1309,2025-08-09,completed,card
14361,2026,2024-08-17,completed,wallet
14362,419,2025-07-09,completed,cod
14363,1477,2025-02-22,completed,atm
14364,681,2024-05-17,completed,atm
14365,721,2024-01-25,completed,card
14366,1524,2025-08-25,completed,card
14367,2357,2024-02-26,completed,atm
14368,171,2024-08-06,completed,atm
14369,874,2025-07-24,completed,card
14370,921,2024-07-04,completed,wallet
14371,435,2024-03-04,completed,cod
14372,2449,2025-05-12,completed,cod
14373,1767,2024-12-04,completed,atm
14374,443,2024-05-05,completed,atm
14375,1940,2025-01-18,completed,atm
14376,1533,2025-01-10,completed,card
14377,2082,2025-05-04,completed,atm
14378,2139,2024-12-03,completed,wallet
14379,1362,2024-01-02,completed,wallet
14380,1792,2025-04-10,completed,card
14381,1637,2025-12-08,completed,card
14382,1955,2025-08-23,completed,wallet
14383,2432,2025-08-15,completed,card
14384,1950,2025-02-22,completed,atm
14385,293,2025-06-13,completed,atm
14386,984,2024-11-07,completed,wallet
14387,1176,2025-01-09,completed,card
14388,629,2024-07-24,completed,atm
14389,1778,2024-09-22,completed,card
14390,2162,2024-03-21,completed,atm
14391,1265,2024-01-01,completed,card
14392,2009,2024-06-25,completed,wallet
14393,1251,2025-01-10,completed,wallet
14394,2040,2024-02-07,completed,atm
14395,1318,2024-06-16,cancelled,card
14396,1731,2024-02-06,completed,atm
14397,294,2024-05-27,completed,atm
14398,797,2025-06-03,completed,atm
14399,2376,2025-06-16,completed,card
14400,715,2025-11-24,completed,card
14401,579,2024-11-07,completed,atm
14402,1232,2025-04-02,completed,card
14403,2370,2025-07-01,completed,card
14404,2103,2024-07-08,completed,wallet
14405,1804,2025-12-02,completed,cod
14406,578,2025-11-04,completed,card
14407,1615,2025-10-16,completed,card
14408,1492,2025-02-04,completed,card
14409,314,2024-05-10,completed,card
14410,712,2025-01-29,completed,card
14411,270,2025-11-22,completed,cod
14412,510,2025-02-22,completed,card
14413,1352,2024-01-09,completed,card
14414,1336,2025-01-12,completed,cod
14415,835,2025-12-31,completed,card
14416,705,2025-09-01,completed,card
14417,2235,2024-01-15,completed,wallet
14418,758,2024-12-22,completed,atm
14419,2428,2024-10-05,completed,card
14420,985,2025-04-06,completed,card
14421,773,2024-02-21,completed,card
14422,2101,2024-04-04,completed,card
14423,19,2024-11-19,completed,cod
14424,538,2025-01-13,completed,card
14425,489,2024-10-10,completed,card
14426,885,2024-01-01,completed,wallet
14427,34,2024-01-04,completed,card
14428,639,2024-07-19,completed,atm
14429,970,2025-09-10,completed,wallet
14430,1728,2025-11-22,completed,atm
14431,1247,2025-04-23,completed,card
14432,1511,2025-12-31,completed,atm
14433,2095,2025-02-22,completed,card
14434,1636,2024-06-02,completed,wallet
14435,557,2025-01-12,completed,card
14436,2133,2024-12-07,completed,card
14437,240,2024-02-18,completed,wallet
14438,125,2025-11-19,completed,atm
14439,901,2024-08-10,completed,wallet
14440,2218,2024-07-16,completed,card
14441,301,2025-09-22,completed,cod
14442,1986,2025-09-30,completed,card
14443,449,2024-08-04,completed,wallet
14444,152,2025-10-09,completed,wallet
14445,1116,2024-02-22,completed,card
14446,1395,2024-12-27,completed,atm
14447,1011,2024-09-18,completed,card
14448,2498,2025-06-25,completed,card
14449,955,2025-08-09,refunded,atm
14450,195,2024-11-26,refunded,card
14451,2307,2025-07-08,completed,wallet
14452,1985,2025-06-14,completed,card
14453,2188,2024-11-02,completed,atm
14454,1206,2025-11-18,completed,cod
14455,1653,2024-03-14,completed,card
14456,622,2025-05-10,completed,card
14457,1913,2024-04-23,completed,wallet
14458,1352,2024-04-13,completed,card
14459,1725,2024-07-12,completed,card
14460,419,2025-07-10,completed,card
14461,1637,2025-02-22,completed,atm
14462,2366,2025-12-25,completed,card
14463,1880,2025-10-21,completed,card
14464,337,2025-12-27,completed,card
14465,1596,2024-06-12,completed,wallet
14466,468,2024-08-28,completed,card
14467,2321,2025-01-15,completed,atm
14468,36,2025-12-26,completed,wallet
14469,1622,2025-02-11,completed,card
14470,1131,2024-04-17,completed,card
14471,202,2024-12-07,completed,card
14472,1063,2025-04-28,completed,card
14473,1696,2024-05-03,refunded,card
14474,680,2024-04-11,completed,atm
14475,1857,2024-09-01,cancelled,atm
14476,499,2024-09-13,completed,card
14477,2307,2024-02-22,completed,cod
14478,1183,2025-07-04,completed,atm
14479,1897,2025-01-14,completed,card
14480,485,2024-01-01,completed,wallet
14481,308,2025-12-04,completed,card
14482,1259,2024-07-05,completed,atm
14483,982,2025-12-05,completed,atm
14484,1255,2024-03-28,completed,card
14485,1792,2024-05-16,completed,card
14486,616,2025-11-02,completed,atm
14487,1124,2024-12-28,completed,card
14488,2069,2025-12-16,completed,card
14489,831,2024-07-14,completed,card
14490,1,2025-04-09,completed,card
14491,949,2025-01-28,completed,atm
14492,1539,2025-11-09,completed,atm
14493,1239,2024-10-05,completed,card
14494,582,2024-08-31,completed,card
14495,268,2024-10-26,completed,card
14496,2046,2025-10-25,completed,atm
14497,860,2025-08-23,completed,card
14498,1171,2024-02-09,completed,cod
14499,2312,2024-06-05,completed,card
14500,712,2024-09-20,completed,card
14501,983,2025-07-21,completed,card
14502,102,2024-08-11,completed,wallet
14503,2360,2025-07-03,completed,card
14504,1003,2024-10-29,completed,cod
14505,916,2024-10-25,completed,card
14506,586,2024-10-11,completed,wallet
14507,914,2025-10-25,completed,cod
14508,1482,2024-05-25,completed,atm
14509,1742,2024-02-17,completed,card
14510,238,2025-01-11,completed,atm
14511,2023,2025-09-04,completed,wallet
14512,682,2025-09-01,completed,card
14513,1172,2024-03-17,completed,card
14514,755,2024-09-16,refunded,card
14515,830,2024-05-12,completed,wallet
14516,1008,2024-07-28,completed,atm
14517,770,2025-08-11,completed,card
14518,2428,2024-02-21,completed,wallet
14519,1780,2024-06-20,completed,card
14520,332,2025-10-13,completed,atm
14521,2384,2024-06-09,completed,card
14522,1931,2024-05-01,completed,card
14523,1584,2025-12-04,completed,card
14524,699,2024-02-16,completed,atm
14525,1248,2025-10-23,completed,card
14526,2130,2024-08-12,completed,card
14527,893,2025-06-02,refunded,atm
14528,2317,2024-03-10,completed,atm
14529,1376,2024-07-08,completed,wallet
14530,248,2024-06-16,completed,wallet
14531,1715,2025-03-26,completed,card
14532,1269,2025-12-03,completed,card
14533,868,2025-08-10,completed,cod
14534,1450,2025-09-16,completed,card
14535,330,2025-05-04,completed,card
14536,1567,2024-12-12,completed,wallet
14537,1304,2024-01-27,completed,card
14538,520,2025-11-23,completed,atm
14539,1281,2025-05-29,completed,card
14540,1602,2025-12-29,completed,card
14541,1827,2025-05-03,completed,card
14542,1781,2024-10-14,completed,wallet
14543,1699,2024-01-03,completed,wallet
14544,1144,2025-02-12,completed,atm
14545,145,2024-11-24,completed,atm
14546,2224,2024-07-12,completed,card
14547,216,2025-07-09,completed,card
14548,829,2025-07-21,completed,card
14549,96,2024-11-24,completed,atm
14550,1933,2024-04-27,completed,card
14551,2462,2025-01-15,completed,card
14552,1364,2024-01-28,completed,atm
14553,173,2024-12-19,completed,wallet
14554,109,2025-12-25,completed,wallet
14555,612,2025-08-28,completed,atm
14556,2143,2025-10-18,completed,wallet
14557,1827,2024-06-29,completed,card
14558,394,2024-08-22,completed,card
14559,1122,2024-01-31,completed,wallet
14560,1141,2024-05-29,completed,wallet
14561,849,2024-04-21,completed,atm
14562,1253,2025-06-21,completed,atm
14563,602,2024-03-02,completed,card
14564,1710,2024-11-11,completed,card
14565,1332,2024-06-15,completed,atm
14566,1731,2025-01-26,completed,cod
14567,2173,2024-05-07,completed,card
14568,1598,2024-06-27,completed,atm
14569,2332,2024-09-20,completed,atm
14570,2352,2024-09-08,completed,card
14571,1424,2024-05-27,completed,wallet
14572,2242,2024-06-18,completed,atm
14573,2176,2024-09-26,completed,card
14574,2194,2025-10-12,completed,card
14575,273,2024-12-24,completed,card
14576,99,2025-07-11,completed,card
14577,2279,2024-07-05,completed,atm
14578,1457,2024-09-26,completed,wallet
14579,631,2024-02-05,completed,card
14580,942,2024-02-23,completed,atm
14581,5,2024-05-12,completed,atm
14582,193,2024-12-26,completed,card
14583,2230,2025-11-06,completed,card
14584,1632,2024-02-23,completed,cod
14585,1516,2024-05-11,completed,wallet
14586,1007,2024-08-08,completed,atm
14587,1336,2024-09-11,completed,card
14588,1567,2025-01-10,completed,card
14589,1807,2024-05-06,completed,cod
14590,638,2024-01-29,completed,card
14591,415,2025-11-02,completed,card
14592,1860,2025-12-22,completed,atm
14593,1520,2024-08-21,completed,atm
14594,865,2024-09-30,completed,atm
14595,1269,2024-02-17,completed,card
14596,2488,2024-01-29,completed,atm
14597,2180,2024-06-05,completed,cod
14598,1352,2025-10-27,completed,wallet
14599,104,2025-07-28,completed,card
14600,13,2024-10-08,completed,card
14601,325,2025-08-28,completed,atm
14602,1775,2025-11-30,completed,atm
14603,1660,2024-08-26,completed,card
14604,729,2024-12-04,completed,atm
14605,24,2024-08-06,completed,atm
14606,655,2025-02-22,completed,cod
14607,2045,2025-02-20,refunded,card
14608,1077,2025-12-20,completed,wallet
14609,1841,2024-08-29,cancelled,atm
14610,1747,2024-01-22,completed,card
14611,413,2025-09-29,completed,card
14612,2118,2025-08-15,completed,atm
14613,2212,2024-06-25,completed,wallet
14614,970,2025-06-02,completed,wallet
14615,1202,2024-11-18,completed,atm
14616,1601,2024-01-06,completed,card
14617,863,2024-02-07,completed,card
14618,1572,2025-08-19,completed,atm
14619,1566,2025-03-18,completed,atm
14620,2129,2025-12-23,completed,atm
14621,1734,2024-10-18,completed,atm
14622,684,2024-10-27,completed,card
14623,1270,2024-06-12,completed,wallet
14624,1870,2024-10-27,refunded,wallet
14625,1893,2025-05-07,completed,wallet
14626,1055,2024-10-08,completed,card
14627,273,2024-06-20,completed,atm
14628,2279,2024-02-11,completed,card
14629,2153,2024-04-17,completed,cod
14630,1692,2024-10-26,completed,wallet
14631,924,2025-05-18,completed,atm
14632,998,2025-12-18,refunded,wallet
14633,1672,2025-10-20,completed,wallet
14634,1959,2025-03-16,completed,card
14635,1157,2024-10-14,completed,cod
14636,1970,2025-09-05,completed,card
14637,2396,2025-10-30,completed,atm
14638,981,2024-09-12,completed,card
14639,702,2025-02-14,completed,wallet
14640,1202,2024-03-14,completed,card
14641,1812,2024-06-20,completed,cod
14642,1711,2024-04-20,completed,card
14643,1716,2025-04-07,completed,card
14644,2430,2025-12-18,completed,card
14645,677,2024-11-20,completed,card
14646,807,2025-12-12,refunded,card
14647,2358,2024-04-17,completed,atm
14648,876,2025-08-22,completed,cod
14649,2033,2024-04-01,completed,wallet
14650,2500,2025-05-17,refunded,card
14651,677,2024-04-02,completed,atm
14652,335,2025-11-28,completed,card
14653,1919,2024-11-17,completed,card
14654,2255,2024-10-05,completed,atm
14655,1631,2024-05-06,completed,atm
14656,2477,2024-06-01,completed,card
14657,175,2025-08-13,completed,card
14658,2069,2025-10-15,completed,atm
14659,544,2025-01-20,completed,card
14660,535,2025-07-21,completed,card
14661,2090,2025-12-23,completed,card
14662,2011,2024-12-23,cancelled,card
14663,664,2025-05-22,completed,card
14664,174,2025-07-30,completed,atm
14665,260,2025-09-30,completed,atm
14666,1505,2024-06-23,completed,atm
14667,1711,2025-07-14,completed,atm
14668,753,2025-10-28,completed,card
14669,1067,2025-12-01,completed,atm
14670,1388,2025-07-30,completed,atm
14671,150,2025-11-30,completed,card
14672,1734,2024-09-12,completed,atm
14673,1359,2024-06-29,completed,wallet
14674,1334,2024-07-22,completed,cod
14675,690,2024-11-27,completed,card
14676,877,2024-05-18,completed,wallet
14677,1858,2024-06-24,completed,card
14678,600,2024-12-28,completed,card
14679,1471,2025-04-10,completed,atm
14680,1640,2024-05-11,completed,card
14681,2351,2024-06-22,completed,wallet
14682,1221,2025-10-24,completed,card
14683,1999,2025-10-03,completed,card
14684,882,2025-03-06,completed,atm
14685,1995,2025-08-26,completed,card
14686,655,2024-03-07,refunded,cod
14687,2067,2025-06-04,refunded,card
14688,481,2025-04-17,completed,card
14689,421,2025-11-07,completed,atm
14690,1992,2024-12-04,completed,cod
14691,812,2024-12-12,completed,card
14692,1404,2024-07-10,completed,card
14693,1600,2025-10-10,completed,card
14694,220,2024-04-25,completed,wallet
14695,2082,2024-01-27,completed,card
14696,1865,2025-10-28,completed,atm
14697,1153,2025-02-07,completed,card
14698,823,2025-11-19,completed,atm
14699,1049,2025-07-07,completed,card
14700,279,2024-02-01,completed,atm
14701,324,2025-08-30,completed,cod
14702,1388,2024-10-16,completed,card
14703,1318,2025-12-16,completed,card
14704,1302,2024-05-16,completed,card
14705,115,2024-12-14,completed,card
14706,800,2025-02-10,completed,atm
14707,848,2025-12-09,completed,card
14708,1215,2025-05-13,completed,card
14709,36,2025-11-01,completed,card
14710,631,2024-06-26,completed,atm
14711,1506,2024-08-17,completed,card
14712,860,2024-09-29,completed,card
14713,1143,2025-05-06,completed,cod
14714,1456,2024-04-19,completed,card
14715,1782,2025-06-10,completed,atm
14716,1441,2025-05-05,completed,atm
14717,2425,2025-12-30,completed,cod
14718,1377,2024-08-04,completed,card
14719,779,2024-02-25,completed,card
14720,2235,2025-07-11,completed,card
14721,319,2025-05-20,completed,atm
14722,949,2025-08-02,completed,card
14723,2201,2024-05-23,completed,card
14724,562,2025-02-01,completed,atm
14725,1259,2025-02-27,completed,cod
14726,2462,2025-07-16,completed,atm
14727,1598,2024-09-21,completed,wallet
14728,1664,2024-01-30,completed,cod
14729,75,2025-10-22,completed,wallet
14730,1001,2025-02-06,completed,atm
14731,2007,2025-01-15,completed,card
14732,1031,2025-03-03,completed,card
14733,1053,2024-08-04,completed,atm
14734,1468,2024-10-09,completed,atm
14735,2381,2024-04-05,completed,card
14736,677,2024-02-20,completed,card
14737,619,2025-04-12,completed,card
14738,377,2024-06-05,completed,cod
14739,1990,2025-10-28,completed,atm
14740,2489,2024-01-06,completed,card
14741,2115,2025-05-26,completed,card
14742,629,2025-07-12,completed,wallet
14743,1132,2024-08-24,completed,cod
14744,880,2025-10-09,completed,wallet
14745,582,2024-11-02,cancelled,card
14746,2367,2025-02-25,completed,cod
14747,1113,2024-11-26,completed,card
14748,195,2024-05-18,completed,wallet
14749,2315,2024-10-07,completed,card
14750,6,2025-01-14,completed,atm
14751,1901,2025-07-17,completed,card
14752,1833,2024-02-10,completed,card
14753,1376,2024-02-02,completed,card
14754,2290,2024-01-23,completed,card
14755,326,2025-08-29,completed,atm
14756,595,2024-11-27,completed,card
14757,409,2024-12-01,completed,atm
14758,1222,2025-05-29,completed,card
14759,914,2025-07-25,completed,card
14760,1538,2024-01-25,completed,atm
14761,300,2025-02-11,cancelled,atm
14762,1346,2025-11-17,completed,atm
14763,1544,2025-10-16,refunded,wallet
14764,471,2025-04-08,completed,wallet
14765,1361,2024-06-08,completed,card
14766,131,2024-10-10,completed,atm
14767,1025,2025-01-23,completed,card
14768,1334,2025-01-03,completed,atm
14769,1114,2025-11-27,completed,card
14770,2153,2024-11-09,completed,cod
14771,1682,2024-11-17,completed,card
14772,1036,2025-05-16,completed,card
14773,1648,2025-01-24,completed,card
14774,34,2024-12-19,completed,card
14775,1588,2024-10-18,completed,card
14776,1418,2025-01-12,completed,wallet
14777,661,2025-03-11,cancelled,card
14778,1758,2024-12-14,completed,atm
14779,1758,2024-03-14,completed,wallet
14780,367,2025-08-16,completed,card
14781,1074,2024-11-19,completed,atm
14782,582,2025-07-01,completed,card
14783,11,2025-03-20,completed,cod
14784,2255,2024-06-13,completed,card
14785,2368,2024-01-03,completed,card
14786,1979,2024-08-24,completed,atm
14787,22,2025-01-14,completed,atm
14788,115,2024-12-21,completed,cod
14789,214,2025-11-20,cancelled,atm
14790,94,2025-11-12,completed,card
14791,1210,2024-11-02,completed,wallet
14792,239,2024-05-14,completed,cod
14793,838,2024-09-15,completed,atm
14794,83,2025-07-18,completed,card
14795,2497,2025-03-18,completed,wallet
14796,401,2024-07-22,completed,card
14797,2202,2024-10-30,completed,card
14798,1382,2024-12-24,refunded,card
14799,1720,2024-01-03,refunded,card
14800,548,2024-04-09,completed,wallet
14801,1535,2024-05-01,refunded,wallet
14802,1395,2024-10-01,completed,card
14803,81,2025-09-17,refunded,card
14804,1275,2025-01-20,completed,card
14805,453,2025-12-14,completed,atm
14806,2379,2024-02-02,completed,atm
14807,1956,2025-05-22,completed,card
14808,2118,2025-04-02,completed,card
14809,1556,2024-01-15,completed,card
14810,1248,2024-05-05,completed,atm
14811,2200,2025-05-31,completed,card
14812,1566,2024-01-08,completed,atm
14813,631,2024-02-06,completed,atm
14814,840,2024-12-15,completed,atm
14815,719,2025-02-23,completed,card
14816,1798,2024-01-06,completed,atm
14817,2499,2025-10-17,completed,card
14818,1896,2025-07-07,completed,card
14819,58,2024-09-09,completed,card
14820,2202,2025-09-16,refunded,atm
14821,340,2025-10-19,completed,wallet
14822,496,2025-07-12,completed,cod
14823,72,2024-06-20,completed,atm
14824,1386,2025-11-01,completed,atm
14825,910,2025-02-19,completed,cod
14826,1750,2024-11-16,completed,card
14827,2388,2025-10-26,completed,atm
14828,624,2025-04-07,completed,atm
14829,2147,2025-08-05,completed,atm
14830,524,2024-05-07,completed,atm
14831,592,2025-11-16,completed,card
14832,2258,2025-10-04,completed,cod
14833,1236,2025-01-15,completed,atm
14834,737,2024-09-06,completed,card
14835,2455,2025-12-30,completed,atm
14836,1518,2025-05-31,completed,atm
14837,1925,2025-01-28,completed,cod
14838,711,2025-12-22,refunded,card
14839,1048,2024-10-24,completed,card
14840,1375,2025-12-06,completed,wallet
14841,2310,2024-12-23,completed,wallet
14842,2073,2024-05-12,completed,card
14843,721,2025-11-04,completed,card
14844,1720,2024-02-20,completed,card
14845,2148,2024-09-15,completed,card
14846,1103,2025-01-03,completed,wallet
14847,1793,2025-10-01,completed,cod
14848,1026,2025-01-08,completed,atm
14849,706,2025-08-09,completed,card
14850,726,2024-01-17,completed,atm
14851,262,2024-08-17,completed,atm
14852,1948,2025-10-20,completed,cod
14853,2357,2025-01-31,completed,atm
14854,442,2024-06-13,completed,atm
14855,514,2024-11-10,completed,wallet
14856,1060,2025-08-07,completed,atm
14857,373,2025-01-28,completed,card
14858,492,2024-03-06,completed,atm
14859,1991,2025-01-09,completed,wallet
14860,610,2024-07-17,completed,atm
14861,2255,2024-05-24,completed,atm
14862,1420,2024-02-09,completed,wallet
14863,277,2024-05-31,completed,card
14864,1144,2024-05-05,completed,card
14865,28,2024-05-07,completed,card
14866,200,2025-10-08,completed,card
14867,994,2025-01-14,completed,card
14868,2161,2024-08-19,completed,card
14869,2045,2025-09-09,completed,wallet
14870,1461,2024-11-30,completed,card
14871,474,2024-10-02,completed,card
14872,1722,2025-11-07,completed,card
14873,2199,2024-06-13,completed,cod
14874,481,2024-10-25,completed,card
14875,245,2024-11-12,completed,atm
14876,1401,2024-01-03,completed,cod
14877,1456,2024-04-30,completed,atm
14878,578,2025-04-13,cancelled,card
14879,1865,2024-11-26,completed,wallet
14880,2265,2025-01-12,completed,card
14881,1957,2024-01-21,completed,card
14882,492,2025-06-02,completed,card
14883,1443,2025-09-20,completed,cod
14884,2315,2025-03-29,completed,cod
14885,1081,2024-08-19,completed,card
14886,2451,2025-10-19,completed,wallet
14887,893,2025-10-10,completed,card
14888,981,2025-05-18,completed,card
14889,1557,2025-12-01,completed,card
14890,1812,2024-05-27,completed,wallet
14891,64,2025-01-28,completed,atm
14892,2288,2024-11-16,completed,card
14893,403,2024-11-09,completed,wallet
14894,1715,2025-01-04,cancelled,card
14895,1947,2024-08-07,completed,card
14896,1985,2024-12-29,cancelled,card
14897,2385,2025-10-12,refunded,card
14898,2187,2024-02-10,cancelled,atm
14899,623,2024-07-18,completed,card
14900,2005,2025-12-14,completed,card
14901,1630,2024-10-01,completed,cod
14902,2130,2025-09-05,completed,card
14903,603,2024-04-16,completed,wallet
14904,644,2024-09-08,completed,card
14905,2294,2025-10-17,refunded,cod
14906,2456,2025-12-18,completed,atm
14907,1377,2025-08-02,completed,card
14908,1330,2024-05-05,completed,atm
14909,408,2024-01-12,completed,card
14910,1901,2024-05-06,completed,atm
14911,1601,2025-06-20,completed,atm
14912,2369,2024-10-05,completed,atm
14913,641,2025-09-05,completed,card
14914,2265,2024-08-12,completed,atm
14915,11,2024-07-09,completed,card
14916,1275,2025-05-21,completed,card
14917,1052,2025-03-04,completed,cod
14918,695,2025-01-08,completed,card
14919,359,2025-05-21,completed,card
14920,1033,2025-05-03,completed,card
14921,1748,2025-04-19,completed,card
14922,1014,2025-01-20,completed,atm
14923,2377,2025-07-03,completed,card
14924,1634,2025-05-28,completed,atm
14925,1827,2025-01-23,completed,cod
14926,2002,2024-12-22,completed,atm
14927,1542,2024-02-24,completed,wallet
14928,2257,2024-12-15,completed,atm
14929,1135,2025-09-13,completed,cod
14930,2075,2024-12-21,completed,wallet
14931,1234,2025-05-23,completed,card
14932,1406,2024-06-28,completed,wallet
14933,328,2025-08-19,completed,atm
14934,161,2025-01-15,refunded,atm
14935,923,2024-10-08,completed,card
14936,2403,2024-11-14,completed,card
14937,926,2025-09-07,completed,card
14938,1715,2024-02-08,completed,atm
14939,1352,2025-01-05,completed,cod
14940,857,2024-05-09,completed,card
14941,116,2024-02-24,completed,atm
14942,1251,2025-08-16,completed,atm
14943,715,2024-01-02,completed,atm
14944,1516,2024-08-04,completed,card
14945,1583,2025-11-25,completed,atm
14946,1301,2024-02-22,completed,card
14947,1284,2025-11-16,completed,wallet
14948,1386,2024-03-06,completed,card
14949,2426,2024-08-26,completed,card
14950,1821,2024-12-31,refunded,wallet
14951,453,2025-11-09,completed,atm
14952,841,2024-11-15,completed,atm
14953,148,2024-12-10,completed,atm
14954,1936,2025-11-06,completed,cod
14955,1984,2024-01-27,completed,card
14956,1632,2024-09-30,completed,card
14957,1062,2025-06-17,completed,card
14958,233,2025-11-20,completed,card
14959,1352,2024-10-25,refunded,card
14960,1798,2024-12-10,completed,cod
14961,1763,2025-01-09,completed,atm
14962,1395,2025-01-20,completed,card
14963,2187,2025-09-12,completed,cod
14964,2446,2024-02-05,cancelled,atm
14965,1356,2025-01-22,completed,cod
14966,716,2025-02-12,completed,atm
14967,443,2024-06-18,completed,atm
14968,518,2025-12-14,completed,card
14969,574,2025-06-12,completed,card
14970,861,2025-08-02,completed,cod
14971,2437,2024-06-07,completed,card
14972,1172,2024-11-04,completed,wallet
14973,1456,2024-10-17,completed,card
14974,866,2025-09-19,completed,atm
14975,2075,2024-03-25,completed,card
14976,76,2025-10-26,completed,atm
14977,1479,2024-12-24,completed,wallet
14978,1934,2025-05-23,completed,card
14979,1030,2025-08-20,completed,card
14980,1183,2025-09-30,completed,card
14981,2376,2024-09-20,completed,card
14982,539,2025-08-23,completed,atm
14983,384,2024-08-15,completed,wallet
14984,238,2025-07-11,cancelled,card
14985,2,2025-04-26,completed,card
14986,1003,2024-04-29,completed,wallet
14987,289,2025-06-05,completed,card
14988,1515,2025-03-16,completed,atm
14989,2427,2025-10-30,completed,cod
14990,2462,2024-11-04,completed,atm
14991,2362,2024-07-10,completed,atm
14992,1654,2024-01-27,cancelled,card
14993,1215,2024-01-05,completed,card
14994,2474,2024-09-10,completed,cod
14995,151,2024-12-09,completed,wallet
14996,270,2025-02-09,completed,atm
14997,1039,2025-12-13,completed,wallet
14998,914,2025-07-23,completed,card
14999,1237,2025-04-17,completed,card
15000,452,2024-01-24,completed,cod
15001,1334,2025-09-27,completed,atm
15002,1916,2025-07-02,completed,atm
15003,1401,2025-11-08,completed,card
15004,500,2025-02-16,completed,atm
15005,88,2024-03-13,completed,card
15006,544,2024-10-24,completed,card
15007,1342,2024-07-29,completed,wallet
15008,1813,2025-12-01,completed,atm
15009,2426,2024-08-18,completed,wallet
15010,2276,2025-06-30,completed,card
15011,580,2024-12-06,completed,atm
15012,2079,2025-02-21,completed,cod
15013,1959,2024-07-19,completed,cod
15014,952,2025-01-26,completed,atm
15015,914,2024-12-04,completed,wallet
15016,1675,2025-07-15,completed,card
15017,2045,2024-07-10,completed,card
15018,1871,2025-04-06,completed,atm
15019,1317,2025-02-10,completed,atm
15020,815,2025-12-06,completed,card
15021,2047,2025-12-08,completed,atm
15022,1790,2025-10-12,completed,cod
15023,1481,2025-04-30,completed,card
15024,598,2025-06-02,completed,wallet
15025,2235,2024-08-15,completed,card
15026,1717,2024-05-05,completed,card
15027,1247,2025-05-31,completed,card
15028,2239,2024-10-04,completed,card
15029,1863,2025-07-05,completed,card
15030,159,2024-01-14,completed,card
15031,1449,2025-08-10,completed,atm
15032,701,2024-07-04,completed,card
15033,943,2025-05-23,completed,card
15034,1036,2025-10-23,completed,card
15035,342,2024-11-12,completed,card
15036,2131,2025-11-15,completed,atm
15037,247,2024-10-03,completed,wallet
15038,440,2024-11-25,completed,atm
15039,2011,2025-10-12,completed,card
15040,501,2025-02-28,completed,card
15041,1942,2024-09-29,completed,card
15042,33,2025-11-20,completed,card
15043,2115,2024-11-18,completed,atm
15044,791,2024-06-13,completed,card
15045,695,2024-04-26,completed,wallet
15046,637,2025-08-18,completed,card
15047,531,2024-02-10,completed,card
15048,2433,2025-02-12,completed,atm
15049,984,2024-10-23,cancelled,atm
15050,2056,2024-02-26,completed,card
15051,85,2024-06-18,completed,wallet
15052,1509,2024-08-11,completed,card
15053,1963,2025-07-30,refunded,card
15054,517,2024-04-24,completed,card
15055,2221,2024-07-31,completed,card
15056,1901,2025-03-19,completed,card
15057,777,2024-06-11,completed,card
15058,1834,2025-09-01,completed,card
15059,1748,2025-12-10,completed,card
15060,1921,2025-09-04,completed,wallet
15061,515,2025-03-31,completed,atm
15062,311,2025-12-04,completed,cod
15063,1046,2024-10-27,completed,atm
15064,1830,2024-01-26,completed,atm
15065,1096,2025-10-27,completed,card
15066,356,2025-08-16,completed,card
15067,1965,2024-10-20,completed,atm
15068,2497,2024-03-01,completed,card
15069,1404,2024-07-03,completed,card
15070,1061,2024-08-22,completed,atm
15071,2240,2025-08-22,completed,atm
15072,1943,2025-04-15,completed,atm
15073,1461,2024-01-02,completed,wallet
15074,912,2024-07-28,completed,wallet
15075,1243,2025-05-24,completed,card
15076,1722,2024-05-04,completed,atm
15077,907,2025-11-26,completed,card
15078,137,2025-10-27,completed,atm
15079,131,2025-05-31,refunded,cod
15080,2001,2025-02-25,completed,cod
15081,1153,2024-10-18,completed,wallet
15082,1427,2024-10-29,completed,cod
15083,1237,2025-05-14,completed,card
15084,1386,2024-12-04,completed,atm
15085,1051,2024-04-18,completed,cod
15086,1436,2025-01-30,completed,card
15087,677,2024-01-16,completed,card
15088,657,2024-04-07,completed,atm
15089,642,2025-08-09,cancelled,cod
15090,177,2024-09-22,completed,card
15091,1005,2025-10-06,completed,wallet
15092,1492,2024-03-02,completed,cod
15093,767,2025-07-10,completed,atm
15094,636,2024-02-07,completed,card
15095,2135,2025-12-16,completed,card
15096,2254,2024-06-06,refunded,wallet
15097,551,2024-02-26,completed,card
15098,343,2024-07-25,completed,card
15099,727,2025-07-20,completed,wallet
15100,764,2024-02-03,completed,atm
15101,1232,2024-08-18,completed,cod
15102,778,2025-02-26,completed,atm
15103,1433,2024-10-29,completed,card
15104,2193,2024-02-20,completed,card
15105,692,2024-05-05,completed,card
15106,1599,2025-10-09,completed,card
15107,103,2025-12-23,completed,cod
15108,2223,2024-08-14,completed,cod
15109,700,2024-09-28,completed,atm
15110,1798,2025-02-09,completed,atm
15111,1731,2025-01-20,completed,atm
15112,172,2025-05-06,completed,cod
15113,1078,2025-04-17,completed,card
15114,2339,2024-01-14,completed,card
15115,865,2024-11-30,completed,atm
15116,681,2024-01-17,completed,atm
15117,287,2025-05-23,completed,cod
15118,689,2024-01-08,completed,card
15119,1965,2025-12-02,completed,card
15120,982,2024-07-06,completed,card
15121,9,2025-02-09,completed,atm
15122,865,2025-12-01,completed,wallet
15123,185,2024-10-08,completed,card
15124,302,2024-02-20,completed,card
15125,2162,2024-08-18,completed,card
15126,109,2025-11-03,completed,cod
15127,1003,2025-03-03,completed,card
15128,1543,2025-12-05,completed,card
15129,2464,2024-07-04,completed,card
15130,906,2025-02-24,completed,card
15131,4,2025-10-04,completed,card
15132,1857,2024-05-31,completed,atm
15133,1880,2025-04-03,completed,card
15134,2198,2024-08-31,completed,atm
15135,378,2025-03-11,completed,wallet
15136,2416,2025-09-22,completed,atm
15137,2042,2024-06-23,completed,card
15138,1378,2025-07-02,completed,card
15139,2037,2025-03-03,completed,wallet
15140,1957,2025-05-05,completed,card
15141,1607,2025-08-21,completed,card
15142,2416,2025-03-13,completed,card
15143,791,2024-12-25,completed,cod
15144,599,2025-08-15,completed,atm
15145,942,2024-03-05,completed,card
15146,545,2024-08-01,refunded,card
15147,1454,2024-02-06,completed,card
15148,1031,2025-06-17,completed,atm
15149,2006,2024-05-27,completed,atm
15150,2455,2025-05-21,completed,cod
15151,1281,2025-10-18,completed,wallet
15152,118,2025-11-02,cancelled,atm
15153,599,2024-02-29,completed,atm
15154,217,2024-04-20,completed,card
15155,1254,2025-12-06,completed,card
15156,1711,2024-11-02,completed,atm
15157,1335,2025-09-15,completed,card
15158,1108,2025-05-13,completed,atm
15159,1805,2025-11-22,completed,atm
15160,188,2024-11-14,completed,card
15161,109,2024-10-08,completed,card
15162,1943,2024-09-12,completed,card
15163,1798,2025-05-30,completed,wallet
15164,1951,2024-02-22,completed,card
15165,551,2024-09-15,completed,card
15166,729,2024-04-14,completed,card
15167,639,2025-04-06,completed,atm
15168,2471,2024-08-21,completed,card
15169,1966,2025-04-22,completed,atm
15170,1304,2025-08-11,completed,card
15171,999,2024-10-26,completed,atm
15172,1089,2024-04-05,completed,wallet
15173,1549,2025-12-20,completed,card
15174,1537,2025-05-10,completed,card
15175,812,2024-05-01,completed,card
15176,315,2024-10-22,completed,wallet
15177,2357,2025-07-06,completed,card
15178,1957,2024-12-15,completed,card
15179,807,2025-10-17,completed,card
15180,2376,2024-02-19,completed,card
15181,1834,2025-12-24,completed,atm
15182,1198,2025-02-07,completed,atm
15183,910,2025-05-12,completed,atm
15184,1554,2025-08-20,completed,cod
15185,490,2024-12-15,completed,card
15186,1409,2025-02-09,completed,atm
15187,1342,2025-08-30,completed,card
15188,782,2024-12-09,completed,wallet
15189,1492,2025-11-14,completed,atm
15190,779,2025-07-19,completed,wallet
15191,1754,2024-09-11,completed,card
15192,537,2024-07-16,completed,atm
15193,2144,2025-11-21,completed,wallet
15194,668,2025-12-11,completed,card
15195,1999,2024-06-20,completed,card
15196,1063,2025-08-05,completed,wallet
15197,2144,2024-05-20,completed,atm
15198,50,2025-11-29,completed,card
15199,1086,2025-03-05,completed,card
15200,928,2025-11-07,completed,card
15201,681,2025-04-12,completed,atm
15202,1028,2025-07-09,completed,card
15203,1417,2024-02-01,completed,card
15204,758,2025-01-20,completed,cod
15205,1143,2024-09-08,completed,wallet
15206,1737,2025-08-26,completed,wallet
15207,2403,2024-09-02,refunded,card
15208,214,2024-06-08,completed,card
15209,144,2024-03-03,completed,card
15210,2261,2024-01-15,completed,atm
15211,260,2024-12-11,completed,card
15212,2170,2024-08-03,completed,cod
15213,2432,2025-01-21,completed,wallet
15214,529,2024-01-20,completed,wallet
15215,1937,2024-08-24,completed,card
15216,1156,2024-12-31,completed,atm
15217,1272,2025-07-20,completed,card
15218,981,2024-11-30,completed,wallet
15219,1395,2024-06-30,cancelled,atm
15220,887,2025-12-11,completed,atm
15221,1159,2024-08-13,completed,card
15222,2265,2025-11-19,completed,card
15223,383,2024-01-08,completed,card
15224,2474,2025-09-09,completed,cod
15225,887,2024-01-13,completed,card
15226,337,2025-02-17,completed,card
15227,23,2024-02-25,completed,card
15228,1382,2025-01-19,completed,atm
15229,1743,2025-01-19,refunded,card
15230,1369,2025-06-25,completed,card
15231,1499,2024-09-15,completed,card
15232,1832,2025-12-23,cancelled,atm
15233,170,2025-01-17,completed,atm
15234,529,2025-04-25,completed,card
15235,1665,2025-05-16,completed,wallet
15236,2198,2024-12-25,completed,card
15237,1996,2024-11-10,completed,wallet
15238,567,2024-12-10,completed,wallet
15239,2012,2024-02-17,completed,atm
15240,1479,2024-10-04,completed,card
15241,2304,2025-10-25,completed,wallet
15242,1416,2024-01-15,completed,card
15243,2290,2024-12-04,completed,atm
15244,1134,2025-02-15,completed,card
15245,1629,2024-03-05,completed,atm
15246,224,2025-04-20,completed,atm
15247,786,2024-02-08,completed,atm
15248,1409,2025-01-29,completed,atm
15249,1016,2025-08-12,completed,atm
15250,1634,2025-09-25,completed,atm
15251,1086,2024-01-02,completed,cod
15252,651,2024-06-19,completed,card
15253,172,2025-11-23,completed,atm
15254,1393,2024-12-15,completed,card
15255,1601,2024-08-24,completed,atm
15256,65,2024-02-23,completed,atm
15257,2039,2024-09-05,completed,card
15258,1435,2024-06-16,completed,card
15259,444,2025-06-20,completed,atm
15260,1897,2024-11-07,completed,atm
15261,740,2024-07-23,completed,cod
15262,1280,2024-10-14,completed,card
15263,2303,2024-10-17,refunded,card
15264,205,2024-08-09,completed,card
15265,383,2025-12-31,completed,card
15266,1320,2024-07-16,completed,cod
15267,421,2024-05-02,completed,wallet
15268,2334,2025-07-06,completed,card
15269,255,2025-11-23,completed,atm
15270,1894,2024-10-23,completed,card
15271,2119,2025-12-15,completed,card
15272,173,2024-02-04,completed,atm
15273,1446,2024-05-25,completed,card
15274,1088,2025-11-26,completed,card
15275,186,2025-03-05,cancelled,card
15276,714,2025-01-03,completed,card
15277,275,2025-06-28,completed,card
15278,991,2024-12-31,completed,card
15279,1107,2025-02-15,completed,card
15280,1008,2024-05-26,completed,card
15281,2382,2025-03-26,completed,cod
15282,2394,2025-12-11,refunded,atm
15283,99,2025-03-25,completed,card
15284,2406,2024-12-04,completed,atm
15285,870,2025-01-27,completed,atm
15286,1546,2025-11-20,completed,atm
15287,1014,2025-08-02,cancelled,card
15288,1881,2024-08-05,completed,card
15289,1976,2025-12-16,completed,card
15290,1584,2025-10-06,completed,card
15291,200,2024-04-28,completed,cod
15292,2299,2025-08-31,completed,card
15293,2320,2025-07-10,completed,cod
15294,1180,2024-05-13,completed,cod
15295,1013,2025-05-10,completed,card
15296,646,2025-10-27,completed,card
15297,2024,2024-11-11,completed,atm
15298,1913,2024-01-20,completed,card
15299,959,2025-01-21,completed,atm
15300,621,2025-11-15,completed,atm
15301,274,2024-12-09,completed,atm
15302,1276,2025-07-03,completed,card
15303,942,2025-08-19,completed,card
15304,1828,2025-12-29,completed,atm
15305,1246,2024-01-29,completed,wallet
15306,2251,2024-05-04,completed,card
15307,947,2024-01-23,completed,atm
15308,1651,2024-11-17,completed,atm
15309,1032,2024-01-14,completed,wallet
15310,16,2025-01-20,completed,card
15311,2343,2025-06-16,completed,card
15312,1652,2025-11-14,completed,atm
15313,1138,2024-10-07,completed,cod
15314,1456,2024-08-04,completed,atm
15315,2326,2025-11-14,completed,card
15316,1888,2024-11-15,completed,card
15317,218,2025-07-25,completed,card
15318,270,2025-11-30,completed,card
15319,754,2024-12-13,completed,card
15320,1825,2025-08-15,completed,cod
15321,1960,2024-04-16,completed,wallet
15322,412,2025-08-26,completed,atm
15323,1377,2025-08-05,completed,wallet
15324,1927,2024-12-16,completed,card
15325,924,2025-11-24,completed,cod
15326,2183,2024-03-01,completed,wallet
15327,1828,2025-03-27,refunded,card
15328,283,2025-11-06,completed,cod
15329,284,2025-08-20,completed,card
15330,1464,2024-04-17,completed,wallet
15331,1657,2024-06-23,completed,card
15332,2469,2024-03-01,completed,card
15333,1382,2024-02-21,completed,card
15334,685,2024-12-18,completed,wallet
15335,1125,2024-10-23,completed,card
15336,404,2025-04-30,completed,card
15337,922,2024-08-26,completed,card
15338,225,2025-05-30,completed,atm
15339,2445,2024-06-13,completed,card
15340,2239,2024-08-21,completed,card
15341,427,2024-11-03,completed,card
15342,1712,2025-05-15,completed,card
15343,127,2025-01-05,completed,atm
15344,820,2024-12-29,completed,cod
15345,1428,2025-10-26,completed,card
15346,1742,2024-08-13,completed,atm
15347,328,2024-08-27,cancelled,cod
15348,1379,2024-04-05,completed,atm
15349,1773,2024-03-30,completed,card
15350,726,2024-12-13,completed,card
15351,443,2025-05-24,completed,atm
15352,665,2025-05-10,completed,atm
15353,497,2025-01-20,completed,card
15354,310,2024-07-09,completed,card
15355,2432,2025-05-20,completed,card
15356,1337,2024-04-12,completed,atm
15357,805,2024-04-01,completed,card
15358,2339,2024-11-14,completed,atm
15359,1170,2024-04-11,completed,wallet
15360,1143,2024-02-11,completed,wallet
15361,1825,2024-04-18,completed,card
15362,362,2025-01-16,completed,card
15363,465,2024-01-29,completed,card
15364,1505,2025-08-28,completed,wallet
15365,1041,2025-05-11,completed,card
15366,1894,2024-04-06,completed,card
15367,342,2025-09-21,completed,wallet
15368,482,2025-03-25,completed,cod
15369,615,2025-02-24,completed,wallet
15370,49,2025-05-16,completed,card
15371,598,2024-12-18,completed,cod
15372,1381,2024-11-11,cancelled,card
15373,2077,2025-09-13,completed,card
15374,2067,2025-05-28,completed,atm
15375,520,2024-02-16,completed,card
15376,666,2024-01-19,completed,card
15377,2214,2024-06-30,completed,card
15378,2279,2024-11-04,completed,wallet
15379,1445,2025-12-15,completed,card
15380,874,2024-11-13,completed,atm
15381,1217,2024-01-09,completed,atm
15382,573,2024-02-27,completed,wallet
15383,1369,2025-11-26,completed,atm
15384,1641,2024-01-27,completed,atm
15385,1324,2024-02-23,completed,atm
15386,31,2024-10-01,completed,wallet
15387,121,2025-09-12,completed,card
15388,442,2024-05-25,completed,atm
15389,462,2024-12-11,completed,card
15390,1518,2025-09-03,completed,cod
15391,402,2024-02-05,completed,card
15392,1061,2025-07-25,completed,card
15393,1930,2024-06-13,completed,atm
15394,2325,2025-04-29,completed,card
15395,238,2025-07-15,cancelled,wallet
15396,1100,2025-01-22,completed,card
15397,40,2025-01-06,completed,card
15398,290,2025-01-23,completed,card
15399,2071,2025-04-29,completed,atm
15400,1352,2025-07-01,completed,card
15401,462,2025-12-16,completed,wallet
15402,2288,2024-02-02,completed,card
15403,315,2024-04-06,completed,card
15404,379,2025-05-18,completed,card
15405,287,2025-07-13,completed,wallet
15406,642,2025-07-29,completed,wallet
15407,514,2024-02-09,completed,atm
15408,1615,2024-06-22,completed,atm
15409,2457,2024-02-03,completed,atm
15410,1520,2024-01-01,completed,wallet
15411,779,2025-02-14,completed,card
15412,1832,2025-10-29,refunded,atm
15413,152,2025-11-24,completed,atm
15414,303,2025-12-10,completed,card
15415,2264,2024-08-22,cancelled,cod
15416,383,2024-05-17,cancelled,wallet
15417,67,2024-10-29,refunded,wallet
15418,2079,2025-01-27,completed,wallet
15419,1397,2024-02-23,completed,card
15420,2247,2024-05-20,completed,card
15421,542,2025-07-03,completed,card
15422,1593,2024-06-29,completed,card
15423,1188,2024-12-15,completed,cod
15424,608,2024-05-15,completed,atm
15425,995,2025-06-09,completed,atm
15426,783,2025-05-28,completed,atm
15427,514,2025-12-23,completed,card
15428,645,2025-12-01,completed,atm
15429,2427,2024-01-07,completed,cod
15430,1755,2025-05-04,completed,card
15431,2411,2025-08-04,completed,atm
15432,712,2024-06-04,completed,card
15433,203,2025-05-16,completed,atm
15434,1741,2025-08-26,completed,wallet
15435,1526,2024-08-27,completed,card
15436,844,2024-08-30,completed,wallet
15437,1127,2024-10-02,completed,card
15438,2353,2025-02-01,completed,atm
15439,289,2025-05-08,refunded,card
15440,1360,2024-07-14,completed,card
15441,2003,2025-05-16,completed,card
15442,744,2025-12-01,completed,card
15443,443,2025-05-04,completed,card
15444,2375,2025-03-17,completed,card
15445,1708,2024-08-30,completed,atm
15446,955,2025-03-29,completed,card
15447,2024,2024-09-09,completed,atm
15448,2085,2025-05-22,completed,card
15449,2123,2024-12-15,completed,card
15450,1684,2025-10-08,completed,card
15451,1956,2024-04-15,completed,card
15452,1576,2024-12-02,completed,atm
15453,879,2024-12-30,completed,card
15454,2170,2025-11-24,completed,atm
15455,1904,2025-11-08,cancelled,card
15456,1834,2025-12-06,refunded,card
15457,1921,2025-08-23,cancelled,wallet
15458,896,2025-03-01,completed,wallet
15459,2137,2025-07-07,completed,atm
15460,702,2024-02-02,completed,card
15461,2241,2025-01-07,completed,wallet
15462,1185,2025-12-24,completed,wallet
15463,475,2024-12-28,completed,card
15464,1940,2025-03-24,refunded,atm
15465,989,2025-07-24,completed,wallet
15466,1136,2024-10-03,refunded,wallet
15467,2134,2025-01-29,completed,cod
15468,1466,2025-08-13,completed,card
15469,2230,2024-07-28,completed,wallet
15470,1116,2024-10-13,completed,wallet
15471,862,2024-07-02,completed,card
15472,1,2025-11-27,completed,atm
15473,1248,2025-08-25,completed,atm
15474,1420,2024-11-24,completed,card
15475,2254,2025-08-31,completed,atm
15476,1284,2025-08-18,completed,card
15477,2172,2025-01-07,completed,atm
15478,1421,2025-02-04,completed,atm
15479,780,2025-05-22,completed,card
15480,448,2024-10-11,completed,card
15481,121,2025-05-07,completed,cod
15482,908,2024-01-03,completed,atm
15483,702,2025-04-09,completed,card
15484,2168,2024-07-17,completed,card
15485,381,2024-01-10,completed,card
15486,2456,2024-08-15,completed,wallet
15487,2345,2024-12-04,completed,cod
15488,2070,2024-10-15,completed,wallet
15489,816,2025-12-18,completed,card
15490,260,2025-10-11,completed,atm
15491,2293,2024-08-16,completed,atm
15492,1450,2024-01-23,completed,atm
15493,26,2024-04-29,completed,card
15494,751,2025-05-20,cancelled,card
15495,1744,2024-08-21,completed,card
15496,391,2024-09-04,completed,atm
15497,170,2024-03-09,completed,card
15498,1321,2024-06-01,completed,wallet
15499,2014,2025-04-01,completed,atm
15500,1143,2025-05-12,completed,wallet
15501,718,2025-05-06,completed,card
15502,1044,2025-10-29,completed,cod
15503,140,2025-08-15,completed,atm
15504,744,2025-09-23,completed,cod
15505,1345,2025-02-15,completed,card
15506,2244,2025-07-30,completed,atm
15507,449,2024-10-04,completed,atm
15508,1897,2024-02-20,completed,card
15509,1653,2025-12-28,completed,cod
15510,386,2024-06-13,completed,card
15511,1516,2025-06-14,completed,cod
15512,2416,2025-01-29,completed,card
15513,1954,2024-01-31,completed,atm
15514,426,2025-04-03,completed,atm
15515,886,2025-02-18,refunded,card
15516,2407,2025-08-08,completed,card
15517,324,2024-07-07,completed,atm
15518,1862,2025-08-11,completed,card
15519,1046,2025-12-11,completed,wallet
15520,144,2024-01-14,completed,cod
15521,54,2024-07-03,completed,cod
15522,403,2025-03-31,completed,card
15523,935,2024-03-07,completed,card
15524,2352,2024-09-09,completed,atm
15525,1200,2025-02-18,refunded,atm
15526,629,2024-09-23,completed,card
15527,297,2025-12-04,completed,atm
15528,245,2025-07-30,completed,card
15529,1650,2024-06-17,completed,atm
15530,2134,2024-10-11,completed,wallet
15531,2002,2024-02-12,completed,atm
15532,309,2024-10-11,completed,wallet
15533,1230,2025-01-27,completed,atm
15534,988,2025-10-21,completed,card
15535,1868,2024-11-09,completed,card
15536,1594,2024-03-31,completed,card
15537,643,2025-10-28,refunded,card
15538,1014,2025-08-15,completed,atm
15539,524,2024-07-16,completed,cod
15540,2109,2025-08-19,completed,card
15541,1,2025-05-18,completed,atm
15542,1131,2024-04-17,completed,card
15543,1280,2025-12-08,completed,card
15544,1366,2024-09-23,completed,atm
15545,526,2025-08-14,completed,wallet
15546,1606,2024-07-09,completed,card
15547,552,2024-11-06,refunded,wallet
15548,2496,2024-02-29,completed,card
15549,527,2024-06-28,completed,card
15550,362,2025-09-05,completed,wallet
15551,641,2024-12-30,completed,cod
15552,1224,2025-05-15,completed,card
15553,203,2025-03-09,completed,card
15554,726,2025-06-03,completed,card
15555,791,2025-11-30,completed,wallet
15556,2422,2024-06-25,completed,card
15557,238,2025-01-02,cancelled,wallet
15558,1721,2024-07-29,completed,card
15559,2229,2025-02-09,completed,wallet
15560,502,2025-08-16,completed,wallet
15561,1849,2024-02-04,completed,card
15562,488,2024-09-01,completed,card
15563,217,2024-11-29,completed,atm
15564,29,2024-03-05,completed,card
15565,1361,2025-11-09,completed,card
15566,332,2024-05-04,completed,card
15567,1944,2024-10-30,completed,atm
15568,2346,2025-04-26,completed,card
15569,1386,2024-11-24,completed,wallet
15570,1815,2025-02-20,completed,cod
15571,2323,2024-07-17,completed,atm
15572,900,2025-10-20,completed,wallet
15573,340,2024-11-08,cancelled,atm
15574,106,2024-01-10,completed,card
15575,2280,2025-10-09,completed,wallet
15576,1013,2024-10-19,completed,card
15577,386,2024-09-19,completed,cod
15578,1493,2025-05-29,completed,wallet
15579,131,2025-08-27,completed,cod
15580,478,2025-05-10,completed,atm
15581,1691,2024-05-04,completed,atm
15582,202,2024-01-05,completed,wallet
15583,924,2025-08-20,completed,card
15584,296,2025-12-31,completed,card
15585,272,2025-08-09,completed,atm
15586,2398,2025-03-30,completed,atm
15587,832,2024-06-18,completed,atm
15588,1451,2024-05-22,completed,card
15589,1331,2025-10-15,cancelled,atm
15590,1160,2024-05-25,completed,card
15591,1112,2024-10-13,completed,atm
15592,1348,2024-10-18,completed,card
15593,1358,2025-01-16,completed,card
15594,2159,2024-07-01,completed,card
15595,132,2024-02-14,completed,atm
15596,1057,2024-04-01,completed,card
15597,996,2024-12-13,completed,atm
15598,895,2025-06-15,completed,card
15599,1457,2024-02-17,completed,wallet
15600,1232,2024-01-17,completed,cod
15601,1519,2025-12-24,completed,cod
15602,2407,2025-03-18,completed,card
15603,2160,2024-01-06,completed,wallet
15604,1633,2024-02-15,completed,card
15605,2463,2024-06-29,completed,card
15606,2096,2024-07-13,completed,card
15607,1194,2024-07-19,completed,card
15608,849,2025-04-18,completed,atm
15609,1291,2025-01-12,completed,wallet
15610,1546,2024-02-05,completed,card
15611,1001,2024-03-08,completed,card
15612,195,2025-04-10,completed,card
15613,1493,2025-02-21,completed,card
15614,1232,2025-10-31,completed,wallet
15615,980,2025-11-11,completed,atm
15616,1699,2024-03-10,completed,cod
15617,2327,2024-05-06,completed,card
15618,1274,2024-09-03,completed,card
15619,791,2024-06-11,completed,atm
15620,5,2025-10-05,completed,wallet
15621,2194,2025-03-19,completed,card
15622,1442,2025-08-31,completed,card
15623,1071,2024-07-20,completed,atm
15624,1761,2024-10-09,completed,card
15625,727,2024-03-31,completed,atm
15626,1741,2025-11-14,completed,card
15627,2118,2025-10-31,completed,atm
15628,2173,2024-12-10,completed,atm
15629,2439,2025-12-30,completed,card
15630,333,2025-02-14,completed,card
15631,1299,2025-04-06,completed,card
15632,120,2024-08-16,cancelled,card
15633,1587,2024-12-12,completed,wallet
15634,2005,2025-03-14,completed,atm
15635,816,2025-11-13,completed,cod
15636,1704,2025-09-11,completed,card
15637,1997,2024-08-08,completed,card
15638,2306,2024-04-12,completed,cod
15639,876,2025-03-29,completed,atm
15640,1690,2024-06-10,completed,card
15641,981,2024-04-04,completed,card
15642,371,2025-10-09,completed,card
15643,2358,2024-08-13,completed,card
15644,1039,2025-12-25,completed,atm
15645,1379,2025-05-22,completed,wallet
15646,2396,2025-04-10,completed,atm
15647,2259,2024-11-03,completed,wallet
15648,390,2024-01-16,completed,card
15649,1621,2025-03-08,completed,atm
15650,943,2024-06-05,completed,atm
15651,1969,2024-05-03,completed,atm
15652,653,2024-12-25,completed,atm
15653,785,2025-01-21,refunded,cod
15654,2159,2024-08-05,completed,cod
15655,176,2024-11-17,completed,card
15656,658,2024-03-16,completed,card
15657,2215,2024-11-05,completed,card
15658,549,2024-05-27,completed,atm
15659,665,2025-03-07,completed,card
15660,1895,2025-02-19,completed,wallet
15661,1596,2025-12-03,completed,atm
15662,1313,2025-01-04,completed,card
15663,2352,2025-02-11,completed,card
15664,1582,2025-09-24,completed,atm
15665,1236,2025-06-07,completed,card
15666,887,2025-08-15,completed,card
15667,435,2024-07-29,completed,atm
15668,984,2024-02-15,completed,card
15669,1971,2025-11-24,completed,card
15670,365,2025-11-08,completed,atm
15671,1790,2024-12-27,completed,card
15672,2376,2024-06-23,completed,cod
15673,1531,2024-08-07,completed,wallet
15674,1059,2024-04-28,completed,atm
15675,1005,2025-07-17,completed,wallet
15676,1034,2024-02-04,completed,card
15677,820,2025-10-02,completed,card
15678,2024,2024-01-29,completed,card
15679,1264,2024-01-28,completed,atm
15680,1640,2024-12-16,completed,atm
15681,1124,2024-03-13,completed,atm
15682,2230,2024-12-14,completed,card
15683,1934,2025-09-05,completed,card
15684,2253,2025-09-24,completed,card
15685,982,2024-02-23,completed,atm
15686,601,2025-10-10,completed,atm
15687,981,2024-08-29,completed,card
15688,730,2024-10-04,completed,card
15689,1676,2024-08-18,completed,atm
15690,1143,2024-10-29,cancelled,cod
15691,2456,2024-05-19,completed,card
15692,1795,2024-07-28,completed,wallet
15693,929,2025-06-13,completed,card
15694,1267,2024-01-08,completed,atm
15695,2393,2025-06-02,completed,cod
15696,707,2024-05-20,completed,card
15697,264,2024-01-31,completed,card
15698,585,2024-11-04,completed,cod
15699,498,2024-12-03,completed,card
15700,915,2025-10-12,completed,card
15701,712,2024-09-03,completed,atm
15702,1940,2024-07-02,completed,card
15703,1451,2025-05-22,completed,card
15704,1720,2025-10-15,completed,card
15705,245,2025-07-21,completed,card
15706,1631,2024-11-21,completed,card
15707,2276,2024-02-09,completed,atm
15708,1030,2024-11-22,completed,atm
15709,1263,2025-09-22,completed,atm
15710,2468,2025-10-19,completed,atm
15711,2066,2024-10-04,completed,card
15712,340,2024-11-27,completed,card
15713,1512,2025-11-03,completed,wallet
15714,2036,2024-09-03,completed,card
15715,56,2024-11-22,completed,wallet
15716,535,2024-05-25,completed,card
15717,733,2025-05-29,refunded,card
15718,28,2025-03-30,completed,card
15719,2350,2024-01-19,completed,card
15720,1127,2025-03-26,completed,card
15721,198,2025-02-16,completed,card
15722,844,2025-07-01,completed,card
15723,1206,2025-02-19,completed,card
15724,575,2025-10-05,cancelled,atm
15725,888,2024-10-27,completed,cod
15726,2077,2025-10-25,completed,atm
15727,91,2025-04-10,completed,card
15728,964,2025-06-10,completed,card
15729,1085,2025-05-06,completed,card
15730,195,2024-04-07,completed,card
15731,902,2025-09-22,completed,card
15732,2196,2025-12-20,completed,card
15733,187,2024-07-25,completed,card
15734,221,2024-11-30,completed,cod
15735,767,2025-09-23,completed,card
15736,2230,2024-08-05,completed,card
15737,1857,2024-05-08,completed,card
15738,2428,2025-03-07,completed,wallet
15739,2373,2025-10-21,completed,atm
15740,1924,2025-01-07,completed,card
15741,225,2024-03-10,completed,wallet
15742,562,2024-03-04,completed,wallet
15743,4,2025-05-15,completed,card
15744,2398,2024-08-01,completed,card
15745,1909,2024-10-04,completed,wallet
15746,1089,2025-01-10,completed,atm
15747,701,2025-09-22,completed,card
15748,524,2024-12-04,completed,card
15749,933,2025-11-02,completed,card
15750,492,2024-06-01,completed,atm
15751,1898,2025-06-12,cancelled,card
15752,139,2025-05-12,completed,card
15753,2090,2024-08-28,completed,card
15754,1681,2025-02-28,completed,atm
15755,1132,2024-01-22,completed,card
15756,1082,2024-09-30,completed,card
15757,1529,2024-10-17,completed,cod
15758,850,2025-03-17,cancelled,atm
15759,1878,2025-03-30,completed,card
15760,757,2024-10-01,completed,card
15761,2068,2025-11-20,completed,atm
15762,1842,2025-07-25,completed,card
15763,860,2025-06-09,completed,card
15764,829,2024-04-27,completed,atm
15765,1548,2025-12-15,completed,wallet
15766,2262,2025-11-10,completed,cod
15767,8,2024-09-05,completed,atm
15768,218,2024-01-17,completed,wallet
15769,978,2025-06-10,completed,wallet
15770,1144,2024-08-17,completed,cod
15771,1984,2024-05-05,completed,card
15772,1869,2024-07-28,completed,atm
15773,1713,2025-12-04,completed,card
15774,1274,2025-11-05,completed,card
15775,2116,2025-12-20,completed,card
15776,941,2025-04-01,completed,card
15777,740,2025-05-27,completed,cod
15778,2408,2025-10-31,completed,cod
15779,809,2025-12-24,completed,atm
15780,2187,2024-04-03,completed,atm
15781,49,2025-12-27,completed,atm
15782,1177,2025-12-19,completed,card
15783,2260,2024-09-08,completed,wallet
15784,1662,2025-07-25,completed,card
15785,10,2024-06-05,completed,wallet
15786,378,2024-12-09,completed,cod
15787,1435,2025-10-12,completed,wallet
15788,640,2025-05-23,completed,card
15789,1573,2025-11-02,completed,atm
15790,1061,2025-08-19,completed,card
15791,2484,2024-10-04,completed,card
15792,2098,2024-11-01,completed,wallet
15793,1965,2024-08-24,completed,atm
15794,2201,2025-01-05,completed,atm
15795,2375,2024-07-22,cancelled,wallet
15796,1856,2025-12-02,completed,atm
15797,1757,2025-09-06,completed,wallet
15798,2044,2024-11-18,completed,atm
15799,916,2025-01-30,completed,cod
15800,2008,2025-02-28,completed,atm
15801,2002,2025-01-09,completed,atm
15802,1833,2024-02-28,completed,cod
15803,443,2024-06-27,completed,cod
15804,2056,2024-12-05,completed,cod
15805,1604,2025-10-18,completed,atm
15806,1747,2024-02-29,completed,atm
15807,2471,2025-10-15,completed,atm
15808,2425,2024-11-08,completed,card
15809,1023,2024-05-10,completed,card
15810,274,2024-02-19,completed,atm
15811,2235,2024-07-21,completed,card
15812,1138,2025-12-01,completed,wallet
15813,2451,2024-07-27,completed,card
15814,447,2024-11-27,completed,cod
15815,1825,2025-01-13,completed,card
15816,1279,2024-12-08,completed,card
15817,1067,2024-09-11,completed,card
15818,1604,2025-10-22,completed,card
15819,645,2024-03-21,completed,card
15820,2355,2024-09-06,completed,card
15821,2132,2025-11-17,completed,card
15822,2172,2024-10-27,completed,atm
15823,2009,2024-07-08,completed,wallet
15824,2006,2024-07-11,completed,atm
15825,1749,2024-10-22,cancelled,card
15826,2306,2024-08-27,completed,atm
15827,1688,2025-05-05,completed,atm
15828,2480,2024-05-17,completed,card
15829,2445,2024-01-30,completed,card
15830,667,2024-04-06,completed,atm
15831,1142,2025-01-04,completed,card
15832,33,2025-10-25,completed,cod
15833,893,2024-06-26,completed,card
15834,726,2025-03-02,completed,atm
15835,1747,2024-05-31,completed,card
15836,1421,2025-11-25,completed,card
15837,305,2025-05-13,completed,wallet
15838,1372,2025-08-04,completed,cod
15839,1830,2024-04-28,completed,card
15840,147,2025-11-25,completed,cod
15841,1150,2025-07-07,completed,atm
15842,1138,2025-01-01,completed,atm
15843,1756,2025-01-28,completed,atm
15844,430,2025-10-23,completed,atm
15845,1887,2025-05-08,completed,card
15846,1080,2024-08-10,completed,card
15847,1710,2025-05-30,completed,atm
15848,2103,2025-09-09,completed,atm
15849,2256,2025-10-31,completed,atm
15850,1921,2025-01-27,completed,wallet
15851,2032,2024-11-25,completed,card
15852,926,2024-10-27,completed,card
15853,2224,2024-03-06,completed,wallet
15854,1332,2024-08-20,completed,card
15855,115,2025-11-12,completed,wallet
15856,1756,2025-03-11,completed,card
15857,773,2024-06-01,completed,card
15858,1471,2024-03-25,completed,card
15859,375,2025-05-13,completed,wallet
15860,910,2024-08-06,completed,card
15861,1827,2024-01-04,completed,card
15862,1890,2025-10-12,completed,wallet
15863,703,2025-10-21,completed,card
15864,1057,2024-10-04,completed,cod
15865,214,2025-12-31,completed,wallet
15866,1138,2024-01-30,completed,card
15867,2290,2025-02-02,refunded,wallet
15868,1300,2025-08-09,completed,card
15869,265,2025-10-31,completed,atm
15870,94,2025-10-21,completed,card
15871,551,2024-12-12,completed,card
15872,1426,2024-10-02,completed,card
15873,481,2025-09-04,completed,card
15874,295,2025-06-06,completed,card
15875,1328,2025-04-01,completed,card
15876,1940,2024-12-16,completed,card
15877,1943,2024-05-07,completed,cod
15878,2340,2024-05-31,completed,card
15879,1173,2025-12-23,completed,atm
15880,953,2025-09-10,completed,atm
15881,1077,2025-04-26,completed,card
15882,1263,2025-11-24,completed,wallet
15883,2073,2025-09-08,completed,wallet
15884,1255,2024-11-06,completed,atm
15885,2212,2024-12-17,completed,cod
15886,843,2024-05-10,completed,cod
15887,984,2024-09-09,completed,card
15888,1356,2025-05-18,completed,card
15889,830,2024-06-05,completed,wallet
15890,190,2024-10-14,completed,wallet
15891,1300,2024-02-13,completed,card
15892,1868,2024-08-24,completed,card
15893,585,2025-10-16,completed,wallet
15894,1422,2025-05-17,completed,card
15895,885,2024-02-13,refunded,cod
15896,1507,2025-01-31,completed,card
15897,1250,2025-02-27,completed,wallet
15898,1309,2025-01-19,completed,card
15899,1156,2024-07-19,completed,cod
15900,1817,2024-06-11,completed,atm
15901,1170,2024-01-25,cancelled,atm
15902,637,2024-08-21,completed,card
15903,1639,2025-07-30,completed,card
15904,925,2024-01-16,completed,atm
15905,1457,2024-10-18,completed,wallet
15906,2458,2024-04-14,completed,card
15907,2049,2024-10-03,completed,card
15908,2382,2024-02-20,completed,card
15909,1918,2025-03-08,completed,card
15910,1034,2025-07-05,completed,atm
15911,779,2025-12-24,completed,card
15912,1412,2025-11-22,refunded,atm
15913,25,2024-09-16,completed,atm
15914,2277,2024-03-07,completed,wallet
15915,2185,2025-02-04,completed,card
15916,1787,2025-06-01,completed,card
15917,1326,2024-12-04,completed,atm
15918,1717,2024-08-06,completed,atm
15919,447,2024-06-30,completed,card
15920,1958,2024-10-14,completed,card
15921,1823,2025-07-16,completed,wallet
15922,2251,2024-08-15,completed,card
15923,1179,2024-11-25,completed,wallet
15924,2350,2025-02-28,completed,cod
15925,1126,2025-06-23,completed,card
15926,1415,2024-12-19,completed,card
15927,1935,2025-10-22,completed,atm
15928,1848,2024-08-12,completed,atm
15929,1222,2025-03-23,completed,cod
15930,1695,2025-03-15,completed,atm
15931,403,2025-02-17,completed,card
15932,371,2024-05-28,completed,atm
15933,2382,2024-08-11,completed,card
15934,676,2024-06-28,completed,wallet
15935,2041,2024-10-13,completed,cod
15936,1478,2024-09-03,completed,card
15937,939,2024-01-08,completed,card
15938,892,2025-07-29,completed,card
15939,1750,2024-01-05,completed,card
15940,1127,2025-07-07,completed,card
15941,1928,2024-08-11,completed,atm
15942,364,2024-02-20,completed,card
15943,2475,2024-12-28,completed,card
15944,315,2024-02-20,completed,card
15945,702,2024-06-18,completed,card
15946,857,2025-05-21,refunded,atm
15947,1624,2025-06-21,completed,atm
15948,760,2025-10-13,cancelled,card
15949,875,2024-10-11,completed,card
15950,1639,2025-02-13,completed,card
15951,1674,2024-08-08,cancelled,card
15952,2376,2025-09-29,completed,card
15953,562,2024-01-07,completed,card
15954,34,2025-05-11,completed,card
15955,2087,2024-11-29,completed,wallet
15956,2287,2025-11-20,completed,atm
15957,1566,2025-04-22,completed,wallet
15958,2340,2024-12-22,completed,card
15959,853,2024-09-01,completed,card
15960,161,2025-09-05,completed,card
15961,1389,2025-12-13,completed,atm
15962,2219,2025-09-28,completed,atm
15963,8,2025-02-16,completed,atm
15964,549,2024-01-30,completed,wallet
15965,250,2024-11-12,completed,atm
15966,1039,2024-01-19,completed,atm
15967,910,2024-05-26,completed,card
15968,631,2025-11-30,completed,wallet
15969,569,2025-11-28,completed,cod
15970,2250,2025-05-07,completed,card
15971,1730,2025-07-14,completed,card
15972,2125,2025-02-26,completed,card
15973,1171,2025-12-29,completed,wallet
15974,2224,2025-01-17,completed,card
15975,1761,2024-05-20,completed,card
15976,2416,2024-10-18,completed,atm
15977,1984,2024-11-30,completed,card
15978,2220,2024-11-01,completed,card
15979,1210,2024-08-10,completed,wallet
15980,248,2025-01-24,completed,atm
15981,1783,2025-09-14,completed,atm
15982,1647,2025-10-23,completed,card
15983,1814,2025-05-07,completed,card
15984,2225,2025-12-08,completed,card
15985,711,2025-01-15,completed,wallet
15986,1471,2025-12-31,completed,card
15987,432,2024-09-06,completed,cod
15988,619,2024-01-23,completed,cod
15989,253,2025-06-07,completed,wallet
15990,598,2025-02-06,completed,card
15991,1871,2025-02-05,completed,card
15992,531,2024-08-09,completed,card
15993,1912,2025-09-02,completed,card
15994,166,2025-05-30,refunded,wallet
15995,1159,2024-04-05,completed,card
15996,1330,2025-02-07,cancelled,card
15997,1927,2025-09-08,completed,card
15998,2200,2024-09-23,completed,card
15999,538,2024-04-08,completed,card
16000,1605,2025-01-27,completed,card
16001,1896,2025-09-23,completed,card
16002,370,2025-03-26,completed,card
16003,1447,2025-08-04,completed,wallet
16004,1266,2024-02-10,completed,card
16005,2141,2025-10-23,completed,atm
16006,417,2024-12-04,completed,card
16007,2221,2025-04-28,completed,card
16008,723,2025-01-03,completed,card
16009,1136,2025-12-21,completed,atm
16010,683,2024-10-19,completed,wallet
16011,1364,2025-04-03,completed,card
16012,1932,2024-03-05,completed,cod
16013,736,2025-12-30,completed,cod
16014,1477,2024-12-29,completed,card
16015,1447,2025-07-24,completed,atm
16016,2409,2025-01-02,completed,card
16017,502,2025-08-27,completed,atm
16018,25,2025-12-14,completed,card
16019,574,2024-10-04,completed,card
16020,734,2024-07-21,completed,atm
16021,161,2024-12-21,completed,card
16022,2264,2025-03-01,completed,card
16023,1262,2024-11-23,completed,card
16024,1778,2024-09-14,completed,card
16025,2042,2024-10-04,completed,card
16026,2039,2024-10-06,completed,card
16027,242,2024-12-08,completed,card
16028,2127,2024-07-10,completed,atm
16029,2357,2025-01-20,cancelled,atm
16030,1489,2024-01-22,completed,cod
16031,1215,2024-08-11,completed,cod
16032,1354,2024-11-19,completed,card
16033,1639,2024-07-28,completed,card
16034,1749,2024-09-07,completed,atm
16035,1871,2025-04-16,refunded,atm
16036,745,2025-03-22,completed,atm
16037,748,2024-08-17,completed,card
16038,1545,2024-02-26,completed,atm
16039,1485,2025-12-09,completed,atm
16040,1757,2024-09-30,completed,cod
16041,449,2024-07-19,completed,wallet
16042,26,2025-02-28,completed,atm
16043,1440,2025-04-25,completed,wallet
16044,59,2025-01-24,completed,cod
16045,260,2025-12-13,completed,wallet
16046,189,2024-04-08,completed,wallet
16047,560,2025-12-25,completed,atm
16048,74,2025-12-29,cancelled,card
16049,2311,2025-03-20,completed,cod
16050,2420,2025-11-16,completed,atm
16051,488,2024-04-25,completed,atm
16052,1562,2025-12-27,completed,card
16053,2165,2025-10-27,completed,atm
16054,1395,2024-05-31,completed,wallet
16055,1144,2024-02-22,completed,card
16056,969,2024-03-30,completed,card
16057,2060,2024-08-14,cancelled,card
16058,1995,2025-01-23,completed,card
16059,1451,2025-12-17,completed,atm
16060,2396,2025-12-30,completed,cod
16061,267,2024-04-23,completed,card
16062,1103,2024-05-03,completed,card
16063,1259,2024-06-06,completed,card
16064,1943,2024-06-06,completed,card
16065,836,2024-11-28,completed,card
16066,315,2024-01-18,refunded,atm
16067,2397,2025-06-27,completed,atm
16068,634,2024-11-01,completed,cod
16069,1698,2024-07-05,completed,atm
16070,1374,2024-01-29,completed,card
16071,882,2025-05-09,completed,atm
16072,610,2025-04-07,completed,card
16073,1995,2025-02-26,completed,card
16074,1483,2025-06-10,completed,cod
16075,1832,2025-05-09,completed,atm
16076,1270,2025-01-13,completed,cod
16077,844,2024-12-12,completed,atm
16078,92,2024-05-06,completed,atm
16079,1594,2024-05-07,completed,card
16080,802,2024-11-30,completed,atm
16081,1665,2024-07-25,completed,atm
16082,1638,2024-10-31,completed,card
16083,1996,2025-08-23,completed,card
16084,1764,2025-11-14,completed,card
16085,1820,2024-01-27,completed,card
16086,1255,2025-07-04,completed,atm
16087,1024,2025-04-29,completed,card
16088,1479,2025-01-05,cancelled,atm
16089,1622,2024-05-18,cancelled,card
16090,2051,2025-04-13,completed,wallet
16091,31,2025-05-26,completed,wallet
16092,1091,2024-04-06,completed,card
16093,139,2024-06-30,completed,cod
16094,1059,2024-03-21,completed,cod
16095,866,2025-05-03,completed,cod
16096,487,2024-01-17,completed,card
16097,1635,2024-12-28,completed,card
16098,1774,2024-08-21,completed,card
16099,405,2024-11-05,completed,wallet
16100,1604,2024-11-23,completed,atm
16101,857,2024-05-02,completed,card
16102,1420,2025-12-08,completed,card
16103,300,2025-06-20,completed,card
16104,571,2024-05-24,completed,card
16105,2057,2024-10-26,completed,wallet
16106,730,2025-04-22,completed,card
16107,1951,2025-12-31,completed,card
16108,94,2024-08-01,completed,card
16109,268,2024-11-21,completed,cod
16110,2499,2024-11-29,refunded,card
16111,1179,2024-03-12,completed,atm
16112,897,2024-04-14,completed,wallet
16113,112,2024-04-21,completed,atm
16114,753,2025-11-01,completed,wallet
16115,1537,2024-04-03,completed,card
16116,2001,2024-05-30,cancelled,cod
16117,1449,2025-06-17,refunded,card
16118,1664,2024-07-10,completed,atm
16119,2021,2025-12-26,completed,wallet
16120,1474,2025-09-30,completed,card
16121,1632,2025-03-30,completed,card
16122,460,2024-01-17,completed,atm
16123,2017,2025-04-12,completed,cod
16124,50,2025-01-08,completed,wallet
16125,131,2025-01-14,completed,atm
16126,574,2025-01-22,completed,card
16127,1069,2024-09-07,completed,atm
16128,2402,2025-08-11,completed,card
16129,248,2024-12-19,completed,card
16130,1118,2024-01-11,completed,cod
16131,639,2025-10-12,completed,wallet
16132,1642,2024-06-02,completed,card
16133,2060,2025-08-12,completed,atm
16134,2163,2024-02-26,completed,card
16135,320,2025-03-30,completed,card
16136,1148,2025-11-05,completed,atm
16137,1084,2025-06-26,completed,atm
16138,748,2025-02-08,completed,atm
16139,2115,2025-12-08,completed,cod
16140,2022,2024-12-27,completed,card
16141,1605,2025-12-22,completed,card
16142,154,2025-05-02,completed,atm
16143,471,2025-03-20,completed,card
16144,1153,2024-01-23,completed,card
16145,1997,2024-05-28,cancelled,atm
16146,2145,2024-08-14,completed,atm
16147,2386,2024-01-27,refunded,card
16148,1799,2024-05-09,completed,card
16149,2497,2024-09-05,completed,atm
16150,1841,2025-04-16,completed,cod
16151,283,2025-07-31,completed,card
16152,1391,2025-05-17,completed,card
16153,734,2025-03-25,completed,atm
16154,197,2025-05-30,refunded,wallet
16155,402,2025-04-02,completed,wallet
16156,2330,2025-02-02,completed,card
16157,166,2025-10-29,completed,card
16158,379,2025-01-23,completed,wallet
16159,1294,2024-01-06,completed,card
16160,697,2025-11-02,completed,cod
16161,408,2025-10-13,completed,wallet
16162,1046,2025-03-23,completed,wallet
16163,1935,2025-10-30,completed,card
16164,2447,2024-03-10,completed,wallet
16165,385,2024-03-09,completed,wallet
16166,1673,2025-05-25,refunded,card
16167,256,2025-11-17,completed,wallet
16168,838,2024-10-09,completed,card
16169,1972,2025-05-09,completed,wallet
16170,1822,2024-01-02,completed,wallet
16171,1995,2024-11-18,completed,cod
16172,393,2025-10-31,completed,wallet
16173,1721,2025-08-14,completed,card
16174,2041,2024-12-28,completed,wallet
16175,398,2025-08-20,completed,card
16176,2230,2025-10-22,completed,wallet
16177,711,2024-07-14,completed,cod
16178,756,2025-01-22,completed,atm
16179,1217,2025-08-01,completed,atm
16180,111,2024-11-08,completed,card
16181,265,2024-09-30,completed,card
16182,609,2025-11-22,completed,cod
16183,2321,2024-02-23,completed,atm
16184,1770,2025-10-26,cancelled,card
16185,501,2025-03-12,completed,wallet
16186,2310,2025-11-20,refunded,card
16187,2443,2025-05-26,completed,card
16188,361,2024-12-14,completed,atm
16189,1625,2025-06-23,completed,card
16190,1454,2025-06-25,completed,wallet
16191,1755,2025-11-21,completed,cod
16192,376,2025-02-08,completed,atm
16193,1465,2024-09-06,completed,atm
16194,1315,2025-05-08,completed,card
16195,1121,2024-11-19,completed,card
16196,551,2025-09-03,completed,atm
16197,473,2024-10-21,completed,card
16198,2268,2024-01-24,completed,card
16199,1066,2025-12-07,completed,card
16200,386,2025-06-04,completed,atm
16201,1900,2024-09-10,refunded,wallet
16202,1894,2025-12-03,completed,wallet
16203,1657,2025-12-29,completed,card
16204,2308,2025-08-23,completed,wallet
16205,1173,2024-12-26,completed,card
16206,2317,2025-03-04,completed,card
16207,2250,2024-11-25,completed,atm
16208,1622,2025-01-23,refunded,atm
16209,2124,2025-01-14,completed,atm
16210,384,2024-09-29,cancelled,card
16211,187,2024-10-19,cancelled,atm
16212,229,2025-08-15,cancelled,atm
16213,1554,2024-12-30,completed,wallet
16214,428,2024-07-17,cancelled,card
16215,1691,2025-02-25,completed,atm
16216,1706,2025-06-06,completed,card
16217,2304,2024-01-10,completed,card
16218,1969,2025-08-21,completed,wallet
16219,463,2024-06-14,completed,card
16220,1277,2025-04-09,completed,card
16221,1362,2025-03-27,completed,wallet
16222,517,2024-05-19,completed,card
16223,1424,2024-09-09,completed,card
16224,824,2024-05-01,completed,card
16225,1939,2025-05-20,completed,atm
16226,2286,2025-12-18,completed,atm
16227,2324,2025-02-25,completed,card
16228,1446,2024-10-04,completed,card
16229,1005,2024-08-03,completed,atm
16230,2435,2025-11-21,completed,wallet
16231,2154,2024-08-13,completed,card
16232,814,2025-09-13,completed,card
16233,539,2024-02-01,completed,card
16234,1525,2024-09-01,completed,card
16235,248,2024-07-11,completed,card
16236,919,2024-01-02,completed,card
16237,232,2024-02-05,completed,card
16238,831,2024-06-23,completed,card
16239,1274,2024-04-17,completed,card
16240,1962,2025-08-08,completed,card
16241,312,2025-02-13,completed,atm
16242,271,2025-04-25,completed,atm
16243,312,2025-12-15,completed,atm
16244,154,2024-10-01,completed,cod
16245,2140,2024-01-16,completed,atm
16246,1042,2024-12-04,completed,card
16247,1827,2024-08-28,completed,wallet
16248,1449,2024-05-26,completed,cod
16249,2322,2025-12-12,completed,card
16250,1384,2024-03-14,completed,wallet
16251,2478,2025-11-16,completed,card
16252,1971,2025-04-08,completed,card
16253,939,2025-11-03,completed,card
16254,177,2025-01-22,completed,wallet
16255,1061,2024-02-03,completed,card
16256,1112,2024-08-01,completed,atm
16257,2424,2025-11-08,refunded,card
16258,1780,2024-05-17,cancelled,card
16259,625,2025-03-24,completed,wallet
16260,2284,2024-05-25,completed,card
16261,695,2024-10-07,completed,card
16262,822,2024-12-20,cancelled,cod
16263,46,2025-03-13,completed,atm
16264,2257,2024-06-10,completed,atm
16265,730,2025-01-07,completed,cod
16266,1295,2024-03-17,cancelled,wallet
16267,2252,2025-08-17,completed,wallet
16268,1488,2024-02-03,completed,card
16269,147,2025-05-09,completed,cod
16270,2291,2024-12-25,refunded,wallet
16271,1158,2025-08-06,completed,card
16272,629,2024-04-15,completed,cod
16273,411,2024-01-17,completed,card
16274,1179,2024-04-04,completed,wallet
16275,511,2024-07-03,completed,atm
16276,2108,2024-06-05,completed,card
16277,281,2025-10-14,completed,cod
16278,590,2025-01-27,completed,card
16279,248,2024-12-31,completed,card
16280,289,2024-09-04,cancelled,card
16281,1347,2025-08-01,completed,atm
16282,2389,2025-12-30,completed,atm
16283,2119,2025-04-29,completed,card
16284,1479,2025-05-06,completed,atm
16285,1768,2025-02-07,completed,atm
16286,57,2025-12-12,completed,atm
16287,2395,2025-11-29,completed,card
16288,753,2025-11-15,completed,card
16289,1113,2025-11-23,completed,card
16290,569,2024-08-22,completed,wallet
16291,755,2025-09-20,completed,atm
16292,871,2024-09-05,completed,card
16293,2116,2024-01-02,completed,card
16294,2132,2025-03-12,completed,atm
16295,1934,2024-10-23,completed,wallet
16296,1361,2024-12-06,completed,atm
16297,1048,2024-04-27,cancelled,cod
16298,2375,2025-03-22,completed,card
16299,796,2025-07-12,completed,wallet
16300,2376,2025-06-16,completed,card
16301,78,2025-08-30,completed,atm
16302,1230,2025-06-09,completed,card
16303,1823,2024-12-23,completed,wallet
16304,1442,2024-12-04,completed,card
16305,634,2024-10-12,completed,atm
16306,933,2025-07-27,completed,card
16307,988,2025-01-25,completed,card
16308,99,2024-02-16,completed,card
16309,882,2024-12-25,completed,wallet
16310,2497,2025-07-29,completed,card
16311,1717,2024-10-16,completed,card
16312,352,2024-10-28,completed,wallet
16313,430,2024-12-06,completed,card
16314,1352,2024-02-05,completed,atm
16315,1030,2025-04-03,refunded,atm
16316,1750,2025-12-21,completed,cod
16317,265,2024-05-22,completed,card
16318,1286,2025-02-18,completed,wallet
16319,158,2024-09-11,completed,atm
16320,2352,2024-10-31,completed,card
16321,2499,2024-05-08,completed,wallet
16322,828,2024-03-01,completed,atm
16323,211,2024-06-15,completed,card
16324,103,2024-07-25,completed,atm
16325,273,2025-04-18,completed,cod
16326,383,2024-07-18,completed,card
16327,505,2025-08-05,completed,card
16328,448,2025-08-23,completed,cod
16329,489,2024-10-03,completed,wallet
16330,2466,2025-04-30,completed,atm
16331,2426,2024-10-20,cancelled,card
16332,1752,2025-06-22,completed,card
16333,857,2024-03-23,completed,card
16334,783,2024-10-17,completed,wallet
16335,381,2025-09-24,completed,atm
16336,1443,2025-05-24,completed,atm
16337,2367,2025-06-27,cancelled,atm
16338,159,2025-12-06,completed,card
16339,992,2024-12-19,completed,wallet
16340,2076,2024-12-03,completed,cod
16341,2309,2024-04-20,completed,card
16342,2337,2025-06-16,completed,card
16343,2016,2025-12-20,completed,card
16344,1137,2025-08-16,completed,card
16345,12,2024-02-14,completed,card
16346,2366,2024-12-07,completed,wallet
16347,1898,2025-10-26,completed,atm
16348,196,2025-09-26,completed,card
16349,1431,2024-11-18,completed,card
16350,1832,2025-06-11,completed,wallet
16351,3,2025-11-25,completed,card
16352,492,2024-12-08,completed,card
16353,502,2025-02-23,completed,atm
16354,417,2025-04-21,completed,card
16355,2497,2024-08-22,completed,atm
16356,180,2024-04-02,completed,cod
16357,1622,2025-01-31,completed,card
16358,2402,2024-03-04,completed,card
16359,2490,2025-01-09,completed,card
16360,556,2025-04-07,completed,card
16361,908,2024-01-07,cancelled,cod
16362,2446,2024-12-21,completed,atm
16363,808,2024-05-06,completed,card
16364,1835,2025-12-24,completed,card
16365,527,2025-08-27,completed,card
16366,1589,2025-05-08,completed,atm
16367,304,2024-12-08,completed,card
16368,782,2024-07-25,completed,card
16369,2227,2024-11-28,completed,card
16370,2419,2024-01-09,completed,card
16371,1584,2024-03-17,completed,atm
16372,565,2024-02-21,completed,wallet
16373,2250,2025-09-05,completed,atm
16374,2389,2025-08-30,completed,card
16375,1054,2025-06-29,completed,card
16376,2422,2024-02-09,completed,card
16377,1921,2024-12-31,completed,wallet
16378,1222,2025-03-28,completed,atm
16379,1971,2024-09-03,completed,cod
16380,2455,2024-10-15,completed,atm
16381,1314,2024-08-10,completed,card
16382,2430,2025-07-23,completed,wallet
16383,2085,2024-07-27,refunded,atm
16384,2318,2024-11-19,completed,wallet
16385,1926,2025-01-07,completed,wallet
16386,2340,2024-12-16,completed,card
16387,1644,2025-08-18,cancelled,atm
16388,1243,2024-03-22,completed,atm
16389,305,2025-12-22,completed,card
16390,585,2025-05-20,completed,card
16391,208,2025-02-22,completed,wallet
16392,2466,2024-02-16,completed,atm
16393,172,2024-05-19,refunded,cod
16394,2037,2025-06-08,completed,atm
16395,973,2024-08-27,completed,card
16396,931,2025-10-29,completed,wallet
16397,120,2024-01-03,completed,atm
16398,2028,2024-01-10,completed,card
16399,1619,2024-06-25,completed,cod
16400,719,2025-06-30,completed,card
16401,2176,2024-12-16,completed,card
16402,2363,2025-04-01,completed,card
16403,1092,2025-05-28,completed,card
16404,749,2024-01-03,completed,card
16405,2306,2024-11-14,completed,wallet
16406,152,2025-07-22,completed,wallet
16407,983,2024-06-08,completed,wallet
16408,1543,2025-07-19,completed,atm
16409,2083,2025-11-02,completed,wallet
16410,1456,2024-10-27,completed,atm
16411,477,2024-11-21,completed,atm
16412,973,2025-05-17,cancelled,wallet
16413,209,2025-04-10,completed,card
16414,1133,2025-10-28,completed,card
16415,1133,2025-07-05,completed,card
16416,2440,2025-11-22,completed,cod
16417,1517,2025-05-10,completed,cod
16418,83,2024-01-22,refunded,wallet
16419,172,2024-05-13,completed,card
16420,2412,2024-09-26,completed,card
16421,2409,2025-05-13,completed,card
16422,2073,2024-05-26,completed,cod
16423,2280,2025-09-22,cancelled,wallet
16424,362,2024-08-20,completed,atm
16425,2226,2025-01-26,completed,cod
16426,1349,2024-09-09,completed,card
16427,2317,2025-01-03,completed,atm
16428,2486,2025-08-26,completed,atm
16429,1981,2024-11-22,completed,card
16430,746,2025-10-14,completed,atm
16431,1901,2025-06-20,completed,card
16432,384,2025-01-30,completed,card
16433,2466,2024-12-28,completed,card
16434,895,2025-08-07,refunded,cod
16435,2256,2024-12-03,completed,atm
16436,1545,2025-07-27,completed,atm
16437,108,2025-06-30,completed,atm
16438,1584,2025-03-12,completed,wallet
16439,945,2025-10-25,completed,card
16440,2026,2025-09-11,completed,wallet
16441,2481,2024-02-16,completed,card
16442,250,2025-08-28,completed,cod
16443,523,2025-04-29,completed,atm
16444,2345,2024-05-10,cancelled,card
16445,2005,2025-04-28,completed,card
16446,2318,2024-10-16,completed,card
16447,1436,2025-11-06,completed,atm
16448,1376,2024-04-22,completed,atm
16449,1676,2025-01-15,completed,card
16450,599,2024-08-24,completed,card
16451,1637,2024-01-31,completed,card
16452,236,2024-09-29,completed,atm
16453,994,2025-01-24,completed,atm
16454,114,2024-05-31,completed,card
16455,970,2025-05-20,completed,atm
16456,885,2024-08-21,cancelled,atm
16457,348,2024-10-23,completed,card
16458,394,2024-06-03,completed,atm
16459,815,2024-02-25,completed,wallet
16460,1779,2025-06-11,completed,wallet
16461,1880,2025-08-27,completed,card
16462,1811,2024-11-25,completed,card
16463,1054,2025-08-11,completed,wallet
16464,1306,2025-12-18,completed,card
16465,593,2025-07-02,completed,atm
16466,702,2024-11-27,completed,atm
16467,2027,2025-11-15,completed,wallet
16468,441,2024-09-25,completed,card
16469,585,2025-01-19,completed,atm
16470,950,2025-05-24,completed,card
16471,1116,2024-01-19,completed,card
16472,485,2025-05-15,completed,cod
16473,1358,2024-08-24,completed,card
16474,1623,2025-02-03,completed,card
16475,899,2025-12-24,completed,cod
16476,2037,2024-01-14,completed,atm
16477,571,2024-07-06,refunded,card
16478,1741,2024-02-08,cancelled,atm
16479,988,2024-01-26,completed,card
16480,899,2024-04-30,cancelled,card
16481,669,2024-08-26,completed,cod
16482,1121,2025-01-04,completed,card
16483,174,2025-02-17,completed,card
16484,2253,2024-11-03,cancelled,card
16485,448,2025-12-04,completed,card
16486,1526,2025-05-15,completed,card
16487,2217,2024-10-16,completed,card
16488,1623,2024-08-13,completed,wallet
16489,1479,2024-06-08,completed,card
16490,435,2024-10-13,completed,card
16491,1449,2025-06-15,completed,cod
16492,2144,2025-07-12,completed,card
16493,1361,2025-12-07,completed,card
16494,73,2024-10-15,completed,atm
16495,313,2024-04-20,completed,atm
16496,2145,2024-12-01,completed,wallet
16497,791,2025-08-25,completed,card
16498,1356,2025-11-01,completed,card
16499,1632,2025-05-07,cancelled,cod
16500,1810,2025-05-01,completed,card
16501,1947,2025-03-10,completed,cod
16502,1881,2025-08-21,completed,atm
16503,881,2024-09-29,completed,card
16504,1136,2024-05-16,completed,atm
16505,1448,2024-05-24,completed,card
16506,527,2025-10-04,completed,card
16507,255,2024-06-01,completed,card
16508,634,2024-11-17,completed,card
16509,2118,2024-12-24,cancelled,card
16510,1773,2024-02-26,completed,card
16511,439,2025-07-02,completed,wallet
16512,644,2025-02-19,completed,atm
16513,1637,2024-08-23,completed,card
16514,592,2025-08-17,completed,card
16515,1858,2025-02-02,completed,card
16516,668,2025-11-19,completed,atm
16517,2064,2025-11-30,completed,atm
16518,841,2025-03-06,completed,card
16519,145,2024-07-22,completed,card
16520,419,2025-04-28,completed,atm
16521,2078,2024-01-22,completed,card
16522,812,2024-08-16,completed,card
16523,2080,2024-09-04,completed,card
16524,762,2025-08-20,completed,cod
16525,1526,2024-02-25,completed,card
16526,1031,2025-08-02,completed,atm
16527,720,2024-07-19,completed,wallet
16528,2269,2025-01-10,completed,wallet
16529,618,2024-03-22,completed,atm
16530,125,2025-12-24,cancelled,card
16531,1580,2025-03-18,completed,card
16532,260,2024-05-16,completed,atm
16533,1030,2025-10-28,completed,card
16534,1505,2025-10-04,completed,wallet
16535,259,2024-06-06,cancelled,wallet
16536,610,2025-12-11,cancelled,card
16537,548,2024-02-26,completed,card
16538,1075,2025-03-02,completed,wallet
16539,2340,2024-11-12,completed,cod
16540,1917,2025-09-22,completed,card
16541,1182,2024-01-09,completed,card
16542,1892,2025-11-18,completed,card
16543,1249,2025-06-19,completed,cod
16544,419,2025-04-17,completed,atm
16545,1348,2024-07-17,completed,card
16546,421,2024-11-15,completed,card
16547,1056,2024-09-10,completed,card
16548,1992,2024-05-26,completed,atm
16549,568,2025-05-02,completed,card
16550,1107,2024-05-11,completed,card
16551,816,2025-04-23,completed,wallet
16552,139,2024-04-18,completed,card
16553,995,2025-11-06,completed,card
16554,2127,2025-05-02,completed,card
16555,520,2025-11-22,completed,cod
16556,1949,2024-08-23,completed,card
16557,1701,2024-05-11,completed,card
16558,2474,2025-06-06,completed,cod
16559,1432,2025-02-14,completed,card
16560,2113,2024-05-04,completed,card
16561,2158,2025-04-26,completed,card
16562,76,2024-03-05,completed,card
16563,747,2024-01-30,completed,card
16564,854,2024-01-10,completed,atm
16565,1850,2024-02-21,completed,card
16566,1475,2024-12-30,completed,card
16567,79,2024-07-11,completed,wallet
16568,1995,2024-01-01,completed,card
16569,1076,2024-01-25,completed,card
16570,756,2025-02-15,completed,atm
16571,872,2024-12-11,completed,card
16572,1513,2024-06-07,completed,card
16573,94,2024-01-14,completed,card
16574,974,2025-12-11,completed,atm
16575,1950,2024-04-19,completed,cod
16576,2419,2025-11-09,completed,wallet
16577,1894,2025-11-05,completed,atm
16578,2340,2024-08-18,completed,atm
16579,812,2025-10-11,completed,card
16580,46,2025-11-03,completed,card
16581,1479,2024-02-09,completed,wallet
16582,1875,2025-03-27,cancelled,card
16583,1417,2025-01-09,completed,card
16584,1689,2024-05-24,cancelled,atm
16585,844,2024-11-27,completed,card
16586,1190,2024-12-10,completed,card
16587,2047,2024-01-08,completed,atm
16588,298,2025-07-10,completed,card
16589,229,2025-10-29,completed,card
16590,2432,2025-11-20,completed,card
16591,558,2024-10-14,completed,card
16592,2312,2024-05-30,cancelled,atm
16593,2205,2025-02-04,completed,cod
16594,1422,2025-01-24,completed,cod
16595,2235,2025-12-30,completed,atm
16596,1581,2024-06-28,completed,cod
16597,1718,2024-05-06,completed,card
16598,1788,2025-06-24,completed,card
16599,237,2025-02-18,completed,atm
16600,670,2024-01-15,completed,card
16601,2196,2024-06-29,completed,card
16602,2451,2024-08-09,completed,card
16603,884,2025-08-15,completed,atm
16604,383,2025-11-15,completed,cod
16605,152,2025-09-29,completed,cod
16606,1739,2024-08-08,completed,wallet
16607,42,2024-05-02,completed,wallet
16608,2350,2024-11-09,completed,atm
16609,65,2024-02-01,completed,atm
16610,1010,2025-06-17,completed,card
16611,533,2025-09-03,cancelled,atm
16612,2340,2025-09-29,completed,wallet
16613,2228,2024-01-10,completed,card
16614,534,2025-07-31,completed,atm
16615,2062,2024-02-29,completed,card
16616,39,2024-05-13,completed,card
16617,1241,2024-05-18,completed,atm
16618,1907,2025-12-20,completed,card
16619,2379,2024-01-10,completed,cod
16620,952,2025-07-04,completed,cod
16621,1225,2024-07-24,completed,card
16622,278,2025-08-29,completed,atm
16623,452,2025-05-01,completed,atm
16624,699,2025-10-08,cancelled,card
16625,1130,2024-05-26,completed,card
16626,1723,2024-12-07,completed,card
16627,1394,2025-09-07,completed,card
16628,663,2024-12-01,completed,wallet
16629,2233,2024-05-11,completed,card
16630,261,2024-11-07,completed,wallet
16631,391,2025-02-15,cancelled,card
16632,2071,2025-01-23,cancelled,card
16633,874,2024-12-21,completed,atm
16634,1636,2024-06-11,completed,wallet
16635,747,2024-02-27,completed,card
16636,1708,2024-05-25,completed,wallet
16637,40,2025-11-08,completed,atm
16638,2322,2025-05-04,completed,card
16639,1101,2024-08-27,completed,cod
16640,1401,2024-06-29,completed,card
16641,1600,2024-04-26,completed,card
16642,2071,2025-04-03,completed,card
16643,1592,2025-08-11,completed,card
16644,16,2025-04-08,completed,cod
16645,2306,2025-05-27,completed,card
16646,219,2025-02-15,completed,card
16647,1799,2025-06-05,completed,wallet
16648,903,2024-05-28,completed,card
16649,152,2024-05-22,completed,card
16650,2248,2025-06-02,completed,cod
16651,1347,2024-08-02,completed,card
16652,1818,2024-12-18,completed,card
16653,2267,2024-10-03,completed,card
16654,1726,2024-09-26,completed,card
16655,332,2024-03-24,completed,cod
16656,2479,2025-02-19,completed,card
16657,1376,2025-01-11,completed,cod
16658,2419,2025-03-15,completed,card
16659,1457,2024-10-21,completed,card
16660,1181,2025-02-24,completed,cod
16661,901,2024-10-18,completed,wallet
16662,2339,2025-05-30,completed,card
16663,566,2024-05-28,completed,atm
16664,774,2024-05-05,completed,wallet
16665,1937,2025-12-10,completed,atm
16666,2194,2025-06-22,completed,card
16667,403,2025-07-26,completed,wallet
16668,684,2024-01-02,completed,card
16669,406,2025-03-08,completed,cod
16670,1728,2024-05-13,completed,atm
16671,991,2024-09-20,completed,card
16672,1936,2025-04-25,completed,card
16673,1907,2025-02-19,completed,wallet
16674,2031,2025-04-12,completed,card
16675,1800,2024-12-10,completed,card
16676,1993,2025-07-22,completed,cod
16677,2207,2024-02-14,completed,card
16678,852,2025-05-01,completed,card
16679,1039,2025-01-02,completed,cod
16680,2415,2024-12-08,completed,card
16681,1113,2025-05-27,refunded,card
16682,398,2025-12-24,completed,card
16683,824,2025-12-08,completed,card
16684,1495,2024-10-08,completed,atm
16685,93,2025-02-28,completed,card
16686,1857,2025-10-23,completed,card
16687,1223,2025-02-08,completed,atm
16688,943,2025-04-20,completed,atm
16689,631,2025-10-12,completed,wallet
16690,463,2024-08-02,completed,card
16691,2009,2024-08-10,completed,atm
16692,1451,2025-05-15,refunded,atm
16693,2134,2025-09-22,completed,card
16694,1392,2024-08-26,completed,atm
16695,1309,2025-08-09,completed,cod
16696,421,2025-08-06,completed,card
16697,2199,2024-08-10,completed,wallet
16698,1315,2025-10-06,completed,card
16699,660,2025-01-08,completed,card
16700,799,2024-11-08,completed,atm
16701,2038,2025-09-30,completed,wallet
16702,2296,2025-07-29,completed,atm
16703,1409,2024-12-17,completed,card
16704,171,2025-12-29,completed,atm
16705,484,2025-05-23,refunded,wallet
16706,1832,2024-07-09,completed,card
16707,2357,2025-04-12,completed,card
16708,1640,2024-03-04,completed,card
16709,2046,2025-01-13,completed,card
16710,1614,2025-04-17,completed,atm
16711,2167,2025-09-28,completed,wallet
16712,1004,2025-07-17,completed,card
16713,260,2025-06-09,completed,wallet
16714,504,2025-01-20,completed,card
16715,1579,2024-10-12,completed,cod
16716,2363,2024-10-23,completed,card
16717,2124,2025-04-17,completed,wallet
16718,260,2025-11-10,completed,card
16719,1538,2025-06-26,completed,card
16720,598,2025-05-08,completed,card
16721,467,2025-04-20,completed,card
16722,1528,2025-10-24,completed,card
16723,507,2025-04-08,completed,card
16724,1621,2024-11-27,completed,card
16725,177,2025-02-10,completed,atm
16726,1280,2025-07-14,completed,wallet
16727,1983,2025-05-30,completed,atm
16728,2128,2025-06-02,completed,card
16729,1325,2025-11-16,completed,card
16730,1683,2024-12-17,refunded,atm
16731,2485,2025-03-31,completed,atm
16732,2475,2024-08-31,completed,wallet
16733,77,2024-11-15,completed,card
16734,2463,2024-01-13,completed,card
16735,1205,2025-02-26,completed,atm
16736,178,2024-01-24,completed,atm
16737,2010,2025-01-01,cancelled,wallet
16738,1474,2024-02-19,completed,atm
16739,654,2025-10-30,completed,card
16740,1724,2024-11-29,completed,card
16741,2339,2025-08-03,completed,atm
16742,1335,2025-09-21,completed,card
16743,1393,2025-09-06,completed,atm
16744,755,2024-10-25,completed,wallet
16745,1302,2025-11-03,completed,card
16746,649,2024-12-19,completed,cod
16747,837,2025-06-02,completed,cod
16748,295,2024-11-30,completed,atm
16749,969,2025-07-01,completed,card
16750,506,2025-11-01,completed,card
16751,954,2024-05-26,cancelled,card
16752,1989,2024-05-18,completed,card
16753,1327,2024-04-29,completed,wallet
16754,556,2024-09-20,cancelled,card
16755,476,2025-08-27,completed,cod
16756,2089,2025-03-07,completed,wallet
16757,641,2025-08-27,completed,cod
16758,1747,2025-08-03,completed,atm
16759,122,2025-09-27,refunded,atm
16760,2475,2024-09-25,completed,atm
16761,2085,2025-11-24,completed,card
16762,1951,2025-11-12,completed,atm
16763,1594,2025-05-09,completed,wallet
16764,2087,2025-05-25,completed,card
16765,1668,2025-07-27,cancelled,card
16766,629,2025-01-31,completed,wallet
16767,23,2024-11-01,completed,card
16768,2255,2024-01-02,completed,card
16769,1645,2025-03-23,completed,card
16770,1581,2024-11-01,completed,atm
16771,1737,2025-08-04,completed,atm
16772,1637,2024-01-06,completed,card
16773,1270,2025-04-13,completed,atm
16774,429,2024-08-16,completed,atm
16775,2057,2024-02-22,completed,card
16776,180,2025-09-07,completed,card
16777,492,2024-04-30,completed,atm
16778,116,2025-05-09,completed,wallet
16779,2322,2024-03-20,completed,card
16780,918,2025-07-24,completed,card
16781,48,2025-01-06,completed,cod
16782,1635,2024-09-17,completed,card
16783,741,2025-12-30,completed,atm
16784,1846,2025-06-26,completed,card
16785,710,2025-08-15,completed,atm
16786,1992,2025-12-11,completed,cod
16787,1893,2024-05-02,completed,card
16788,154,2025-03-31,completed,card
16789,236,2024-10-03,completed,atm
16790,472,2025-07-05,completed,card
16791,603,2024-01-08,completed,atm
16792,925,2025-02-27,completed,atm
16793,1215,2025-05-28,completed,wallet
16794,1017,2024-08-20,completed,atm
16795,1038,2025-09-26,completed,atm
16796,1377,2024-04-20,completed,card
16797,518,2024-06-09,completed,card
16798,2144,2025-06-24,completed,card
16799,928,2025-11-20,completed,card
16800,1072,2024-11-22,completed,card
16801,448,2025-07-24,completed,cod
16802,1123,2024-04-29,completed,wallet
16803,621,2024-05-29,completed,atm
16804,730,2024-01-22,completed,card
16805,2302,2024-11-13,completed,card
16806,1125,2025-01-30,completed,card
16807,2283,2024-05-17,completed,card
16808,2222,2025-10-13,completed,atm
16809,1199,2025-10-17,completed,card
16810,652,2024-12-28,completed,atm
16811,218,2024-03-06,completed,card
16812,1785,2025-10-30,completed,card
16813,2248,2024-10-28,completed,wallet
16814,749,2025-02-21,completed,card
16815,1200,2025-01-27,completed,card
16816,1006,2024-05-31,completed,card
16817,1138,2024-11-29,completed,wallet
16818,2165,2024-08-18,completed,card
16819,904,2025-06-06,completed,wallet
16820,623,2025-08-18,completed,atm
16821,524,2025-04-26,completed,card
16822,2394,2025-10-30,completed,card
16823,1447,2024-12-23,completed,atm
16824,1134,2024-04-25,completed,atm
16825,574,2024-02-19,completed,atm
16826,1577,2025-07-14,completed,card
16827,923,2024-07-22,completed,card
16828,831,2024-06-29,completed,atm
16829,1084,2024-03-10,completed,cod
16830,1039,2024-04-07,completed,cod
16831,2152,2024-06-11,completed,atm
16832,117,2025-01-17,completed,wallet
16833,2045,2025-06-07,cancelled,card
16834,2332,2024-01-30,completed,card
16835,274,2024-08-04,completed,atm
16836,662,2025-08-06,completed,card
16837,1692,2025-07-22,cancelled,card
16838,1893,2025-09-17,completed,card
16839,531,2024-11-08,completed,card
16840,2486,2024-01-18,completed,wallet
16841,1127,2025-06-24,completed,wallet
16842,2364,2025-10-10,completed,card
16843,1336,2025-12-03,completed,card
16844,54,2025-12-12,completed,atm
16845,1160,2024-10-24,completed,cod
16846,945,2024-12-01,refunded,card
16847,994,2024-10-19,completed,card
16848,727,2025-12-29,completed,card
16849,1144,2024-07-31,completed,atm
16850,857,2025-09-07,completed,atm
16851,1517,2025-06-05,refunded,atm
16852,1206,2025-08-04,completed,card
16853,338,2024-09-26,completed,card
16854,2426,2024-07-01,completed,card
16855,1951,2024-11-13,completed,card
16856,919,2025-08-10,completed,cod
16857,443,2024-01-15,completed,cod
16858,1263,2024-11-29,completed,card
16859,1160,2024-01-31,completed,card
16860,924,2024-01-24,cancelled,card
16861,1622,2025-12-24,completed,atm
16862,1388,2024-11-03,completed,card
16863,2261,2024-01-02,completed,card
16864,1677,2024-01-13,completed,wallet
16865,2205,2025-01-06,completed,card
16866,2005,2024-12-12,completed,card
16867,1223,2025-12-02,completed,wallet
16868,703,2025-12-03,completed,atm
16869,2187,2024-03-03,completed,atm
16870,961,2025-01-25,completed,cod
16871,1464,2024-05-29,completed,atm
16872,1043,2025-01-25,completed,card
16873,1085,2025-11-30,completed,card
16874,384,2024-08-17,cancelled,cod
16875,829,2025-12-11,completed,atm
16876,1712,2024-01-14,completed,card
16877,1994,2024-09-21,completed,cod
16878,1127,2025-12-12,completed,card
16879,1206,2024-07-18,completed,card
16880,315,2025-04-14,completed,card
16881,696,2025-02-15,completed,atm
16882,1976,2025-04-17,completed,atm
16883,1630,2024-03-03,refunded,cod
16884,1071,2025-01-07,refunded,wallet
16885,1080,2025-01-21,completed,card
16886,2192,2024-05-18,completed,card
16887,1361,2025-06-29,completed,atm
16888,316,2025-02-11,completed,card
16889,1687,2024-01-24,completed,atm
16890,525,2024-01-08,completed,cod
16891,808,2024-05-21,refunded,card
16892,1278,2024-10-13,completed,atm
16893,167,2025-06-22,completed,card
16894,2167,2024-07-10,completed,wallet
16895,1424,2025-07-17,completed,card
16896,1884,2024-12-13,completed,wallet
16897,2156,2024-08-19,completed,card
16898,88,2024-08-29,completed,card
16899,175,2025-12-04,completed,card
16900,562,2025-04-29,completed,atm
16901,1364,2024-02-06,completed,card
16902,1971,2024-08-10,completed,atm
16903,223,2025-11-11,completed,atm
16904,1715,2024-03-18,cancelled,card
16905,1833,2024-06-01,completed,atm
16906,671,2025-10-21,completed,atm
16907,248,2024-01-10,cancelled,cod
16908,1252,2025-05-13,completed,card
16909,442,2025-11-15,completed,card
16910,131,2025-01-19,refunded,atm
16911,2165,2025-04-29,completed,wallet
16912,2356,2025-09-15,completed,card
16913,2192,2024-09-11,completed,card
16914,1136,2025-01-23,completed,card
16915,2461,2025-11-15,completed,card
16916,2273,2024-05-06,completed,cod
16917,2485,2025-01-21,completed,atm
16918,429,2025-10-28,completed,wallet
16919,1355,2024-09-03,refunded,card
16920,463,2024-02-10,completed,cod
16921,612,2025-05-10,completed,card
16922,240,2024-10-28,cancelled,atm
16923,562,2025-11-10,completed,card
16924,1404,2025-06-01,completed,card
16925,2168,2025-07-08,completed,card
16926,2335,2025-12-14,completed,cod
16927,69,2025-08-28,completed,card
16928,308,2025-11-12,completed,card
16929,1898,2024-05-26,completed,card
16930,1722,2025-05-18,completed,card
16931,1331,2025-08-07,completed,atm
16932,1907,2025-12-13,completed,atm
16933,2443,2024-02-11,completed,atm
16934,1943,2025-12-29,refunded,wallet
16935,1184,2024-11-16,completed,card
16936,354,2025-09-03,completed,atm
16937,328,2025-03-22,completed,card
16938,275,2025-12-02,completed,atm
16939,2092,2024-04-15,completed,atm
16940,1506,2025-06-16,completed,card
16941,1972,2024-03-14,completed,atm
16942,339,2024-03-20,completed,wallet
16943,1732,2024-08-05,completed,card
16944,1575,2025-05-28,completed,wallet
16945,2221,2024-03-15,completed,cod
16946,1880,2024-02-03,completed,card
16947,238,2024-05-29,completed,card
16948,337,2025-11-20,refunded,cod
16949,2336,2024-11-01,completed,card
16950,988,2024-11-30,completed,wallet
16951,1424,2025-07-04,completed,card
16952,1116,2024-07-28,completed,card
16953,2457,2025-10-16,completed,card
16954,1944,2024-11-17,completed,card
16955,2022,2025-01-21,completed,card
16956,2247,2024-10-15,completed,wallet
16957,1278,2025-04-01,completed,cod
16958,2306,2024-01-09,completed,card
16959,1891,2024-07-14,completed,card
16960,2417,2024-02-10,completed,card
16961,1594,2024-05-17,completed,card
16962,2078,2024-08-23,completed,wallet
16963,1708,2024-04-25,completed,card
16964,1628,2024-11-25,completed,card
16965,1384,2024-07-20,completed,card
16966,160,2025-09-10,completed,atm
16967,1741,2024-02-15,completed,card
16968,1121,2025-08-28,completed,card
16969,1867,2024-08-26,completed,atm
16970,1189,2024-11-12,completed,card
16971,2322,2024-05-01,completed,atm
16972,1131,2024-08-18,refunded,atm
16973,132,2024-12-15,completed,card
16974,948,2025-03-11,cancelled,cod
16975,371,2024-08-04,completed,card
16976,1109,2024-08-13,completed,card
16977,2433,2024-05-29,completed,atm
16978,2344,2024-06-11,completed,card
16979,454,2024-08-30,completed,atm
16980,1042,2025-03-24,completed,atm
16981,2005,2025-08-07,completed,cod
16982,1218,2024-06-30,completed,card
16983,404,2025-02-15,completed,cod
16984,365,2025-10-24,completed,cod
16985,2303,2024-09-12,completed,card
16986,1934,2025-01-07,completed,atm
16987,1160,2024-06-28,cancelled,atm
16988,673,2025-04-23,completed,cod
16989,563,2025-02-15,refunded,atm
16990,155,2025-02-15,completed,card
16991,917,2024-05-29,completed,atm
16992,499,2024-06-17,completed,card
16993,2186,2025-10-28,completed,cod
16994,59,2025-10-10,completed,card
16995,1708,2025-02-23,completed,card
16996,512,2024-12-20,completed,card
16997,2370,2024-04-19,completed,card
16998,969,2024-08-02,completed,atm
16999,1200,2024-12-12,completed,atm
17000,154,2024-01-21,completed,card
17001,466,2024-12-16,completed,atm
17002,2023,2025-11-23,completed,atm
17003,1588,2024-01-10,completed,wallet
17004,1229,2025-01-29,completed,atm
17005,732,2025-02-26,completed,wallet
17006,1635,2025-02-11,completed,wallet
17007,94,2025-12-11,completed,card
17008,2454,2024-02-25,completed,card
17009,1357,2025-12-31,completed,card
17010,2497,2024-11-18,completed,card
17011,1123,2025-01-02,completed,card
17012,467,2024-01-16,completed,wallet
17013,719,2025-02-06,completed,card
17014,2245,2025-10-15,completed,card
17015,284,2025-12-13,completed,card
17016,917,2025-07-31,completed,card
17017,352,2024-12-15,completed,card
17018,1764,2024-12-10,completed,atm
17019,1482,2024-04-06,completed,card
17020,1249,2025-12-15,completed,card
17021,1584,2024-10-01,completed,card
17022,2488,2025-05-17,completed,atm
17023,398,2024-12-18,completed,atm
17024,1508,2025-07-05,completed,cod
17025,821,2024-11-01,completed,card
17026,2060,2025-06-13,completed,card
17027,1899,2025-01-19,cancelled,card
17028,2118,2024-10-17,completed,atm
17029,914,2025-08-29,completed,cod
17030,353,2024-07-30,completed,card
17031,738,2025-04-04,completed,cod
17032,1108,2025-02-19,completed,wallet
17033,1901,2025-11-25,completed,card
17034,48,2025-10-02,completed,atm
17035,2453,2024-08-28,completed,card
17036,2111,2025-10-23,completed,atm
17037,64,2024-03-20,completed,wallet
17038,1316,2024-01-20,completed,wallet
17039,2183,2024-04-17,completed,card
17040,574,2024-06-06,completed,card
17041,1160,2024-11-06,completed,wallet
17042,2026,2025-11-26,completed,card
17043,2048,2025-08-28,completed,card
17044,1395,2024-05-10,completed,atm
17045,1973,2025-05-04,completed,wallet
17046,1143,2025-08-30,completed,card
17047,283,2024-05-07,completed,atm
17048,1824,2024-05-26,completed,wallet
17049,587,2025-10-22,completed,cod
17050,1593,2024-10-14,completed,card
17051,652,2024-08-28,completed,card
17052,555,2025-11-29,completed,card
17053,532,2025-11-06,completed,atm
17054,619,2024-10-26,completed,atm
17055,1492,2025-12-19,completed,atm
17056,1780,2024-12-18,completed,card
17057,232,2025-11-15,completed,wallet
17058,151,2024-01-18,completed,card
17059,975,2025-04-25,completed,card
17060,2074,2024-08-03,completed,atm
17061,1744,2025-12-26,completed,atm
17062,1518,2024-07-29,refunded,atm
17063,2453,2024-09-28,completed,cod
17064,1117,2025-10-15,completed,card
17065,2288,2024-05-26,completed,atm
17066,335,2025-11-13,completed,card
17067,1347,2025-04-25,completed,card
17068,1508,2024-12-05,completed,atm
17069,855,2025-10-09,refunded,card
17070,1937,2025-04-01,completed,cod
17071,1034,2024-07-18,completed,atm
17072,703,2025-01-09,completed,card
17073,378,2025-08-08,completed,card
17074,882,2025-05-31,completed,atm
17075,387,2024-02-03,completed,wallet
17076,762,2025-05-03,completed,wallet
17077,504,2024-01-17,completed,wallet
17078,1278,2025-12-29,completed,card
17079,1744,2024-05-19,completed,atm
17080,2174,2024-08-19,completed,card
17081,1672,2025-09-27,completed,card
17082,2415,2024-01-10,completed,card
17083,2214,2025-10-20,completed,card
17084,2247,2024-01-06,completed,atm
17085,1636,2024-01-10,completed,card
17086,1883,2024-07-31,completed,wallet
17087,1045,2025-01-17,completed,card
17088,675,2024-11-05,completed,atm
17089,2314,2025-08-26,completed,atm
17090,1479,2025-05-21,completed,atm
17091,1316,2025-02-06,completed,atm
17092,2392,2024-01-21,completed,card
17093,748,2024-01-15,completed,card
17094,2060,2024-05-29,completed,wallet
17095,232,2025-07-20,completed,card
17096,150,2024-02-19,completed,card
17097,247,2024-12-28,completed,atm
17098,1877,2025-03-26,refunded,atm
17099,539,2025-10-12,completed,atm
17100,113,2024-12-19,cancelled,atm
17101,1016,2024-07-04,completed,cod
17102,1608,2025-02-24,completed,wallet
17103,2161,2025-12-03,completed,card
17104,1708,2025-06-26,completed,atm
17105,2188,2024-07-17,completed,atm
17106,84,2025-12-26,completed,card
17107,111,2025-04-30,completed,atm
17108,2140,2025-11-04,completed,wallet
17109,1159,2024-07-24,completed,wallet
17110,333,2025-07-09,completed,card
17111,259,2024-08-09,completed,card
17112,2260,2025-11-14,completed,atm
17113,2324,2025-08-14,completed,card
17114,2038,2024-08-18,completed,card
17115,1339,2024-09-08,completed,atm
17116,2171,2024-10-31,completed,card
17117,844,2025-10-14,completed,atm
17118,1746,2025-05-16,completed,card
17119,2376,2025-12-10,completed,card
17120,2382,2024-03-28,completed,card
17121,1601,2024-09-28,completed,cod
17122,1359,2024-02-14,completed,card
17123,58,2024-02-24,completed,wallet
17124,18,2024-08-31,completed,card
17125,1722,2024-04-20,completed,card
17126,1508,2024-05-23,completed,atm
17127,2064,2025-07-12,completed,atm
17128,808,2025-06-10,cancelled,cod
17129,2358,2024-06-01,completed,atm
17130,787,2025-08-06,completed,atm
17131,148,2024-05-18,completed,card
17132,1715,2024-01-01,completed,card
17133,2002,2025-02-18,refunded,card
17134,44,2025-08-16,completed,card
17135,670,2025-01-31,completed,card
17136,703,2024-06-07,completed,card
17137,438,2025-12-17,completed,cod
17138,531,2024-02-25,completed,card
17139,100,2025-08-26,completed,atm
17140,1038,2024-12-24,completed,card
17141,701,2024-01-19,completed,wallet
17142,2175,2024-01-23,completed,cod
17143,1894,2025-01-27,completed,card
17144,248,2024-11-13,completed,atm
17145,635,2024-01-28,completed,card
17146,381,2024-05-29,completed,atm
17147,2252,2025-02-03,completed,card
17148,1192,2025-03-15,completed,atm
17149,1623,2024-11-24,completed,cod
17150,2187,2024-12-04,completed,wallet
17151,185,2024-11-11,completed,cod
17152,273,2025-11-30,completed,atm
17153,1311,2024-08-18,completed,wallet
17154,2328,2024-05-27,completed,card
17155,1449,2024-07-24,completed,card
17156,1492,2024-09-07,completed,card
17157,1267,2025-05-26,completed,card
17158,1786,2025-05-02,completed,card
17159,2232,2024-12-27,completed,atm
17160,2181,2025-09-23,cancelled,atm
17161,850,2025-08-11,completed,atm
17162,811,2024-05-11,completed,card
17163,146,2024-11-01,completed,atm
17164,448,2025-03-23,completed,atm
17165,1435,2024-08-17,completed,card
17166,917,2024-08-30,completed,wallet
17167,1548,2025-04-04,completed,atm
17168,2456,2024-07-02,completed,atm
17169,1985,2025-08-20,completed,card
17170,98,2025-03-23,completed,card
17171,2416,2024-07-18,completed,card
17172,2121,2024-12-20,completed,card
17173,1479,2025-11-22,completed,card
17174,1109,2025-03-15,completed,card
17175,2395,2025-11-17,completed,atm
17176,462,2025-03-15,completed,card
17177,1880,2025-12-02,completed,card
17178,1509,2025-05-19,completed,wallet
17179,1959,2025-10-11,completed,card
17180,2189,2024-03-18,completed,card
17181,1794,2025-10-26,completed,card
17182,1898,2024-07-10,completed,card
17183,924,2024-02-10,completed,wallet
17184,647,2025-04-16,completed,atm
17185,320,2025-03-17,completed,atm
17186,1497,2025-10-13,completed,card
17187,885,2025-04-16,completed,card
17188,116,2025-12-10,completed,cod
17189,2408,2024-12-03,completed,atm
17190,992,2024-10-06,completed,card
17191,1590,2024-09-13,completed,card
17192,1516,2024-07-24,completed,atm
17193,629,2025-03-20,completed,atm
17194,382,2025-06-24,completed,card
17195,351,2025-02-11,completed,cod
17196,857,2024-11-07,completed,cod
17197,1677,2024-05-01,completed,wallet
17198,2398,2024-12-18,completed,card
17199,444,2025-12-11,completed,atm
17200,71,2024-02-21,completed,wallet
17201,453,2025-12-18,completed,cod
17202,1164,2025-01-31,completed,card
17203,263,2024-01-21,completed,atm
17204,1578,2024-12-17,completed,atm
17205,1775,2024-10-21,completed,card
17206,291,2025-05-01,completed,card
17207,994,2025-04-06,completed,card
17208,129,2024-09-26,completed,card
17209,1081,2024-10-19,completed,atm
17210,485,2025-01-16,completed,card
17211,574,2025-02-02,completed,wallet
17212,701,2024-01-29,completed,wallet
17213,1173,2025-08-01,completed,card
17214,497,2024-04-10,completed,wallet
17215,1039,2024-10-30,completed,atm
17216,2209,2024-05-16,completed,atm
17217,203,2024-01-27,completed,wallet
17218,791,2024-10-20,completed,cod
17219,742,2024-02-17,completed,card
17220,696,2024-01-06,completed,card
17221,2373,2025-11-22,completed,card
17222,1006,2025-12-26,completed,card
17223,641,2025-10-24,completed,atm
17224,1231,2024-02-01,completed,card
17225,952,2024-11-18,completed,wallet
17226,1724,2024-05-01,completed,wallet
17227,1082,2024-12-30,completed,card
17228,2241,2024-08-03,completed,cod
17229,2197,2025-06-15,completed,card
17230,922,2024-12-28,completed,wallet
17231,144,2025-04-18,completed,card
17232,2368,2024-10-28,completed,atm
17233,2171,2024-09-04,completed,card
17234,1758,2024-02-20,completed,atm
17235,1723,2024-08-27,completed,atm
17236,1566,2025-12-07,cancelled,card
17237,1488,2024-08-31,completed,atm
17238,114,2024-11-27,completed,card
17239,1167,2024-03-31,cancelled,card
17240,1441,2024-05-30,completed,card
17241,844,2025-10-28,completed,card
17242,2153,2024-01-29,completed,atm
17243,237,2024-06-07,completed,atm
17244,333,2024-10-06,completed,card
17245,2456,2025-01-24,completed,atm
17246,544,2025-10-20,completed,card
17247,1663,2024-02-17,completed,atm
17248,572,2025-12-22,completed,wallet
17249,505,2025-11-11,completed,wallet
17250,1085,2024-08-03,completed,atm
17251,592,2025-11-03,completed,cod
17252,2180,2024-06-20,completed,card
17253,287,2025-05-10,completed,wallet
17254,54,2024-10-03,completed,card
17255,181,2025-08-26,completed,atm
17256,1648,2025-02-02,completed,card
17257,2085,2024-01-15,completed,card
17258,1108,2024-11-02,completed,card
17259,1039,2025-06-07,completed,atm
17260,2019,2024-09-17,completed,cod
17261,1921,2025-03-29,completed,card
17262,1293,2025-01-30,completed,wallet
17263,1375,2024-02-13,completed,card
17264,226,2024-04-28,completed,card
17265,1596,2024-05-13,completed,card
17266,559,2024-08-19,completed,card
17267,1834,2024-07-17,completed,card
17268,63,2025-01-17,completed,wallet
17269,1635,2025-02-21,completed,cod
17270,2490,2025-08-26,completed,atm
17271,1541,2024-10-23,completed,card
17272,1237,2025-10-05,completed,card
17273,337,2025-04-04,completed,card
17274,1901,2024-01-04,completed,atm
17275,1953,2024-06-22,completed,wallet
17276,1453,2024-07-10,completed,card
17277,679,2025-11-11,completed,cod
17278,2139,2024-08-16,refunded,atm
17279,1418,2024-08-16,completed,card
17280,408,2024-04-10,completed,card
17281,175,2025-09-13,completed,card
17282,941,2025-10-23,completed,atm
17283,1756,2025-03-05,completed,cod
17284,935,2025-10-02,completed,cod
17285,1356,2025-09-04,completed,cod
17286,2466,2025-11-28,completed,atm
17287,1211,2025-12-02,completed,card
17288,1439,2024-12-01,refunded,wallet
17289,2398,2024-02-01,completed,cod
17290,974,2024-02-21,cancelled,card
17291,740,2024-05-15,completed,card
17292,690,2025-01-11,cancelled,card
17293,903,2025-03-06,completed,card
17294,2497,2024-12-10,completed,wallet
17295,1275,2025-05-29,completed,atm
17296,2268,2025-06-15,completed,wallet
17297,1525,2025-01-06,completed,card
17298,443,2024-05-06,completed,atm
17299,243,2024-10-29,completed,card
17300,801,2025-03-17,completed,card
17301,2369,2024-07-27,completed,atm
17302,211,2025-08-01,completed,card
17303,565,2024-09-12,cancelled,card
17304,865,2024-12-31,completed,card
17305,1058,2024-10-22,completed,atm
17306,2291,2025-08-27,completed,card
17307,1199,2025-12-05,completed,cod
17308,1685,2024-04-08,completed,card
17309,658,2024-08-23,completed,card
17310,197,2024-07-04,completed,atm
17311,401,2025-07-31,completed,cod
17312,333,2025-01-27,completed,card
17313,1657,2024-05-06,completed,atm
17314,245,2025-05-04,completed,card
17315,2307,2025-12-30,completed,atm
17316,1672,2024-02-13,completed,card
17317,291,2025-07-12,completed,wallet
17318,1923,2025-10-09,completed,card
17319,34,2024-03-09,completed,card
17320,3,2025-11-12,completed,card
17321,953,2024-05-11,completed,card
17322,1379,2024-11-20,completed,card
17323,1582,2025-04-11,completed,cod
17324,1572,2025-02-20,completed,card
17325,1263,2024-11-03,completed,wallet
17326,240,2024-08-23,cancelled,atm
17327,390,2025-11-08,refunded,wallet
17328,1369,2025-05-30,completed,atm
17329,533,2025-11-03,completed,card
17330,736,2024-04-24,completed,card
17331,145,2025-07-28,completed,card
17332,449,2024-11-17,completed,cod
17333,2246,2024-10-12,completed,cod
17334,361,2025-05-06,completed,atm
17335,1729,2025-10-28,completed,card
17336,2332,2024-02-16,completed,card
17337,2311,2024-05-17,cancelled,card
17338,2162,2024-08-18,completed,card
17339,418,2025-11-05,completed,cod
17340,1215,2025-04-16,completed,card
17341,748,2025-08-19,refunded,card
17342,2488,2024-09-12,completed,card
17343,1672,2025-05-23,completed,card
17344,192,2024-02-20,completed,atm
17345,539,2025-09-26,completed,card
17346,1941,2024-05-27,completed,card
17347,396,2024-01-31,completed,cod
17348,2085,2025-05-02,completed,atm
17349,1811,2024-04-03,completed,card
17350,1414,2024-12-27,completed,card
17351,2076,2025-12-06,completed,card
17352,504,2025-01-22,completed,atm
17353,1576,2024-08-17,completed,card
17354,1164,2024-09-07,completed,card
17355,1441,2024-08-11,completed,card
17356,1955,2025-04-27,completed,atm
17357,2114,2024-11-06,completed,atm
17358,1189,2024-02-12,completed,card
17359,959,2024-08-03,completed,cod
17360,1785,2024-02-27,completed,card
17361,1815,2024-02-13,completed,wallet
17362,2310,2024-01-22,completed,card
17363,2306,2024-03-05,completed,card
17364,2252,2025-06-14,completed,card
17365,1089,2025-06-11,completed,atm
17366,417,2025-03-26,completed,card
17367,1940,2024-06-08,completed,card
17368,114,2024-07-12,completed,card
17369,127,2025-06-19,completed,wallet
17370,2400,2024-02-14,completed,card
17371,1516,2025-05-29,completed,card
17372,116,2024-04-14,completed,cod
17373,2498,2025-05-30,completed,wallet
17374,1876,2025-12-26,completed,cod
17375,887,2024-02-20,completed,card
17376,1752,2025-04-11,completed,card
17377,2331,2025-04-08,cancelled,card
17378,742,2025-04-24,completed,card
17379,1298,2024-11-28,completed,atm
17380,1446,2025-04-26,completed,card
17381,1410,2025-09-08,cancelled,atm
17382,741,2025-05-07,completed,atm
17383,2008,2024-03-01,completed,card
17384,999,2025-11-13,completed,card
17385,384,2025-09-13,completed,card
17386,495,2024-06-03,completed,card
17387,1674,2024-06-21,completed,card
17388,932,2025-11-18,refunded,wallet
17389,1909,2024-02-19,completed,cod
17390,692,2024-08-05,completed,card
17391,1859,2025-04-28,completed,atm
17392,1479,2024-01-23,completed,atm
17393,1552,2025-12-11,completed,atm
17394,165,2024-05-15,completed,cod
17395,1598,2025-04-26,completed,atm
17396,2166,2025-05-29,completed,wallet
17397,1869,2025-05-25,completed,atm
17398,403,2025-11-28,completed,wallet
17399,1467,2024-04-03,completed,card
17400,1129,2024-02-23,completed,card
17401,2349,2025-10-12,completed,card
17402,1669,2025-08-10,completed,wallet
17403,2288,2024-10-15,completed,card
17404,2228,2024-02-01,completed,card
17405,1325,2024-03-31,completed,wallet
17406,191,2024-02-02,completed,card
17407,73,2024-11-01,completed,card
17408,433,2025-01-02,completed,card
17409,562,2025-03-04,completed,atm
17410,1736,2024-04-03,completed,wallet
17411,1443,2024-09-26,completed,card
17412,1483,2025-02-23,completed,atm
17413,203,2024-11-26,completed,atm
17414,857,2024-08-07,completed,card
17415,1596,2025-03-18,completed,card
17416,1088,2024-10-27,completed,card
17417,1484,2024-02-12,completed,atm
17418,1104,2025-09-28,completed,card
17419,2390,2024-02-17,completed,cod
17420,941,2025-04-06,completed,card
17421,1910,2024-10-13,completed,card
17422,433,2025-09-22,completed,cod
17423,2128,2025-02-16,cancelled,card
17424,1232,2024-10-23,completed,card
17425,2062,2025-02-25,completed,card
17426,2380,2024-08-25,refunded,card
17427,388,2025-06-08,completed,cod
17428,917,2024-12-10,completed,card
17429,1732,2025-12-08,completed,cod
17430,1354,2025-12-17,cancelled,card
17431,123,2025-02-11,completed,card
17432,2115,2025-09-03,completed,cod
17433,1730,2024-08-07,completed,card
17434,2194,2025-06-11,completed,card
17435,1853,2024-09-15,completed,cod
17436,2287,2024-12-06,completed,card
17437,587,2025-12-13,completed,atm
17438,2418,2025-04-09,refunded,card
17439,1878,2025-03-18,completed,atm
17440,63,2024-09-08,completed,card
17441,1385,2025-05-28,completed,card
17442,1803,2025-02-11,completed,wallet
17443,2252,2024-09-24,completed,card
17444,2461,2024-08-19,completed,atm
17445,265,2024-10-20,completed,atm
17446,946,2025-07-30,completed,card
17447,609,2024-07-27,completed,card
17448,712,2025-01-14,completed,card
17449,348,2025-01-13,completed,card
17450,41,2025-03-22,completed,card
17451,264,2025-06-12,completed,card
17452,630,2024-03-06,completed,card
17453,740,2025-11-11,completed,card
17454,1488,2024-11-04,completed,atm
17455,2244,2024-11-02,completed,wallet
17456,556,2025-07-24,completed,card
17457,1630,2024-04-02,completed,card
17458,1444,2025-11-23,completed,wallet
17459,2213,2024-01-18,completed,wallet
17460,1513,2024-11-29,completed,wallet
17461,326,2025-06-18,completed,atm
17462,162,2025-02-13,completed,card
17463,2175,2024-08-25,completed,card
17464,266,2025-02-27,completed,cod
17465,1034,2024-10-14,completed,card
17466,388,2024-01-22,cancelled,card
17467,51,2024-04-11,completed,card
17468,2154,2024-06-30,completed,card
17469,949,2024-08-11,completed,atm
17470,144,2025-12-01,completed,card
17471,569,2025-09-25,completed,wallet
17472,1961,2025-12-15,cancelled,wallet
17473,1725,2025-12-15,completed,wallet
17474,238,2024-04-29,completed,wallet
17475,1708,2024-08-08,completed,card
17476,1918,2024-12-30,completed,card
17477,277,2024-11-10,completed,card
17478,551,2024-03-08,completed,cod
17479,1194,2025-07-04,completed,atm
17480,1874,2024-04-11,completed,card
17481,1460,2024-02-21,completed,cod
17482,1375,2024-11-14,completed,atm
17483,1274,2024-06-18,refunded,atm
17484,985,2024-09-25,completed,card
17485,2389,2024-04-09,completed,atm
17486,1688,2024-08-15,completed,card
17487,1354,2024-03-20,completed,cod
17488,1527,2025-01-31,completed,wallet
17489,446,2024-07-02,completed,atm
17490,1457,2025-02-13,completed,wallet
17491,1751,2024-02-07,completed,cod
17492,2460,2024-06-17,completed,atm
17493,1014,2024-07-25,completed,cod
17494,374,2024-06-06,completed,card
17495,2099,2024-11-08,completed,atm
17496,435,2024-11-03,completed,atm
17497,1263,2025-02-03,completed,wallet
17498,1876,2025-12-20,refunded,wallet
17499,2351,2025-02-09,completed,atm
17500,512,2024-04-16,cancelled,card
17501,1877,2024-10-21,completed,atm
17502,565,2024-10-16,completed,wallet
17503,1103,2025-02-01,completed,atm
17504,264,2024-10-12,completed,card
17505,726,2025-02-18,completed,cod
17506,343,2025-10-13,completed,card
17507,2071,2024-06-04,cancelled,wallet
17508,2071,2024-05-05,completed,card
17509,293,2024-11-13,completed,cod
17510,2336,2025-11-12,completed,card
17511,1624,2025-01-04,completed,atm
17512,2004,2024-12-29,completed,card
17513,1272,2025-05-19,completed,card
17514,1861,2025-05-11,cancelled,card
17515,401,2025-05-11,refunded,wallet
17516,1327,2024-04-21,completed,atm
17517,1169,2024-07-09,completed,card
17518,1884,2025-06-19,completed,card
17519,2188,2025-10-26,completed,card
17520,1720,2025-10-11,completed,cod
17521,2089,2025-11-12,completed,card
17522,1300,2025-01-17,completed,cod
17523,1972,2025-12-21,completed,card
17524,2416,2025-06-04,completed,cod
17525,263,2024-08-15,completed,card
17526,281,2025-06-14,completed,atm
17527,500,2025-09-28,completed,card
17528,2271,2025-01-25,completed,card
17529,2495,2025-11-19,completed,atm
17530,1240,2024-10-04,completed,wallet
17531,1754,2024-02-17,completed,atm
17532,1870,2024-02-06,completed,atm
17533,2487,2024-04-05,completed,card
17534,2007,2024-12-04,completed,atm
17535,1121,2024-11-28,completed,card
17536,1290,2024-06-11,completed,cod
17537,2205,2024-01-12,completed,atm
17538,844,2024-02-26,completed,atm
17539,834,2024-06-27,completed,card
17540,1880,2025-02-14,completed,card
17541,1947,2024-12-26,completed,wallet
17542,572,2024-03-29,completed,atm
17543,1854,2024-07-31,completed,wallet
17544,415,2024-01-04,completed,atm
17545,638,2025-02-24,completed,card
17546,2085,2025-06-10,completed,card
17547,663,2024-11-18,completed,card
17548,893,2025-10-29,completed,atm
17549,1723,2025-09-07,completed,atm
17550,93,2024-08-16,completed,card
17551,1963,2024-11-08,completed,atm
17552,2404,2024-12-12,completed,atm
17553,1348,2024-05-30,completed,cod
17554,2460,2025-04-26,completed,atm
17555,598,2025-09-16,completed,card
17556,937,2025-07-30,completed,wallet
17557,1739,2025-08-17,completed,card
17558,1924,2025-03-21,completed,atm
17559,1387,2025-05-27,completed,atm
17560,68,2024-04-16,completed,card
17561,999,2025-04-12,completed,card
17562,631,2024-03-03,completed,card
17563,2032,2024-12-31,completed,card
17564,881,2024-12-03,completed,card
17565,2170,2025-11-13,completed,atm
17566,131,2024-05-14,completed,atm
17567,523,2025-08-28,completed,wallet
17568,1331,2024-06-02,completed,cod
17569,2478,2025-01-12,completed,atm
17570,1149,2025-11-11,completed,card
17571,996,2025-06-02,completed,wallet
17572,1831,2025-06-12,refunded,card
17573,2335,2025-10-23,completed,card
17574,2235,2024-12-08,completed,card
17575,1121,2024-04-03,completed,atm
17576,471,2025-12-08,completed,atm
17577,318,2025-04-01,completed,atm
17578,2082,2025-05-26,completed,card
17579,53,2025-05-16,completed,card
17580,1952,2024-01-24,completed,wallet
17581,250,2024-12-12,completed,card
17582,1499,2025-11-12,completed,cod
17583,821,2024-10-10,completed,atm
17584,1192,2025-12-20,completed,card
17585,944,2024-06-28,completed,cod
17586,515,2025-10-17,cancelled,card
17587,2136,2024-12-25,completed,atm
17588,447,2025-04-08,cancelled,card
17589,602,2025-07-06,completed,card
17590,838,2025-10-31,completed,cod
17591,381,2025-11-28,completed,card
17592,2205,2025-12-21,completed,card
17593,1536,2024-05-23,completed,cod
17594,247,2025-12-01,completed,card
17595,1630,2024-08-01,completed,wallet
17596,2154,2025-08-07,completed,atm
17597,2049,2024-01-10,completed,card
17598,1035,2025-11-11,completed,card
17599,203,2024-10-30,completed,card
17600,1946,2025-08-06,completed,cod
17601,2238,2025-05-30,completed,wallet
17602,2245,2025-04-10,completed,card
17603,1164,2025-03-25,completed,card
17604,568,2024-02-10,cancelled,atm
17605,1901,2025-01-16,completed,atm
17606,34,2025-03-11,completed,wallet
17607,1446,2024-04-03,completed,atm
17608,100,2024-01-05,completed,card
17609,481,2025-06-14,completed,card
17610,714,2024-11-06,completed,cod
17611,1330,2024-04-01,completed,atm
17612,1548,2025-10-24,refunded,atm
17613,2216,2024-11-07,completed,card
17614,5,2024-10-04,completed,atm
17615,1982,2025-04-28,completed,atm
17616,325,2025-12-02,completed,card
17617,601,2024-02-19,refunded,card
17618,886,2025-12-18,completed,atm
17619,1694,2025-08-17,completed,card
17620,998,2025-09-14,completed,cod
17621,79,2024-05-12,cancelled,card
17622,1021,2025-07-19,completed,card
17623,2000,2025-05-24,completed,wallet
17624,1618,2025-05-14,completed,atm
17625,1884,2024-12-30,completed,card
17626,1642,2024-07-06,completed,card
17627,483,2024-06-30,completed,wallet
17628,2383,2025-06-29,completed,card
17629,1291,2024-03-01,completed,card
17630,1926,2024-08-01,completed,cod
17631,948,2024-04-19,completed,atm
17632,307,2024-07-27,completed,atm
17633,1824,2024-03-21,completed,card
17634,631,2024-03-21,completed,card
17635,603,2024-05-03,completed,card
17636,422,2025-03-15,completed,card
17637,1393,2024-02-26,completed,atm
17638,811,2024-06-04,refunded,card
17639,2328,2025-11-11,completed,card
17640,349,2024-07-08,refunded,atm
17641,2497,2024-02-23,completed,card
17642,415,2024-06-16,completed,card
17643,1596,2024-07-19,completed,cod
17644,1253,2025-06-26,completed,card
17645,730,2025-01-23,completed,wallet
17646,551,2024-01-29,completed,atm
17647,1435,2025-08-01,completed,wallet
17648,2299,2024-10-13,completed,card
17649,857,2024-11-05,completed,atm
17650,277,2024-06-24,completed,wallet
17651,502,2025-11-02,completed,card
17652,873,2025-01-18,completed,atm
17653,584,2024-12-25,completed,cod
17654,692,2025-09-23,cancelled,wallet
17655,1173,2024-02-20,completed,atm
17656,601,2024-05-03,completed,card
17657,876,2025-05-22,completed,atm
17658,1467,2025-05-12,completed,atm
17659,340,2025-04-17,completed,card
17660,1280,2025-11-16,completed,atm
17661,1773,2024-02-26,completed,atm
17662,464,2024-01-01,completed,card
17663,1855,2024-09-19,completed,wallet
17664,1185,2025-12-25,completed,atm
17665,782,2024-04-22,completed,card
17666,2251,2025-08-12,completed,atm
17667,2203,2025-08-02,completed,card
17668,1996,2025-02-21,completed,wallet
17669,2462,2025-11-18,cancelled,wallet
17670,1081,2025-11-09,completed,card
17671,557,2025-05-04,completed,card
17672,1086,2024-08-28,completed,card
17673,1715,2024-11-08,completed,cod
17674,887,2024-03-31,completed,card
17675,2198,2025-08-09,completed,card
17676,1835,2024-11-11,completed,card
17677,507,2025-06-16,completed,atm
17678,1285,2025-12-03,completed,card
17679,2198,2024-11-16,completed,wallet
17680,384,2024-10-14,completed,card
17681,1196,2024-03-14,cancelled,atm
17682,191,2025-05-13,completed,card
17683,1415,2024-10-26,completed,card
17684,1538,2024-07-01,completed,card
17685,2396,2025-05-29,completed,atm
17686,1896,2025-03-06,completed,wallet
17687,2230,2024-04-10,completed,atm
17688,255,2025-08-05,completed,card
17689,848,2024-10-03,completed,card
17690,270,2024-01-13,completed,wallet
17691,913,2025-03-07,completed,card
17692,2355,2024-07-23,completed,atm
17693,28,2025-08-18,completed,atm
17694,1157,2025-11-26,completed,cod
17695,1654,2024-03-14,completed,atm
17696,1426,2024-02-26,completed,wallet
17697,402,2025-10-11,completed,card
17698,252,2024-07-30,completed,card
17699,2483,2025-09-10,completed,card
17700,16,2025-08-04,completed,card
17701,2385,2025-01-14,cancelled,card
17702,2162,2024-02-07,completed,atm
17703,1940,2025-01-30,completed,card
17704,1073,2025-12-12,completed,card
17705,2405,2025-05-26,cancelled,card
17706,1178,2025-04-15,completed,atm
17707,351,2025-01-27,completed,wallet
17708,672,2024-05-25,completed,atm
17709,1842,2025-11-03,completed,card
17710,1183,2024-05-11,completed,cod
17711,1267,2024-01-18,completed,card
17712,1379,2024-05-12,completed,card
17713,1224,2025-05-29,completed,atm
17714,1544,2024-06-19,completed,card
17715,474,2025-01-07,completed,cod
17716,2445,2024-12-03,refunded,card
17717,1099,2024-01-20,completed,card
17718,1311,2025-04-21,completed,card
17719,535,2024-09-05,completed,cod
17720,1881,2024-02-07,completed,card
17721,1473,2024-11-30,completed,card
17722,620,2024-07-24,refunded,card
17723,1805,2025-01-20,completed,card
17724,687,2025-09-11,completed,wallet
17725,1681,2024-07-25,completed,atm
17726,1888,2024-01-31,refunded,cod
17727,2476,2024-01-29,completed,wallet
17728,577,2024-12-18,completed,wallet
17729,1058,2025-10-10,completed,wallet
17730,359,2024-01-01,completed,card
17731,810,2024-11-11,completed,card
17732,1052,2025-01-16,completed,card
17733,974,2025-12-23,completed,atm
17734,1206,2024-04-20,completed,wallet
17735,2164,2024-06-07,completed,card
17736,25,2024-05-31,completed,cod
17737,1511,2025-02-18,completed,wallet
17738,379,2024-03-08,completed,atm
17739,1741,2025-11-30,completed,wallet
17740,2388,2025-05-27,completed,card
17741,1968,2024-01-20,completed,card
17742,308,2025-05-22,completed,wallet
17743,307,2024-07-14,completed,atm
17744,2170,2024-01-07,completed,card
17745,227,2025-10-06,completed,atm
17746,1356,2024-10-23,completed,card
17747,1125,2025-10-02,completed,atm
17748,672,2024-05-01,refunded,wallet
17749,1189,2024-01-05,refunded,atm
17750,88,2025-05-10,completed,card
17751,127,2024-03-12,cancelled,card
17752,472,2025-11-16,completed,card
17753,870,2024-10-13,completed,card
17754,116,2024-09-10,completed,card
17755,627,2024-07-03,completed,atm
17756,1325,2024-11-19,completed,atm
17757,1111,2024-08-09,completed,cod
17758,855,2024-05-09,completed,atm
17759,2112,2024-08-25,completed,cod
17760,1709,2025-08-22,completed,card
17761,1903,2025-06-24,cancelled,card
17762,499,2024-02-26,completed,card
17763,222,2024-09-29,completed,wallet
17764,1905,2024-10-27,completed,card
17765,2139,2025-12-22,completed,atm
17766,1115,2025-11-19,completed,wallet
17767,1857,2025-08-06,completed,cod
17768,2318,2025-03-10,completed,wallet
17769,865,2024-06-25,completed,card
17770,2370,2025-03-31,completed,atm
17771,2002,2025-01-26,completed,wallet
17772,425,2024-06-06,completed,card
17773,1812,2025-10-30,completed,wallet
17774,422,2024-01-29,completed,cod
17775,1099,2025-07-22,completed,cod
17776,553,2024-08-29,completed,atm
17777,2325,2024-12-17,completed,card
17778,2335,2025-10-20,completed,card
17779,715,2024-05-09,completed,card
17780,279,2024-12-28,completed,card
17781,1998,2025-10-25,cancelled,wallet
17782,1912,2025-05-07,completed,card
17783,2492,2025-10-27,completed,card
17784,847,2024-11-08,completed,atm
17785,1253,2024-09-18,completed,card
17786,667,2024-01-04,cancelled,cod
17787,2100,2025-11-26,completed,card
17788,1494,2024-07-12,completed,card
17789,1103,2024-11-13,completed,card
17790,1387,2025-08-07,completed,card
17791,579,2025-04-12,completed,card
17792,90,2025-01-10,completed,cod
17793,2476,2025-12-18,completed,atm
17794,1875,2025-05-29,completed,card
17795,887,2024-04-08,completed,card
17796,386,2024-10-22,completed,atm
17797,2183,2025-08-09,completed,atm
17798,75,2024-12-09,completed,card
17799,1158,2024-02-13,completed,atm
17800,861,2024-08-14,completed,cod
17801,1604,2024-10-29,completed,atm
17802,294,2025-03-20,completed,card
17803,527,2025-07-28,completed,card
17804,3,2024-06-12,completed,atm
17805,291,2024-02-15,completed,atm
17806,2314,2025-12-23,completed,cod
17807,1508,2024-01-11,completed,card
17808,270,2025-10-13,completed,card
17809,182,2024-08-19,completed,card
17810,2462,2025-03-20,completed,card
17811,2094,2025-01-12,refunded,atm
17812,1378,2024-05-14,completed,card
17813,241,2024-10-28,completed,wallet
17814,189,2024-12-06,completed,card
17815,163,2025-04-30,completed,card
17816,2214,2024-11-16,completed,card
17817,2289,2024-10-21,completed,atm
17818,49,2025-05-22,completed,card
17819,552,2024-10-07,completed,cod
17820,2311,2024-09-09,completed,atm
17821,433,2024-08-08,cancelled,atm
17822,17,2024-07-23,completed,atm
17823,2474,2024-09-13,completed,wallet
17824,2336,2024-02-16,completed,card
17825,2255,2024-12-28,refunded,card
17826,2017,2024-01-05,completed,atm
17827,1571,2025-01-20,completed,card
17828,1657,2025-06-12,completed,cod
17829,348,2025-10-09,completed,card
17830,1406,2024-01-20,completed,cod
17831,1925,2024-05-02,completed,wallet
17832,2206,2024-12-13,completed,wallet
17833,1453,2024-02-03,completed,card
17834,2170,2024-04-26,completed,card
17835,2087,2025-01-15,completed,card
17836,842,2024-08-31,completed,atm
17837,1834,2025-06-23,completed,cod
17838,1227,2025-11-08,completed,card
17839,1342,2024-12-17,completed,card
17840,1653,2025-06-25,completed,atm
17841,384,2024-12-17,completed,card
17842,1101,2024-01-11,completed,card
17843,1053,2025-10-07,completed,wallet
17844,2339,2025-04-03,completed,card
17845,2318,2025-01-17,completed,atm
17846,410,2024-03-22,completed,wallet
17847,871,2024-04-18,completed,card
17848,1275,2025-12-24,completed,card
17849,522,2024-12-16,completed,card
17850,730,2024-12-09,cancelled,wallet
17851,357,2024-11-07,completed,atm
17852,1332,2025-11-16,completed,atm
17853,744,2025-10-14,completed,card
17854,1954,2025-03-12,completed,card
17855,1425,2024-02-22,completed,card
17856,1697,2024-03-15,completed,card
17857,1588,2025-12-23,completed,card
17858,1317,2024-01-02,completed,wallet
17859,1512,2025-08-27,completed,cod
17860,17,2024-03-05,completed,card
17861,1422,2024-10-15,completed,atm
17862,1960,2024-08-17,completed,cod
17863,704,2024-06-29,completed,card
17864,175,2024-06-09,completed,card
17865,1826,2024-12-18,completed,atm
17866,257,2024-01-26,completed,wallet
17867,69,2025-01-09,completed,card
17868,1405,2025-06-29,completed,card
17869,924,2024-05-07,completed,card
17870,2158,2025-02-04,completed,card
17871,2205,2025-07-12,completed,card
17872,969,2024-06-15,completed,atm
17873,1786,2025-07-02,completed,card
17874,1308,2025-07-26,completed,card
17875,1180,2025-02-21,completed,atm
17876,1077,2024-10-13,completed,card
17877,856,2024-02-16,completed,card
17878,116,2025-10-26,completed,atm
17879,1471,2025-12-30,completed,atm
17880,2259,2025-04-06,completed,card
17881,64,2025-01-28,completed,wallet
17882,910,2024-06-06,refunded,wallet
17883,1981,2025-11-02,completed,card
17884,1352,2024-09-20,completed,atm
17885,2174,2024-04-26,completed,wallet
17886,1720,2024-01-02,completed,card
17887,726,2024-01-28,completed,card
17888,238,2024-08-17,completed,cod
17889,1148,2024-06-12,completed,atm
17890,161,2025-11-08,completed,card
17891,988,2025-11-25,completed,atm
17892,260,2024-01-22,completed,card
17893,1609,2024-08-06,completed,card
17894,2067,2025-03-24,completed,card
17895,2159,2025-04-11,completed,card
17896,2408,2025-10-27,completed,card
17897,445,2024-01-13,completed,card
17898,2247,2024-05-06,completed,cod
17899,1113,2024-09-23,completed,wallet
17900,1232,2025-12-25,completed,wallet
17901,1541,2024-08-13,completed,wallet
17902,421,2025-08-21,completed,atm
17903,240,2025-10-07,completed,card
17904,2153,2025-02-03,cancelled,atm
17905,2226,2025-05-12,completed,card
17906,2230,2024-12-29,completed,atm
17907,513,2025-07-03,completed,card
17908,861,2024-07-31,completed,card
17909,872,2025-07-11,completed,card
17910,713,2024-02-22,completed,wallet
17911,641,2025-05-11,completed,wallet
17912,143,2024-08-15,completed,wallet
17913,244,2024-07-21,completed,atm
17914,1499,2025-07-22,completed,wallet
17915,2019,2025-10-23,completed,cod
17916,716,2024-04-06,completed,wallet
17917,1511,2024-07-08,completed,card
17918,582,2025-07-27,completed,cod
17919,382,2024-06-29,completed,wallet
17920,307,2025-05-26,completed,card
17921,1060,2024-05-20,completed,atm
17922,62,2024-11-15,completed,card
17923,2221,2024-12-02,refunded,cod
17924,62,2025-02-12,completed,card
17925,1827,2025-03-23,completed,wallet
17926,1517,2024-02-23,completed,card
17927,1699,2024-06-08,completed,card
17928,1235,2025-12-22,completed,atm
17929,2325,2025-02-09,completed,atm
17930,121,2025-09-04,completed,card
17931,1153,2025-01-04,completed,card
17932,844,2025-01-20,completed,card
17933,2310,2025-01-30,completed,wallet
17934,296,2025-01-29,completed,wallet
17935,1061,2024-06-29,completed,card
17936,99,2025-08-06,completed,atm
17937,1354,2024-10-03,completed,wallet
17938,1952,2024-05-24,completed,card
17939,1882,2024-08-20,completed,card
17940,1737,2025-05-23,cancelled,atm
17941,904,2024-10-30,completed,card
17942,438,2024-04-07,completed,card
17943,1192,2025-12-05,completed,atm
17944,2268,2024-02-17,completed,card
17945,41,2024-09-27,refunded,card
17946,689,2025-07-01,completed,atm
17947,2307,2025-06-01,completed,atm
17948,791,2025-04-09,completed,wallet
17949,2180,2025-11-20,completed,card
17950,1702,2025-08-02,completed,cod
17951,2207,2024-01-08,completed,card
17952,1582,2024-02-20,cancelled,atm
17953,1151,2024-10-18,completed,card
17954,1164,2024-12-18,completed,card
17955,1806,2024-04-03,completed,card
17956,35,2025-01-20,completed,cod
17957,848,2025-02-01,completed,wallet
17958,319,2025-11-22,completed,wallet
17959,1355,2025-12-27,completed,card
17960,1344,2025-05-23,completed,wallet
17961,1336,2024-10-16,completed,card
17962,1727,2025-05-30,completed,wallet
17963,1710,2024-06-06,completed,cod
17964,1858,2025-12-21,completed,atm
17965,2349,2025-12-28,completed,atm
17966,1287,2025-07-12,completed,card
17967,1263,2025-08-26,completed,card
17968,349,2024-10-05,refunded,card
17969,663,2025-11-27,completed,card
17970,1155,2024-05-07,completed,card
17971,897,2024-09-24,completed,card
17972,2077,2024-06-24,completed,card
17973,1534,2024-04-28,completed,cod
17974,2205,2025-07-19,cancelled,cod
17975,1760,2025-04-08,completed,wallet
17976,427,2025-09-26,completed,atm
17977,2139,2024-12-09,completed,card
17978,1058,2024-11-04,completed,wallet
17979,1623,2024-05-08,cancelled,card
17980,1834,2024-01-28,completed,cod
17981,626,2025-07-18,completed,card
17982,2009,2025-12-16,completed,card
17983,2106,2024-03-09,completed,card
17984,18,2025-11-29,completed,card
17985,1631,2024-12-28,completed,atm
17986,931,2024-03-14,completed,cod
17987,1014,2025-12-03,refunded,atm
17988,487,2025-09-27,completed,card
17989,2499,2025-09-01,completed,wallet
17990,831,2025-05-24,completed,atm
17991,1007,2024-11-07,completed,atm
17992,994,2025-03-26,completed,cod
17993,293,2025-05-01,completed,card
17994,2120,2024-10-05,cancelled,card
17995,1273,2024-08-27,completed,cod
17996,2365,2025-08-12,cancelled,atm
17997,1796,2024-10-14,completed,wallet
17998,1362,2024-10-22,completed,atm
17999,2339,2025-07-28,completed,atm
18000,2368,2024-01-31,completed,atm
18001,650,2025-09-02,completed,wallet
18002,2215,2025-06-20,completed,card
18003,1906,2024-11-22,completed,wallet
18004,1204,2025-10-05,completed,wallet
18005,592,2024-02-07,completed,wallet
18006,70,2024-11-27,completed,card
18007,453,2025-08-31,completed,card
18008,741,2025-11-26,completed,card
18009,888,2025-01-14,completed,wallet
18010,1963,2024-01-16,completed,atm
18011,1317,2025-02-15,completed,card
18012,2112,2025-09-06,completed,atm
18013,482,2024-06-14,completed,card
18014,1029,2025-08-05,completed,card
18015,2170,2024-01-15,completed,wallet
18016,1264,2025-10-08,completed,atm
18017,1125,2024-04-11,completed,card
18018,371,2024-02-05,completed,atm
18019,1955,2025-08-22,completed,card
18020,524,2024-05-07,completed,card
18021,917,2025-01-12,completed,atm
18022,840,2024-05-13,refunded,atm
18023,1003,2024-09-24,completed,cod
18024,302,2025-04-15,completed,card
18025,1917,2024-08-30,completed,cod
18026,530,2025-12-31,completed,cod
18027,2116,2024-09-16,completed,atm
18028,2131,2025-08-12,completed,card
18029,1133,2025-04-14,completed,atm
18030,2026,2024-03-05,cancelled,card
18031,997,2025-03-13,completed,cod
18032,31,2025-04-22,completed,card
18033,1354,2025-06-02,completed,card
18034,580,2024-11-18,completed,card
18035,1258,2024-10-05,refunded,card
18036,1472,2024-04-30,completed,card
18037,2118,2025-01-07,completed,cod
18038,1071,2025-10-26,completed,atm
18039,2333,2025-11-06,completed,card
18040,507,2025-10-03,completed,atm
18041,2183,2025-06-01,completed,card
18042,1430,2024-03-11,completed,atm
18043,1754,2025-09-21,completed,wallet
18044,845,2024-10-02,completed,card
18045,375,2025-03-03,completed,card
18046,823,2025-12-19,completed,cod
18047,1966,2024-12-20,refunded,card
18048,1452,2024-05-26,completed,atm
18049,32,2024-02-23,completed,atm
18050,1253,2025-12-03,completed,wallet
18051,1665,2024-08-27,completed,card
18052,462,2024-08-25,completed,card
18053,112,2025-09-12,completed,cod
18054,2387,2025-04-01,completed,atm
18055,603,2025-09-01,completed,wallet
18056,2050,2025-11-07,completed,card
18057,773,2024-06-15,completed,card
18058,2461,2024-02-01,completed,wallet
18059,988,2024-05-05,completed,card
18060,437,2025-12-25,completed,atm
18061,1394,2024-06-19,completed,card
18062,1517,2024-09-01,cancelled,card
18063,1469,2025-06-18,completed,cod
18064,959,2024-12-04,completed,card
18065,1680,2024-08-05,completed,card
18066,2284,2025-10-14,completed,card
18067,1279,2024-06-06,cancelled,atm
18068,1572,2025-03-19,completed,atm
18069,805,2024-10-23,completed,atm
18070,1265,2024-04-20,completed,wallet
18071,1796,2025-02-27,completed,card
18072,1821,2025-12-16,completed,wallet
18073,2291,2024-12-08,completed,wallet
18074,1536,2025-05-16,completed,card
18075,1891,2024-05-21,completed,wallet
18076,1810,2024-07-19,completed,card
18077,689,2024-06-08,completed,atm
18078,790,2025-12-06,completed,card
18079,814,2024-01-11,completed,card
18080,1303,2025-06-22,completed,atm
18081,1425,2024-02-18,completed,cod
18082,2288,2025-05-11,completed,atm
18083,1686,2024-04-07,completed,cod
18084,1391,2024-01-11,completed,card
18085,954,2025-01-11,completed,wallet
18086,2284,2025-10-22,completed,atm
18087,941,2024-10-02,completed,atm
18088,346,2025-07-24,completed,wallet
18089,1831,2024-02-16,completed,wallet
18090,569,2025-03-15,completed,atm
18091,1613,2024-10-14,completed,atm
18092,512,2025-11-09,completed,card
18093,262,2025-10-16,completed,cod
18094,1984,2024-08-01,completed,card
18095,491,2025-12-10,completed,cod
18096,1261,2024-10-05,completed,wallet
18097,955,2025-02-26,completed,card
18098,1501,2025-04-07,completed,cod
18099,712,2025-05-01,completed,atm
18100,906,2025-06-11,completed,card
18101,711,2024-07-03,completed,card
18102,2290,2024-10-18,completed,card
18103,775,2025-11-24,completed,atm
18104,1531,2024-12-17,completed,card
18105,461,2025-05-30,completed,card
18106,1880,2024-11-28,completed,card
18107,870,2025-01-02,completed,card
18108,2241,2024-10-28,completed,card
18109,1441,2024-04-16,completed,wallet
18110,271,2025-06-13,completed,atm
18111,1352,2024-07-13,completed,card
18112,2346,2024-01-09,completed,card
18113,473,2025-05-11,completed,cod
18114,980,2024-10-11,completed,atm
18115,660,2024-11-04,completed,atm
18116,1548,2024-08-01,completed,atm
18117,133,2025-01-11,completed,card
18118,2124,2024-01-18,completed,atm
18119,619,2024-03-15,refunded,card
18120,936,2024-11-30,completed,card
18121,1448,2025-11-02,completed,atm
18122,2342,2024-08-31,completed,wallet
18123,1695,2025-12-09,completed,cod
18124,2061,2025-04-27,completed,card
18125,685,2025-05-20,completed,card
18126,2052,2024-07-09,completed,card
18127,1148,2024-12-11,completed,atm
18128,1625,2024-11-10,completed,atm
18129,1765,2024-11-21,completed,card
18130,505,2024-05-05,completed,card
18131,881,2024-12-21,completed,atm
18132,719,2025-05-14,completed,atm
18133,2075,2024-08-03,refunded,card
18134,378,2025-07-04,completed,cod
18135,2472,2024-01-19,completed,card
18136,2225,2024-07-09,cancelled,card
18137,187,2024-12-18,completed,card
18138,1338,2024-02-14,completed,cod
18139,340,2024-11-25,completed,wallet
18140,2251,2025-04-12,completed,cod
18141,620,2024-01-02,completed,atm
18142,1661,2025-08-13,completed,card
18143,2322,2025-10-13,completed,card
18144,1539,2024-10-15,completed,cod
18145,1416,2025-06-19,completed,atm
18146,1640,2024-08-03,completed,card
18147,2094,2025-12-16,cancelled,card
18148,1035,2025-12-31,completed,card
18149,1284,2024-03-03,completed,card
18150,826,2025-11-19,completed,card
18151,716,2025-12-02,completed,card
18152,1823,2025-09-01,completed,wallet
18153,726,2024-11-10,completed,atm
18154,98,2025-06-07,completed,atm
18155,94,2025-02-22,completed,card
18156,465,2025-06-18,completed,card
18157,1136,2024-02-24,completed,card
18158,548,2025-11-18,completed,card
18159,1814,2025-03-23,completed,card
18160,1287,2025-12-23,completed,atm
18161,1422,2024-01-26,completed,atm
18162,1861,2024-11-11,completed,atm
18163,2053,2024-02-13,completed,atm
18164,2075,2025-04-03,completed,atm
18165,2110,2024-05-17,completed,atm
18166,1253,2025-08-23,completed,wallet
18167,2,2024-11-21,completed,card
18168,798,2025-02-16,completed,cod
18169,1604,2025-10-04,completed,card
18170,1928,2024-07-31,completed,card
18171,329,2025-06-12,cancelled,cod
18172,1857,2024-10-13,completed,card
18173,1359,2024-08-01,completed,card
18174,543,2025-02-04,completed,wallet
18175,2369,2024-01-29,completed,card
18176,980,2024-03-14,completed,wallet
18177,2010,2025-04-11,completed,wallet
18178,732,2024-12-30,completed,atm
18179,566,2024-02-01,completed,card
18180,436,2024-06-10,completed,card
18181,275,2024-01-12,completed,atm
18182,88,2025-09-13,completed,card
18183,1989,2025-09-01,completed,card
18184,2361,2025-12-25,completed,card
18185,930,2025-02-10,completed,card
18186,255,2024-11-30,completed,wallet
18187,2252,2024-09-30,completed,card
18188,1497,2025-09-22,completed,wallet
18189,2402,2025-08-16,refunded,card
18190,2108,2024-07-21,completed,card
18191,1361,2025-08-10,completed,wallet
18192,56,2025-05-22,cancelled,card
18193,2192,2025-04-30,completed,card
18194,979,2025-05-18,completed,atm
18195,2079,2024-08-30,completed,wallet
18196,1623,2024-06-04,completed,card
18197,1794,2024-05-10,completed,card
18198,1959,2024-01-17,completed,card
18199,311,2025-05-26,completed,card
18200,1645,2025-01-20,completed,atm
18201,1395,2024-02-05,completed,card
18202,1149,2025-12-13,completed,atm
18203,1494,2025-09-28,completed,card
18204,24,2024-09-04,completed,cod
18205,960,2024-10-26,completed,card
18206,302,2025-05-12,completed,card
18207,458,2024-08-04,completed,card
18208,2229,2024-04-07,completed,card
18209,435,2024-06-25,completed,card
18210,433,2024-11-04,completed,card
18211,1539,2025-10-06,completed,wallet
18212,867,2024-01-13,refunded,card
18213,1672,2025-04-07,completed,card
18214,1380,2024-07-03,completed,wallet
18215,110,2024-02-24,completed,atm
18216,1982,2025-08-04,completed,atm
18217,1180,2024-02-25,completed,wallet
18218,1047,2025-05-22,completed,card
18219,2307,2024-12-01,completed,atm
18220,1832,2024-05-28,completed,atm
18221,2011,2024-10-19,completed,card
18222,2495,2024-10-10,completed,card
18223,1288,2025-09-15,completed,card
18224,1195,2024-04-07,completed,atm
18225,2172,2024-12-01,completed,cod
18226,1750,2025-10-22,completed,card
18227,571,2025-02-13,completed,card
18228,1557,2024-11-10,completed,card
18229,1942,2025-10-10,completed,card
18230,474,2025-11-30,completed,cod
18231,134,2025-10-30,completed,wallet
18232,1280,2025-02-04,completed,card
18233,523,2025-01-17,completed,card
18234,1538,2025-07-21,completed,wallet
18235,11,2024-02-11,refunded,card
18236,2330,2024-11-13,completed,card
18237,1831,2025-05-15,completed,card
18238,1228,2025-08-09,completed,card
18239,504,2024-10-06,completed,atm
18240,2426,2024-08-24,completed,atm
18241,711,2024-08-11,completed,atm
18242,382,2025-11-08,completed,card
18243,1107,2024-12-06,completed,cod
18244,948,2025-04-16,completed,wallet
18245,498,2024-02-06,completed,wallet
18246,1542,2025-10-31,completed,wallet
18247,1871,2024-08-16,completed,atm
18248,1369,2024-06-04,completed,wallet
18249,924,2025-12-30,completed,card
18250,270,2025-07-13,completed,card
18251,1065,2025-01-18,completed,atm
18252,319,2024-06-27,completed,atm
18253,2043,2024-07-11,completed,atm
18254,871,2024-04-04,completed,atm
18255,1624,2024-02-03,completed,card
18256,1940,2025-04-20,completed,cod
18257,872,2024-01-08,completed,cod
18258,236,2025-11-23,completed,card
18259,2428,2024-02-13,completed,cod
18260,696,2024-05-08,refunded,wallet
18261,849,2025-08-30,completed,atm
18262,1009,2024-02-22,completed,cod
18263,2005,2024-02-29,completed,card
18264,1491,2025-11-09,completed,card
18265,112,2024-06-24,completed,card
18266,476,2025-12-26,completed,atm
18267,660,2024-01-10,completed,atm
18268,1032,2024-01-24,completed,card
18269,470,2024-11-21,completed,card
18270,339,2024-08-13,completed,card
18271,2435,2024-10-22,completed,cod
18272,337,2024-03-09,completed,card
18273,1047,2024-08-22,completed,atm
18274,246,2024-10-27,completed,card
18275,2033,2025-07-21,completed,card
18276,2005,2025-02-01,completed,wallet
18277,2439,2025-07-04,completed,card
18278,2337,2024-12-22,completed,wallet
18279,585,2025-02-20,completed,card
18280,645,2025-11-12,completed,card
18281,1734,2024-07-01,completed,cod
18282,1807,2025-06-16,completed,card
18283,1493,2024-06-11,completed,card
18284,757,2025-08-13,completed,cod
18285,224,2024-12-06,completed,atm
18286,651,2025-06-26,completed,card
18287,1704,2024-07-20,completed,atm
18288,1356,2024-06-05,completed,wallet
18289,1164,2025-05-05,completed,wallet
18290,347,2025-07-15,completed,card
18291,2340,2025-01-18,completed,atm
18292,1409,2024-12-17,completed,card
18293,616,2025-07-28,completed,card
18294,1131,2025-02-23,completed,card
18295,1085,2024-12-07,completed,atm
18296,652,2025-10-27,completed,wallet
18297,1077,2025-11-14,completed,wallet
18298,2294,2024-05-07,completed,wallet
18299,2450,2025-10-27,completed,cod
18300,63,2024-08-10,completed,wallet
18301,62,2025-01-05,completed,card
18302,2298,2025-02-26,completed,atm
18303,1990,2024-07-26,completed,card
18304,206,2025-11-18,refunded,card
18305,1187,2024-05-07,completed,cod
18306,934,2025-02-13,completed,wallet
18307,388,2024-09-02,completed,wallet
18308,1416,2025-02-14,completed,wallet
18309,278,2025-04-10,completed,atm
18310,274,2024-07-27,completed,card
18311,824,2025-10-10,completed,atm
18312,1858,2024-06-13,completed,atm
18313,791,2024-02-26,completed,card
18314,548,2024-09-26,completed,wallet
18315,1479,2024-05-21,completed,card
18316,1018,2025-12-08,completed,wallet
18317,211,2025-03-15,completed,cod
18318,2209,2025-04-20,refunded,card
18319,792,2024-10-09,refunded,atm
18320,1912,2025-03-04,completed,atm
18321,746,2025-05-03,completed,card
18322,2232,2025-12-15,completed,atm
18323,1780,2024-06-20,completed,wallet
18324,169,2025-05-05,completed,card
18325,1481,2025-02-02,completed,card
18326,1276,2024-03-25,completed,card
18327,2305,2025-05-22,completed,card
18328,2372,2025-07-25,completed,card
18329,1844,2024-08-14,cancelled,card
18330,1375,2024-06-15,completed,card
18331,1196,2025-10-09,completed,card
18332,262,2025-08-20,completed,card
18333,130,2025-10-07,completed,atm
18334,1264,2025-01-02,completed,atm
18335,744,2024-09-23,completed,card
18336,2343,2024-04-29,completed,wallet
18337,981,2025-10-23,completed,card
18338,806,2025-10-05,completed,atm
18339,986,2025-01-25,completed,atm
18340,1039,2024-02-06,completed,cod
18341,1701,2024-02-03,completed,card
18342,884,2024-02-27,completed,atm
18343,1995,2025-09-10,cancelled,atm
18344,504,2024-08-10,completed,wallet
18345,2475,2024-11-10,refunded,card
18346,1773,2025-08-06,completed,card
18347,2279,2024-03-03,completed,atm
18348,2361,2025-01-08,completed,card
18349,1891,2025-07-15,completed,card
18350,960,2025-07-06,completed,card
18351,1245,2025-04-26,completed,wallet
18352,99,2024-10-04,completed,atm
18353,1793,2024-12-12,completed,atm
18354,1442,2025-03-31,completed,card
18355,471,2025-08-28,completed,card
18356,2324,2025-05-30,completed,atm
18357,12,2024-11-03,completed,card
18358,1335,2024-08-01,completed,wallet
18359,1809,2024-12-31,completed,atm
18360,903,2024-05-02,refunded,atm
18361,82,2025-05-06,completed,card
18362,1645,2025-01-02,completed,card
18363,631,2025-02-03,completed,card
18364,1411,2024-05-09,completed,atm
18365,479,2024-02-14,completed,card
18366,485,2024-08-31,completed,card
18367,868,2025-04-25,completed,wallet
18368,1104,2024-06-17,completed,atm
18369,1969,2024-08-02,completed,card
18370,2230,2025-06-12,completed,wallet
18371,246,2024-08-03,completed,card
18372,916,2025-11-01,completed,card
18373,1047,2025-11-11,completed,card
18374,1374,2024-07-02,completed,card
18375,77,2024-11-27,completed,atm
18376,699,2025-01-17,completed,card
18377,1750,2025-01-06,completed,cod
18378,1527,2024-11-07,refunded,atm
18379,1489,2024-12-29,completed,card
18380,1080,2024-12-29,completed,card
18381,2367,2024-11-25,completed,card
18382,2119,2024-10-30,completed,atm
18383,271,2024-01-10,completed,card
18384,280,2024-08-23,cancelled,card
18385,1785,2025-07-19,completed,card
18386,1491,2025-01-26,completed,card
18387,748,2024-07-24,completed,card
18388,238,2025-02-11,completed,wallet
18389,925,2025-12-22,completed,atm
18390,1465,2024-06-04,completed,atm
18391,2316,2024-07-15,completed,card
18392,1623,2024-09-04,completed,atm
18393,1566,2024-06-07,completed,wallet
18394,1688,2024-10-03,completed,card
18395,2054,2025-01-22,completed,card
18396,2146,2024-08-09,completed,cod
18397,1715,2025-09-13,completed,cod
18398,1972,2024-07-05,completed,wallet
18399,172,2024-05-05,completed,card
18400,1243,2025-01-21,completed,wallet
18401,1657,2025-04-06,completed,card
18402,1002,2025-04-17,completed,atm
18403,320,2024-01-20,completed,card
18404,407,2024-10-21,completed,cod
18405,606,2024-05-20,refunded,atm
18406,1794,2025-01-27,completed,wallet
18407,2139,2025-12-19,completed,card
18408,2026,2025-04-18,completed,cod
18409,1142,2025-04-28,refunded,atm
18410,1942,2024-11-10,completed,atm
18411,2275,2024-11-30,completed,cod
18412,1488,2024-03-28,completed,atm
18413,1591,2024-12-02,completed,card
18414,1608,2024-04-25,completed,card
18415,2194,2025-04-02,completed,card
18416,2417,2025-01-20,completed,atm
18417,1827,2025-09-20,completed,atm
18418,582,2024-08-27,completed,atm
18419,756,2025-02-15,completed,card
18420,151,2024-07-11,refunded,wallet
18421,1403,2025-10-08,cancelled,atm
18422,985,2024-06-17,cancelled,wallet
18423,1423,2025-12-03,completed,card
18424,1175,2025-03-16,cancelled,card
18425,245,2025-09-03,completed,card
18426,84,2024-10-01,completed,atm
18427,2339,2025-04-01,cancelled,card
18428,915,2025-04-14,completed,card
18429,19,2024-11-21,completed,atm
18430,248,2025-12-19,completed,atm
18431,1894,2025-03-09,completed,cod
18432,2376,2025-02-27,completed,card
18433,821,2024-08-09,refunded,atm
18434,962,2024-02-04,completed,card
18435,2194,2025-08-19,completed,card
18436,1693,2025-05-31,completed,atm
18437,791,2025-02-06,completed,wallet
18438,131,2024-11-08,completed,wallet
18439,1427,2024-03-13,completed,wallet
18440,316,2024-01-12,completed,atm
18441,594,2024-11-26,completed,atm
18442,2153,2025-04-11,completed,cod
18443,930,2025-10-09,completed,atm
18444,1615,2025-12-29,completed,atm
18445,964,2024-10-05,completed,card
18446,1006,2024-05-25,completed,card
18447,1608,2025-05-20,completed,card
18448,442,2025-02-12,completed,card
18449,1553,2024-02-09,completed,cod
18450,884,2025-05-08,refunded,wallet
18451,41,2024-01-10,completed,card
18452,1671,2025-12-13,completed,card
18453,2254,2024-11-26,completed,atm
18454,1583,2025-04-08,completed,atm
18455,1176,2025-08-01,completed,cod
18456,1191,2024-12-31,completed,cod
18457,2216,2024-02-17,completed,card
18458,2136,2025-07-15,completed,card
18459,2463,2024-12-29,completed,atm
18460,1160,2025-11-04,completed,atm
18461,1971,2024-10-08,completed,cod
18462,1655,2025-06-25,completed,card
18463,2492,2024-11-17,completed,card
18464,2179,2024-08-23,completed,cod
18465,2049,2024-08-10,completed,atm
18466,2211,2025-10-04,completed,atm
18467,935,2024-04-01,completed,card
18468,1596,2025-02-28,completed,card
18469,2317,2024-09-12,completed,card
18470,2485,2024-04-26,completed,card
18471,1384,2024-05-06,completed,card
18472,201,2025-12-06,completed,wallet
18473,551,2024-10-13,completed,atm
18474,2219,2025-12-04,cancelled,atm
18475,222,2025-06-28,completed,card
18476,145,2024-03-03,completed,card
18477,2077,2024-08-05,completed,cod
18478,2370,2024-08-27,completed,atm
18479,2249,2025-12-03,completed,card
18480,172,2025-05-17,completed,cod
18481,1791,2024-12-05,completed,atm
18482,1768,2024-03-02,completed,card
18483,1259,2025-07-29,completed,atm
18484,858,2025-10-28,cancelled,card
18485,485,2024-04-18,completed,cod
18486,611,2025-07-16,completed,atm
18487,2154,2024-02-24,completed,cod
18488,2461,2024-08-29,completed,card
18489,2245,2024-01-01,completed,card
18490,2490,2025-04-02,completed,wallet
18491,1611,2024-09-09,completed,atm
18492,754,2024-05-07,completed,card
18493,1893,2025-03-15,completed,card
18494,989,2024-11-25,completed,atm
18495,704,2025-05-02,completed,card
18496,435,2025-02-22,completed,atm
18497,154,2025-11-09,completed,card
18498,1632,2025-05-21,completed,card
18499,1156,2024-12-06,completed,atm
18500,1468,2024-10-22,completed,card
18501,290,2024-11-29,refunded,cod
18502,603,2024-12-07,completed,card
18503,755,2024-07-02,completed,atm
18504,383,2024-09-25,completed,wallet
18505,1291,2024-06-06,cancelled,wallet
18506,1828,2025-10-29,completed,cod
18507,877,2025-02-16,completed,card
18508,2260,2024-08-13,refunded,card
18509,2092,2024-02-22,completed,card
18510,310,2024-12-19,completed,wallet
18511,741,2024-07-06,completed,atm
18512,1708,2024-04-26,completed,atm
18513,2457,2024-01-15,completed,card
18514,2475,2025-07-31,completed,card
18515,1774,2025-02-01,completed,card
18516,522,2025-12-14,completed,card
18517,104,2024-05-17,completed,wallet
18518,1110,2024-06-14,completed,card
18519,984,2024-04-18,completed,wallet
18520,1326,2025-11-20,completed,wallet
18521,371,2024-12-21,completed,card
18522,398,2024-02-08,completed,card
18523,166,2024-10-25,completed,card
18524,260,2024-02-09,completed,wallet
18525,2210,2024-08-03,completed,atm
18526,808,2024-02-11,completed,atm
18527,323,2025-07-05,cancelled,card
18528,162,2025-11-24,completed,wallet
18529,2134,2024-11-14,completed,cod
18530,1294,2024-08-12,completed,wallet
18531,156,2024-01-14,completed,atm
18532,1750,2024-11-13,completed,card
18533,408,2025-06-08,refunded,card
18534,1679,2025-08-15,completed,wallet
18535,741,2024-07-28,completed,cod
18536,1492,2025-02-15,completed,atm
18537,861,2024-01-03,completed,atm
18538,1220,2024-10-01,completed,wallet
18539,1846,2024-02-15,completed,atm
18540,484,2024-06-20,completed,wallet
18541,1282,2025-12-22,completed,card
18542,2036,2025-01-13,completed,wallet
18543,726,2024-12-20,completed,atm
18544,1054,2024-11-06,completed,card
18545,750,2025-07-30,completed,card
18546,1317,2024-03-04,completed,card
18547,1387,2024-01-13,completed,atm
18548,1637,2025-08-25,completed,cod
18549,1652,2025-12-28,completed,card
18550,617,2024-08-29,completed,card
18551,2456,2024-02-22,completed,card
18552,2042,2025-05-09,completed,wallet
18553,499,2024-05-06,completed,atm
18554,2011,2024-08-03,completed,wallet
18555,477,2024-11-14,completed,card
18556,1941,2024-02-10,completed,cod
18557,1882,2025-10-07,completed,wallet
18558,27,2024-02-26,completed,atm
18559,1240,2025-08-19,completed,card
18560,1580,2025-04-17,completed,card
18561,601,2025-12-20,refunded,card
18562,2134,2025-11-05,completed,atm
18563,532,2024-01-10,completed,atm
18564,2022,2025-09-13,completed,wallet
18565,2364,2025-01-14,completed,atm
18566,1055,2024-01-19,completed,atm
18567,1485,2025-03-19,completed,card
18568,739,2025-12-20,completed,card
18569,747,2025-05-08,completed,card
18570,709,2025-02-02,completed,card
18571,62,2024-12-11,completed,card
18572,1823,2025-08-08,completed,wallet
18573,1352,2024-04-22,cancelled,wallet
18574,1478,2024-07-12,completed,card
18575,1964,2025-12-21,completed,atm
18576,1617,2025-10-29,completed,card
18577,1657,2024-05-17,completed,card
18578,906,2024-09-01,completed,atm
18579,33,2024-10-21,completed,atm
18580,1198,2024-02-17,completed,wallet
18581,1367,2025-11-16,completed,atm
18582,2120,2024-02-07,completed,card
18583,1173,2025-07-20,completed,card
18584,115,2025-03-01,completed,card
18585,252,2025-06-26,completed,atm
18586,317,2025-11-12,refunded,atm
18587,2035,2025-02-13,completed,atm
18588,1267,2024-05-07,completed,atm
18589,1120,2024-08-02,completed,atm
18590,1601,2025-03-07,completed,card
18591,763,2025-10-21,completed,card
18592,359,2024-05-11,completed,card
18593,888,2024-04-07,completed,card
18594,1935,2024-02-19,completed,cod
18595,407,2025-12-13,completed,wallet
18596,1994,2025-02-07,completed,atm
18597,945,2025-10-23,completed,card
18598,1820,2025-09-08,completed,atm
18599,2234,2024-03-17,completed,wallet
18600,1220,2025-06-23,completed,card
18601,222,2025-08-06,completed,card
18602,952,2025-04-28,completed,card
18603,2179,2024-08-29,completed,card
18604,537,2025-09-04,completed,card
18605,1539,2025-03-20,cancelled,wallet
18606,570,2024-12-09,completed,card
18607,888,2025-10-27,completed,card
18608,832,2025-01-02,completed,card
18609,550,2025-10-23,completed,card
18610,2324,2024-11-18,completed,card
18611,1761,2025-07-27,completed,atm
18612,575,2024-12-12,completed,atm
18613,1892,2024-11-28,cancelled,cod
18614,1773,2024-01-30,completed,atm
18615,1217,2024-03-05,completed,card
18616,1001,2025-03-04,completed,card
18617,344,2025-02-10,completed,wallet
18618,1605,2025-01-02,completed,cod
18619,446,2025-12-26,completed,card
18620,1580,2025-02-14,completed,card
18621,129,2024-08-02,completed,card
18622,1100,2024-03-03,refunded,atm
18623,902,2025-07-27,completed,card
18624,305,2024-04-20,completed,card
18625,1658,2024-02-27,completed,card
18626,1959,2025-03-03,cancelled,card
18627,1012,2025-10-11,completed,wallet
18628,2235,2024-11-28,completed,atm
18629,1629,2025-10-11,completed,card
18630,2312,2025-01-28,completed,card
18631,1720,2025-10-15,completed,card
18632,734,2024-11-16,completed,card
18633,2361,2025-05-11,refunded,card
18634,2353,2025-10-22,completed,card
18635,27,2025-10-22,completed,card
18636,724,2025-12-24,completed,card
18637,1003,2024-06-19,completed,wallet
18638,1160,2025-01-09,completed,card
18639,307,2024-07-24,completed,card
18640,521,2025-05-20,completed,atm
18641,2414,2025-02-24,completed,card
18642,1144,2024-05-17,completed,card
18643,2342,2025-08-10,completed,card
18644,1975,2024-10-31,completed,atm
18645,2146,2025-01-26,completed,card
18646,1453,2025-04-14,completed,atm
18647,759,2025-12-03,completed,wallet
18648,1813,2024-07-15,completed,card
18649,1260,2024-01-08,completed,atm
18650,2103,2025-11-01,cancelled,wallet
18651,942,2025-11-06,completed,atm
18652,1696,2025-11-05,cancelled,atm
18653,518,2024-07-11,completed,atm
18654,1256,2024-12-03,completed,card
18655,2293,2025-09-05,completed,wallet
18656,1828,2025-01-20,completed,card
18657,2099,2025-01-03,completed,wallet
18658,191,2025-03-31,completed,atm
18659,2311,2024-01-14,completed,card
18660,1890,2024-03-23,completed,wallet
18661,1685,2024-07-21,completed,card
18662,2142,2025-08-30,completed,wallet
18663,976,2024-11-04,completed,card
18664,680,2024-10-14,completed,card
18665,462,2025-05-01,completed,atm
18666,132,2025-01-17,completed,card
18667,945,2024-08-22,completed,wallet
18668,733,2024-04-29,completed,atm
18669,5,2024-12-07,completed,card
18670,310,2024-02-24,completed,card
18671,2499,2025-12-14,completed,card
18672,318,2024-11-06,completed,card
18673,1401,2024-10-14,completed,atm
18674,1405,2025-07-07,completed,card
18675,367,2025-12-04,completed,card
18676,2227,2025-04-08,completed,card
18677,267,2025-03-27,completed,card
18678,2068,2024-08-25,completed,wallet
18679,181,2024-08-26,completed,card
18680,1328,2025-10-22,completed,card
18681,2276,2025-10-12,completed,wallet
18682,1424,2024-06-10,completed,wallet
18683,640,2024-08-11,completed,wallet
18684,973,2024-04-05,completed,cod
18685,614,2025-02-13,completed,wallet
18686,1110,2024-03-06,completed,card
18687,2265,2025-03-27,completed,atm
18688,1943,2025-08-27,completed,atm
18689,1618,2024-11-07,completed,card
18690,390,2025-12-16,completed,atm
18691,2183,2024-06-20,completed,card
18692,1461,2024-06-21,completed,card
18693,806,2024-11-13,completed,card
18694,2130,2025-01-19,completed,wallet
18695,526,2024-04-15,completed,card
18696,208,2024-07-18,completed,card
18697,711,2025-12-04,completed,atm
18698,1278,2024-08-14,completed,atm
18699,824,2024-01-11,completed,card
18700,771,2025-05-06,completed,card
18701,1768,2024-03-23,completed,wallet
18702,418,2024-02-18,completed,card
18703,2468,2024-12-17,completed,atm
18704,27,2024-12-12,completed,card
18705,2013,2024-10-19,completed,wallet
18706,16,2024-04-11,completed,atm
18707,726,2024-02-03,completed,wallet
18708,1052,2025-01-14,completed,atm
18709,1354,2025-12-10,cancelled,wallet
18710,1984,2025-09-07,completed,cod
18711,638,2024-09-01,completed,card
18712,1543,2024-05-24,completed,atm
18713,604,2024-11-02,completed,atm
18714,2119,2024-10-29,completed,atm
18715,1432,2025-01-11,completed,card
18716,1188,2024-03-19,completed,card
18717,1094,2025-01-11,completed,wallet
18718,8,2024-12-28,completed,card
18719,1808,2024-08-27,completed,card
18720,606,2024-12-10,completed,cod
18721,1404,2024-10-29,completed,wallet
18722,2235,2024-11-03,completed,card
18723,86,2024-02-27,completed,atm
18724,377,2025-11-20,completed,card
18725,1181,2024-12-28,completed,card
18726,1860,2025-10-30,completed,card
18727,1647,2024-02-03,completed,atm
18728,1324,2025-03-16,completed,card
18729,1871,2025-08-14,completed,cod
18730,1032,2025-03-24,completed,atm
18731,885,2024-12-06,completed,atm
18732,2351,2024-12-21,completed,wallet
18733,1757,2024-07-02,completed,card
18734,268,2024-10-04,refunded,card
18735,31,2024-06-08,completed,atm
18736,989,2024-03-22,completed,cod
18737,253,2025-01-02,completed,wallet
18738,1533,2024-10-02,completed,card
18739,1476,2025-01-28,completed,card
18740,1981,2025-06-21,completed,card
18741,711,2025-09-30,completed,cod
18742,417,2024-01-25,completed,card
18743,17,2024-01-01,cancelled,atm
18744,1569,2024-06-27,completed,card
18745,485,2024-11-29,completed,card
18746,650,2024-11-10,completed,card
18747,393,2025-04-02,completed,cod
18748,433,2024-02-27,completed,cod
18749,1984,2024-10-28,completed,wallet
18750,2260,2024-12-09,completed,atm
18751,2432,2024-11-10,completed,card
18752,1226,2024-12-02,completed,card
18753,433,2024-02-16,completed,card
18754,412,2024-08-20,completed,wallet
18755,294,2024-12-17,completed,card
18756,1828,2025-05-04,completed,atm
18757,1886,2025-08-02,completed,card
18758,1515,2024-09-06,completed,card
18759,431,2025-03-21,completed,cod
18760,1054,2025-06-23,completed,card
18761,37,2025-08-09,completed,card
18762,1942,2024-03-11,completed,wallet
18763,1418,2024-11-12,completed,card
18764,1366,2024-02-13,completed,card
18765,836,2024-11-15,completed,card
18766,1751,2025-08-03,completed,card
18767,1354,2025-11-15,completed,card
18768,1034,2025-03-17,cancelled,card
18769,178,2025-06-30,completed,card
18770,2115,2024-11-15,completed,card
18771,2497,2025-05-01,completed,card
18772,1071,2024-01-25,completed,cod
18773,2102,2024-05-05,cancelled,atm
18774,198,2024-09-09,completed,atm
18775,1657,2025-12-02,completed,atm
18776,1054,2024-11-28,completed,card
18777,2352,2024-05-12,completed,card
18778,653,2025-01-05,completed,card
18779,1278,2025-11-22,completed,card
18780,1507,2025-08-29,completed,card
18781,1407,2025-10-01,completed,atm
18782,1768,2024-10-24,cancelled,atm
18783,953,2025-01-31,completed,card
18784,1123,2024-11-24,refunded,card
18785,910,2025-10-10,completed,atm
18786,547,2025-03-31,completed,atm
18787,2394,2024-12-11,completed,card
18788,313,2025-03-20,completed,atm
18789,3,2025-12-10,completed,wallet
18790,2145,2025-01-12,completed,card
18791,154,2025-06-29,completed,wallet
18792,2471,2024-08-14,completed,atm
18793,2168,2024-07-07,refunded,wallet
18794,267,2024-09-15,completed,wallet
18795,1237,2024-06-19,completed,cod
18796,1143,2025-08-09,completed,card
18797,547,2024-01-26,cancelled,card
18798,373,2025-10-25,completed,atm
18799,234,2025-11-19,completed,atm
18800,2454,2024-02-29,completed,card
18801,1290,2025-09-19,completed,card
18802,724,2025-03-04,completed,cod
18803,643,2025-11-17,completed,card
18804,983,2024-02-21,completed,atm
18805,1336,2025-01-02,completed,atm
18806,1661,2024-03-11,completed,card
18807,1976,2024-10-17,refunded,card
18808,706,2025-10-21,completed,atm
18809,520,2025-02-20,completed,atm
18810,2377,2024-10-30,completed,atm
18811,1604,2024-12-23,completed,card
18812,1469,2025-02-18,completed,wallet
18813,1268,2025-12-26,completed,cod
18814,112,2025-04-24,completed,card
18815,2161,2024-11-09,completed,atm
18816,796,2024-03-07,completed,atm
18817,2417,2024-04-03,completed,wallet
18818,919,2025-02-21,completed,card
18819,731,2025-09-30,completed,card
18820,225,2025-12-10,completed,atm
18821,1024,2025-01-07,completed,cod
18822,1294,2024-01-01,completed,card
18823,1083,2024-01-30,completed,atm
18824,1236,2024-02-21,completed,card
18825,1976,2025-10-10,completed,card
18826,863,2024-06-11,completed,card
18827,457,2024-08-14,completed,wallet
18828,1324,2025-02-23,completed,card
18829,1259,2025-12-11,completed,card
18830,1762,2025-04-02,completed,card
18831,916,2025-04-14,completed,card
18832,1708,2025-01-27,completed,card
18833,905,2025-05-30,completed,wallet
18834,68,2024-05-17,completed,wallet
18835,770,2024-12-30,completed,card
18836,566,2025-11-03,completed,card
18837,1820,2025-02-11,completed,card
18838,2342,2025-10-24,completed,cod
18839,2028,2024-05-10,completed,atm
18840,2369,2024-01-21,completed,card
18841,1280,2025-01-30,cancelled,card
18842,1939,2024-08-22,completed,card
18843,2388,2025-01-22,completed,card
18844,2286,2024-12-08,completed,card
18845,186,2025-08-17,completed,wallet
18846,2087,2024-07-23,completed,card
18847,1334,2025-11-20,completed,card
18848,2050,2024-11-27,completed,card
18849,305,2025-05-13,completed,card
18850,2082,2024-11-04,completed,card
18851,2457,2025-07-28,completed,wallet
18852,661,2024-02-09,completed,card
18853,2245,2025-07-12,completed,card
18854,1730,2024-02-08,refunded,card
18855,817,2024-08-10,cancelled,card
18856,2277,2024-05-03,completed,wallet
18857,281,2024-03-16,completed,cod
18858,1265,2024-02-20,completed,atm
18859,495,2025-08-19,completed,atm
18860,1514,2025-01-01,completed,cod
18861,939,2025-10-10,completed,card
18862,620,2025-12-15,completed,card
18863,1614,2024-06-08,completed,atm
18864,2212,2025-12-19,completed,card
18865,2006,2025-03-27,completed,cod
18866,2434,2024-11-07,completed,atm
18867,358,2025-12-12,completed,atm
18868,512,2024-01-19,completed,atm
18869,110,2024-05-18,completed,atm
18870,546,2024-06-06,completed,card
18871,2042,2025-02-25,completed,card
18872,981,2025-08-27,completed,atm
18873,1695,2024-11-20,completed,card
18874,1493,2024-11-14,completed,cod
18875,2053,2025-03-14,completed,atm
18876,29,2024-07-14,completed,wallet
18877,2455,2024-11-02,completed,atm
18878,2071,2025-03-18,completed,wallet
18879,2295,2024-12-10,completed,card
18880,404,2024-10-17,completed,card
18881,1745,2024-12-25,completed,card
18882,2185,2024-02-17,completed,atm
18883,1159,2025-10-09,completed,card
18884,388,2024-01-07,completed,wallet
18885,1011,2025-08-19,completed,card
18886,292,2025-01-09,completed,card
18887,1646,2025-01-28,completed,card
18888,405,2025-10-20,completed,cod
18889,1198,2024-11-19,completed,atm
18890,973,2024-01-17,completed,atm
18891,2482,2024-03-16,completed,cod
18892,745,2025-11-16,completed,card
18893,1927,2024-10-12,completed,atm
18894,1216,2024-03-13,completed,card
18895,2047,2024-12-02,completed,cod
18896,87,2024-09-18,completed,card
18897,1584,2024-07-01,completed,card
18898,1422,2025-06-17,completed,atm
18899,2217,2025-04-16,completed,card
18900,1661,2024-12-18,completed,wallet
18901,833,2024-06-15,completed,card
18902,982,2025-11-02,completed,card
18903,185,2024-12-30,completed,atm
18904,2354,2025-01-22,completed,atm
18905,915,2025-06-05,completed,atm
18906,1050,2024-05-21,completed,card
18907,2363,2025-09-15,completed,card
18908,1039,2024-03-17,completed,card
18909,1669,2024-01-23,completed,atm
18910,251,2025-05-12,completed,atm
18911,2284,2025-02-05,completed,wallet
18912,1259,2024-10-18,completed,card
18913,1422,2024-10-22,completed,card
18914,1956,2025-02-24,completed,card
18915,2158,2024-02-03,completed,atm
18916,30,2024-07-17,completed,wallet
18917,1405,2024-02-27,completed,card
18918,1949,2025-02-06,completed,card
18919,1248,2024-11-06,completed,card
18920,313,2025-11-02,completed,wallet
18921,2127,2025-11-10,completed,atm
18922,2026,2025-03-06,completed,card
18923,493,2024-11-23,completed,card
18924,841,2024-06-03,completed,card
18925,1650,2024-09-13,completed,wallet
18926,2347,2025-07-30,completed,atm
18927,1074,2024-11-26,refunded,card
18928,1053,2025-09-13,cancelled,cod
18929,748,2025-10-13,completed,card
18930,1753,2024-01-14,completed,wallet
18931,701,2025-05-28,completed,atm
18932,2089,2024-04-05,completed,card
18933,1905,2024-10-28,completed,atm
18934,1197,2024-01-26,completed,atm
18935,2050,2025-06-19,completed,wallet
18936,1386,2025-02-18,completed,card
18937,1790,2025-02-27,completed,card
18938,792,2024-01-17,completed,atm
18939,2302,2025-07-28,completed,card
18940,1964,2024-03-11,completed,card
18941,885,2024-08-05,completed,card
18942,1698,2024-01-28,completed,card
18943,457,2025-05-15,completed,cod
18944,2392,2025-12-16,cancelled,card
18945,1725,2024-09-25,completed,atm
18946,1274,2024-08-11,completed,wallet
18947,185,2024-10-12,completed,atm
18948,2459,2024-01-05,completed,card
18949,41,2025-08-23,completed,card
18950,1165,2025-12-23,completed,wallet
18951,53,2025-11-19,completed,card
18952,733,2025-10-01,completed,wallet
18953,31,2024-01-14,completed,card
18954,473,2024-09-04,completed,card
18955,927,2024-12-25,completed,atm
18956,151,2025-09-29,completed,wallet
18957,751,2025-01-30,completed,cod
18958,887,2025-08-19,completed,card
18959,1943,2024-06-23,completed,atm
18960,2110,2024-02-18,completed,card
18961,871,2024-08-15,completed,atm
18962,860,2025-08-04,completed,atm
18963,698,2024-12-04,completed,wallet
18964,104,2025-12-13,completed,card
18965,1222,2024-10-17,completed,card
18966,95,2025-07-26,completed,card
18967,1336,2025-02-22,completed,cod
18968,1491,2025-07-06,completed,card
18969,587,2024-03-20,completed,wallet
18970,1311,2024-12-29,completed,card
18971,1658,2024-10-11,completed,card
18972,2468,2025-10-10,completed,atm
18973,2050,2025-01-08,completed,atm
18974,616,2024-11-07,completed,card
18975,2419,2024-05-19,completed,card
18976,117,2024-07-27,completed,cod
18977,1727,2024-10-02,completed,atm
18978,1084,2024-02-26,completed,wallet
18979,1036,2025-06-03,completed,atm
18980,578,2025-12-31,completed,card
18981,2330,2024-02-03,completed,card
18982,1548,2025-03-05,completed,atm
18983,195,2025-01-13,completed,card
18984,870,2025-11-11,completed,card
18985,393,2025-12-17,completed,atm
18986,461,2024-04-11,completed,card
18987,1993,2025-05-21,completed,atm
18988,198,2024-01-14,completed,card
18989,733,2025-12-25,completed,card
18990,1329,2024-04-04,completed,card
18991,1681,2025-12-01,completed,atm
18992,1235,2025-12-23,completed,atm
18993,1547,2025-03-14,completed,wallet
18994,953,2025-12-02,completed,card
18995,2483,2024-11-06,completed,cod
18996,988,2025-10-31,completed,card
18997,655,2025-11-05,completed,cod
18998,233,2025-08-23,completed,card
18999,1212,2025-06-10,completed,wallet
19000,1258,2024-08-21,completed,wallet
19001,51,2025-08-31,completed,card
19002,1819,2024-06-28,completed,wallet
19003,2083,2025-01-02,completed,wallet
19004,1525,2025-10-03,completed,card
19005,901,2025-05-13,completed,wallet
19006,707,2024-08-26,completed,wallet
19007,1851,2024-05-26,refunded,card
19008,1711,2025-08-04,completed,atm
19009,562,2024-07-21,completed,atm
19010,2364,2024-08-17,completed,card
19011,41,2024-04-19,refunded,atm
19012,622,2024-05-25,completed,card
19013,1477,2025-05-01,completed,card
19014,1546,2024-11-27,completed,wallet
19015,270,2025-08-18,completed,card
19016,1144,2025-09-28,completed,atm
19017,640,2025-06-14,completed,cod
19018,1153,2025-08-08,cancelled,cod
19019,2007,2024-05-08,completed,card
19020,1664,2024-02-15,completed,card
19021,446,2024-07-07,completed,wallet
19022,1266,2025-08-22,completed,cod
19023,2145,2025-09-03,completed,card
19024,2294,2025-03-30,completed,card
19025,2154,2025-12-02,completed,card
19026,2455,2025-08-08,completed,wallet
19027,2462,2024-08-17,completed,atm
19028,1460,2024-11-02,completed,atm
19029,2289,2025-10-22,completed,atm
19030,396,2024-05-09,completed,wallet
19031,1515,2025-06-24,completed,atm
19032,1339,2024-10-21,completed,atm
19033,1494,2024-12-30,completed,atm
19034,988,2024-11-29,completed,card
19035,2371,2024-11-23,completed,wallet
19036,661,2024-02-09,completed,card
19037,1029,2025-12-09,completed,card
19038,572,2024-06-25,completed,card
19039,186,2025-10-05,completed,atm
19040,1122,2025-06-19,completed,card
19041,487,2024-03-24,completed,card
19042,134,2025-05-19,completed,card
19043,203,2025-06-28,completed,atm
19044,1124,2024-07-16,completed,wallet
19045,1835,2025-09-03,completed,card
19046,2229,2024-04-17,completed,card
19047,231,2025-11-25,completed,wallet
19048,441,2024-01-29,completed,atm
19049,2173,2025-09-20,completed,card
19050,1085,2024-10-19,cancelled,card
19051,48,2024-09-09,completed,card
19052,307,2025-10-04,completed,cod
19053,1160,2025-05-12,completed,cod
19054,776,2024-01-01,completed,atm
19055,518,2024-02-28,refunded,card
19056,596,2024-08-06,completed,card
19057,1749,2025-08-21,completed,cod
19058,87,2024-02-28,completed,card
19059,121,2024-12-26,completed,card
19060,1497,2025-12-24,completed,atm
19061,947,2025-12-27,cancelled,card
19062,2321,2024-05-17,refunded,card
19063,1591,2025-02-01,cancelled,atm
19064,273,2024-07-29,completed,card
19065,2100,2024-04-21,completed,card
19066,449,2025-06-11,completed,atm
19067,623,2024-11-19,completed,card
19068,1596,2025-10-01,completed,card
19069,1031,2024-03-10,completed,atm
19070,197,2025-10-13,completed,atm
19071,550,2024-08-04,completed,card
19072,1566,2024-05-17,completed,card
19073,2187,2025-01-23,completed,atm
19074,119,2024-03-26,completed,cod
19075,579,2024-02-29,completed,card
19076,1969,2024-08-15,completed,cod
19077,1169,2024-04-19,completed,cod
19078,886,2024-07-21,completed,card
19079,2014,2025-11-06,completed,cod
19080,1363,2024-01-10,completed,atm
19081,1158,2025-08-18,completed,card
19082,551,2024-10-23,completed,wallet
19083,1645,2024-10-27,completed,card
19084,733,2024-06-22,cancelled,atm
19085,2229,2025-11-25,completed,wallet
19086,1652,2025-12-31,completed,wallet
19087,580,2025-08-31,completed,card
19088,2295,2025-11-23,completed,card
19089,775,2024-02-05,completed,card
19090,2138,2024-11-28,completed,cod
19091,2108,2025-03-06,completed,card
19092,1329,2025-11-16,completed,wallet
19093,1513,2025-01-07,completed,card
19094,1185,2025-06-18,completed,card
19095,2192,2024-02-25,completed,card
19096,1298,2024-02-02,completed,card
19097,1917,2025-05-09,completed,atm
19098,373,2025-02-18,completed,atm
19099,1864,2025-06-08,completed,card
19100,1798,2024-03-27,completed,card
19101,1194,2025-11-30,completed,atm
19102,368,2025-04-08,completed,wallet
19103,1880,2025-05-22,completed,card
19104,1985,2025-10-12,completed,wallet
19105,598,2024-07-16,completed,card
19106,49,2024-11-17,completed,card
19107,1333,2025-08-14,completed,card
19108,1731,2024-01-01,completed,wallet
19109,1807,2025-02-23,completed,cod
19110,1269,2025-11-23,completed,atm
19111,743,2024-11-11,completed,atm
19112,917,2025-01-11,completed,atm
19113,1956,2025-08-24,completed,wallet
19114,1064,2024-08-16,completed,cod
19115,1576,2025-02-14,completed,atm
19116,1456,2024-01-15,completed,wallet
19117,116,2025-09-02,cancelled,card
19118,585,2024-12-31,completed,atm
19119,1336,2024-02-13,cancelled,card
19120,1360,2024-12-11,completed,card
19121,1478,2024-12-28,refunded,wallet
19122,8,2025-03-13,completed,wallet
19123,714,2025-08-07,completed,wallet
19124,1251,2025-02-07,completed,atm
19125,167,2025-03-17,completed,card
19126,1815,2025-05-01,completed,wallet
19127,2246,2025-12-04,completed,card
19128,268,2024-12-15,completed,wallet
19129,254,2024-10-03,completed,card
19130,1449,2024-11-05,completed,card
19131,217,2025-02-19,completed,card
19132,1331,2025-01-03,completed,cod
19133,615,2024-12-28,completed,card
19134,495,2025-04-23,completed,card
19135,162,2024-01-31,completed,cod
19136,1774,2024-10-17,completed,atm
19137,1259,2025-02-14,completed,card
19138,702,2024-04-02,completed,atm
19139,1226,2024-08-14,completed,card
19140,1190,2025-06-26,completed,wallet
19141,1940,2025-07-31,completed,wallet
19142,2101,2024-08-31,completed,card
19143,1808,2025-07-02,completed,wallet
19144,1229,2025-02-11,completed,card
19145,1803,2024-08-20,completed,wallet
19146,1403,2025-05-15,completed,atm
19147,738,2025-08-24,refunded,card
19148,720,2024-11-08,completed,card
19149,305,2024-04-29,cancelled,card
19150,555,2025-01-24,completed,atm
19151,851,2025-08-05,completed,card
19152,1229,2024-04-07,completed,wallet
19153,973,2024-02-13,completed,cod
19154,12,2024-11-01,completed,atm
19155,374,2025-06-22,completed,wallet
19156,1369,2024-09-17,completed,atm
19157,902,2025-06-22,completed,wallet
19158,690,2024-08-02,completed,atm
19159,2152,2024-07-23,completed,card
19160,1164,2025-01-28,completed,wallet
19161,1043,2025-02-03,completed,card
19162,2245,2024-02-20,completed,atm
19163,1230,2025-05-18,completed,card
19164,2271,2024-11-11,cancelled,wallet
19165,1738,2024-08-04,completed,card
19166,2230,2024-09-23,completed,wallet
19167,533,2024-06-19,cancelled,card
19168,342,2024-10-04,completed,wallet
19169,2187,2025-01-14,completed,wallet
19170,920,2024-03-15,completed,card
19171,101,2024-10-05,completed,card
19172,1337,2025-11-15,completed,atm
19173,1739,2025-02-13,completed,card
19174,542,2025-04-18,completed,atm
19175,2465,2024-11-03,completed,cod
19176,845,2025-07-06,completed,card
19177,2302,2024-02-14,completed,atm
19178,823,2025-08-03,completed,wallet
19179,826,2024-10-28,completed,atm
19180,634,2024-11-20,completed,atm
19181,2313,2024-09-13,completed,atm
19182,2355,2025-09-18,completed,atm
19183,1409,2025-11-22,completed,wallet
19184,1957,2025-06-04,completed,wallet
19185,884,2025-08-25,completed,atm
19186,1967,2025-12-10,completed,cod
19187,1655,2025-04-07,completed,atm
19188,818,2025-10-06,completed,atm
19189,1894,2024-07-06,completed,cod
19190,386,2024-07-20,completed,atm
19191,1623,2025-05-12,completed,atm
19192,202,2024-05-24,completed,wallet
19193,1201,2025-08-19,completed,card
19194,1016,2025-08-01,completed,card
19195,2456,2025-05-12,completed,card
19196,1157,2025-11-30,completed,atm
19197,1478,2025-06-07,completed,atm
19198,410,2024-09-29,completed,card
19199,277,2024-08-24,completed,wallet
19200,1729,2024-01-26,refunded,card
19201,1608,2025-11-04,completed,card
19202,1792,2024-12-13,completed,card
19203,878,2025-12-19,completed,cod
19204,2043,2025-09-08,completed,card
19205,2144,2025-11-10,completed,card
19206,36,2025-08-30,completed,card
19207,1569,2025-06-18,completed,wallet
19208,321,2024-12-24,completed,card
19209,2288,2025-01-31,completed,card
19210,1452,2025-11-16,completed,cod
19211,1925,2025-10-10,completed,cod
19212,1049,2025-07-22,completed,card
19213,1960,2024-05-17,completed,wallet
19214,539,2024-06-28,completed,atm
19215,1997,2024-06-18,completed,atm
19216,2041,2025-08-25,completed,cod
19217,30,2024-02-26,completed,atm
19218,873,2024-12-09,completed,card
19219,741,2025-06-27,completed,atm
19220,1189,2025-08-08,completed,card
19221,1823,2024-10-28,completed,wallet
19222,67,2025-02-16,completed,atm
19223,1422,2024-12-08,completed,wallet
19224,2291,2024-04-28,completed,card
19225,1507,2024-11-23,completed,atm
19226,1080,2024-05-09,completed,wallet
19227,1111,2024-10-06,completed,wallet
19228,1876,2024-06-01,refunded,card
19229,1306,2024-06-18,completed,atm
19230,1919,2025-01-18,completed,card
19231,229,2025-04-16,completed,card
19232,1805,2024-12-23,completed,atm
19233,1596,2024-10-09,completed,card
19234,491,2024-01-21,completed,cod
19235,744,2024-08-06,completed,wallet
19236,954,2024-06-16,cancelled,card
19237,1949,2025-12-14,cancelled,card
19238,381,2025-06-11,completed,atm
19239,1864,2024-09-09,refunded,card
19240,1751,2025-01-10,completed,card
19241,1563,2025-08-09,completed,card
19242,1754,2024-05-01,completed,card
19243,307,2025-10-17,completed,card
19244,2415,2024-11-06,completed,wallet
19245,270,2024-03-15,completed,atm
19246,1392,2025-05-06,completed,atm
19247,792,2025-07-24,completed,card
19248,865,2025-02-15,completed,wallet
19249,463,2025-02-25,refunded,card
19250,649,2025-12-25,completed,card
19251,1662,2024-07-15,completed,card
19252,2003,2024-06-26,completed,atm
19253,2331,2024-08-05,completed,wallet
19254,2407,2025-10-26,completed,atm
19255,2265,2025-05-26,completed,atm
19256,546,2025-03-27,completed,card
19257,421,2025-07-22,completed,wallet
19258,1529,2025-12-24,completed,wallet
19259,413,2024-11-12,completed,atm
19260,211,2025-07-24,completed,cod
19261,1309,2025-11-08,completed,card
19262,1990,2025-07-27,refunded,card
19263,695,2025-01-16,completed,atm
19264,1820,2024-08-07,completed,wallet
19265,600,2025-12-04,completed,atm
19266,1664,2025-04-27,completed,card
19267,2284,2025-06-23,refunded,atm
19268,1542,2025-02-12,completed,card
19269,1216,2024-05-31,completed,wallet
19270,1240,2025-04-30,refunded,atm
19271,822,2025-10-06,completed,card
19272,400,2025-12-27,completed,wallet
19273,243,2025-06-08,completed,wallet
19274,1942,2025-02-10,cancelled,card
19275,1483,2024-07-29,completed,wallet
19276,2399,2025-04-06,completed,card
19277,1038,2024-08-14,completed,wallet
19278,1818,2024-02-10,refunded,wallet
19279,2164,2024-05-17,completed,card
19280,844,2024-11-06,completed,atm
19281,572,2024-06-13,completed,card
19282,1840,2025-01-10,completed,atm
19283,662,2025-02-18,completed,cod
19284,1857,2025-10-20,completed,card
19285,1273,2025-05-01,completed,atm
19286,1761,2024-04-04,completed,card
19287,1493,2025-02-11,completed,atm
19288,970,2025-06-01,refunded,cod
19289,620,2024-10-26,completed,card
19290,2102,2024-01-04,completed,card
19291,106,2024-01-28,completed,card
19292,2406,2025-10-17,completed,card
19293,235,2025-04-01,completed,cod
19294,2485,2024-03-31,completed,card
19295,1395,2025-01-10,completed,card
19296,1796,2025-07-30,completed,card
19297,2059,2025-10-22,completed,card
19298,1882,2025-08-25,completed,atm
19299,2117,2025-11-07,completed,atm
19300,1492,2025-05-15,completed,card
19301,2437,2025-12-29,completed,atm
19302,1081,2024-05-24,completed,wallet
19303,587,2025-08-12,completed,wallet
19304,1028,2024-03-14,completed,atm
19305,49,2025-09-01,completed,wallet
19306,1900,2024-06-10,completed,atm
19307,1611,2024-07-17,completed,card
19308,1877,2025-03-28,cancelled,card
19309,1441,2024-10-15,completed,atm
19310,1041,2025-02-23,completed,cod
19311,807,2025-02-24,completed,card
19312,2340,2024-09-20,completed,card
19313,179,2024-05-19,completed,card
19314,1141,2025-12-08,completed,atm
19315,429,2024-06-21,completed,card
19316,1488,2025-05-16,completed,wallet
19317,1638,2025-07-09,completed,cod
19318,1990,2024-09-04,completed,wallet
19319,542,2024-05-14,completed,card
19320,1079,2025-10-04,completed,atm
19321,1961,2024-05-09,completed,card
19322,506,2025-10-28,completed,cod
19323,1822,2025-09-12,completed,atm
19324,1526,2024-07-08,completed,card
19325,99,2025-08-01,completed,card
19326,1876,2024-04-11,completed,card
19327,2466,2025-06-17,completed,atm
19328,783,2025-05-31,completed,card
19329,542,2025-03-15,completed,atm
19330,611,2025-11-29,completed,card
19331,923,2025-02-22,completed,card
19332,2101,2024-03-28,completed,cod
19333,566,2025-04-01,completed,card
19334,2375,2025-10-28,refunded,atm
19335,94,2024-03-26,completed,card
19336,935,2024-10-03,completed,card
19337,2066,2024-07-18,completed,card
19338,1307,2025-11-07,completed,wallet
19339,703,2025-08-05,cancelled,wallet
19340,2342,2025-11-21,completed,atm
19341,9,2025-03-17,completed,atm
19342,765,2025-12-18,completed,card
19343,2034,2025-06-18,completed,card
19344,960,2024-11-06,completed,atm
19345,1919,2025-12-05,completed,atm
19346,1350,2025-05-05,completed,wallet
19347,329,2024-11-11,completed,cod
19348,2297,2024-11-30,completed,atm
19349,711,2024-01-09,completed,card
19350,1796,2025-12-03,completed,card
19351,2455,2025-02-12,completed,wallet
19352,701,2025-03-02,completed,wallet
19353,225,2025-10-30,completed,cod
19354,620,2025-08-06,completed,cod
19355,1399,2024-12-09,completed,atm
19356,2126,2025-03-18,cancelled,card
19357,1988,2025-04-11,completed,wallet
19358,2500,2025-11-30,completed,cod
19359,525,2024-01-24,completed,card
19360,750,2025-01-21,completed,atm
19361,1953,2024-05-02,completed,card
19362,2407,2024-08-16,completed,atm
19363,2102,2024-04-01,completed,card
19364,1315,2024-01-05,completed,card
19365,1673,2024-01-09,completed,wallet
19366,1152,2025-04-30,completed,atm
19367,2190,2025-01-30,completed,card
19368,301,2024-10-26,completed,card
19369,642,2024-12-03,completed,card
19370,516,2024-11-11,completed,card
19371,986,2025-12-04,completed,atm
19372,408,2024-08-26,completed,card
19373,1793,2024-11-08,completed,wallet
19374,84,2024-04-28,completed,atm
19375,1814,2025-04-01,completed,card
19376,1880,2024-05-06,refunded,atm
19377,829,2024-12-10,completed,atm
19378,55,2025-12-14,completed,cod
19379,1755,2024-08-28,completed,atm
19380,65,2025-05-20,completed,card
19381,1685,2025-11-22,completed,cod
19382,2032,2025-09-11,completed,card
19383,2129,2025-05-14,completed,card
19384,1482,2025-08-11,completed,cod
19385,1956,2025-12-30,completed,cod
19386,283,2025-06-17,completed,card
19387,2310,2025-07-19,completed,card
19388,1974,2024-05-05,completed,atm
19389,66,2025-12-23,completed,card
19390,1082,2024-08-30,completed,cod
19391,552,2024-05-30,completed,card
19392,1975,2024-04-06,completed,card
19393,1565,2024-08-01,completed,card
19394,1435,2025-07-01,completed,card
19395,1150,2025-05-07,refunded,card
19396,28,2024-10-14,completed,atm
19397,558,2024-05-28,completed,atm
19398,1070,2024-07-22,completed,card
19399,606,2024-06-18,completed,card
19400,2259,2025-03-30,completed,card
19401,1486,2025-02-13,completed,card
19402,1665,2025-02-13,completed,card
19403,2106,2025-08-13,completed,card
19404,1871,2024-04-02,completed,card
19405,1605,2024-12-27,cancelled,card
19406,1263,2025-06-21,completed,wallet
19407,559,2024-04-23,completed,card
19408,1472,2025-12-18,completed,wallet
19409,2467,2025-03-07,completed,atm
19410,631,2025-11-14,refunded,atm
19411,1346,2024-10-19,completed,card
19412,1728,2024-10-13,completed,wallet
19413,192,2024-10-07,completed,card
19414,651,2025-11-22,completed,wallet
19415,1625,2025-02-24,completed,wallet
19416,955,2025-01-20,completed,cod
19417,369,2024-01-18,completed,atm
19418,2388,2025-10-02,completed,card
19419,672,2025-08-27,completed,card
19420,551,2025-03-31,completed,card
19421,615,2024-10-10,completed,card
19422,1898,2025-07-10,completed,cod
19423,1937,2025-08-05,completed,card
19424,2248,2024-11-29,completed,atm
19425,1145,2024-11-22,completed,card
19426,2287,2024-01-12,completed,card
19427,530,2024-01-21,completed,wallet
19428,2205,2024-12-14,completed,atm
19429,1994,2025-01-16,completed,atm
19430,1036,2024-01-24,completed,card
19431,1256,2024-01-26,completed,wallet
19432,2033,2024-04-17,completed,card
19433,2290,2024-01-29,completed,cod
19434,195,2024-07-30,completed,wallet
19435,1348,2024-08-24,completed,card
19436,1780,2025-05-14,completed,wallet
19437,1000,2025-10-06,completed,atm
19438,1392,2024-09-06,completed,card
19439,1133,2025-04-09,completed,atm
19440,1735,2024-11-30,completed,cod
19441,1255,2025-12-24,refunded,cod
19442,1282,2025-03-14,completed,card
19443,6,2025-01-05,completed,card
19444,445,2025-10-01,completed,atm
19445,1607,2024-11-29,completed,cod
19446,395,2025-03-23,completed,atm
19447,185,2025-02-12,completed,card
19448,969,2025-06-02,completed,atm
19449,2484,2024-12-16,completed,card
19450,2026,2025-12-29,completed,card
19451,2162,2025-03-26,completed,atm
19452,2455,2024-08-10,completed,wallet
19453,213,2024-02-21,completed,atm
19454,2455,2024-12-04,completed,card
19455,2360,2024-05-25,completed,card
19456,1328,2024-10-09,completed,card
19457,1872,2025-11-13,completed,wallet
19458,1595,2024-01-24,completed,atm
19459,475,2025-05-23,completed,card
19460,1103,2024-10-25,completed,atm
19461,1,2025-08-09,completed,wallet
19462,2178,2025-08-13,completed,wallet
19463,2214,2024-08-03,completed,card
19464,587,2024-07-31,completed,wallet
19465,1146,2025-01-03,completed,card
19466,1344,2024-03-14,refunded,card
19467,755,2024-05-24,completed,atm
19468,1143,2024-04-01,completed,card
19469,317,2024-10-01,completed,card
19470,1371,2024-09-26,completed,card
19471,451,2024-11-29,completed,card
19472,679,2024-12-04,completed,cod
19473,1584,2025-06-07,completed,wallet
19474,1011,2025-09-24,completed,card
19475,2352,2025-11-02,completed,atm
19476,2254,2024-05-04,completed,card
19477,544,2025-04-22,completed,atm
19478,1664,2025-02-10,completed,wallet
19479,2126,2024-05-11,completed,card
19480,572,2025-11-19,completed,card
19481,179,2025-02-05,completed,card
19482,394,2024-12-07,completed,cod
19483,244,2024-02-12,completed,atm
19484,500,2024-11-21,completed,card
19485,1424,2025-07-30,completed,atm
19486,1104,2024-10-09,completed,cod
19487,1696,2025-03-26,completed,wallet
19488,1073,2025-08-12,completed,atm
19489,1270,2025-06-30,completed,wallet
19490,455,2025-07-29,completed,card
19491,506,2024-02-15,completed,card
19492,1312,2025-11-10,completed,card
19493,149,2025-10-12,completed,wallet
19494,396,2025-06-27,completed,card
19495,248,2024-12-07,completed,atm
19496,882,2025-01-21,completed,card
19497,155,2024-06-08,completed,card
19498,1195,2024-10-28,completed,cod
19499,2085,2025-07-01,completed,atm
19500,396,2025-04-15,completed,cod
19501,937,2024-08-12,completed,card
19502,430,2025-04-05,completed,wallet
19503,653,2024-08-10,completed,wallet
19504,1509,2024-04-29,completed,atm
19505,1755,2024-03-14,completed,wallet
19506,445,2025-10-25,completed,wallet
19507,1386,2025-02-07,completed,card
19508,947,2024-10-06,completed,card
19509,2258,2025-07-22,completed,card
19510,407,2024-02-13,completed,card
19511,986,2024-10-19,completed,card
19512,496,2025-04-20,completed,card
19513,44,2025-04-27,completed,card
19514,2115,2025-04-25,completed,card
19515,1397,2025-10-01,completed,wallet
19516,1645,2025-08-21,completed,atm
19517,2293,2024-08-20,completed,wallet
19518,1967,2025-09-08,completed,card
19519,1488,2024-07-27,completed,wallet
19520,391,2024-07-31,completed,card
19521,1890,2025-10-08,completed,atm
19522,2428,2025-10-19,completed,card
19523,650,2024-12-30,completed,atm
19524,1827,2024-07-24,completed,wallet
19525,887,2025-10-05,completed,wallet
19526,741,2025-11-11,completed,wallet
19527,1153,2025-11-17,completed,atm
19528,175,2025-04-06,completed,atm
19529,1647,2025-10-27,completed,atm
19530,1392,2025-02-12,completed,card
19531,1680,2025-11-09,completed,cod
19532,1791,2024-05-02,completed,atm
19533,1773,2025-11-17,completed,card
19534,2193,2024-07-11,completed,card
19535,842,2025-05-11,completed,card
19536,259,2024-09-02,completed,card
19537,664,2025-03-09,cancelled,atm
19538,1274,2024-05-08,completed,card
19539,580,2025-01-10,completed,card
19540,642,2025-06-22,completed,card
19541,2179,2024-08-23,completed,card
19542,1286,2024-11-24,completed,card
19543,1238,2025-12-27,completed,card
19544,1154,2024-12-12,completed,atm
19545,1211,2024-02-16,completed,cod
19546,949,2024-05-01,completed,card
19547,2280,2024-06-04,completed,card
19548,1950,2024-12-27,completed,card
19549,148,2024-06-06,completed,wallet
19550,1285,2025-09-01,completed,card
19551,1407,2025-12-05,completed,card
19552,2355,2025-01-09,completed,atm
19553,910,2024-03-20,completed,wallet
19554,732,2025-01-27,completed,card
19555,1572,2025-01-26,completed,cod
19556,2149,2025-03-28,completed,wallet
19557,2167,2025-05-26,completed,card
19558,36,2024-03-10,completed,card
19559,2346,2025-06-25,completed,wallet
19560,2460,2024-04-16,completed,cod
19561,1220,2024-04-22,completed,atm
19562,2384,2024-11-22,completed,card
19563,2466,2025-09-21,completed,card
19564,564,2025-04-03,completed,card
19565,2438,2025-03-15,completed,card
19566,585,2024-05-31,completed,cod
19567,1175,2025-11-17,completed,atm
19568,1509,2025-04-06,completed,wallet
19569,93,2025-02-18,completed,cod
19570,117,2024-09-19,completed,card
19571,227,2025-11-03,completed,card
19572,867,2025-10-13,cancelled,card
19573,427,2024-08-08,completed,cod
19574,439,2025-04-04,completed,card
19575,2389,2025-12-13,completed,wallet
19576,2224,2025-09-04,completed,cod
19577,259,2025-04-20,completed,card
19578,1175,2024-04-21,completed,cod
19579,1060,2025-08-11,cancelled,atm
19580,610,2025-01-20,completed,wallet
19581,1786,2024-09-08,completed,atm
19582,1578,2024-02-08,completed,atm
19583,1086,2025-01-04,completed,card
19584,736,2025-06-05,refunded,atm
19585,1821,2025-03-09,completed,cod
19586,25,2024-09-22,completed,cod
19587,1971,2024-03-23,completed,atm
19588,1052,2024-05-29,completed,atm
19589,453,2024-12-06,cancelled,wallet
19590,300,2025-11-10,completed,atm
19591,735,2024-08-19,completed,cod
19592,2186,2024-07-09,completed,atm
19593,293,2024-04-16,cancelled,card
19594,1371,2024-11-11,refunded,card
19595,1908,2024-01-10,refunded,wallet
19596,1807,2024-03-03,completed,card
19597,2309,2024-06-30,completed,card
19598,1994,2025-02-08,completed,atm
19599,559,2025-08-11,completed,atm
19600,784,2024-05-12,completed,cod
19601,1,2025-11-22,completed,card
19602,2288,2024-12-07,completed,card
19603,2185,2024-02-03,completed,atm
19604,1735,2025-09-02,completed,card
19605,1023,2025-06-08,completed,card
19606,1790,2025-06-27,completed,wallet
19607,203,2025-08-15,completed,atm
19608,1054,2025-09-28,completed,wallet
19609,1561,2025-04-30,completed,wallet
19610,914,2024-11-07,completed,card
19611,1577,2024-08-12,completed,cod
19612,1477,2025-12-31,refunded,atm
19613,403,2025-08-13,completed,card
19614,1919,2024-09-29,completed,card
19615,1672,2025-08-02,completed,atm
19616,664,2024-06-02,completed,cod
19617,1827,2024-10-18,completed,card
19618,1792,2025-10-13,completed,wallet
19619,2285,2024-12-06,completed,card
19620,1954,2025-03-13,completed,cod
19621,1532,2024-10-09,completed,cod
19622,877,2024-12-21,completed,atm
19623,56,2025-08-27,completed,wallet
19624,1471,2025-01-08,completed,wallet
19625,1320,2025-11-17,completed,card
19626,2251,2024-05-31,completed,atm
19627,419,2024-08-20,completed,atm
19628,1952,2024-11-10,refunded,cod
19629,739,2025-03-25,completed,atm
19630,692,2025-04-25,completed,card
19631,569,2024-02-29,completed,wallet
19632,421,2024-04-07,completed,card
19633,856,2024-05-11,completed,card
19634,339,2025-12-13,refunded,wallet
19635,1220,2024-01-06,completed,card
19636,1352,2024-04-29,completed,card
19637,569,2024-08-17,completed,wallet
19638,641,2025-02-10,completed,wallet
19639,475,2024-01-21,completed,card
19640,1341,2024-01-20,completed,cod
19641,1921,2025-07-01,completed,card
19642,533,2024-09-06,completed,wallet
19643,1254,2024-10-08,completed,atm
19644,83,2025-05-08,completed,wallet
19645,560,2025-10-28,cancelled,wallet
19646,1249,2024-09-01,completed,card
19647,624,2025-06-14,completed,card
19648,1961,2025-06-28,completed,card
19649,1542,2025-01-30,completed,atm
19650,1185,2025-11-26,completed,card
19651,2035,2025-03-18,cancelled,card
19652,78,2024-12-23,completed,card
19653,601,2025-11-22,completed,wallet
19654,2380,2024-05-20,completed,wallet
19655,694,2024-03-24,completed,card
19656,36,2025-01-30,completed,atm
19657,1110,2025-05-30,refunded,cod
19658,1767,2025-12-02,completed,card
19659,721,2025-10-19,completed,card
19660,44,2025-01-31,completed,atm
19661,1237,2024-10-20,completed,atm
19662,497,2025-11-10,completed,atm
19663,1542,2025-05-16,completed,card
19664,397,2025-10-01,completed,atm
19665,2250,2024-02-25,completed,card
19666,1806,2025-08-10,completed,card
19667,326,2025-06-19,completed,card
19668,1502,2025-03-15,completed,card
19669,2011,2024-06-07,completed,card
19670,1262,2024-12-12,refunded,wallet
19671,2285,2025-08-16,completed,card
19672,1858,2025-01-16,completed,card
19673,2326,2024-01-09,completed,card
19674,200,2024-01-04,completed,card
19675,596,2025-05-09,completed,atm
19676,1053,2024-07-27,completed,wallet
19677,2287,2024-07-14,completed,atm
19678,2248,2025-03-07,completed,card
19679,25,2024-06-09,completed,cod
19680,1492,2025-09-22,completed,atm
19681,960,2024-10-17,completed,atm
19682,89,2024-03-01,completed,atm
19683,1574,2025-10-14,completed,cod
19684,1492,2025-02-17,completed,card
19685,1284,2025-05-22,completed,card
19686,2048,2024-10-11,completed,atm
19687,2302,2025-01-27,completed,wallet
19688,1792,2024-11-22,completed,card
19689,566,2024-01-26,completed,card
19690,2190,2025-06-19,completed,wallet
19691,560,2024-01-03,completed,card
19692,4,2024-07-26,completed,wallet
19693,1119,2025-03-17,completed,card
19694,905,2025-08-28,completed,atm
19695,1468,2024-04-24,completed,wallet
19696,1565,2025-05-20,completed,wallet
19697,2099,2025-05-17,completed,card
19698,1149,2024-01-02,completed,card
19699,381,2024-09-06,completed,card
19700,1514,2025-05-16,completed,atm
19701,401,2024-12-19,completed,atm
19702,2456,2025-07-31,completed,wallet
19703,1264,2025-12-22,completed,card
19704,822,2024-12-30,completed,atm
19705,224,2024-02-08,refunded,atm
19706,798,2025-03-14,completed,card
19707,2385,2025-05-27,completed,atm
19708,1263,2024-08-21,completed,card
19709,327,2025-05-16,completed,atm
19710,1360,2024-02-07,completed,atm
19711,748,2025-12-06,completed,cod
19712,156,2024-06-18,completed,atm
19713,1388,2024-11-19,completed,card
19714,220,2025-12-28,completed,card
19715,2047,2025-01-15,completed,atm
19716,1547,2025-08-31,completed,card
19717,274,2025-06-22,completed,card
19718,1479,2024-02-04,completed,atm
19719,434,2024-01-25,completed,atm
19720,2336,2025-10-26,refunded,atm
19721,824,2024-03-11,completed,wallet
19722,303,2024-07-14,completed,card
19723,2005,2025-05-30,completed,card
19724,2379,2025-10-19,completed,card
19725,2228,2025-12-17,completed,atm
19726,1404,2025-07-23,completed,atm
19727,894,2024-07-25,completed,atm
19728,502,2025-11-03,completed,wallet
19729,1638,2024-05-12,cancelled,atm
19730,491,2024-10-01,completed,cod
19731,1741,2025-01-13,completed,card
19732,631,2025-02-06,completed,card
19733,192,2025-07-26,completed,atm
19734,662,2024-06-29,completed,card
19735,418,2025-04-30,cancelled,card
19736,761,2025-08-08,completed,cod
19737,852,2024-10-17,completed,card
19738,499,2025-07-21,completed,atm
19739,1488,2024-07-03,completed,card
19740,672,2025-08-02,completed,card
19741,2324,2024-07-09,completed,card
19742,1864,2024-02-13,completed,cod
19743,207,2024-05-08,cancelled,wallet
19744,1689,2025-05-08,completed,cod
19745,745,2025-02-07,completed,card
19746,1934,2024-05-10,completed,card
19747,1978,2024-10-04,completed,wallet
19748,658,2024-01-03,completed,atm
19749,633,2025-05-04,completed,card
19750,215,2025-01-21,completed,card
19751,109,2024-12-05,completed,card
19752,1644,2024-10-05,completed,atm
19753,924,2024-08-13,cancelled,atm
19754,137,2024-03-28,completed,card
19755,1039,2024-02-03,completed,atm
19756,246,2025-08-13,completed,card
19757,89,2024-11-10,completed,atm
19758,301,2025-11-28,completed,card
19759,812,2024-12-21,completed,card
19760,2336,2024-02-05,completed,cod
19761,833,2025-08-04,completed,card
19762,1732,2025-08-01,completed,card
19763,130,2024-04-09,completed,card
19764,2059,2024-10-18,completed,atm
19765,669,2024-07-07,completed,card
19766,1134,2025-05-17,completed,cod
19767,1278,2024-04-23,completed,atm
19768,478,2024-06-13,completed,wallet
19769,1522,2025-12-14,completed,wallet
19770,1310,2025-01-12,completed,wallet
19771,1225,2024-12-18,completed,card
19772,2371,2024-01-30,completed,card
19773,234,2025-03-27,completed,card
19774,2394,2025-02-08,completed,atm
19775,1300,2025-10-28,completed,card
19776,340,2025-01-27,completed,card
19777,1724,2025-05-21,cancelled,card
19778,1228,2025-02-08,completed,card
19779,1703,2025-06-28,completed,atm
19780,598,2024-08-24,completed,card
19781,2400,2024-02-10,completed,wallet
19782,254,2025-08-21,completed,atm
19783,533,2025-12-22,cancelled,card
19784,476,2024-02-02,completed,card
19785,1417,2025-10-21,completed,card
19786,583,2025-02-18,refunded,atm
19787,518,2024-02-25,completed,wallet
19788,1781,2025-02-01,completed,atm
19789,854,2024-09-17,completed,atm
19790,1602,2025-11-16,completed,card
19791,2277,2025-10-28,completed,cod
19792,1434,2025-10-02,completed,wallet
19793,1136,2024-02-09,completed,card
19794,261,2025-10-17,completed,card
19795,602,2025-02-20,completed,card
19796,1906,2025-08-16,completed,wallet
19797,2285,2024-05-02,completed,wallet
19798,1798,2025-06-25,completed,wallet
19799,631,2025-10-04,completed,atm
19800,2076,2025-02-28,completed,card
19801,1105,2025-02-13,completed,cod
19802,1274,2024-05-23,completed,card
19803,1490,2025-10-10,completed,card
19804,1003,2024-04-01,completed,card
19805,921,2025-12-19,completed,atm
19806,1949,2024-10-01,completed,card
19807,577,2024-05-15,completed,card
19808,1518,2025-06-01,cancelled,card
19809,188,2025-05-10,completed,wallet
19810,1591,2025-04-29,completed,card
19811,1377,2024-06-16,completed,card
19812,820,2024-04-28,completed,card
19813,2426,2024-09-08,completed,wallet
19814,532,2025-12-23,completed,card
19815,2058,2025-06-16,completed,atm
19816,2482,2025-04-24,completed,card
19817,2002,2024-07-20,completed,atm
19818,1331,2024-12-22,completed,card
19819,2063,2025-02-04,completed,atm
19820,2483,2024-05-22,completed,card
19821,337,2024-04-12,completed,wallet
19822,1138,2025-01-20,completed,card
19823,25,2025-03-25,completed,atm
19824,2387,2025-06-25,completed,atm
19825,564,2025-01-23,completed,card
19826,716,2025-02-02,completed,wallet
19827,204,2025-02-09,completed,card
19828,2405,2024-08-09,completed,wallet
19829,2224,2025-02-06,refunded,card
19830,1509,2024-07-02,completed,card
19831,1561,2025-10-20,completed,cod
19832,1742,2024-06-23,completed,wallet
19833,1099,2025-11-24,completed,card
19834,742,2024-10-18,completed,card
19835,880,2024-10-31,completed,card
19836,142,2025-09-28,completed,card
19837,2008,2024-09-23,completed,card
19838,2230,2024-03-29,completed,wallet
19839,203,2025-03-17,completed,card
19840,585,2024-12-21,cancelled,wallet
19841,2106,2025-08-01,completed,card
19842,1737,2025-02-14,completed,cod
19843,1377,2024-01-12,completed,card
19844,1040,2024-07-17,completed,card
19845,2285,2024-06-01,completed,wallet
19846,1339,2025-01-02,completed,wallet
19847,2050,2024-06-05,completed,card
19848,1670,2024-04-29,completed,wallet
19849,1403,2024-09-07,completed,atm
19850,911,2025-04-14,completed,wallet
19851,2163,2024-01-12,completed,atm
19852,141,2025-02-03,completed,wallet
19853,1113,2024-05-25,completed,cod
19854,1929,2025-05-16,completed,atm
19855,1347,2025-03-16,completed,card
19856,2498,2025-04-11,completed,cod
19857,48,2025-11-22,completed,cod
19858,943,2024-05-11,completed,cod
19859,2427,2024-12-15,completed,wallet
19860,469,2025-09-30,completed,atm
19861,2005,2025-12-10,completed,card
19862,1921,2024-10-18,completed,atm
19863,2037,2025-05-14,completed,atm
19864,1375,2024-11-22,cancelled,card
19865,110,2024-02-10,completed,card
19866,1613,2024-10-17,completed,atm
19867,791,2024-07-04,completed,atm
19868,836,2024-08-19,completed,wallet
19869,87,2024-09-17,completed,card
19870,563,2024-03-15,completed,card
19871,203,2025-06-23,completed,wallet
19872,2099,2025-02-26,completed,card
19873,909,2025-12-16,completed,card
19874,1211,2025-12-30,completed,atm
19875,2314,2025-01-09,completed,card
19876,274,2025-01-07,completed,card
19877,1105,2024-12-17,completed,cod
19878,1283,2025-04-18,completed,atm
19879,1231,2025-01-25,completed,wallet
19880,375,2024-09-05,completed,atm
19881,556,2024-08-23,completed,card
19882,855,2025-08-18,completed,cod
19883,1205,2024-04-04,completed,atm
19884,1536,2025-10-19,completed,atm
19885,481,2024-01-31,cancelled,card
19886,725,2025-08-19,completed,atm
19887,1336,2024-02-13,completed,atm
19888,387,2025-12-09,completed,wallet
19889,2077,2024-05-08,completed,card
19890,1880,2024-01-02,completed,card
19891,808,2024-12-10,completed,atm
19892,1187,2024-01-30,completed,atm
19893,356,2025-03-10,completed,card
19894,1165,2025-05-04,completed,card
19895,385,2024-04-13,completed,card
19896,1235,2024-02-04,completed,card
19897,1732,2024-06-20,completed,card
19898,176,2024-11-04,completed,card
19899,2006,2025-09-12,completed,atm
19900,953,2024-08-09,completed,cod
19901,591,2024-08-11,completed,card
19902,1257,2024-05-13,completed,wallet
19903,1162,2025-11-27,completed,card
19904,935,2024-12-01,completed,atm
19905,1985,2025-04-13,completed,atm
19906,2013,2025-05-21,refunded,card
19907,1450,2025-06-15,completed,card
19908,1750,2024-01-20,completed,cod
19909,2100,2025-03-14,completed,cod
19910,1089,2024-04-02,completed,wallet
19911,1435,2024-06-16,completed,card
19912,368,2024-02-02,completed,wallet
19913,1558,2024-09-06,completed,card
19914,2136,2024-08-09,cancelled,cod
19915,261,2024-01-05,completed,cod
19916,2430,2025-08-15,completed,atm
19917,1102,2024-04-13,completed,cod
19918,1236,2025-07-16,completed,wallet
19919,2250,2025-02-19,completed,cod
19920,1161,2025-01-23,completed,card
19921,2172,2025-07-18,completed,wallet
19922,1093,2025-12-25,completed,card
19923,1592,2024-08-06,completed,card
19924,1834,2024-05-02,completed,wallet
19925,2085,2025-10-26,completed,card
19926,1199,2025-12-27,completed,card
19927,392,2025-11-25,completed,atm
19928,1361,2025-01-02,completed,atm
19929,969,2025-01-29,completed,card
19930,1052,2024-05-07,completed,wallet
19931,286,2024-06-19,completed,cod
19932,887,2025-05-10,completed,wallet
19933,1150,2025-12-12,completed,cod
19934,1600,2025-08-15,completed,cod
19935,2300,2025-05-09,completed,atm
19936,672,2025-03-23,completed,atm
19937,1861,2025-05-04,refunded,atm
19938,1293,2025-09-09,cancelled,wallet
19939,935,2024-06-24,completed,card
19940,1704,2025-05-09,completed,card
19941,1401,2025-10-16,completed,atm
19942,1855,2024-01-20,completed,card
19943,718,2025-04-09,completed,card
19944,1991,2024-11-29,cancelled,card
19945,2452,2025-06-06,completed,cod
19946,2340,2024-11-16,completed,card
19947,2194,2024-11-24,completed,wallet
19948,364,2024-07-22,completed,card
19949,317,2024-04-18,completed,atm
19950,2252,2025-03-16,completed,atm
19951,1683,2024-08-17,completed,atm
19952,476,2025-06-18,completed,card
19953,107,2024-05-02,completed,card
19954,2120,2024-05-01,completed,cod
19955,656,2025-01-21,completed,card
19956,1649,2025-08-18,completed,card
19957,326,2025-02-04,refunded,atm
19958,1081,2024-07-29,completed,cod
19959,774,2025-11-24,completed,wallet
19960,387,2025-08-31,completed,wallet
19961,2278,2025-12-10,completed,card
19962,603,2025-07-06,completed,card
19963,1726,2025-04-26,completed,card
19964,196,2024-01-20,completed,atm
19965,1090,2024-12-08,completed,card
19966,533,2024-12-09,cancelled,atm
19967,1625,2025-03-02,completed,card
19968,678,2025-08-19,completed,atm
19969,370,2024-01-17,completed,card
19970,1737,2024-10-30,completed,card
19971,2334,2024-02-13,completed,card
19972,1655,2024-11-08,completed,card
19973,2103,2024-01-10,completed,card
19974,1549,2025-08-03,completed,atm
19975,906,2024-08-15,completed,card
19976,1401,2024-03-24,completed,card
19977,2284,2024-01-20,completed,card
19978,2144,2024-09-26,completed,card
19979,243,2024-06-22,completed,card
19980,1897,2025-01-25,completed,card
19981,2186,2024-05-25,completed,atm
19982,2059,2024-12-22,completed,wallet
19983,1126,2024-03-23,completed,cod
19984,1052,2024-12-15,completed,atm
19985,2333,2024-12-25,completed,card
19986,1795,2025-08-13,completed,card
19987,418,2024-12-24,completed,card
19988,1529,2024-10-24,completed,wallet
19989,1391,2025-05-04,completed,card
19990,117,2025-04-12,completed,atm
19991,853,2024-02-08,completed,card
19992,405,2024-11-15,completed,atm
19993,1045,2025-08-08,completed,card
19994,370,2025-01-14,completed,card
19995,492,2025-01-19,completed,wallet
19996,265,2024-08-03,completed,cod
19997,1778,2025-05-12,completed,card
19998,743,2025-01-02,completed,atm
19999,1244,2025-11-30,cancelled,wallet
20000,2210,2024-07-10,completed,atm
20001,1594,2025-08-21,completed,card
20002,2177,2025-01-30,completed,cod
20003,1498,2025-02-03,completed,card
20004,2412,2024-12-30,completed,card
20005,1140,2024-08-23,completed,card
20006,1393,2024-01-27,completed,wallet
20007,1114,2024-12-29,completed,card
20008,435,2024-08-22,cancelled,cod
20009,939,2024-11-21,completed,card
20010,189,2025-12-06,completed,card
20011,302,2024-11-22,completed,card
20012,205,2025-11-07,completed,card
20013,1422,2024-04-01,completed,card
20014,2366,2024-10-28,completed,wallet
20015,1257,2025-11-12,completed,atm
20016,1901,2024-02-03,completed,card
20017,2440,2024-02-12,completed,card
20018,2375,2025-07-16,completed,card
20019,406,2024-09-05,completed,card
20020,1467,2025-05-17,completed,card
20021,2080,2025-12-21,completed,card
20022,2078,2024-02-21,completed,wallet
20023,1527,2025-11-09,completed,card
20024,2239,2025-03-21,completed,card
20025,536,2025-12-02,completed,card
20026,636,2025-03-11,completed,card
20027,1479,2024-08-21,completed,cod
20028,1491,2025-06-07,cancelled,card
20029,1488,2024-02-24,completed,atm
20030,124,2025-05-26,completed,atm
20031,2245,2024-08-23,completed,atm
20032,2399,2025-03-21,cancelled,card
20033,223,2024-08-31,completed,card
20034,748,2024-11-07,completed,cod
20035,635,2025-09-29,completed,card
20036,2479,2024-12-31,completed,cod
20037,1336,2024-07-20,completed,card
20038,723,2024-02-10,completed,card
20039,481,2024-06-07,completed,card
20040,1039,2024-04-16,completed,card
20041,2086,2024-05-11,completed,atm
20042,2180,2024-11-30,completed,card
20043,1108,2025-11-07,completed,cod
20044,1543,2024-07-23,completed,card
20045,1690,2025-09-21,completed,cod
20046,95,2024-12-07,completed,atm
20047,84,2025-09-05,completed,card
20048,385,2025-01-02,completed,atm
20049,1196,2024-03-13,completed,atm
20050,1754,2025-08-24,cancelled,atm
20051,494,2025-05-16,completed,wallet
20052,896,2025-03-30,completed,card
20053,1078,2025-08-05,completed,atm
20054,1739,2024-02-10,completed,card
20055,2298,2024-09-05,completed,card
20056,1309,2025-05-07,completed,card
20057,875,2025-10-22,completed,atm
20058,381,2024-09-19,completed,cod
20059,1291,2024-01-29,completed,card
20060,1245,2025-10-25,completed,atm
20061,726,2024-02-19,completed,wallet
20062,1056,2024-05-11,completed,cod
20063,2029,2025-08-22,completed,cod
20064,1117,2024-10-22,completed,card
20065,1993,2025-02-26,completed,card
20066,2257,2024-08-02,completed,atm
20067,62,2024-12-13,completed,wallet
20068,497,2024-12-12,completed,wallet
20069,2022,2024-08-22,completed,atm
20070,5,2025-01-17,completed,cod
20071,1969,2024-05-06,completed,atm
20072,1696,2025-06-27,completed,cod
20073,262,2024-02-29,completed,card
20074,2444,2024-10-10,completed,atm
20075,1804,2024-05-30,completed,card
20076,1392,2024-11-23,completed,card
20077,488,2024-01-30,completed,atm
20078,248,2024-11-09,completed,card
20079,207,2024-03-09,completed,card
20080,749,2024-01-01,completed,card
20081,492,2024-06-16,completed,cod
20082,115,2024-08-27,completed,cod
20083,1263,2024-02-29,completed,card
20084,2303,2025-07-09,completed,wallet
20085,1519,2024-11-14,completed,card
20086,1166,2025-11-17,completed,card
20087,259,2025-03-23,completed,atm
20088,937,2024-10-31,completed,atm
20089,1881,2024-12-25,completed,atm
20090,1249,2024-02-05,completed,atm
20091,757,2024-04-15,completed,card
20092,1531,2024-10-06,completed,card
20093,1857,2024-11-18,completed,atm
20094,44,2024-07-28,completed,cod
20095,630,2025-12-13,completed,card
20096,980,2025-03-11,completed,card
20097,675,2024-08-18,completed,card
20098,2310,2025-08-25,completed,cod
20099,92,2024-11-24,completed,card
20100,20,2024-05-29,completed,card
20101,504,2025-06-17,completed,atm
20102,1683,2025-04-15,completed,card
20103,988,2025-11-05,completed,card
20104,348,2024-05-13,completed,cod
20105,2281,2025-12-28,completed,wallet
20106,2309,2025-12-03,completed,wallet
20107,2370,2025-10-29,completed,atm
20108,1811,2024-05-25,completed,atm
20109,863,2025-04-14,completed,card
20110,1509,2024-01-07,completed,wallet
20111,398,2024-11-28,completed,card
20112,398,2025-10-20,completed,card
20113,115,2025-08-19,refunded,cod
20114,1342,2025-09-03,completed,card
20115,1857,2024-12-06,completed,atm
20116,968,2025-01-08,completed,atm
20117,2277,2024-04-17,completed,card
20118,723,2025-06-17,completed,card
20119,1604,2025-05-10,completed,card
20120,406,2025-01-17,completed,card
20121,2301,2025-01-25,completed,atm
20122,724,2024-03-19,refunded,card
20123,1724,2024-07-22,completed,card
20124,193,2025-04-13,completed,wallet
20125,1630,2025-07-07,completed,card
20126,150,2025-10-10,completed,card
20127,80,2024-09-20,completed,wallet
20128,2144,2025-02-11,completed,card
20129,2335,2025-08-22,completed,wallet
20130,1084,2025-08-03,cancelled,wallet
20131,2392,2025-12-07,completed,wallet
20132,1814,2025-11-23,completed,wallet
20133,165,2025-05-11,completed,atm
20134,169,2025-04-11,completed,card
20135,1679,2024-02-16,completed,wallet
20136,1440,2025-06-01,completed,card
20137,2241,2025-10-24,completed,card
20138,1123,2025-10-10,completed,card
20139,1543,2024-10-31,completed,wallet
20140,706,2024-01-08,completed,wallet
20141,923,2024-09-21,completed,atm
20142,1376,2024-09-08,completed,atm
20143,974,2025-01-01,completed,wallet
20144,1723,2025-05-06,completed,wallet
20145,1843,2024-03-25,completed,cod
20146,1246,2024-02-18,completed,atm
20147,1827,2024-08-26,completed,wallet
20148,774,2025-05-31,completed,wallet
20149,1361,2024-03-11,completed,card
20150,851,2024-11-22,completed,atm
20151,1196,2024-02-10,completed,card
20152,1453,2025-08-01,completed,card
20153,2290,2025-08-04,completed,card
20154,1019,2024-11-05,refunded,cod
20155,2466,2025-10-26,completed,cod
20156,1789,2024-10-26,completed,card
20157,1911,2024-08-09,completed,card
20158,1576,2024-09-25,completed,wallet
20159,1983,2025-08-05,completed,cod
20160,1950,2025-12-31,completed,card
20161,2198,2025-06-27,completed,atm
20162,1492,2024-07-06,completed,wallet
20163,603,2024-04-02,completed,card
20164,492,2025-08-30,completed,atm
20165,2269,2024-07-03,completed,card
20166,1076,2025-07-27,completed,card
20167,651,2025-08-22,completed,atm
20168,902,2025-12-12,completed,card
20169,325,2025-09-14,completed,card
20170,1887,2025-12-16,completed,card
20171,776,2024-03-16,completed,card
20172,1394,2025-02-08,completed,wallet
20173,73,2025-12-08,completed,atm
20174,1364,2024-07-20,completed,card
20175,1716,2024-02-16,completed,card
20176,1195,2025-12-22,completed,wallet
20177,1352,2025-10-19,completed,card
20178,86,2025-11-27,completed,card
20179,443,2025-05-26,completed,atm
20180,1514,2024-06-09,completed,card
20181,1582,2025-02-17,completed,wallet
20182,1787,2024-02-01,completed,card
20183,1302,2024-10-10,completed,wallet
20184,2143,2025-02-15,completed,card
20185,1782,2025-04-07,completed,card
20186,2046,2025-01-31,completed,atm
20187,2268,2025-11-19,completed,card
20188,707,2025-08-31,refunded,card
20189,25,2024-08-16,completed,card
20190,1130,2025-11-17,completed,card
20191,1335,2025-10-05,completed,atm
20192,1693,2024-03-12,completed,card
20193,2018,2024-12-17,completed,wallet
20194,783,2025-09-06,completed,card
20195,365,2025-12-14,completed,wallet
20196,760,2024-11-21,refunded,card
20197,182,2025-10-20,completed,cod
20198,1405,2025-05-25,completed,card
20199,2362,2025-05-26,completed,card
20200,2207,2024-12-09,cancelled,card
20201,2352,2024-12-17,completed,card
20202,701,2025-12-10,completed,card
20203,42,2024-01-14,completed,card
20204,2140,2025-11-12,completed,card
20205,159,2024-01-25,completed,card
20206,1719,2024-10-08,completed,wallet
20207,288,2025-11-20,completed,cod
20208,133,2024-04-07,completed,card
20209,587,2025-03-03,completed,card
20210,1602,2025-10-16,completed,card
20211,2293,2024-02-01,completed,cod
20212,412,2024-05-05,completed,wallet
20213,58,2025-12-06,completed,card
20214,2339,2025-03-02,completed,cod
20215,162,2024-12-17,completed,atm
20216,600,2025-09-16,completed,atm
20217,16,2024-07-24,completed,card
20218,2483,2024-01-24,completed,card
20219,2121,2025-07-14,refunded,atm
20220,153,2025-01-10,completed,cod
20221,2283,2024-12-11,completed,wallet
20222,1367,2024-06-03,completed,wallet
20223,1172,2024-01-15,completed,atm
20224,889,2024-01-18,completed,card
20225,1617,2025-08-31,completed,card
20226,196,2025-02-10,completed,card
20227,627,2024-10-04,completed,card
20228,1276,2024-01-05,completed,wallet
20229,2016,2024-04-08,completed,card
20230,1907,2025-05-10,completed,card
20231,2006,2025-05-11,completed,card
20232,1960,2025-07-08,completed,wallet
20233,1188,2024-07-24,completed,card
20234,2143,2024-10-19,completed,card
20235,51,2025-08-14,completed,cod
20236,861,2025-12-08,completed,atm
20237,1871,2025-06-15,refunded,wallet
20238,2270,2025-09-03,completed,cod
20239,248,2025-10-01,completed,card
20240,44,2025-12-14,completed,atm
20241,429,2025-12-16,completed,card
20242,1030,2025-03-20,completed,card
20243,758,2024-08-09,completed,card
20244,2432,2025-02-20,completed,wallet
20245,2339,2025-10-18,completed,card
20246,2243,2025-04-29,completed,wallet
20247,1892,2025-11-18,completed,card
20248,2331,2025-01-15,completed,wallet
20249,843,2025-04-07,completed,wallet
20250,278,2025-07-27,completed,card
20251,2336,2025-12-03,completed,card
20252,1200,2025-10-11,completed,card
20253,290,2024-02-25,completed,wallet
20254,2336,2025-06-30,completed,atm
20255,1817,2024-02-23,completed,atm
20256,1630,2024-11-14,completed,card
20257,1042,2025-10-13,completed,wallet
20258,2381,2024-03-13,completed,card
20259,1880,2024-12-05,completed,atm
20260,335,2024-06-05,completed,card
20261,2286,2025-03-15,completed,atm
20262,1468,2024-07-15,completed,atm
20263,2080,2025-03-27,completed,card
20264,1815,2025-01-15,completed,card
20265,591,2024-08-16,completed,card
20266,280,2024-12-26,completed,card
20267,1756,2025-08-25,completed,atm
20268,1352,2024-05-11,cancelled,card
20269,386,2025-11-25,completed,card
20270,516,2025-03-07,completed,card
20271,1921,2024-05-11,completed,card
20272,958,2024-02-13,completed,atm
20273,1416,2025-03-01,completed,card
20274,112,2024-02-27,completed,atm
20275,2431,2024-12-30,completed,card
20276,1735,2025-02-11,completed,atm
20277,935,2025-08-10,completed,card
20278,338,2025-05-06,completed,card
20279,522,2025-03-11,completed,atm
20280,86,2025-04-29,completed,card
20281,90,2025-10-29,completed,card
20282,1749,2025-02-11,completed,card
20283,1976,2025-01-10,completed,cod
20284,708,2025-07-08,completed,card
20285,1456,2024-12-03,completed,atm
20286,725,2024-06-07,completed,atm
20287,348,2024-02-11,completed,card
20288,2215,2024-11-30,completed,wallet
20289,2310,2024-07-03,completed,card
20290,1524,2025-08-09,completed,atm
20291,843,2025-08-19,completed,card
20292,1444,2025-02-19,completed,wallet
20293,1563,2025-02-05,completed,cod
20294,976,2024-12-01,cancelled,wallet
20295,1337,2025-01-04,completed,card
20296,582,2024-11-28,completed,card
20297,1038,2025-02-08,completed,atm
20298,2120,2025-01-12,completed,card
20299,981,2025-10-05,completed,atm
20300,1784,2025-09-24,completed,card
20301,1573,2024-11-03,completed,wallet
20302,92,2024-06-10,completed,card
20303,787,2024-05-18,completed,wallet
20304,2180,2024-02-05,completed,card
20305,1331,2024-11-08,completed,card
20306,1562,2024-05-14,completed,card
20307,2257,2024-12-16,completed,card
20308,1750,2024-08-05,completed,wallet
20309,623,2025-10-27,completed,atm
20310,689,2024-06-01,completed,card
20311,1571,2025-12-04,completed,card
20312,593,2024-06-02,completed,card
20313,662,2025-11-18,completed,card
20314,900,2024-01-02,completed,atm
20315,1247,2024-02-29,completed,wallet
20316,878,2024-12-01,completed,wallet
20317,2340,2024-11-09,completed,cod
20318,903,2025-05-23,completed,cod
20319,2119,2024-02-29,completed,cod
20320,813,2024-08-07,completed,card
20321,904,2025-01-03,completed,card
20322,417,2024-11-21,completed,wallet
20323,691,2024-06-23,completed,card
20324,2052,2024-03-16,completed,card
20325,2140,2025-05-20,completed,wallet
20326,198,2024-08-29,completed,card
20327,115,2024-04-02,completed,atm
20328,1431,2025-01-27,completed,card
20329,1967,2025-05-26,completed,atm
20330,821,2025-10-12,completed,atm
20331,1267,2024-12-05,completed,atm
20332,1949,2024-02-17,completed,card
20333,2224,2024-10-06,completed,card
20334,2044,2025-09-10,completed,atm
20335,2467,2024-09-20,completed,atm
20336,1659,2025-01-03,completed,card
20337,2137,2025-04-26,completed,card
20338,1682,2025-06-11,completed,wallet
20339,1674,2024-08-09,completed,card
20340,1896,2024-08-08,completed,card
20341,1649,2025-12-17,completed,card
20342,2468,2024-09-08,completed,card
20343,866,2025-08-02,completed,card
20344,2136,2024-11-16,completed,cod
20345,590,2024-02-06,completed,card
20346,1707,2025-11-21,completed,card
20347,1293,2024-01-02,completed,card
20348,355,2025-05-25,completed,wallet
20349,420,2025-01-18,completed,atm
20350,1186,2025-06-01,completed,wallet
20351,8,2024-09-09,completed,card
20352,1582,2024-03-14,completed,card
20353,1010,2024-01-25,completed,wallet
20354,2398,2024-09-26,completed,card
20355,182,2024-01-04,completed,card
20356,231,2025-09-28,completed,card
20357,1477,2024-11-08,completed,atm
20358,1977,2024-04-24,completed,atm
20359,1483,2025-05-18,completed,card
20360,672,2024-07-12,cancelled,card
20361,2179,2025-11-15,completed,card
20362,1509,2025-09-07,completed,card
20363,76,2024-05-29,completed,card
20364,1898,2025-05-31,completed,card
20365,1281,2024-08-06,completed,atm
20366,2261,2024-10-03,completed,card
20367,301,2024-01-15,completed,wallet
20368,2322,2025-06-10,completed,wallet
20369,2242,2024-02-10,completed,atm
20370,916,2024-12-25,cancelled,cod
20371,516,2024-06-09,completed,cod
20372,2399,2025-01-09,completed,atm
20373,2198,2024-02-01,completed,card
20374,1241,2024-10-14,cancelled,card
20375,1891,2024-11-02,completed,card
20376,205,2024-01-26,completed,cod
20377,1325,2024-09-27,completed,atm
20378,1207,2024-09-16,completed,card
20379,1995,2025-10-07,completed,atm
20380,1543,2025-11-15,completed,card
20381,298,2024-11-26,completed,wallet
20382,1579,2024-08-07,completed,cod
20383,1675,2025-05-30,completed,card
20384,2463,2024-12-18,completed,wallet
20385,801,2025-10-13,completed,card
20386,677,2024-04-06,cancelled,card
20387,1940,2024-10-08,cancelled,card
20388,398,2024-02-04,completed,card
20389,1683,2024-02-10,completed,card
20390,1276,2025-04-15,completed,card
20391,1511,2024-05-10,completed,card
20392,2167,2025-02-26,completed,atm
20393,1164,2025-01-28,completed,atm
20394,619,2024-07-05,completed,atm
20395,1533,2024-03-29,completed,wallet
20396,1923,2024-12-24,completed,card
20397,1211,2025-02-20,completed,card
20398,2144,2024-12-22,completed,card
20399,1596,2025-11-12,completed,card
20400,1301,2024-01-17,completed,card
20401,1476,2025-04-04,completed,card
20402,968,2024-11-23,refunded,card
20403,2007,2024-01-27,completed,atm
20404,1542,2025-03-30,completed,card
20405,685,2024-02-28,completed,card
20406,828,2025-08-14,completed,cod
20407,238,2025-09-29,completed,atm
20408,694,2025-03-18,completed,wallet
20409,1754,2024-10-17,completed,wallet
20410,731,2024-08-16,completed,card
20411,2225,2025-04-13,completed,card
20412,26,2025-08-08,completed,card
20413,1933,2025-04-11,completed,atm
20414,649,2024-08-04,completed,atm
20415,2042,2025-07-19,completed,atm
20416,2318,2025-08-23,completed,wallet
20417,308,2024-03-18,completed,card
20418,325,2024-01-17,completed,cod
20419,2271,2025-06-28,completed,card
20420,313,2024-12-02,completed,card
20421,1947,2025-02-18,completed,atm
20422,1643,2024-08-13,completed,atm
20423,1019,2024-12-27,completed,cod
20424,262,2024-03-15,completed,atm
20425,462,2024-10-30,completed,cod
20426,917,2025-05-15,completed,card
20427,1765,2024-12-20,completed,card
20428,788,2024-12-27,completed,card
20429,220,2025-02-26,completed,card
20430,1736,2025-04-22,completed,atm
20431,1847,2024-07-12,completed,card
20432,2131,2025-12-10,completed,card
20433,1822,2024-03-14,completed,atm
20434,391,2024-02-24,completed,card
20435,1561,2025-11-08,completed,card
20436,1812,2025-02-19,completed,card
20437,2363,2025-05-20,completed,card
20438,614,2025-09-11,completed,cod
20439,1056,2025-07-28,completed,wallet
20440,2201,2024-02-12,completed,card
20441,829,2024-09-19,completed,card
20442,2061,2024-03-17,completed,atm
20443,1045,2025-11-21,completed,card
20444,524,2024-10-26,completed,card
20445,1609,2024-03-31,completed,atm
20446,1854,2024-09-28,completed,card
20447,2201,2025-08-17,completed,atm
20448,2254,2024-11-28,completed,card
20449,1503,2025-01-24,completed,atm
20450,582,2024-01-31,completed,card
20451,542,2024-10-26,completed,card
20452,1713,2025-12-22,refunded,wallet
20453,382,2025-02-10,completed,atm
20454,917,2025-07-11,completed,cod
20455,1676,2024-02-24,completed,card
20456,2050,2025-02-22,completed,cod
20457,2129,2024-01-04,completed,card
20458,2089,2024-06-24,completed,card
20459,1384,2025-08-05,completed,atm
20460,2009,2024-01-31,cancelled,card
20461,2425,2024-05-14,cancelled,atm
20462,104,2025-05-22,completed,atm
20463,2409,2025-12-21,completed,atm
20464,2023,2025-04-14,completed,card
20465,1336,2025-11-16,completed,card
20466,801,2025-05-08,completed,card
20467,1691,2025-04-26,completed,card
20468,511,2024-02-18,completed,atm
20469,1094,2024-02-17,completed,card
20470,86,2024-01-13,completed,card
20471,1447,2025-07-06,completed,card
20472,380,2024-05-07,completed,card
20473,2358,2024-01-27,completed,card
20474,1998,2024-05-19,completed,cod
20475,2497,2025-10-04,completed,wallet
20476,1223,2024-11-26,completed,wallet
20477,2294,2024-09-05,refunded,card
20478,189,2025-12-29,completed,card
20479,348,2024-06-26,completed,card
20480,442,2025-01-27,completed,atm
20481,3,2025-08-31,completed,card
20482,1339,2025-03-01,completed,atm
20483,1291,2025-07-05,completed,card
20484,1799,2025-11-26,completed,card
20485,1689,2024-01-18,completed,card
20486,262,2025-02-13,completed,card
20487,1212,2024-01-20,completed,atm
20488,100,2025-10-20,completed,atm
20489,991,2024-02-11,completed,card
20490,904,2025-11-11,completed,atm
20491,643,2025-01-10,completed,cod
20492,1921,2025-02-28,completed,card
20493,1063,2024-04-20,completed,atm
20494,1206,2024-02-05,completed,wallet
20495,1363,2024-08-02,completed,card
20496,849,2025-11-26,completed,wallet
20497,1622,2025-06-21,completed,card
20498,516,2024-07-13,completed,wallet
20499,143,2024-07-14,completed,card
20500,754,2024-04-08,completed,atm
20501,2093,2024-02-01,completed,wallet
20502,2356,2024-11-12,completed,card
20503,1865,2025-05-31,completed,wallet
20504,1728,2024-12-18,completed,atm
20505,1363,2025-07-18,cancelled,card
20506,307,2025-02-08,completed,card
20507,2381,2025-09-18,completed,card
20508,981,2025-01-13,completed,atm
20509,1271,2025-03-30,refunded,card
20510,419,2024-12-14,completed,card
20511,1797,2025-10-08,completed,atm
20512,1136,2024-01-10,completed,atm
20513,713,2025-03-29,completed,atm
20514,2062,2024-12-07,completed,card
20515,2275,2024-01-02,completed,card
20516,783,2025-05-26,completed,card
20517,923,2024-09-22,completed,card
20518,1603,2024-01-10,completed,wallet
20519,249,2025-03-18,refunded,card
20520,1138,2025-02-04,completed,card
20521,1435,2024-04-20,completed,atm
20522,1990,2024-01-01,completed,card
20523,2100,2024-03-04,completed,card
20524,1115,2025-12-22,completed,atm
20525,2029,2024-12-14,completed,card
20526,1694,2025-04-12,completed,card
20527,1745,2025-05-15,completed,card
20528,1205,2025-10-01,completed,wallet
20529,1238,2024-12-26,completed,atm
20530,369,2024-04-21,completed,card
20531,233,2025-01-25,cancelled,cod
20532,2046,2025-08-05,completed,card
20533,1005,2025-01-13,completed,atm
20534,2085,2025-07-26,completed,atm
20535,2136,2024-07-28,completed,card
20536,303,2024-07-29,completed,card
20537,1296,2025-05-29,completed,card
20538,283,2024-11-19,completed,wallet
20539,1361,2024-12-20,completed,card
20540,2322,2025-11-18,completed,atm
20541,1220,2024-12-22,completed,card
20542,348,2024-02-23,completed,card
20543,66,2025-04-20,completed,atm
20544,238,2025-02-13,refunded,card
20545,2388,2025-11-06,completed,wallet
20546,1071,2024-09-28,completed,atm
20547,503,2024-03-23,completed,card
20548,2475,2025-08-12,completed,wallet
20549,979,2024-07-07,completed,wallet
20550,448,2024-01-06,completed,card
20551,657,2025-03-31,completed,card
20552,2240,2025-12-26,completed,card
20553,388,2024-06-20,cancelled,wallet
20554,75,2025-07-05,completed,wallet
20555,597,2025-07-31,completed,card
20556,1869,2025-01-28,completed,atm
20557,1940,2024-03-28,completed,wallet
20558,965,2025-10-10,completed,card
20559,1453,2024-12-04,completed,atm
20560,333,2024-09-30,completed,atm
20561,851,2024-02-25,completed,cod
20562,177,2024-02-26,completed,cod
20563,1660,2024-11-11,completed,card
20564,1816,2025-08-11,completed,cod
20565,173,2024-10-05,completed,atm
20566,1183,2024-04-09,completed,atm
20567,64,2025-10-01,completed,card
20568,2050,2025-10-22,completed,atm
20569,735,2025-11-15,completed,card
20570,1113,2025-12-22,completed,atm
20571,952,2024-07-24,completed,card
20572,1931,2024-05-30,completed,atm
20573,2341,2025-12-12,completed,atm
20574,52,2024-05-04,completed,card
20575,1879,2025-08-13,completed,atm
20576,2386,2024-12-27,completed,card
20577,110,2025-04-03,completed,wallet
20578,563,2025-03-30,completed,atm
20579,2169,2025-01-14,completed,cod
20580,2139,2025-01-13,completed,atm
20581,397,2025-01-07,completed,wallet
20582,1453,2024-06-03,completed,card
20583,2085,2024-05-07,completed,card
20584,1648,2024-03-23,completed,card
20585,1700,2024-08-31,completed,wallet
20586,2119,2025-02-12,completed,card
20587,1654,2025-07-10,completed,wallet
20588,401,2024-02-04,cancelled,card
20589,935,2024-01-24,completed,card
20590,886,2025-08-03,completed,atm
20591,2232,2024-05-12,completed,cod
20592,1378,2025-12-21,completed,card
20593,1943,2025-10-20,completed,cod
20594,1157,2025-03-16,completed,wallet
20595,1114,2024-12-02,refunded,card
20596,1156,2025-08-11,completed,atm
20597,1554,2024-03-24,completed,card
20598,2006,2024-12-20,completed,cod
20599,384,2024-01-20,completed,atm
20600,2230,2024-12-11,completed,card
20601,446,2025-08-28,completed,card
20602,1054,2025-01-21,completed,wallet
20603,1393,2024-01-31,completed,atm
20604,847,2025-05-18,completed,card
20605,2286,2024-08-31,completed,card
20606,2087,2025-04-16,completed,cod
20607,1001,2025-08-18,completed,cod
20608,8,2024-09-27,completed,wallet
20609,336,2025-02-22,completed,atm
20610,1973,2025-12-17,completed,cod
20611,1043,2025-10-26,completed,card
20612,1291,2025-01-12,completed,atm
20613,1248,2025-03-02,completed,atm
20614,46,2024-05-11,completed,card
20615,2244,2025-12-15,completed,atm
20616,2133,2024-02-17,completed,card
20617,2307,2025-02-04,completed,card
20618,2350,2025-04-18,completed,card
20619,47,2024-04-02,completed,cod
20620,654,2024-01-15,completed,card
20621,434,2024-08-30,completed,wallet
20622,1864,2024-12-03,completed,cod
20623,1095,2025-01-31,completed,atm
20624,1943,2024-06-24,completed,card
20625,291,2025-12-07,completed,cod
20626,4,2024-09-23,completed,card
20627,958,2025-08-09,completed,wallet
20628,1620,2025-06-05,completed,card
20629,1062,2025-09-25,completed,cod
20630,1610,2024-12-13,completed,wallet
20631,1719,2024-09-28,completed,atm
20632,140,2025-09-27,completed,card
20633,174,2025-01-19,refunded,card
20634,2367,2025-09-22,completed,wallet
20635,864,2024-10-22,completed,card
20636,1652,2025-06-09,completed,atm
20637,429,2025-01-27,completed,cod
20638,702,2024-01-18,completed,card
20639,1140,2024-05-21,completed,wallet
20640,2325,2025-07-13,completed,cod
20641,2374,2024-06-07,completed,atm
20642,2139,2024-08-01,completed,card
20643,686,2024-02-28,completed,card
20644,1969,2024-09-24,refunded,atm
20645,1360,2025-08-18,completed,card
20646,69,2025-11-27,completed,card
20647,1773,2025-08-12,completed,card
20648,1022,2024-08-06,completed,card
20649,2219,2024-04-17,completed,atm
20650,1747,2024-06-11,completed,card
20651,511,2024-08-27,completed,atm
20652,8,2025-10-15,refunded,card
20653,1758,2024-04-25,completed,atm
20654,716,2024-06-02,completed,wallet
20655,1029,2025-12-16,completed,wallet
20656,1054,2024-08-15,completed,atm
20657,1326,2024-11-14,completed,atm
20658,654,2025-04-24,completed,card
20659,557,2025-12-07,completed,wallet
20660,1269,2024-12-08,completed,card
20661,500,2025-10-28,completed,atm
20662,1171,2024-03-16,completed,cod
20663,442,2024-04-21,completed,atm
20664,212,2025-11-02,completed,atm
20665,584,2025-05-06,completed,cod
20666,1949,2024-07-02,completed,atm
20667,177,2025-11-27,completed,atm
20668,1443,2024-12-03,completed,atm
20669,566,2024-07-15,completed,atm
20670,2170,2025-09-01,cancelled,card
20671,1577,2024-10-25,completed,card
20672,2045,2025-01-22,completed,atm
20673,1715,2025-11-03,completed,wallet
20674,1916,2024-01-20,completed,card
20675,1888,2025-05-12,completed,wallet
20676,9,2025-12-17,completed,atm
20677,1754,2025-01-14,refunded,wallet
20678,406,2025-09-19,completed,atm
20679,896,2024-05-13,completed,card
20680,587,2024-01-28,completed,wallet
20681,67,2025-01-28,completed,card
20682,2179,2024-01-21,completed,card
20683,516,2025-12-17,completed,atm
20684,965,2024-10-17,completed,cod
20685,1049,2024-09-21,completed,cod
20686,2242,2025-01-29,completed,card
20687,2386,2025-06-18,completed,card
20688,335,2024-10-10,completed,card
20689,2496,2024-02-15,completed,wallet
20690,13,2024-08-22,refunded,atm
20691,730,2024-05-19,completed,cod
20692,149,2025-08-19,completed,card
20693,841,2025-10-20,completed,wallet
20694,1247,2025-07-28,completed,card
20695,1862,2025-12-03,completed,atm
20696,2024,2025-12-10,completed,cod
20697,1673,2024-03-09,completed,card
20698,1980,2025-02-16,completed,card
20699,571,2025-02-04,completed,atm
20700,15,2025-01-28,completed,wallet
20701,1269,2024-08-05,completed,atm
20702,232,2024-01-14,completed,wallet
20703,347,2024-10-02,completed,atm
20704,623,2024-03-07,completed,wallet
20705,1781,2025-06-02,completed,card
20706,1144,2024-11-25,completed,card
20707,2152,2025-07-08,completed,cod
20708,502,2025-11-18,completed,cod
20709,1694,2024-04-10,completed,card
20710,1344,2024-02-10,completed,atm
20711,462,2024-04-16,completed,card
20712,1994,2025-11-27,completed,wallet
20713,646,2025-04-28,completed,card
20714,417,2025-08-21,completed,atm
20715,224,2024-02-02,completed,cod
20716,1488,2024-12-05,completed,card
20717,109,2025-03-15,completed,card
20718,1104,2025-12-12,completed,card
20719,84,2025-09-09,completed,wallet
20720,1754,2025-07-17,completed,card
20721,229,2024-12-18,completed,card
20722,561,2025-12-03,completed,card
20723,150,2024-07-10,completed,card
20724,8,2024-01-12,completed,wallet
20725,1875,2025-12-10,completed,atm
20726,1317,2025-04-04,cancelled,card
20727,1223,2024-10-29,completed,card
20728,1419,2025-01-17,completed,card
20729,1158,2025-06-23,completed,cod
20730,746,2024-01-27,completed,atm
20731,492,2024-08-18,completed,cod
20732,367,2024-12-02,completed,card
20733,1475,2025-10-11,completed,card
20734,1420,2025-06-25,completed,card
20735,2302,2025-01-06,completed,wallet
20736,1451,2024-10-05,completed,card
20737,2392,2025-03-12,completed,card
20738,2301,2024-08-28,cancelled,card
20739,654,2025-02-21,completed,atm
20740,551,2024-09-18,completed,card
20741,1427,2024-02-28,completed,card
20742,2236,2024-04-14,completed,card
20743,68,2025-01-23,completed,cod
20744,818,2024-07-29,completed,card
20745,2283,2025-12-20,completed,card
20746,682,2025-03-08,completed,atm
20747,2172,2024-08-10,completed,card
20748,2077,2025-07-18,completed,atm
20749,1811,2024-09-22,completed,card
20750,1822,2024-01-06,completed,card
20751,1509,2025-10-07,completed,card
20752,64,2025-10-25,completed,card
20753,150,2025-02-03,completed,card
20754,1750,2025-04-22,completed,card
20755,201,2025-03-29,completed,card
20756,1059,2024-12-04,completed,cod
20757,1614,2025-05-28,completed,card
20758,975,2025-06-10,completed,atm
20759,1075,2025-11-23,completed,atm
20760,1603,2025-08-20,completed,card
20761,1506,2024-01-23,completed,card
20762,1737,2024-12-16,cancelled,wallet
20763,95,2024-11-29,completed,wallet
20764,920,2024-07-06,completed,card
20765,2229,2024-01-30,completed,card
20766,1377,2025-10-03,completed,atm
20767,166,2025-05-18,completed,card
20768,118,2024-03-08,cancelled,card
20769,1279,2024-07-14,completed,card
20770,1811,2025-02-28,completed,card
20771,1741,2025-07-23,completed,wallet
20772,2443,2025-09-07,completed,card
20773,2145,2025-08-25,completed,card
20774,2209,2024-10-23,completed,atm
20775,1380,2025-02-28,completed,card
20776,939,2024-04-09,completed,card
20777,236,2025-10-04,completed,cod
20778,1980,2025-03-11,completed,atm
20779,194,2024-01-20,completed,wallet
20780,754,2025-11-04,completed,wallet
20781,238,2024-01-29,completed,atm
20782,2076,2025-12-29,completed,atm
20783,133,2024-02-10,completed,atm
20784,200,2024-08-12,completed,cod
20785,1093,2024-05-22,completed,atm
20786,1275,2024-01-21,completed,cod
20787,1786,2025-06-08,completed,cod
20788,499,2024-08-26,cancelled,card
20789,391,2025-08-24,completed,card
20790,1536,2024-12-27,completed,atm
20791,2451,2025-01-05,completed,wallet
20792,693,2025-04-26,completed,wallet
20793,2144,2024-11-13,completed,wallet
20794,1297,2025-03-14,completed,cod
20795,419,2024-08-24,completed,card
20796,2295,2024-04-21,completed,card
20797,646,2024-12-02,completed,card
20798,1379,2025-07-24,completed,wallet
20799,689,2025-10-03,completed,atm
20800,2210,2024-12-29,completed,atm
20801,72,2025-02-07,completed,atm
20802,1191,2024-04-23,completed,card
20803,301,2025-10-19,completed,atm
20804,2079,2024-08-29,completed,card
20805,1256,2024-12-12,completed,card
20806,2163,2024-05-24,completed,card
20807,1715,2024-10-04,completed,card
20808,580,2025-10-04,completed,card
20809,2179,2024-02-27,completed,wallet
20810,1748,2025-08-31,completed,card
20811,1526,2025-01-07,completed,card
20812,1619,2024-06-27,completed,card
20813,1394,2025-01-19,completed,card
20814,2129,2025-05-01,completed,card
20815,2268,2024-03-16,completed,card
20816,1811,2024-08-27,completed,cod
20817,293,2025-11-05,completed,cod
20818,804,2025-06-14,cancelled,card
20819,584,2025-11-29,refunded,atm
20820,1732,2024-09-21,completed,card
20821,2381,2025-07-16,completed,atm
20822,2226,2025-11-14,completed,wallet
20823,313,2025-04-18,completed,card
20824,986,2024-07-14,refunded,card
20825,2209,2024-05-25,completed,card
20826,1104,2025-10-13,completed,card
20827,2232,2025-02-05,completed,card
20828,166,2025-01-03,refunded,card
20829,1765,2025-12-12,completed,card
20830,1031,2025-04-04,completed,card
20831,1299,2024-12-19,completed,card
20832,1183,2024-05-04,completed,atm
20833,2430,2025-12-20,completed,card
20834,1747,2024-07-09,completed,cod
20835,1493,2024-09-03,completed,card
20836,2087,2024-01-23,completed,atm
20837,1622,2024-11-15,completed,card
20838,1986,2025-05-07,completed,atm
20839,833,2024-02-09,completed,atm
20840,730,2024-07-11,completed,card
20841,2428,2025-01-24,completed,atm
20842,262,2025-06-04,completed,card
20843,1300,2025-10-14,completed,card
20844,1946,2024-09-07,completed,card
20845,1206,2024-03-15,completed,atm
20846,2128,2024-03-17,completed,atm
20847,340,2025-05-16,completed,card
20848,16,2025-04-11,completed,card
20849,876,2025-08-20,completed,card
20850,1916,2024-03-28,completed,card
20851,1548,2025-02-02,completed,card
20852,89,2024-05-09,completed,card
20853,1041,2025-02-15,completed,card
20854,2272,2025-04-21,completed,card
20855,2127,2025-11-22,completed,atm
20856,2366,2025-02-22,refunded,card
20857,1293,2024-10-04,refunded,card
20858,1990,2025-09-20,completed,atm
20859,712,2024-07-22,completed,card
20860,1746,2025-12-26,completed,cod
20861,1499,2024-03-31,completed,atm
20862,2331,2025-10-30,completed,card
20863,2180,2024-09-04,completed,card
20864,627,2025-08-03,completed,card
20865,2096,2025-02-11,completed,card
20866,109,2025-02-15,refunded,card
20867,2132,2024-09-06,completed,card
20868,88,2024-10-18,completed,card
20869,102,2024-02-27,completed,atm
20870,1485,2025-04-23,completed,card
20871,1287,2024-06-28,completed,card
20872,1873,2025-10-19,completed,cod
20873,598,2024-01-04,refunded,atm
20874,979,2024-04-07,completed,card
20875,2187,2024-10-20,refunded,atm
20876,659,2024-12-31,completed,atm
20877,931,2024-08-19,completed,card
20878,1479,2024-08-22,refunded,atm
20879,1669,2025-12-25,completed,atm
20880,1280,2024-10-22,completed,atm
20881,704,2024-12-14,completed,card
20882,1331,2025-08-24,completed,card
20883,1925,2024-12-24,completed,atm
20884,2041,2025-05-22,completed,cod
20885,2192,2024-02-11,completed,card
20886,985,2024-07-18,completed,card
20887,2054,2024-12-29,completed,atm
20888,2423,2024-01-26,completed,wallet
20889,1613,2024-04-05,completed,wallet
20890,402,2024-07-09,completed,card
20891,1871,2024-06-19,completed,cod
20892,279,2024-07-31,completed,wallet
20893,1452,2025-08-22,completed,card
20894,2101,2025-07-07,refunded,card
20895,1088,2025-06-09,completed,card
20896,2063,2024-05-28,completed,card
20897,263,2024-12-04,completed,card
20898,623,2024-02-12,completed,wallet
20899,1671,2024-04-03,completed,card
20900,1394,2025-03-31,completed,atm
20901,2333,2024-08-19,completed,card
20902,338,2024-05-01,completed,wallet
20903,105,2024-03-18,completed,atm
20904,1901,2025-09-14,completed,card
20905,2407,2024-11-22,completed,card
20906,904,2024-09-18,completed,cod
20907,1844,2024-10-26,completed,card
20908,2457,2024-02-06,completed,card
20909,2317,2024-12-13,completed,cod
20910,1968,2025-09-09,completed,card
20911,725,2024-12-30,completed,card
20912,1837,2025-09-12,completed,cod
20913,292,2025-07-27,completed,card
20914,1306,2025-01-10,completed,atm
20915,661,2025-03-31,completed,atm
20916,1820,2024-10-25,completed,wallet
20917,84,2025-08-03,completed,atm
20918,521,2024-08-14,cancelled,card
20919,549,2024-09-01,completed,card
20920,123,2025-05-30,completed,wallet
20921,877,2024-05-12,completed,atm
20922,2333,2025-11-13,completed,cod
20923,1649,2025-09-03,completed,atm
20924,1963,2025-05-24,completed,card
20925,1391,2024-08-30,completed,card
20926,1183,2025-11-11,completed,atm
20927,1415,2025-12-04,completed,atm
20928,933,2025-12-19,completed,card
20929,1220,2024-05-01,completed,wallet
20930,587,2024-05-25,refunded,card
20931,1335,2024-12-05,completed,card
20932,720,2024-01-04,completed,card
20933,375,2024-08-30,completed,wallet
20934,954,2025-05-31,completed,cod
20935,372,2024-10-02,completed,card
20936,1791,2025-02-06,completed,card
20937,1664,2025-06-12,completed,card
20938,2215,2025-08-18,completed,card
20939,2086,2024-05-03,completed,card
20940,528,2024-08-05,completed,card
20941,1524,2025-11-13,completed,atm
20942,926,2024-12-13,completed,card
20943,519,2025-10-14,completed,atm
20944,517,2025-11-21,completed,card
20945,1283,2025-12-09,completed,atm
20946,1072,2024-01-19,completed,wallet
20947,959,2025-02-24,completed,card
20948,553,2025-03-18,completed,atm
20949,295,2024-12-24,completed,atm
20950,2292,2025-06-18,completed,card
20951,1421,2025-01-06,completed,card
20952,1284,2025-01-27,refunded,cod
20953,70,2025-12-25,completed,atm
20954,1826,2025-03-15,completed,cod
20955,214,2024-02-13,completed,atm
20956,2068,2024-07-07,completed,wallet
20957,2290,2024-05-10,completed,cod
20958,1279,2024-11-08,completed,cod
20959,183,2025-12-08,completed,cod
20960,1377,2025-12-13,completed,card
20961,419,2025-01-22,completed,card
20962,1719,2025-10-04,completed,card
20963,2093,2024-11-30,completed,card
20964,1465,2024-09-10,completed,card
20965,24,2024-02-01,completed,wallet
20966,372,2025-10-02,completed,wallet
20967,2353,2025-01-24,refunded,card
20968,2413,2025-01-05,completed,atm
20969,449,2025-09-14,completed,card
20970,41,2024-03-05,completed,atm
20971,337,2025-03-17,completed,wallet
20972,1659,2024-08-24,completed,wallet
20973,1270,2025-08-05,completed,card
20974,1868,2024-12-16,completed,atm
20975,1046,2025-08-05,completed,wallet
20976,1442,2024-08-09,completed,card
20977,724,2025-10-02,completed,card
20978,296,2025-01-17,completed,atm
20979,2052,2024-08-29,completed,atm
20980,2065,2025-12-06,completed,card
20981,550,2024-11-01,completed,card
20982,1924,2025-10-22,refunded,card
20983,145,2025-11-17,completed,cod
20984,1957,2025-02-24,completed,atm
20985,1352,2024-10-01,cancelled,cod
20986,406,2025-07-25,completed,card
20987,1433,2025-08-14,completed,card
20988,2274,2024-12-15,completed,atm
20989,1382,2025-02-23,refunded,card
20990,474,2025-10-12,completed,card
20991,1572,2024-11-09,completed,card
20992,1988,2024-12-06,completed,card
20993,1088,2025-11-14,completed,card
20994,1209,2025-03-23,completed,card
20995,75,2025-12-22,completed,card
20996,449,2025-11-22,completed,card
20997,1114,2025-07-24,completed,card
20998,452,2025-08-21,completed,cod
20999,1908,2025-03-23,completed,wallet
21000,970,2025-12-29,completed,atm
21001,1119,2024-11-06,completed,card
21002,260,2025-10-14,completed,card
21003,488,2024-11-03,completed,atm
21004,153,2025-07-01,completed,atm
21005,1335,2025-06-14,completed,atm
21006,1014,2025-05-17,completed,card
21007,1502,2024-12-11,completed,card
21008,2335,2024-09-30,completed,cod
21009,1918,2024-11-13,cancelled,atm
21010,1484,2024-01-25,completed,cod
21011,2024,2024-09-22,completed,card
21012,325,2025-01-02,completed,card
21013,641,2025-11-22,completed,card
21014,1687,2025-05-26,completed,card
21015,2459,2025-03-18,completed,wallet
21016,1031,2025-10-29,completed,card
21017,1112,2024-10-23,completed,card
21018,1978,2025-03-21,completed,cod
21019,2009,2024-01-31,completed,card
21020,1671,2024-03-09,completed,atm
21021,562,2025-07-13,completed,card
21022,650,2024-10-19,completed,cod
21023,2019,2025-10-20,completed,card
21024,1073,2025-05-20,completed,wallet
21025,1956,2024-05-06,completed,wallet
21026,1405,2024-01-28,completed,cod
21027,1728,2025-05-13,cancelled,cod
21028,1134,2025-12-04,completed,wallet
21029,2302,2025-07-26,completed,card
21030,696,2024-11-04,completed,wallet
21031,1512,2025-07-08,completed,card
21032,2357,2024-08-10,completed,atm
21033,185,2025-12-23,completed,card
21034,2470,2024-02-24,completed,card
21035,173,2024-09-09,cancelled,atm
21036,2164,2025-10-18,completed,card
21037,1990,2025-09-18,cancelled,card
21038,1411,2025-04-16,completed,card
21039,448,2024-08-15,completed,card
21040,1786,2025-07-27,completed,wallet
21041,1135,2025-04-21,completed,atm
21042,2103,2025-06-17,completed,card
21043,748,2024-04-11,refunded,cod
21044,2059,2024-08-19,completed,cod
21045,2180,2024-06-19,completed,wallet
21046,981,2025-08-14,completed,atm
21047,1870,2025-01-05,completed,wallet
21048,1211,2024-06-21,completed,atm
21049,338,2025-11-03,completed,card
21050,2159,2025-04-29,completed,card
21051,994,2024-07-02,completed,atm
21052,812,2025-04-19,completed,card
21053,54,2025-07-05,completed,wallet
21054,1231,2024-05-25,completed,atm
21055,709,2024-04-25,cancelled,wallet
21056,1939,2025-11-21,completed,wallet
21057,1970,2025-12-29,completed,card
21058,238,2025-08-08,completed,card
21059,654,2024-03-31,completed,atm
21060,1547,2024-02-21,completed,atm
21061,1849,2024-09-18,completed,card
21062,2178,2025-11-29,completed,card
21063,2197,2024-01-31,completed,atm
21064,1660,2024-12-23,completed,atm
21065,908,2025-12-23,cancelled,atm
21066,2394,2025-10-22,completed,card
21067,1796,2025-10-19,completed,wallet
21068,2447,2024-03-12,completed,wallet
21069,2434,2025-02-09,completed,atm
21070,1950,2024-06-13,completed,card
21071,1943,2025-04-19,completed,card
21072,1381,2025-01-18,completed,card
21073,974,2025-01-06,completed,atm
21074,1900,2024-02-28,completed,wallet
21075,375,2024-07-19,completed,card
21076,2456,2025-07-01,completed,wallet
21077,2183,2025-01-22,completed,atm
21078,290,2025-01-19,completed,card
21079,27,2024-05-01,completed,atm
21080,313,2025-01-31,completed,card
21081,1961,2025-12-28,completed,atm
21082,99,2025-06-22,completed,card
21083,1951,2025-01-20,completed,card
21084,648,2024-05-22,refunded,cod
21085,1819,2024-11-29,completed,card
21086,2334,2024-11-28,completed,atm
21087,2326,2025-06-18,completed,wallet
21088,1903,2024-05-28,completed,cod
21089,1518,2025-01-07,completed,card
21090,2369,2024-11-24,cancelled,atm
21091,518,2025-07-20,completed,wallet
21092,2403,2024-11-29,completed,card
21093,1144,2024-11-11,completed,atm
21094,1651,2025-05-31,completed,wallet
21095,1650,2025-04-15,completed,cod
21096,1413,2025-08-02,completed,card
21097,312,2024-05-14,completed,card
21098,856,2025-02-21,completed,card
21099,1343,2025-06-24,completed,card
21100,175,2024-11-30,completed,card
21101,208,2024-12-07,completed,atm
21102,1627,2024-03-30,completed,atm
21103,2160,2024-05-29,completed,card
21104,1730,2025-10-19,completed,wallet
21105,981,2024-06-01,completed,card
21106,411,2024-09-21,completed,card
21107,1610,2024-12-21,completed,card
21108,2077,2024-02-11,completed,wallet
21109,1352,2025-06-11,completed,wallet
21110,233,2025-12-20,completed,atm
21111,214,2024-12-20,completed,atm
21112,1417,2025-05-02,completed,wallet
21113,1798,2024-08-08,completed,atm
21114,640,2024-02-20,completed,card
21115,2237,2025-03-18,completed,atm
21116,1785,2024-09-24,completed,card
21117,1715,2024-07-29,completed,card
21118,1163,2025-03-09,completed,atm
21119,1181,2025-05-26,cancelled,card
21120,1561,2025-03-17,completed,wallet
21121,2143,2024-11-09,completed,card
21122,1335,2024-05-22,completed,card
21123,2124,2025-11-24,completed,card
21124,440,2024-06-16,completed,cod
21125,527,2025-01-30,completed,card
21126,1532,2024-07-24,completed,card
21127,551,2024-03-12,cancelled,wallet
21128,884,2025-08-08,completed,card
21129,1518,2024-10-15,completed,card
21130,1872,2024-07-21,completed,card
21131,1662,2025-05-29,completed,wallet
21132,2007,2025-08-24,completed,atm
21133,505,2024-12-14,completed,cod
21134,2432,2025-03-24,completed,wallet
21135,1104,2024-02-15,completed,card
21136,1457,2025-11-24,completed,card
21137,863,2025-10-01,completed,card
21138,326,2025-03-12,completed,card
21139,273,2025-01-04,completed,card
21140,1260,2025-09-23,completed,atm
21141,1640,2025-05-16,completed,card
21142,2016,2024-12-12,completed,atm
21143,1611,2025-01-21,cancelled,card
21144,1882,2025-01-28,completed,atm
21145,2419,2025-11-27,completed,card
21146,529,2025-01-26,completed,card
21147,2061,2024-11-17,completed,card
21148,124,2025-08-22,completed,atm
21149,2340,2024-10-06,completed,card
21150,640,2025-12-25,completed,wallet
21151,2286,2024-12-04,completed,card
21152,934,2024-01-06,completed,card
21153,1267,2025-03-25,cancelled,wallet
21154,237,2024-07-09,completed,card
21155,311,2024-06-19,completed,atm
21156,775,2024-03-25,completed,cod
21157,1779,2025-02-25,completed,card
21158,952,2025-08-18,completed,atm
21159,355,2024-05-01,completed,card
21160,1711,2024-08-01,completed,wallet
21161,596,2025-01-30,completed,atm
21162,2384,2025-07-17,completed,atm
21163,851,2024-09-17,completed,wallet
21164,1465,2024-08-28,completed,card
21165,1262,2025-02-01,completed,card
21166,2435,2025-04-20,completed,wallet
21167,1191,2024-04-17,completed,card
21168,189,2025-07-31,refunded,wallet
21169,493,2025-01-04,completed,card
21170,2140,2025-07-13,completed,card
21171,1583,2024-12-28,completed,atm
21172,719,2025-04-16,completed,card
21173,191,2025-09-26,completed,card
21174,157,2024-11-05,completed,card
21175,810,2024-09-22,completed,atm
21176,1469,2024-08-05,completed,card
21177,2008,2025-02-17,completed,card
21178,1266,2025-10-10,completed,wallet
21179,253,2025-05-13,refunded,card
21180,2320,2025-11-26,completed,card
21181,905,2025-12-27,completed,cod
21182,1172,2024-01-20,completed,card
21183,1561,2024-10-24,completed,cod
21184,641,2024-08-06,refunded,card
21185,2314,2025-05-30,completed,atm
21186,726,2025-09-09,completed,atm
21187,569,2024-05-21,completed,cod
21188,2252,2025-11-21,completed,card
21189,408,2025-08-18,completed,atm
21190,2126,2025-04-15,completed,card
21191,1127,2025-01-12,completed,cod
21192,2137,2024-11-14,completed,atm
21193,562,2024-03-12,completed,atm
21194,1209,2024-05-27,completed,atm
21195,2232,2024-02-21,completed,card
21196,1917,2024-08-25,completed,card
21197,2434,2024-12-16,completed,card
21198,1396,2024-05-24,completed,card
21199,2254,2025-02-03,completed,wallet
21200,2305,2025-08-06,completed,card
21201,2290,2024-12-14,completed,card
21202,659,2025-06-04,completed,atm
21203,2331,2024-09-15,refunded,card
21204,1756,2024-04-13,completed,wallet
21205,1336,2024-02-08,completed,card
21206,1084,2025-03-08,completed,atm
21207,1882,2024-05-18,completed,card
21208,1395,2024-06-28,completed,wallet
21209,2440,2025-01-26,completed,wallet
21210,652,2024-08-31,completed,card
21211,59,2025-10-08,completed,card
21212,1747,2025-11-05,refunded,atm
21213,5,2024-02-05,completed,card
21214,605,2025-11-07,completed,card
21215,396,2025-12-03,completed,card
21216,558,2025-11-28,completed,atm
21217,533,2025-05-10,completed,card
21218,449,2025-11-23,completed,atm
21219,1984,2025-09-01,completed,card
21220,135,2024-02-25,completed,wallet
21221,485,2024-10-06,completed,atm
21222,1529,2025-05-16,completed,card
21223,1866,2024-12-31,completed,atm
21224,477,2025-04-15,completed,card
21225,443,2024-09-05,completed,atm
21226,2172,2025-10-07,completed,card
21227,2133,2025-06-07,completed,card
21228,37,2024-10-01,completed,wallet
21229,338,2024-01-14,completed,cod
21230,315,2025-09-10,completed,card
21231,2001,2025-09-02,completed,wallet
21232,2411,2025-08-09,completed,card
21233,1106,2024-11-24,completed,cod
21234,1705,2024-02-05,completed,card
21235,1847,2024-10-04,completed,card
21236,1104,2024-10-06,completed,atm
21237,1031,2025-07-22,completed,atm
21238,2431,2024-10-06,completed,cod
21239,910,2025-12-03,completed,wallet
21240,1806,2025-03-13,completed,card
21241,1691,2025-09-04,completed,card
21242,824,2024-05-30,completed,card
21243,896,2025-09-28,completed,card
21244,584,2024-08-18,completed,atm
21245,1943,2025-07-12,completed,atm
21246,1950,2025-12-14,completed,wallet
21247,1004,2024-06-02,completed,wallet
21248,274,2024-01-15,refunded,card
21249,483,2025-05-03,cancelled,card
21250,762,2024-03-31,completed,atm
21251,1702,2024-04-03,completed,card
21252,2200,2025-11-07,completed,atm
21253,1678,2024-01-17,completed,card
21254,2054,2024-06-26,cancelled,card
21255,859,2024-03-11,completed,card
21256,2295,2024-09-04,completed,card
21257,806,2024-10-09,completed,atm
21258,1038,2024-02-26,completed,atm
21259,626,2025-01-27,completed,wallet
21260,2230,2025-02-13,completed,atm
21261,1157,2024-12-22,completed,atm
21262,244,2024-10-04,completed,card
21263,359,2025-02-11,completed,wallet
21264,187,2025-02-17,completed,card
21265,341,2025-01-08,completed,atm
21266,221,2025-06-02,completed,card
21267,1308,2025-01-18,completed,wallet
21268,1273,2024-08-23,completed,card
21269,1344,2024-08-17,completed,card
21270,717,2025-11-20,completed,atm
21271,1887,2024-06-03,completed,wallet
21272,753,2024-12-11,completed,card
21273,1127,2025-02-13,completed,card
21274,1951,2025-02-21,completed,card
21275,2075,2024-12-12,completed,card
21276,1921,2025-03-14,completed,cod
21277,236,2024-03-29,completed,atm
21278,2037,2024-03-23,completed,atm
21279,472,2025-12-19,completed,card
21280,879,2024-08-09,completed,card
21281,14,2025-07-07,completed,card
21282,2053,2024-07-15,completed,card
21283,420,2024-06-01,completed,atm
21284,1378,2024-03-14,completed,cod
21285,1544,2024-01-07,completed,card
21286,396,2025-12-10,completed,card
21287,1891,2025-11-29,completed,card
21288,1132,2025-12-05,completed,atm
21289,2351,2025-09-12,completed,card
21290,466,2025-03-01,completed,wallet
21291,1303,2025-11-01,completed,card
21292,2448,2024-06-17,completed,wallet
21293,848,2024-11-26,completed,card
21294,1084,2024-06-12,completed,card
21295,689,2025-07-08,completed,wallet
21296,610,2025-06-26,completed,card
21297,1575,2025-07-13,completed,card
21298,2170,2024-11-15,completed,card
21299,2454,2024-07-26,completed,card
21300,2467,2024-03-24,refunded,atm
21301,924,2024-05-12,completed,card
21302,260,2024-11-23,completed,card
21303,647,2025-11-25,completed,card
21304,1061,2025-01-16,completed,atm
21305,1489,2025-08-31,refunded,wallet
21306,1181,2025-03-31,completed,card
21307,754,2025-02-26,completed,cod
21308,200,2025-03-05,completed,card
21309,768,2025-03-07,completed,atm
21310,2025,2025-12-03,completed,card
21311,1034,2025-10-02,completed,atm
21312,390,2024-02-04,completed,card
21313,2075,2025-02-08,completed,card
21314,1135,2025-02-06,completed,atm
21315,1631,2024-08-25,completed,wallet
21316,966,2025-08-06,completed,wallet
21317,2322,2025-11-04,completed,wallet
21318,1640,2025-08-08,completed,card
21319,397,2025-07-18,completed,wallet
21320,602,2024-07-03,completed,atm
21321,272,2025-02-05,completed,card
21322,136,2024-10-30,completed,card
21323,157,2025-09-24,completed,wallet
21324,101,2024-01-06,completed,card
21325,990,2024-12-28,completed,wallet
21326,2137,2024-08-11,cancelled,atm
21327,764,2024-04-15,completed,card
21328,1059,2024-05-07,completed,atm
21329,499,2025-12-29,cancelled,cod
21330,1009,2024-03-10,completed,atm
21331,203,2024-10-11,completed,card
21332,651,2024-10-26,cancelled,atm
21333,2382,2024-02-15,completed,cod
21334,302,2024-09-08,completed,atm
21335,2327,2024-10-04,completed,cod
21336,2291,2025-08-19,completed,atm
21337,1052,2025-08-05,completed,card
21338,1950,2024-10-21,completed,wallet
21339,2024,2024-02-11,completed,card
21340,131,2024-12-15,completed,card
21341,743,2024-08-01,completed,atm
21342,2486,2025-12-08,completed,atm
21343,65,2024-02-22,completed,card
21344,792,2025-01-12,completed,cod
21345,790,2025-08-01,completed,wallet
21346,1344,2024-05-16,completed,card
21347,2488,2024-10-28,completed,atm
21348,695,2025-10-04,completed,wallet
21349,2440,2025-10-23,refunded,card
21350,1316,2024-11-02,completed,card
21351,658,2025-11-21,completed,card
21352,2387,2025-02-13,completed,card
21353,692,2024-12-11,completed,card
21354,256,2024-09-18,completed,atm
21355,460,2024-11-19,completed,wallet
21356,2497,2024-12-18,cancelled,card
21357,1422,2025-12-02,completed,cod
21358,813,2024-12-12,completed,cod
21359,408,2025-01-31,completed,card
21360,240,2024-01-28,completed,card
21361,1491,2025-09-27,completed,card
21362,1806,2025-02-27,completed,card
21363,927,2024-12-24,refunded,card
21364,2357,2024-10-14,completed,card
21365,167,2025-11-22,completed,wallet
21366,429,2025-01-18,completed,card
21367,1797,2025-01-20,completed,atm
21368,1713,2024-05-14,completed,card
21369,461,2025-01-01,completed,atm
21370,1477,2024-01-02,completed,card
21371,2245,2025-10-27,completed,atm
21372,1593,2024-02-13,completed,card
21373,2438,2025-12-20,completed,card
21374,1991,2024-01-27,completed,card
21375,1766,2024-11-15,completed,wallet
21376,1224,2025-01-08,completed,wallet
21377,2047,2024-05-31,completed,card
21378,2468,2024-08-02,completed,cod
21379,755,2024-08-22,completed,card
21380,1993,2024-01-12,completed,atm
21381,680,2025-01-01,completed,card
21382,2050,2024-04-14,completed,atm
21383,428,2025-06-24,cancelled,wallet
21384,1492,2024-11-20,completed,cod
21385,1900,2025-02-01,completed,card
21386,78,2024-02-28,refunded,atm
21387,650,2025-01-10,completed,card
21388,1932,2025-05-21,completed,wallet
21389,1605,2025-11-13,completed,card
21390,98,2024-08-24,completed,card
21391,1395,2025-07-13,completed,card
21392,360,2025-02-16,completed,card
21393,853,2025-07-22,completed,card
21394,2211,2024-10-01,completed,wallet
21395,2345,2025-08-03,completed,atm
21396,2300,2024-08-27,completed,card
21397,1163,2025-08-24,completed,card
21398,110,2024-04-21,completed,card
21399,44,2025-08-26,completed,card
21400,1030,2025-10-21,completed,card
21401,573,2025-01-09,completed,card
21402,1894,2025-05-05,completed,card
21403,1736,2025-02-11,completed,wallet
21404,1750,2024-09-23,completed,atm
21405,238,2025-08-15,refunded,atm
21406,587,2025-11-06,completed,atm
21407,450,2024-05-15,completed,card
21408,255,2024-04-04,completed,card
21409,1110,2025-05-19,completed,card
21410,427,2024-12-13,completed,card
21411,1729,2025-09-18,completed,card
21412,2004,2024-01-16,completed,wallet
21413,2390,2024-09-13,completed,wallet
21414,916,2024-11-10,completed,atm
21415,1203,2025-06-13,completed,wallet
21416,900,2024-08-22,completed,atm
21417,794,2024-01-27,completed,card
21418,1300,2025-05-13,completed,card
21419,448,2024-02-07,refunded,wallet
21420,1248,2025-07-22,completed,card
21421,1668,2025-03-24,completed,wallet
21422,1156,2024-08-23,refunded,atm
21423,1277,2025-05-21,completed,card
21424,2081,2024-11-16,completed,card
21425,691,2025-02-03,completed,wallet
21426,2336,2025-05-05,completed,card
21427,49,2024-09-28,completed,atm
21428,2282,2024-12-01,completed,atm
21429,1653,2025-11-09,completed,card
21430,680,2024-02-22,completed,atm
21431,1276,2024-12-16,completed,cod
21432,1116,2024-08-18,completed,wallet
21433,1561,2024-08-03,completed,cod
21434,2004,2024-08-21,completed,card
21435,255,2025-09-01,completed,atm
21436,1455,2025-04-05,completed,wallet
21437,1660,2024-05-18,completed,card
21438,908,2024-06-26,cancelled,card
21439,30,2025-03-23,completed,atm
21440,104,2025-08-15,refunded,atm
21441,433,2024-08-27,completed,card
21442,1493,2024-04-26,completed,cod
21443,338,2025-09-04,completed,atm
21444,1780,2025-11-26,completed,wallet
21445,446,2024-01-11,completed,card
21446,2231,2025-04-03,completed,card
21447,2020,2024-10-12,completed,card
21448,1005,2025-07-12,completed,atm
21449,50,2024-01-30,completed,wallet
21450,405,2024-02-19,completed,cod
21451,424,2025-03-28,completed,cod
21452,2453,2025-02-11,refunded,card
21453,1454,2024-12-31,completed,wallet
21454,2485,2024-08-26,completed,atm
21455,1902,2025-01-07,completed,atm
21456,652,2024-01-03,completed,wallet
21457,2492,2024-11-25,completed,card
21458,1715,2024-04-17,completed,card
21459,1302,2025-09-15,completed,card
21460,271,2025-11-20,completed,card
21461,1184,2024-10-10,completed,cod
21462,914,2024-08-13,completed,atm
21463,873,2025-06-27,completed,cod
21464,1173,2024-02-24,completed,card
21465,1519,2024-04-05,completed,atm
21466,1827,2024-08-01,completed,card
21467,995,2025-05-11,completed,card
21468,1117,2025-04-01,completed,card
21469,310,2024-04-02,completed,atm
21470,59,2025-03-01,completed,atm
21471,1039,2024-04-01,completed,card
21472,735,2025-08-15,completed,card
21473,914,2024-06-23,cancelled,card
21474,2163,2025-05-15,completed,card
21475,251,2024-01-06,completed,wallet
21476,1173,2024-10-26,completed,card
21477,1189,2025-08-15,completed,card
21478,2215,2024-12-23,completed,wallet
21479,1545,2024-08-16,completed,card
21480,1537,2024-09-06,completed,wallet
21481,554,2024-04-23,completed,card
21482,1923,2025-02-20,completed,cod
21483,965,2024-11-28,completed,card
21484,1820,2025-09-08,completed,wallet
21485,345,2024-12-09,completed,atm
21486,1500,2025-06-23,completed,atm
21487,936,2025-03-11,completed,card
21488,1901,2024-08-14,completed,card
21489,2170,2025-05-09,completed,atm
21490,1292,2024-02-06,completed,atm
21491,203,2024-03-19,completed,atm
21492,2183,2025-01-25,completed,card
21493,1554,2025-11-30,completed,atm
21494,617,2024-04-20,completed,cod
21495,918,2025-03-07,completed,cod
21496,1202,2025-01-31,refunded,atm
21497,895,2024-11-02,completed,atm
21498,362,2024-07-16,completed,card
21499,632,2025-02-15,completed,card
21500,1124,2025-08-22,completed,wallet
21501,239,2024-02-11,completed,card
21502,320,2024-12-08,completed,cod
21503,2312,2024-11-26,completed,card
21504,574,2024-01-24,completed,card
21505,2375,2024-10-06,completed,cod
21506,733,2025-10-25,completed,atm
21507,1449,2025-10-28,completed,atm
21508,524,2024-02-16,completed,card
21509,1545,2025-08-08,completed,card
21510,1783,2025-03-09,completed,card
21511,1394,2024-05-11,completed,card
21512,1375,2024-02-14,completed,wallet
21513,36,2025-07-01,refunded,cod
21514,196,2025-12-07,completed,wallet
21515,1695,2025-12-29,completed,card
21516,1349,2025-02-05,completed,card
21517,1420,2024-04-27,completed,wallet
21518,505,2025-03-29,completed,wallet
21519,1392,2024-11-27,completed,card
21520,907,2025-01-06,completed,wallet
21521,1348,2024-05-24,completed,card
21522,2307,2024-02-22,completed,wallet
21523,295,2024-11-29,completed,atm
21524,2341,2024-09-09,completed,card
21525,1695,2024-08-21,completed,card
21526,2357,2025-09-25,completed,atm
21527,1818,2025-10-30,completed,atm
21528,598,2025-10-22,completed,card
21529,2494,2025-08-23,completed,card
21530,1561,2024-08-05,completed,card
21531,1125,2024-04-17,completed,wallet
21532,2258,2025-06-20,completed,card
21533,2423,2025-05-07,completed,card
21534,1522,2025-02-23,completed,atm
21535,1509,2025-01-31,completed,atm
21536,492,2025-01-22,completed,card
21537,1256,2024-10-14,completed,card
21538,777,2025-01-25,completed,card
21539,1517,2025-08-26,completed,card
21540,561,2024-04-01,completed,card
21541,1496,2025-02-13,completed,card
21542,2466,2024-01-22,completed,card
21543,318,2024-05-10,completed,atm
21544,585,2025-01-22,completed,cod
21545,556,2025-05-29,completed,atm
21546,73,2025-03-24,completed,wallet
21547,2468,2025-10-29,completed,atm
21548,810,2024-05-24,completed,card
21549,1451,2024-02-27,completed,card
21550,2377,2024-06-14,completed,card
21551,563,2025-05-28,completed,atm
21552,2017,2025-03-12,completed,wallet
21553,2025,2025-02-10,completed,atm
21554,2283,2025-05-14,completed,wallet
21555,830,2024-11-30,completed,atm
21556,754,2024-10-24,completed,atm
21557,814,2024-01-22,completed,card
21558,1236,2024-01-25,completed,wallet
21559,2032,2025-09-13,completed,atm
21560,536,2025-05-15,completed,card
21561,1289,2025-05-14,completed,cod
21562,1155,2024-10-17,completed,atm
21563,771,2025-12-10,completed,cod
21564,1031,2025-12-02,completed,atm
21565,2478,2024-03-06,completed,card
21566,1625,2025-04-23,completed,card
21567,358,2025-08-17,completed,cod
21568,99,2025-05-27,completed,card
21569,535,2024-12-05,completed,card
21570,855,2025-03-20,completed,card
21571,2213,2024-05-01,completed,atm
21572,767,2024-12-09,completed,atm
21573,2016,2025-02-17,completed,card
21574,2318,2024-02-16,completed,card
21575,1535,2025-09-06,completed,card
21576,1825,2025-02-26,completed,card
21577,1679,2024-03-10,completed,card
21578,1443,2024-02-21,completed,cod
21579,1763,2024-03-08,completed,card
21580,1639,2025-02-16,completed,atm
21581,1749,2024-08-30,completed,atm
21582,2154,2025-04-23,completed,wallet
21583,2027,2024-03-21,completed,card
21584,1331,2025-11-12,completed,card
21585,227,2024-12-09,completed,card
21586,200,2024-02-29,completed,card
21587,64,2024-02-04,completed,card
21588,84,2024-05-12,completed,atm
21589,44,2024-04-20,completed,card
21590,2381,2024-11-20,refunded,card
21591,2449,2025-06-09,completed,card
21592,292,2024-01-21,completed,card
21593,1256,2025-11-08,completed,atm
21594,4,2024-05-19,completed,atm
21595,2305,2024-09-23,completed,card
21596,2186,2025-10-14,completed,card
21597,759,2025-03-06,completed,cod
21598,1572,2024-12-11,completed,atm
21599,258,2024-04-20,completed,wallet
21600,922,2024-09-14,completed,atm
21601,294,2024-06-21,completed,card
21602,584,2024-09-25,completed,atm
21603,2493,2024-11-15,completed,wallet
21604,950,2024-01-17,completed,card
21605,2133,2025-06-29,completed,wallet
21606,1805,2025-07-10,completed,card
21607,50,2024-05-07,completed,card
21608,2226,2024-10-18,completed,cod
21609,1337,2024-10-08,completed,card
21610,537,2024-10-15,completed,wallet
21611,2398,2024-08-17,completed,atm
21612,1003,2024-10-16,completed,card
21613,1508,2024-07-23,completed,card
21614,380,2024-07-08,completed,card
21615,1060,2024-12-10,completed,wallet
21616,131,2024-08-23,completed,card
21617,566,2024-12-22,completed,card
21618,1794,2025-01-26,completed,atm
21619,217,2025-10-30,completed,card
21620,1925,2025-10-06,completed,card
21621,383,2024-06-03,completed,card
21622,485,2024-05-26,completed,card
21623,351,2025-11-22,refunded,card
21624,1123,2025-06-30,completed,atm
21625,1244,2025-12-23,completed,card
21626,2266,2025-06-29,completed,card
21627,2180,2024-11-06,completed,card
21628,2336,2025-08-02,completed,cod
21629,1257,2025-09-18,completed,card
21630,1827,2024-01-25,completed,card
21631,1200,2024-10-13,completed,cod
21632,1743,2025-10-19,completed,atm
21633,1693,2024-01-15,completed,cod
21634,2063,2025-02-03,completed,card
21635,2108,2024-05-28,completed,card
21636,1100,2024-07-17,completed,atm
21637,252,2025-10-11,completed,wallet
21638,1181,2024-10-16,completed,card
21639,2408,2024-11-30,completed,wallet
21640,447,2025-03-30,completed,atm
21641,591,2025-05-11,completed,card
21642,1602,2025-03-12,completed,atm
21643,2344,2024-03-17,completed,wallet
21644,1388,2024-05-11,completed,card
21645,2180,2024-01-21,completed,atm
21646,1203,2024-08-28,completed,card
21647,1815,2024-06-21,completed,atm
21648,1804,2025-09-15,completed,card
21649,1983,2024-01-23,completed,card
21650,661,2024-01-07,completed,card
21651,24,2025-04-29,completed,wallet
21652,2397,2025-11-04,completed,wallet
21653,1620,2024-08-01,completed,card
21654,1935,2024-01-06,completed,atm
21655,2370,2025-12-04,completed,cod
21656,2193,2024-01-01,completed,card
21657,1981,2024-04-18,completed,wallet
21658,692,2025-03-01,completed,card
21659,1009,2024-02-01,completed,wallet
21660,574,2025-10-30,completed,cod
21661,2348,2024-07-18,completed,atm
21662,792,2025-10-07,completed,atm
21663,113,2024-07-22,completed,wallet
21664,1530,2025-11-29,completed,card
21665,747,2024-05-18,completed,cod
21666,2467,2024-09-12,completed,atm
21667,230,2024-12-20,completed,card
21668,1325,2025-08-26,completed,atm
21669,1798,2025-07-05,completed,card
21670,1609,2024-09-25,completed,card
21671,955,2024-11-01,completed,cod
21672,293,2024-07-22,completed,wallet
21673,1809,2025-10-30,refunded,atm
21674,1489,2024-12-22,completed,wallet
21675,1942,2025-08-26,completed,card
21676,1722,2024-12-05,completed,cod
21677,2065,2024-04-10,completed,atm
21678,1752,2025-08-27,completed,cod
21679,906,2025-05-26,completed,atm
21680,811,2025-11-07,completed,card
21681,1002,2025-07-10,completed,card
21682,1009,2025-09-17,completed,cod
21683,2311,2025-01-27,completed,atm
21684,823,2025-05-11,completed,wallet
21685,1008,2024-05-24,completed,card
21686,2263,2024-04-04,completed,cod
21687,558,2025-12-14,completed,card
21688,1736,2024-09-08,completed,atm
21689,1627,2024-10-03,refunded,card
21690,621,2024-10-03,completed,atm
21691,1402,2025-03-31,completed,card
21692,362,2024-01-24,completed,atm
21693,726,2025-09-12,cancelled,card
21694,2477,2025-08-26,completed,card
21695,349,2025-11-19,completed,cod
21696,1903,2024-01-31,completed,cod
21697,700,2025-05-13,completed,atm
21698,742,2024-11-06,completed,card
21699,935,2024-02-02,completed,atm
21700,460,2025-10-27,completed,cod
21701,1094,2025-03-03,completed,card
21702,1684,2025-02-28,completed,atm
21703,665,2024-01-14,completed,atm
21704,1327,2025-12-03,completed,cod
21705,444,2024-09-07,completed,card
21706,664,2025-05-27,completed,cod
21707,1356,2024-01-30,completed,wallet
21708,1158,2025-12-11,completed,atm
21709,1601,2024-05-24,completed,card
21710,445,2024-02-27,completed,card
21711,6,2025-05-18,completed,card
21712,1514,2024-10-06,completed,card
21713,2187,2025-10-27,completed,card
21714,1056,2025-08-15,completed,wallet
21715,650,2024-12-10,completed,atm
21716,1669,2024-08-23,completed,card
21717,1068,2024-05-31,completed,card
21718,877,2024-02-04,completed,card
21719,824,2025-10-03,completed,card
21720,404,2024-04-10,completed,atm
21721,2067,2025-09-11,completed,wallet
21722,2427,2025-11-17,completed,cod
21723,1502,2025-07-09,completed,card
21724,2381,2024-12-10,completed,atm
21725,1140,2025-08-04,completed,card
21726,1489,2025-12-06,completed,atm
21727,1039,2024-12-02,completed,card
21728,1531,2024-02-25,completed,card
21729,453,2024-05-11,completed,atm
21730,745,2025-12-28,completed,card
21731,2142,2024-11-27,completed,card
21732,544,2025-09-23,completed,card
21733,1790,2025-08-13,completed,atm
21734,350,2024-11-07,completed,card
21735,314,2025-10-04,completed,card
21736,1012,2024-03-26,completed,cod
21737,1503,2024-11-12,completed,card
21738,195,2024-02-05,completed,card
21739,205,2025-05-01,completed,card
21740,1781,2024-10-03,completed,card
21741,1695,2024-02-01,completed,card
21742,1823,2025-01-24,completed,wallet
21743,1338,2024-08-09,completed,card
21744,573,2025-03-04,completed,atm
21745,353,2024-10-10,completed,card
21746,556,2025-11-30,completed,card
21747,428,2025-10-13,completed,atm
21748,2134,2024-07-29,completed,card
21749,192,2025-08-04,refunded,atm
21750,1754,2024-01-03,completed,atm
21751,1338,2025-01-13,completed,cod
21752,1857,2025-09-15,completed,card
21753,2480,2025-06-30,completed,card
21754,582,2025-07-19,completed,atm
21755,2410,2024-12-09,completed,cod
21756,2369,2024-05-21,completed,card
21757,1596,2024-11-07,completed,atm
21758,907,2024-03-11,completed,card
21759,1492,2025-02-16,completed,card
21760,1658,2025-08-17,completed,atm
21761,810,2024-11-25,completed,atm
21762,1754,2025-08-24,completed,card
21763,2032,2024-05-19,cancelled,card
21764,1943,2025-10-06,completed,card
21765,1451,2025-08-11,completed,card
21766,453,2025-02-26,cancelled,card
21767,650,2025-01-24,completed,atm
21768,72,2024-12-18,completed,atm
21769,707,2025-07-12,completed,card
21770,1100,2024-11-30,completed,card
21771,2239,2025-11-01,completed,card
21772,1355,2025-03-22,completed,card
21773,2257,2025-08-20,completed,wallet
21774,1433,2024-03-30,completed,atm
21775,232,2024-03-03,completed,atm
21776,1213,2024-12-24,completed,atm
21777,235,2025-10-23,completed,wallet
21778,127,2024-01-30,completed,card
21779,270,2024-02-18,completed,card
21780,450,2024-10-10,completed,card
21781,1884,2025-01-19,completed,cod
21782,1599,2024-10-06,completed,cod
21783,739,2024-10-26,completed,card
21784,1373,2025-08-09,completed,wallet
21785,2161,2024-06-14,completed,atm
21786,2114,2024-08-28,completed,atm
21787,513,2024-02-18,completed,card
21788,766,2024-11-18,completed,atm
21789,1218,2024-01-11,completed,atm
21790,1721,2025-07-02,completed,card
21791,935,2024-05-25,completed,card
21792,114,2025-01-08,completed,card
21793,2144,2024-08-14,completed,wallet
21794,1112,2024-09-23,completed,wallet
21795,2249,2025-07-29,completed,wallet
21796,2062,2025-02-05,completed,card
21797,1316,2024-10-01,completed,card
21798,615,2024-04-26,completed,atm
21799,1918,2024-05-29,cancelled,card
21800,1069,2025-09-14,completed,cod
21801,1286,2024-12-14,cancelled,card
21802,1242,2025-04-25,completed,wallet
21803,1560,2024-12-24,completed,card
21804,101,2025-03-03,completed,cod
21805,1570,2024-01-21,completed,card
21806,2115,2024-09-13,completed,atm
21807,2438,2024-10-17,refunded,atm
21808,885,2025-02-21,completed,card
21809,158,2024-02-14,completed,atm
21810,1869,2025-08-17,completed,card
21811,1988,2025-07-08,completed,card
21812,233,2024-02-14,completed,cod
21813,79,2025-10-02,completed,wallet
21814,81,2025-05-20,completed,card
21815,282,2024-12-25,completed,card
21816,248,2024-10-30,completed,card
21817,298,2024-11-02,completed,card
21818,2230,2024-03-20,completed,card
21819,628,2024-12-18,completed,card
21820,308,2024-05-09,completed,card
21821,125,2025-03-15,completed,atm
21822,1907,2025-07-18,completed,card
21823,622,2024-06-06,completed,wallet
21824,2443,2025-11-07,completed,card
21825,1838,2024-02-13,completed,atm
21826,449,2025-12-14,completed,wallet
21827,349,2024-01-27,cancelled,wallet
21828,1168,2024-12-09,refunded,wallet
21829,1082,2025-01-31,completed,card
21830,1979,2025-11-06,completed,card
21831,1291,2025-08-30,completed,card
21832,359,2025-08-15,refunded,card
21833,1291,2025-09-06,completed,atm
21834,127,2024-01-14,completed,card
21835,2265,2024-06-05,completed,cod
21836,1534,2025-05-08,completed,atm
21837,58,2024-09-07,completed,card
21838,2335,2024-01-21,completed,card
21839,968,2024-11-09,completed,atm
21840,565,2024-07-02,completed,atm
21841,1205,2025-05-13,completed,wallet
21842,562,2024-10-06,completed,card
21843,510,2024-10-31,completed,wallet
21844,1854,2025-08-15,cancelled,card
21845,620,2024-05-19,completed,cod
21846,1933,2024-10-30,completed,card
21847,653,2025-12-28,completed,card
21848,820,2024-06-05,refunded,cod
21849,1984,2025-01-04,completed,atm
21850,487,2024-11-10,completed,card
21851,2054,2024-11-19,completed,card
21852,2027,2024-11-05,completed,atm
21853,2450,2025-02-03,completed,card
21854,120,2025-05-09,completed,atm
21855,714,2024-02-24,completed,atm
21856,822,2025-02-02,completed,cod
21857,510,2024-01-28,completed,cod
21858,2301,2024-01-26,completed,wallet
21859,2336,2024-04-13,completed,atm
21860,2317,2025-09-15,completed,card
21861,14,2025-03-25,completed,card
21862,65,2025-11-14,completed,atm
21863,102,2025-12-02,completed,cod
21864,712,2025-01-17,completed,atm
21865,656,2024-10-17,refunded,cod
21866,933,2025-07-29,completed,card
21867,922,2024-10-08,completed,card
21868,799,2025-03-04,completed,atm
21869,804,2024-06-21,completed,wallet
21870,2295,2024-10-19,completed,atm
21871,2016,2024-10-02,completed,card
21872,1785,2024-01-10,completed,wallet
21873,70,2025-06-01,completed,card
21874,844,2024-12-10,completed,card
21875,1007,2025-01-29,completed,atm
21876,1815,2024-09-19,completed,card
21877,1079,2025-05-10,completed,wallet
21878,595,2025-12-15,completed,cod
21879,1124,2025-04-25,completed,card
21880,325,2025-11-22,completed,card
21881,1886,2024-07-16,completed,atm
21882,1387,2024-04-04,completed,atm
21883,2293,2025-02-14,completed,card
21884,2051,2024-02-18,completed,cod
21885,994,2024-04-27,completed,card
21886,1157,2025-11-27,completed,atm
21887,492,2025-07-01,completed,atm
21888,1704,2024-09-09,completed,atm
21889,288,2024-10-19,completed,wallet
21890,1955,2024-10-28,completed,card
21891,1320,2024-04-05,completed,card
21892,1170,2024-12-27,completed,wallet
21893,1967,2025-10-28,completed,card
21894,2085,2025-10-29,completed,card
21895,372,2024-06-07,completed,atm
21896,2019,2024-02-07,refunded,cod
21897,991,2024-03-04,completed,wallet
21898,1438,2025-10-03,completed,card
21899,1717,2024-12-06,completed,atm
21900,1249,2024-04-01,completed,card
21901,337,2024-03-30,completed,card
21902,626,2024-02-29,cancelled,card
21903,911,2025-11-29,cancelled,card
21904,573,2025-06-25,completed,card
21905,1837,2024-01-04,completed,card
21906,2243,2024-12-16,completed,atm
21907,2203,2024-01-04,cancelled,card
21908,1436,2025-12-29,completed,wallet
21909,1223,2024-12-01,completed,card
21910,219,2025-11-14,completed,wallet
21911,2229,2024-10-06,completed,wallet
21912,2133,2025-03-20,completed,card
21913,904,2024-08-08,completed,wallet
21914,1053,2024-04-28,completed,wallet
21915,685,2024-11-12,completed,card
21916,981,2024-11-02,completed,atm
21917,1894,2024-04-07,completed,cod
21918,421,2024-08-01,completed,card
21919,2162,2025-10-12,completed,card
21920,963,2025-11-16,completed,card
21921,1584,2024-11-25,cancelled,card
21922,1625,2024-12-30,completed,card
21923,2026,2024-05-21,completed,atm
21924,1778,2024-09-03,completed,card
21925,79,2025-11-12,completed,card
21926,1219,2025-09-19,completed,cod
21927,1972,2025-10-25,completed,card
21928,60,2025-01-12,completed,atm
21929,92,2025-11-03,completed,card
21930,1103,2025-08-04,refunded,atm
21931,1153,2025-01-22,completed,card
21932,875,2025-12-06,completed,wallet
21933,1751,2025-12-03,completed,atm
21934,1746,2024-10-05,completed,card
21935,476,2025-10-04,completed,card
21936,1363,2025-06-26,completed,wallet
21937,2245,2025-08-29,completed,atm
21938,2167,2025-09-24,completed,wallet
21939,1200,2024-02-03,completed,card
21940,1925,2024-06-30,completed,card
21941,2403,2025-02-05,completed,wallet
21942,2330,2025-10-03,completed,cod
21943,2306,2024-07-25,completed,card
21944,1211,2024-11-03,refunded,cod
21945,1909,2025-08-27,completed,atm
21946,1191,2024-10-17,completed,card
21947,38,2025-01-07,refunded,wallet
21948,2328,2025-02-12,completed,atm
21949,2268,2024-05-17,completed,card
21950,77,2025-08-25,completed,atm
21951,1897,2025-02-27,completed,wallet
21952,2052,2024-05-28,completed,card
21953,2216,2024-10-25,completed,cod
21954,1371,2024-08-25,refunded,atm
21955,373,2024-03-08,completed,wallet
21956,989,2025-07-08,completed,card
21957,885,2024-07-02,completed,cod
21958,513,2024-04-21,completed,card
21959,216,2025-05-09,completed,card
21960,2399,2024-11-26,completed,card
21961,2306,2025-11-02,completed,card
21962,914,2024-06-17,completed,atm
21963,45,2024-07-03,completed,card
21964,204,2025-08-21,completed,wallet
21965,114,2024-10-06,completed,card
21966,155,2025-05-26,completed,atm
21967,216,2025-05-06,completed,card
21968,1257,2025-05-07,completed,atm
21969,1852,2024-10-17,cancelled,card
21970,2173,2025-02-02,completed,card
21971,689,2025-11-26,completed,card
21972,327,2025-07-26,completed,wallet
21973,1962,2025-11-05,completed,atm
21974,2459,2024-02-09,completed,card
21975,1054,2025-02-16,completed,card
21976,1715,2025-11-12,completed,atm
21977,578,2024-11-13,completed,cod
21978,1110,2024-03-12,completed,card
21979,653,2025-11-30,completed,card
21980,2153,2024-11-29,completed,cod
21981,559,2024-03-23,completed,wallet
21982,1117,2024-05-06,completed,card
21983,991,2024-07-24,completed,atm
21984,22,2025-09-12,completed,cod
21985,2289,2025-02-16,completed,card
21986,2359,2024-07-01,completed,card
21987,562,2025-04-22,completed,card
21988,1369,2025-07-27,completed,card
21989,1794,2024-05-03,completed,card
21990,1188,2025-10-21,completed,atm
21991,955,2025-04-21,completed,card
21992,555,2024-08-17,completed,card
21993,1399,2024-06-11,completed,atm
21994,2435,2025-11-02,completed,card
21995,1739,2025-01-19,completed,wallet
21996,1124,2025-01-21,completed,atm
21997,2238,2025-02-12,completed,card
21998,984,2024-12-04,completed,atm
21999,86,2025-04-03,completed,card
22000,882,2024-10-17,completed,atm
