order_id,product_id,quantity,unit_price,discount_rate
1,35,1,2084,0.05
1,55,1,4377,0.15
2,6,1,3871,0
2,10,2,3960,0.1
3,53,1,1408,0.05
3,44,1,1674,0.1
3,4,2,3867,0.05
4,53,1,1408,0.05
5,43,1,2654,0.15
5,43,3,2654,0.15
5,50,2,4645,0
5,43,1,2654,0
6,31,1,3571,0.2
7,37,1,189,0
8,20,1,4963,0
9,26,1,438,0.15
9,9,1,1527,0
10,31,1,3571,0
10,41,1,4560,0.1
11,20,1,4963,0.05
11,1,1,2760,0
11,23,2,2084,0.1
12,15,1,3944,0.15
12,12,1,2578,0
13,59,1,954,0.1
14,9,1,1527,0.05
15,19,1,2578,0.05
15,59,3,954,0.05
15,41,1,4560,0.05
15,43,1,2654,0
16,11,1,4549,0.1
17,52,1,2641,0
17,6,2,3871,0.1
18,13,2,283,0.1
18,58,1,124,0
19,31,1,3571,0
19,47,1,365,0.1
19,51,1,2621,0.05
20,29,1,410,0
21,38,1,976,0
22,16,1,2872,0.15
22,39,1,765,0.1
23,44,1,1674,0
23,15,1,3944,0.05
24,45,3,1847,0.2
24,57,2,3486,0
24,52,1,2641,0.15
25,58,1,124,0.1
25,25,1,938,0.1
25,9,1,1527,0.05
26,23,2,2084,0
26,50,2,4645,0.05
26,10,2,3960,0
27,24,2,2210,0.1
27,40,2,4298,0
27,3,2,3882,0
27,26,2,438,0.1
28,58,1,124,0.1
28,17,1,1925,0.05
29,17,1,1925,0.15
29,11,1,4549,0.1
29,37,1,189,0
30,57,1,3486,0.05
30,36,2,460,0.1
30,13,1,283,0.05
31,10,2,3960,0
32,19,1,2578,0.05
33,42,1,641,0.15
34,35,1,2084,0.2
34,55,1,4377,0.05
35,24,1,2210,0
35,17,2,1925,0
36,51,1,2621,0.1
37,29,1,410,0.1
37,46,1,1604,0
38,1,1,2760,0
38,5,1,207,0.05
39,13,1,283,0.05
39,16,1,2872,0.1
40,29,1,410,0
40,60,1,1642,0.05
41,1,2,2760,0.1
42,11,1,4549,0.05
43,37,1,189,0
43,38,1,976,0
43,28,1,3031,0
44,51,2,2621,0
44,58,1,124,0
45,53,1,1408,0
46,59,2,954,0.15
46,52,1,2641,0
46,34,1,1026,0.05
47,41,2,4560,0.15
47,48,1,4805,0.1
47,8,1,659,0
47,32,1,2083,0.1
48,35,1,2084,0.15
48,40,2,4298,0.1
49,50,1,4645,0
49,8,1,659,0.1
49,41,1,4560,0.1
50,19,1,2578,0.05
50,59,1,954,0
51,40,1,4298,0.15
52,14,1,3770,0.05
53,51,2,2621,0.1
53,15,1,3944,0
54,34,3,1026,0.1
55,40,1,4298,0.05
56,47,2,365,0.1
56,55,2,4377,0.15
57,41,2,4560,0.05
57,19,1,2578,0
58,10,1,3960,0.1
58,40,1,4298,0.05
59,47,1,365,0
60,33,1,2132,0
61,50,2,4645,0.15
62,54,1,273,0.15
63,6,1,3871,0
63,20,1,4963,0.05
64,3,1,3882,0.1
65,20,1,4963,0.15
65,58,1,124,0
66,10,1,3960,0.15
67,12,1,2578,0
68,4,1,3867,0
68,48,1,4805,0.15
69,56,1,2279,0
70,16,1,2872,0
71,59,1,954,0.15
72,7,1,2555,0.1
72,14,2,3770,0
72,43,2,2654,0
73,11,1,4549,0.15
73,19,1,2578,0
74,8,1,659,0
75,45,1,1847,0
76,16,3,2872,0
76,10,1,3960,0.15
77,34,1,1026,0.05
77,19,1,2578,0.05
78,54,1,273,0.1
78,53,2,1408,0.05
79,23,2,2084,0.05
79,26,1,438,0.1
80,1,1,2760,0.1
81,16,1,2872,0
82,60,1,1642,0.05
82,24,2,2210,0.05
83,30,2,3732,0.05
84,50,1,4645,0
84,6,2,3871,0
85,24,1,2210,0.05
86,33,2,2132,0.2
86,55,2,4377,0
87,3,1,3882,0
87,12,1,2578,0.05
88,46,1,1604,0.15
89,55,1,4377,0.1
90,26,3,438,0.05
91,11,2,4549,0
92,50,2,4645,0.15
92,56,2,2279,0.2
92,48,1,4805,0.1
93,57,1,3486,0
93,31,1,3571,0.05
94,18,1,4405,0
94,22,1,131,0.05
95,18,1,4405,0.1
96,49,1,2121,0
96,46,1,1604,0.15
96,38,1,976,0
97,60,2,1642,0
98,40,1,4298,0
98,27,1,2377,0.2
99,13,1,283,0.15
99,21,1,572,0.05
99,49,2,2121,0
100,35,1,2084,0.05
101,8,1,659,0
101,30,1,3732,0.1
102,47,1,365,0.2
102,23,1,2084,0
103,10,1,3960,0
103,12,2,2578,0
103,28,1,3031,0.1
104,19,2,2578,0
104,7,2,2555,0
104,27,1,2377,0.05
105,10,1,3960,0.15
105,44,1,1674,0
105,13,2,283,0.1
106,16,1,2872,0
107,55,1,4377,0
107,58,1,124,0
108,14,1,3770,0
109,45,1,1847,0.05
109,39,1,765,0
110,46,2,1604,0.2
110,18,1,4405,0
111,50,1,4645,0.05
112,31,1,3571,0.15
113,19,1,2578,0
113,46,2,1604,0
114,42,1,641,0
114,47,1,365,0
114,32,1,2083,0.05
115,55,1,4377,0.05
115,18,1,4405,0
116,42,1,641,0
116,30,1,3732,0.1
117,21,2,572,0
118,50,2,4645,0.15
118,36,1,460,0
118,42,2,641,0
119,13,1,283,0
119,18,1,4405,0.05
119,17,1,1925,0
120,42,1,641,0.1
121,52,1,2641,0.2
122,17,1,1925,0
122,38,1,976,0.1
123,21,1,572,0.05
124,39,1,765,0
124,57,1,3486,0.15
125,55,1,4377,0
125,51,1,2621,0
126,55,1,4377,0.05
127,29,1,410,0.05
128,27,1,2377,0.05
128,45,1,1847,0.05
129,48,1,4805,0
129,53,1,1408,0.1
129,50,1,4645,0.1
129,45,1,1847,0
130,4,1,3867,0.05
131,31,1,3571,0
131,50,1,4645,0.05
132,24,1,2210,0
133,56,1,2279,0.1
133,22,1,131,0.05
134,50,1,4645,0.15
135,18,1,4405,0.1
135,23,1,2084,0
136,33,1,2132,0.05
136,27,1,2377,0
136,21,1,572,0.1
136,14,1,3770,0
137,1,1,2760,0
137,14,1,3770,0.15
138,26,1,438,0.1
139,12,1,2578,0
139,32,1,2083,0.05
139,27,2,2377,0
140,26,1,438,0.15
140,56,1,2279,0.05
141,23,1,2084,0.1
141,19,1,2578,0
142,19,2,2578,0
142,1,2,2760,0.05
142,51,1,2621,0
143,45,1,1847,0
143,28,1,3031,0
143,55,1,4377,0.1
144,34,3,1026,0.05
144,8,2,659,0
145,6,1,3871,0.1
146,9,1,1527,0
147,30,2,3732,0
147,35,1,2084,0.2
147,54,2,273,0
148,46,1,1604,0.05
149,60,1,1642,0.15
150,30,1,3732,0.15
151,38,1,976,0.1
152,13,2,283,0.2
152,1,1,2760,0
153,7,1,2555,0
154,4,2,3867,0
154,18,1,4405,0.05
154,56,1,2279,0
154,28,3,3031,0.15
155,28,1,3031,0
155,30,1,3732,0
156,13,1,283,0.15
157,15,1,3944,0.1
157,30,1,3732,0.15
158,25,1,938,0.1
159,22,1,131,0.15
159,42,2,641,0.05
160,46,1,1604,0.1
160,29,1,410,0
161,57,1,3486,0
162,9,1,1527,0
162,37,1,189,0.1
162,10,2,3960,0.05
162,7,1,2555,0
163,18,2,4405,0
164,20,1,4963,0
164,32,1,2083,0.1
165,12,1,2578,0
165,42,1,641,0.1
166,4,2,3867,0.15
166,11,1,4549,0.05
166,53,1,1408,0.1
167,27,1,2377,0
168,50,1,4645,0.05
169,10,1,3960,0
170,3,1,3882,0.05
171,51,1,2621,0.1
171,40,2,4298,0.05
171,7,2,2555,0.15
171,10,2,3960,0.2
172,57,1,3486,0
173,43,2,2654,0.15
173,28,1,3031,0.05
174,20,1,4963,0
174,7,3,2555,0.1
175,52,1,2641,0
175,55,1,4377,0
175,55,1,4377,0
175,17,1,1925,0
176,57,1,3486,0.1
176,45,1,1847,0.1
177,54,1,273,0
178,16,1,2872,0
178,38,1,976,0
178,11,2,4549,0.05
179,40,1,4298,0
180,31,2,3571,0.05
180,33,1,2132,0.1
181,41,1,4560,0.15
182,40,1,4298,0.1
182,52,2,2641,0.1
183,23,1,2084,0
184,7,1,2555,0
185,33,2,2132,0.2
185,7,1,2555,0.05
185,32,1,2083,0.15
186,35,1,2084,0.05
186,29,2,410,0.05
187,48,2,4805,0.05
188,10,1,3960,0.1
188,49,3,2121,0.05
189,28,3,3031,0.1
190,19,2,2578,0.05
190,60,1,1642,0.15
191,46,1,1604,0
192,52,1,2641,0.05
193,53,1,1408,0
194,52,2,2641,0
194,10,1,3960,0
194,43,1,2654,0
195,14,1,3770,0
196,52,1,2641,0.15
197,36,1,460,0.05
197,27,1,2377,0
198,31,1,3571,0
198,58,1,124,0
198,54,1,273,0
199,24,1,2210,0
199,50,1,4645,0.05
200,45,1,1847,0.2
200,17,3,1925,0.05
200,28,1,3031,0.05
201,50,2,4645,0.1
201,51,2,2621,0.15
201,16,1,2872,0
201,27,2,2377,0
202,6,1,3871,0.05
202,51,1,2621,0.1
203,7,2,2555,0
204,20,1,4963,0.05
204,55,1,4377,0.05
205,22,1,131,0.1
205,60,1,1642,0.15
205,40,1,4298,0
206,9,3,1527,0.05
207,46,1,1604,0.05
207,52,1,2641,0.05
208,7,2,2555,0
209,30,1,3732,0.1
209,35,2,2084,0.05
209,37,2,189,0.05
210,12,1,2578,0.15
210,46,2,1604,0
211,51,2,2621,0.1
211,27,1,2377,0
211,31,1,3571,0
212,52,3,2641,0
212,20,3,4963,0.05
212,56,2,2279,0.15
213,15,1,3944,0.1
213,1,1,2760,0
214,50,2,4645,0
214,41,3,4560,0
215,3,1,3882,0
215,30,1,3732,0.1
216,13,2,283,0
217,10,1,3960,0
217,25,1,938,0
218,14,1,3770,0
218,24,2,2210,0.1
218,14,2,3770,0.15
219,49,1,2121,0.05
220,52,2,2641,0
220,54,3,273,0.1
220,6,2,3871,0
221,31,2,3571,0.05
222,21,1,572,0.15
223,11,1,4549,0.05
223,33,2,2132,0.2
224,30,1,3732,0
224,37,1,189,0.05
224,45,1,1847,0.05
225,56,1,2279,0.1
225,34,1,1026,0.05
226,18,2,4405,0
226,60,1,1642,0.05
226,25,1,938,0.05
227,42,2,641,0.1
227,25,1,938,0.15
228,5,1,207,0.15
229,45,1,1847,0.05
230,54,1,273,0
230,26,2,438,0.05
230,34,2,1026,0.1
230,60,1,1642,0.05
231,14,1,3770,0
231,54,1,273,0.1
232,56,2,2279,0
233,7,1,2555,0.1
233,11,1,4549,0.05
234,58,1,124,0
234,53,1,1408,0.15
235,47,1,365,0
236,33,1,2132,0.1
237,17,1,1925,0.05
237,5,1,207,0.05
237,54,1,273,0
238,60,1,1642,0.2
239,20,1,4963,0.1
239,29,2,410,0.05
239,55,1,4377,0
239,10,2,3960,0.15
240,44,1,1674,0
240,49,2,2121,0.15
240,52,1,2641,0.05
241,4,1,3867,0.2
241,48,2,4805,0
242,34,2,1026,0
243,11,1,4549,0
244,6,2,3871,0.05
244,4,2,3867,0.1
245,1,3,2760,0.05
246,23,1,2084,0
246,8,1,659,0.05
246,13,2,283,0.05
247,42,1,641,0
248,1,2,2760,0.05
248,20,2,4963,0.1
248,7,1,2555,0
249,46,1,1604,0.15
250,19,1,2578,0
250,18,2,4405,0
251,19,1,2578,0
251,18,1,4405,0.1
252,40,1,4298,0
252,12,3,2578,0.05
253,33,1,2132,0
253,57,3,3486,0
253,28,3,3031,0
254,56,2,2279,0.15
254,55,1,4377,0.1
255,26,2,438,0
256,40,2,4298,0
256,20,2,4963,0.05
257,23,2,2084,0
258,20,2,4963,0.1
259,25,1,938,0.15
260,41,1,4560,0
260,2,1,1368,0
261,10,1,3960,0
261,37,1,189,0.05
262,48,1,4805,0.05
263,15,1,3944,0.15
263,11,1,4549,0.15
264,7,3,2555,0
265,58,1,124,0.1
266,45,1,1847,0
267,6,1,3871,0
267,32,1,2083,0
267,4,3,3867,0.05
267,18,1,4405,0.2
268,21,1,572,0.05
268,27,2,2377,0.2
269,16,1,2872,0
269,47,2,365,0.15
269,43,1,2654,0.1
270,14,1,3770,0.1
271,16,1,2872,0.05
272,3,3,3882,0.05
272,41,2,4560,0.1
273,13,1,283,0
273,52,1,2641,0.05
273,20,1,4963,0.1
274,25,1,938,0
274,28,1,3031,0.1
275,10,2,3960,0
276,43,1,2654,0.05
276,54,1,273,0.15
277,2,1,1368,0.05
278,31,2,3571,0
278,13,1,283,0.1
278,7,2,2555,0.05
278,37,1,189,0.1
279,30,1,3732,0
279,4,3,3867,0
280,54,1,273,0
280,55,3,4377,0.1
280,42,2,641,0.2
281,28,1,3031,0.15
281,12,1,2578,0
282,16,2,2872,0.05
283,51,1,2621,0.05
283,26,1,438,0.1
284,18,3,4405,0.05
284,23,2,2084,0.1
284,33,1,2132,0.1
285,7,2,2555,0
285,56,1,2279,0.05
286,13,1,283,0.15
286,24,2,2210,0.1
287,55,1,4377,0.05
287,12,1,2578,0.15
288,19,1,2578,0
288,14,2,3770,0
289,24,1,2210,0
289,20,1,4963,0
290,60,2,1642,0
290,20,2,4963,0.15
291,56,2,2279,0
291,10,1,3960,0
291,30,1,3732,0
292,37,3,189,0
293,19,1,2578,0
294,32,2,2083,0
294,58,2,124,0.05
295,53,2,1408,0
296,32,1,2083,0
296,54,1,273,0
297,58,2,124,0
297,33,2,2132,0
297,31,1,3571,0.05
298,25,1,938,0
298,1,1,2760,0
298,55,1,4377,0.15
299,49,1,2121,0
299,2,1,1368,0
300,43,1,2654,0.05
300,23,1,2084,0.1
300,31,2,3571,0.05
301,21,1,572,0.05
302,53,1,1408,0.15
302,10,2,3960,0
303,30,3,3732,0.2
303,7,1,2555,0
303,19,2,2578,0.15
303,42,1,641,0.05
304,25,1,938,0
304,26,1,438,0
304,55,1,4377,0.1
305,22,1,131,0.15
306,50,1,4645,0
307,31,1,3571,0
308,2,3,1368,0.15
309,53,2,1408,0.1
309,52,1,2641,0
309,3,1,3882,0.15
310,4,1,3867,0.05
311,36,1,460,0.1
311,13,2,283,0.05
312,57,2,3486,0.05
312,1,1,2760,0.1
312,33,1,2132,0.05
312,30,1,3732,0.1
313,31,2,3571,0
313,56,1,2279,0.1
313,31,2,3571,0.2
314,27,2,2377,0.1
315,11,2,4549,0
315,14,1,3770,0
316,40,1,4298,0.05
316,30,1,3732,0
317,30,2,3732,0
317,42,1,641,0
318,9,1,1527,0.1
318,1,1,2760,0
319,56,1,2279,0.05
320,6,2,3871,0
320,15,1,3944,0
320,4,1,3867,0.05
320,10,1,3960,0.1
321,59,1,954,0
321,5,1,207,0
322,4,2,3867,0.05
322,18,1,4405,0.05
323,30,1,3732,0.15
323,6,3,3871,0
324,54,2,273,0
324,13,1,283,0.2
325,40,1,4298,0
325,45,1,1847,0
326,2,1,1368,0.2
327,55,1,4377,0.1
328,51,1,2621,0.1
328,27,1,2377,0
329,52,2,2641,0
330,20,1,4963,0
330,3,2,3882,0.05
331,25,2,938,0.05
332,8,1,659,0.15
332,41,2,4560,0
332,7,1,2555,0.05
332,32,1,2083,0
333,50,2,4645,0
333,12,2,2578,0
333,34,1,1026,0.15
334,52,1,2641,0
334,60,1,1642,0
334,59,1,954,0
334,20,1,4963,0.15
335,25,2,938,0
336,52,1,2641,0
337,21,3,572,0
337,52,2,2641,0
338,43,1,2654,0.2
338,16,2,2872,0.05
339,39,1,765,0.1
340,54,1,273,0.15
341,29,1,410,0.1
341,3,1,3882,0.05
341,13,1,283,0.2
342,47,1,365,0
342,10,1,3960,0.1
343,22,1,131,0
344,50,1,4645,0.15
344,19,1,2578,0
345,10,2,3960,0.05
346,5,2,207,0.05
346,59,1,954,0
346,54,1,273,0.05
347,7,1,2555,0.05
347,32,1,2083,0
347,13,1,283,0.15
347,11,2,4549,0
348,50,1,4645,0.1
348,11,1,4549,0.1
348,14,1,3770,0
349,47,1,365,0.2
349,3,1,3882,0.05
350,51,1,2621,0.05
350,40,1,4298,0.05
351,20,2,4963,0.15
352,4,1,3867,0
352,9,1,1527,0
353,44,1,1674,0.05
354,35,1,2084,0.05
354,22,1,131,0.2
355,11,1,4549,0.05
355,33,1,2132,0.05
356,59,1,954,0.05
357,32,2,2083,0
357,30,1,3732,0.15
357,19,1,2578,0
358,57,2,3486,0.05
359,2,3,1368,0
359,50,1,4645,0.15
359,10,2,3960,0
360,28,2,3031,0.05
360,3,1,3882,0.15
360,28,1,3031,0.05
360,3,1,3882,0.05
361,23,1,2084,0
362,57,2,3486,0.15
363,24,1,2210,0
363,27,1,2377,0.1
364,37,1,189,0.15
364,33,3,2132,0
364,32,1,2083,0.05
365,47,1,365,0
365,30,1,3732,0.1
365,56,1,2279,0.15
365,57,1,3486,0
366,42,1,641,0.15
367,40,1,4298,0
367,57,1,3486,0.15
367,5,1,207,0.1
368,33,2,2132,0.15
368,11,3,4549,0.15
368,37,3,189,0.05
369,26,1,438,0.05
370,11,1,4549,0.1
370,6,2,3871,0
370,41,1,4560,0.1
371,60,1,1642,0
372,52,1,2641,0.05
372,53,1,1408,0
373,55,1,4377,0
373,28,1,3031,0.05
373,6,2,3871,0
374,54,1,273,0.1
374,35,1,2084,0.1
375,37,1,189,0.05
376,6,1,3871,0
376,30,2,3732,0
377,44,2,1674,0.2
378,46,1,1604,0.05
379,17,1,1925,0.15
379,51,3,2621,0.15
380,20,1,4963,0.1
381,11,1,4549,0.05
382,51,2,2621,0.2
382,12,2,2578,0
383,52,1,2641,0
383,7,2,2555,0
383,41,1,4560,0.15
384,20,2,4963,0.1
385,30,1,3732,0
386,49,1,2121,0.1
386,55,1,4377,0
387,9,1,1527,0.05
387,37,1,189,0
388,3,1,3882,0.1
389,18,2,4405,0.2
389,16,1,2872,0
389,57,1,3486,0.2
390,22,1,131,0
390,9,1,1527,0.05
391,44,1,1674,0.15
391,39,1,765,0
392,36,1,460,0.1
393,50,2,4645,0.05
393,41,2,4560,0
393,50,2,4645,0
394,33,1,2132,0.15
394,36,1,460,0.1
395,7,2,2555,0
395,5,3,207,0.05
396,60,1,1642,0
396,9,1,1527,0.15
397,5,1,207,0.1
397,36,1,460,0.1
397,25,1,938,0
398,49,1,2121,0
399,37,1,189,0.1
400,35,2,2084,0.05
400,2,1,1368,0.1
400,7,2,2555,0.05
401,51,2,2621,0
402,22,1,131,0.05
402,39,2,765,0.15
402,20,1,4963,0.05
403,34,1,1026,0
403,48,1,4805,0.1
404,51,1,2621,0
404,57,2,3486,0
404,28,1,3031,0
405,56,1,2279,0
406,26,1,438,0
407,43,1,2654,0
408,22,3,131,0
408,2,2,1368,0.1
409,6,3,3871,0
409,31,3,3571,0.05
410,30,1,3732,0.2
411,6,1,3871,0
411,37,1,189,0
411,29,2,410,0
412,34,1,1026,0.05
412,58,2,124,0.05
413,33,3,2132,0.05
413,37,1,189,0.05
413,41,1,4560,0.05
414,10,1,3960,0.15
415,24,2,2210,0
416,4,2,3867,0
416,59,1,954,0.1
417,39,1,765,0
417,48,1,4805,0
417,55,2,4377,0
418,16,1,2872,0
418,48,1,4805,0
419,13,1,283,0
419,43,1,2654,0
420,6,2,3871,0
421,40,1,4298,0.1
422,46,2,1604,0.1
423,46,1,1604,0
424,58,1,124,0
424,18,2,4405,0.1
425,11,1,4549,0
425,48,2,4805,0.15
425,24,2,2210,0.1
426,56,2,2279,0.1
427,32,1,2083,0.05
428,41,1,4560,0.1
429,13,2,283,0.15
429,25,1,938,0.05
429,8,1,659,0
430,32,2,2083,0.1
430,53,2,1408,0
430,4,1,3867,0.1
431,28,1,3031,0.05
431,53,1,1408,0
431,44,2,1674,0.05
431,46,1,1604,0.1
432,42,1,641,0.05
433,28,1,3031,0.1
434,37,2,189,0
434,21,2,572,0.05
435,31,1,3571,0.1
435,30,1,3732,0
436,14,1,3770,0.2
436,20,1,4963,0
437,4,1,3867,0.05
437,29,2,410,0.1
437,40,2,4298,0.05
438,8,2,659,0.1
439,29,1,410,0.05
439,51,1,2621,0.1
439,42,2,641,0
440,30,1,3732,0.1
441,52,3,2641,0
441,38,1,976,0.05
442,48,1,4805,0
442,9,1,1527,0.05
443,5,1,207,0
444,31,3,3571,0
444,27,2,2377,0
444,8,1,659,0
445,31,2,3571,0.05
445,5,1,207,0.05
445,25,1,938,0.05
446,5,1,207,0.05
446,2,2,1368,0.1
447,29,1,410,0.2
448,14,1,3770,0
449,3,2,3882,0.15
449,12,1,2578,0.05
449,25,1,938,0
450,39,3,765,0
450,29,2,410,0.15
450,11,1,4549,0
451,20,1,4963,0.1
451,12,2,2578,0.1
452,54,1,273,0.1
453,29,1,410,0
453,40,1,4298,0
454,43,2,2654,0
454,55,2,4377,0
454,9,1,1527,0.05
454,41,1,4560,0.2
455,16,1,2872,0.05
456,24,3,2210,0.05
456,40,1,4298,0.05
456,21,2,572,0.15
457,48,1,4805,0
458,43,2,2654,0
458,30,1,3732,0.05
459,17,2,1925,0.1
459,11,1,4549,0
459,35,2,2084,0
460,35,1,2084,0.2
461,10,1,3960,0.15
461,58,1,124,0
461,27,2,2377,0.05
461,15,1,3944,0.15
462,52,3,2641,0.15
462,3,1,3882,0.2
462,38,3,976,0.15
463,32,2,2083,0.15
464,28,2,3031,0.15
465,8,1,659,0.05
465,50,1,4645,0
465,51,2,2621,0
465,57,2,3486,0
466,42,1,641,0.2
467,38,2,976,0.1
467,22,1,131,0
468,56,1,2279,0.05
469,55,1,4377,0.2
470,36,1,460,0.1
471,34,1,1026,0
472,14,1,3770,0.1
473,8,2,659,0
473,47,1,365,0.2
473,2,1,1368,0
473,51,1,2621,0.1
474,10,1,3960,0
474,57,1,3486,0.05
474,4,1,3867,0
475,14,2,3770,0.15
475,27,2,2377,0
475,41,1,4560,0.2
476,13,1,283,0
477,51,1,2621,0.05
477,40,2,4298,0.05
477,27,1,2377,0.05
477,57,2,3486,0
478,21,1,572,0.05
479,17,1,1925,0
480,20,2,4963,0.05
480,30,1,3732,0.05
480,4,1,3867,0
481,2,1,1368,0.2
482,18,1,4405,0.15
482,3,1,3882,0.05
482,29,1,410,0.1
483,4,1,3867,0.1
484,12,1,2578,0.05
485,23,1,2084,0.15
486,33,1,2132,0.05
486,40,1,4298,0
486,18,2,4405,0.05
486,30,2,3732,0.15
487,4,1,3867,0.1
487,21,1,572,0.05
488,27,1,2377,0
488,58,1,124,0.05
489,43,1,2654,0.15
490,15,1,3944,0
491,3,1,3882,0.1
492,44,1,1674,0
493,27,2,2377,0.2
493,56,1,2279,0
494,10,2,3960,0.05
495,38,2,976,0.05
496,24,1,2210,0.05
496,39,1,765,0.1
496,20,1,4963,0.05
497,3,1,3882,0.1
497,43,1,2654,0.05
498,37,2,189,0.05
498,25,1,938,0.1
498,36,1,460,0.2
499,23,1,2084,0
499,2,2,1368,0
500,50,1,4645,0.05
501,31,1,3571,0
502,28,2,3031,0
502,47,1,365,0.05
502,56,1,2279,0
502,58,1,124,0
503,49,2,2121,0.05
503,50,2,4645,0.05
503,2,1,1368,0.1
503,20,1,4963,0.05
504,50,1,4645,0
504,46,1,1604,0.05
504,44,1,1674,0.1
505,21,2,572,0.05
505,55,1,4377,0
506,43,1,2654,0
506,12,1,2578,0
507,27,1,2377,0
507,13,1,283,0.05
508,17,2,1925,0
509,15,2,3944,0.05
509,4,1,3867,0
509,39,1,765,0.1
509,4,1,3867,0
510,7,1,2555,0.05
511,44,1,1674,0.05
511,35,2,2084,0
511,51,1,2621,0
512,41,1,4560,0
512,54,2,273,0
512,43,1,2654,0
512,3,1,3882,0.15
513,4,1,3867,0.05
514,2,3,1368,0.1
515,48,1,4805,0.05
516,41,1,4560,0.05
516,41,1,4560,0.1
516,25,2,938,0.1
516,5,2,207,0.1
517,30,1,3732,0.1
517,58,1,124,0.05
518,27,2,2377,0.1
518,55,2,4377,0.05
518,19,1,2578,0
519,12,1,2578,0
520,37,1,189,0.05
520,23,1,2084,0
521,19,2,2578,0
522,10,1,3960,0.1
523,52,1,2641,0.05
523,6,1,3871,0.1
524,13,1,283,0.1
525,22,1,131,0
526,56,1,2279,0.05
527,60,2,1642,0.05
527,55,1,4377,0.05
527,44,3,1674,0
527,33,1,2132,0.05
528,42,2,641,0
528,57,2,3486,0.1
529,37,1,189,0.05
530,44,1,1674,0.05
530,18,1,4405,0.15
531,41,1,4560,0
532,50,2,4645,0
532,14,2,3770,0.05
532,40,1,4298,0.2
533,16,1,2872,0
534,12,2,2578,0
535,32,1,2083,0.1
535,31,1,3571,0
536,29,1,410,0.05
537,22,2,131,0.05
537,19,1,2578,0.05
538,18,1,4405,0.1
538,10,3,3960,0
539,29,1,410,0.1
540,43,2,2654,0.1
540,50,2,4645,0.1
540,37,2,189,0
541,36,2,460,0.05
541,1,2,2760,0.1
541,53,2,1408,0.15
542,32,2,2083,0
543,37,3,189,0
543,5,1,207,0
543,1,1,2760,0.05
544,58,1,124,0.1
544,3,2,3882,0
545,21,1,572,0.05
545,33,2,2132,0
545,32,1,2083,0
546,47,1,365,0.05
546,30,1,3732,0
547,38,2,976,0
548,36,1,460,0
549,56,1,2279,0.05
550,29,1,410,0.05
550,21,1,572,0
550,28,1,3031,0
550,19,1,2578,0.15
551,26,2,438,0.1
552,21,2,572,0.05
553,32,1,2083,0
553,52,1,2641,0
553,6,1,3871,0.05
553,49,1,2121,0.05
554,29,3,410,0
555,5,1,207,0.05
556,43,2,2654,0
556,8,1,659,0.15
556,1,1,2760,0.15
556,31,1,3571,0.05
557,11,1,4549,0
557,11,2,4549,0.1
557,11,1,4549,0.1
558,44,3,1674,0
558,53,1,1408,0
558,52,2,2641,0.05
559,59,1,954,0
559,26,1,438,0.15
559,25,1,938,0.05
559,2,1,1368,0.05
560,18,1,4405,0.05
561,44,1,1674,0.1
561,15,1,3944,0
562,14,2,3770,0.05
563,32,1,2083,0.1
564,49,2,2121,0
565,8,1,659,0.15
566,41,1,4560,0
566,5,1,207,0.15
566,57,1,3486,0.05
567,30,3,3732,0.1
568,15,2,3944,0
568,50,2,4645,0.05
569,44,1,1674,0.1
569,33,3,2132,0
570,23,1,2084,0
571,21,1,572,0
571,17,2,1925,0.1
571,52,1,2641,0
572,54,1,273,0.1
573,53,1,1408,0.05
573,5,2,207,0.1
574,55,1,4377,0.1
575,55,1,4377,0.15
575,29,1,410,0
575,48,1,4805,0.1
576,6,1,3871,0
577,36,1,460,0
578,11,1,4549,0
579,29,2,410,0.1
579,40,1,4298,0.05
579,13,1,283,0.1
580,20,1,4963,0.05
581,22,1,131,0.05
581,18,2,4405,0.05
581,40,1,4298,0.05
582,58,2,124,0.2
583,21,1,572,0
583,7,2,2555,0.05
583,20,1,4963,0.15
583,60,3,1642,0
584,9,2,1527,0
584,52,2,2641,0
585,25,1,938,0
586,52,1,2641,0.2
587,56,2,2279,0.2
587,19,1,2578,0.05
588,30,1,3732,0.05
589,40,2,4298,0
590,55,1,4377,0.1
591,18,1,4405,0.05
591,17,3,1925,0.05
592,44,1,1674,0
592,26,1,438,0.2
593,14,1,3770,0
593,11,2,4549,0
593,50,1,4645,0.05
593,18,1,4405,0
594,29,2,410,0.1
594,1,1,2760,0.15
594,49,1,2121,0
594,57,1,3486,0.2
595,26,1,438,0
596,60,1,1642,0
596,50,2,4645,0
597,3,1,3882,0.15
598,29,1,410,0.15
598,19,2,2578,0
599,49,1,2121,0
600,3,2,3882,0.05
600,43,1,2654,0
601,2,1,1368,0
602,10,1,3960,0
602,28,1,3031,0
603,15,1,3944,0.05
603,54,1,273,0.1
604,49,1,2121,0
604,46,2,1604,0.2
604,32,1,2083,0.05
605,56,1,2279,0
606,29,1,410,0.05
606,59,2,954,0.1
607,23,1,2084,0.1
608,28,1,3031,0.1
609,40,1,4298,0
610,54,1,273,0
611,48,3,4805,0
612,58,1,124,0
612,50,2,4645,0.1
612,39,2,765,0.2
612,16,2,2872,0
613,58,1,124,0
614,43,1,2654,0.05
614,6,1,3871,0
615,13,1,283,0.05
616,57,1,3486,0
616,19,2,2578,0.1
617,53,1,1408,0.1
617,27,1,2377,0.15
618,55,1,4377,0.05
618,46,2,1604,0.05
618,5,1,207,0
619,35,1,2084,0
619,38,2,976,0.05
619,46,1,1604,0.05
620,18,1,4405,0.1
620,6,1,3871,0
621,45,1,1847,0
621,40,1,4298,0.1
622,54,1,273,0
623,30,2,3732,0.1
624,2,1,1368,0.05
624,29,1,410,0.05
625,44,1,1674,0.1
625,28,1,3031,0
626,16,2,2872,0.05
627,46,1,1604,0.1
627,35,1,2084,0.15
628,23,2,2084,0.05
629,27,1,2377,0
630,19,1,2578,0.2
630,12,2,2578,0.05
631,3,2,3882,0.05
631,41,1,4560,0
632,48,2,4805,0
632,6,1,3871,0.15
633,26,1,438,0.05
634,24,1,2210,0.1
635,41,2,4560,0
636,39,1,765,0.1
636,41,2,4560,0.05
637,31,1,3571,0.2
638,30,2,3732,0.15
638,54,1,273,0.05
638,26,1,438,0
639,29,1,410,0
639,31,1,3571,0
640,55,1,4377,0.15
641,6,1,3871,0
642,39,1,765,0.05
642,57,1,3486,0.15
643,6,2,3871,0.15
644,10,1,3960,0.05
644,56,2,2279,0.1
645,45,1,1847,0
646,28,2,3031,0.1
646,7,1,2555,0.15
646,40,1,4298,0.1
647,36,2,460,0.2
647,6,1,3871,0
648,17,1,1925,0
649,13,1,283,0
650,36,1,460,0
651,44,2,1674,0
652,6,1,3871,0.1
653,16,1,2872,0
653,20,1,4963,0.05
654,2,1,1368,0.1
655,16,1,2872,0.05
655,57,1,3486,0.05
655,7,1,2555,0.1
656,11,1,4549,0
656,6,1,3871,0
656,6,3,3871,0
656,30,1,3732,0.2
657,14,1,3770,0
657,32,1,2083,0.1
658,58,1,124,0
659,57,3,3486,0.05
659,52,1,2641,0
660,44,1,1674,0.1
660,15,1,3944,0
660,5,1,207,0.1
661,40,1,4298,0.1
662,41,2,4560,0
662,55,1,4377,0.05
663,55,1,4377,0
664,5,1,207,0
665,24,1,2210,0.05
666,49,1,2121,0.05
667,52,1,2641,0
668,48,2,4805,0.05
669,41,1,4560,0.05
669,7,1,2555,0.1
669,40,1,4298,0.05
670,28,1,3031,0.05
671,32,1,2083,0
672,59,1,954,0
673,20,1,4963,0.15
673,55,1,4377,0.05
674,42,1,641,0.05
675,56,2,2279,0
676,45,1,1847,0.05
676,14,1,3770,0.2
677,54,1,273,0.05
678,48,1,4805,0.05
679,37,1,189,0.1
679,11,1,4549,0.05
679,33,1,2132,0.1
680,1,1,2760,0.1
681,37,2,189,0.1
681,51,1,2621,0
682,14,2,3770,0.1
682,4,2,3867,0
682,22,2,131,0.1
682,53,1,1408,0
683,15,1,3944,0
684,16,1,2872,0.1
684,54,2,273,0.05
685,22,1,131,0
685,7,1,2555,0.15
686,15,3,3944,0
686,25,1,938,0.1
687,56,1,2279,0
688,31,1,3571,0.05
688,12,1,2578,0
688,56,1,2279,0
688,9,1,1527,0.1
689,53,1,1408,0
690,20,1,4963,0
691,53,2,1408,0
692,19,1,2578,0
692,32,1,2083,0.05
692,52,2,2641,0.1
693,37,1,189,0.05
693,9,1,1527,0
694,35,1,2084,0.1
694,52,1,2641,0
694,43,2,2654,0.1
694,4,1,3867,0.1
695,42,1,641,0.15
695,55,1,4377,0
695,4,1,3867,0
696,12,1,2578,0
696,20,1,4963,0.05
697,41,3,4560,0.1
697,51,2,2621,0.15
698,44,1,1674,0.1
699,7,1,2555,0.15
700,27,1,2377,0.2
701,16,1,2872,0
702,52,3,2641,0
702,37,2,189,0.1
702,25,1,938,0
702,12,1,2578,0
703,53,1,1408,0
704,5,2,207,0
705,21,3,572,0
706,24,1,2210,0.05
706,4,1,3867,0.05
706,50,1,4645,0
707,19,1,2578,0.15
707,14,2,3770,0.1
708,53,1,1408,0
709,58,1,124,0.1
710,23,1,2084,0.05
710,28,1,3031,0.05
711,32,1,2083,0.1
712,49,2,2121,0.1
712,35,1,2084,0
713,24,1,2210,0.1
714,47,1,365,0
715,45,1,1847,0.1
715,15,1,3944,0.05
716,17,1,1925,0
716,1,1,2760,0.05
717,58,1,124,0
718,56,3,2279,0.05
718,51,2,2621,0.15
719,55,2,4377,0.1
719,52,1,2641,0
719,23,2,2084,0
719,15,3,3944,0
720,32,1,2083,0
721,16,1,2872,0.1
721,7,2,2555,0.05
722,27,1,2377,0.05
723,30,3,3732,0.1
723,41,2,4560,0.05
724,31,1,3571,0.1
725,3,1,3882,0
725,1,1,2760,0
725,19,1,2578,0.1
726,59,2,954,0
727,9,1,1527,0
728,36,1,460,0.1
728,10,1,3960,0
729,41,1,4560,0.15
730,14,1,3770,0
730,31,1,3571,0.05
731,4,1,3867,0.1
731,18,1,4405,0
731,10,2,3960,0
732,3,1,3882,0
732,30,1,3732,0.05
733,45,1,1847,0
733,6,1,3871,0
733,48,1,4805,0
734,42,1,641,0.05
734,3,1,3882,0
735,2,1,1368,0
736,31,1,3571,0
737,43,1,2654,0
738,8,1,659,0.05
739,55,2,4377,0
739,33,2,2132,0.05
740,5,3,207,0.1
740,30,2,3732,0.1
741,36,1,460,0.05
741,47,1,365,0.05
741,22,1,131,0.1
741,5,2,207,0.1
742,50,2,4645,0.2
743,31,2,3571,0
744,28,1,3031,0.15
745,11,1,4549,0.05
746,29,1,410,0.05
746,4,1,3867,0.2
746,15,2,3944,0.05
746,20,1,4963,0.15
747,3,2,3882,0.1
747,12,1,2578,0
748,25,2,938,0
748,44,1,1674,0.05
749,30,1,3732,0
749,10,2,3960,0.05
750,11,2,4549,0.05
750,24,1,2210,0
751,57,1,3486,0
752,39,1,765,0.05
752,35,1,2084,0
753,6,1,3871,0
753,23,2,2084,0
754,60,1,1642,0
754,13,1,283,0
755,35,1,2084,0.05
755,47,1,365,0
756,55,1,4377,0.05
757,41,1,4560,0
757,20,2,4963,0.15
758,31,1,3571,0.1
758,18,1,4405,0.05
759,38,2,976,0.1
760,12,1,2578,0.2
761,9,1,1527,0.2
761,31,1,3571,0
762,22,1,131,0
762,5,3,207,0.05
763,23,1,2084,0.15
763,27,1,2377,0.1
763,23,2,2084,0.15
764,31,1,3571,0.2
764,34,1,1026,0
765,5,1,207,0
765,18,1,4405,0.15
765,30,1,3732,0.05
766,53,1,1408,0
766,16,1,2872,0.15
767,26,1,438,0
768,15,1,3944,0.05
768,60,2,1642,0.15
769,38,2,976,0.1
769,9,1,1527,0
770,11,1,4549,0.15
771,2,1,1368,0
772,57,1,3486,0.05
772,38,1,976,0.1
772,46,3,1604,0.05
773,40,1,4298,0.05
773,11,1,4549,0.05
774,20,1,4963,0.05
774,42,2,641,0
775,26,1,438,0
775,20,1,4963,0.05
776,32,1,2083,0.05
777,58,1,124,0
778,10,1,3960,0
778,20,1,4963,0
778,6,1,3871,0
779,3,2,3882,0.05
779,5,3,207,0
779,30,1,3732,0.05
780,19,2,2578,0.05
781,34,1,1026,0.05
781,42,2,641,0
782,7,2,2555,0.05
782,18,1,4405,0
782,26,2,438,0.05
783,4,1,3867,0
783,16,1,2872,0
783,56,1,2279,0
783,24,1,2210,0.15
784,55,2,4377,0
785,18,1,4405,0.15
785,52,1,2641,0
785,3,1,3882,0.1
785,55,2,4377,0
786,50,1,4645,0.05
786,59,1,954,0.05
787,16,2,2872,0
788,2,1,1368,0
788,2,1,1368,0
788,46,1,1604,0.1
789,27,2,2377,0.15
790,13,2,283,0
791,57,3,3486,0.1
791,7,1,2555,0
792,54,1,273,0.05
792,40,2,4298,0
792,30,1,3732,0.15
793,20,2,4963,0
793,54,1,273,0.15
794,50,2,4645,0.1
794,34,2,1026,0.1
795,1,1,2760,0
795,43,2,2654,0.15
795,45,1,1847,0.15
795,58,1,124,0.05
796,2,1,1368,0.1
796,19,2,2578,0
797,7,1,2555,0.05
798,40,2,4298,0
799,21,1,572,0
800,33,2,2132,0.15
800,57,1,3486,0.1
800,33,1,2132,0
801,17,1,1925,0
801,60,1,1642,0.05
802,17,1,1925,0.1
803,32,1,2083,0
803,14,1,3770,0.1
804,50,1,4645,0.1
805,45,1,1847,0
806,56,1,2279,0.1
806,38,1,976,0.05
806,9,1,1527,0
807,15,1,3944,0.1
807,35,1,2084,0.1
807,54,1,273,0.15
808,14,3,3770,0.05
808,1,1,2760,0.15
808,3,2,3882,0.2
809,13,1,283,0.1
809,7,1,2555,0.15
809,39,1,765,0
810,3,1,3882,0
810,22,1,131,0.05
810,54,1,273,0.1
810,36,1,460,0.05
811,26,1,438,0.05
811,5,1,207,0
812,25,2,938,0.05
812,21,1,572,0
813,55,2,4377,0
814,47,1,365,0.15
815,16,2,2872,0
815,35,1,2084,0.15
816,36,1,460,0.1
817,52,1,2641,0.05
817,23,2,2084,0
817,40,1,4298,0
818,2,1,1368,0
819,47,1,365,0.1
819,19,1,2578,0
819,28,1,3031,0
820,33,1,2132,0.05
821,39,2,765,0
822,10,2,3960,0
822,48,2,4805,0.1
823,28,1,3031,0
823,23,1,2084,0.05
824,26,2,438,0
825,24,1,2210,0.1
825,44,1,1674,0.05
826,29,1,410,0.15
827,49,1,2121,0.05
828,34,1,1026,0.05
829,2,2,1368,0.1
829,14,1,3770,0.05
830,39,2,765,0.1
830,53,1,1408,0
830,51,1,2621,0.1
831,6,3,3871,0
832,3,1,3882,0
832,16,1,2872,0
833,43,1,2654,0.15
833,18,2,4405,0
833,31,2,3571,0.1
833,40,1,4298,0
834,20,2,4963,0.15
834,53,1,1408,0
835,23,2,2084,0.15
835,38,2,976,0.1
836,14,1,3770,0
837,19,1,2578,0.05
837,30,2,3732,0.1
837,24,1,2210,0.05
838,14,1,3770,0
839,14,1,3770,0.1
840,46,1,1604,0.05
840,58,1,124,0.1
841,43,1,2654,0.05
841,9,1,1527,0.05
842,39,1,765,0.2
842,3,2,3882,0.15
842,51,1,2621,0.1
843,54,1,273,0.05
843,8,1,659,0.1
844,15,1,3944,0.05
844,16,2,2872,0.1
845,54,1,273,0.15
845,39,3,765,0.05
845,49,1,2121,0
846,39,1,765,0
847,32,2,2083,0
848,40,1,4298,0
849,7,1,2555,0
849,55,2,4377,0.05
850,26,1,438,0.15
851,38,2,976,0.05
851,15,1,3944,0
852,11,1,4549,0.1
852,38,1,976,0.1
853,50,1,4645,0.05
854,28,1,3031,0.15
854,50,1,4645,0.2
854,4,1,3867,0.1
855,33,1,2132,0.1
855,52,1,2641,0.05
856,56,2,2279,0.1
856,11,2,4549,0.1
857,3,1,3882,0
858,55,1,4377,0.1
858,4,2,3867,0.05
858,19,1,2578,0.05
859,60,2,1642,0.1
860,50,1,4645,0.1
860,31,2,3571,0.05
861,40,1,4298,0.15
862,17,1,1925,0.05
863,36,2,460,0.15
863,33,3,2132,0.05
864,3,1,3882,0
865,15,1,3944,0.05
865,58,1,124,0.15
865,27,1,2377,0
866,59,2,954,0
867,26,1,438,0.05
868,37,1,189,0.05
869,20,1,4963,0
870,9,2,1527,0.2
870,27,1,2377,0.05
871,30,1,3732,0.2
872,50,1,4645,0.05
872,41,1,4560,0
873,20,1,4963,0.15
874,26,1,438,0.1
875,15,1,3944,0
876,48,3,4805,0
876,28,1,3031,0.05
877,60,1,1642,0
878,22,2,131,0
879,11,1,4549,0.2
879,24,1,2210,0
880,18,1,4405,0
880,26,3,438,0
881,59,1,954,0
882,6,2,3871,0
883,50,1,4645,0.2
883,7,2,2555,0.05
883,48,1,4805,0.05
883,51,3,2621,0.05
884,19,1,2578,0
884,24,1,2210,0
884,4,1,3867,0.05
884,8,1,659,0.05
885,7,2,2555,0.05
885,28,1,3031,0.05
886,4,2,3867,0.05
886,14,2,3770,0.05
887,19,1,2578,0.15
887,32,1,2083,0.05
888,43,2,2654,0.1
889,42,2,641,0.1
889,19,1,2578,0.1
889,49,3,2121,0.1
890,26,1,438,0.1
890,3,1,3882,0.1
891,2,2,1368,0.2
891,20,1,4963,0
892,33,1,2132,0.1
892,20,1,4963,0.15
893,55,1,4377,0.05
894,19,1,2578,0
895,10,1,3960,0.05
895,50,1,4645,0.15
896,3,1,3882,0
896,27,1,2377,0
896,9,1,1527,0.1
897,20,2,4963,0.05
897,24,3,2210,0.1
897,55,1,4377,0
898,16,2,2872,0.15
898,6,1,3871,0.05
898,34,1,1026,0.2
898,58,2,124,0.1
899,13,1,283,0.15
899,9,1,1527,0
900,47,1,365,0.1
900,42,2,641,0
900,10,1,3960,0.1
901,27,1,2377,0
902,46,1,1604,0
903,19,2,2578,0.1
903,21,1,572,0
904,28,1,3031,0.2
904,20,3,4963,0.1
905,18,1,4405,0.05
905,44,3,1674,0.05
906,57,1,3486,0.05
906,16,1,2872,0
907,7,1,2555,0.1
908,5,1,207,0
909,59,2,954,0.05
909,52,1,2641,0
909,10,1,3960,0
910,24,1,2210,0
910,1,2,2760,0.1
911,38,1,976,0.05
911,46,1,1604,0
911,9,3,1527,0
912,33,1,2132,0.1
913,21,2,572,0.15
914,15,1,3944,0
914,10,1,3960,0
915,26,1,438,0.15
916,14,1,3770,0
916,29,1,410,0.1
917,54,1,273,0.05
917,22,1,131,0
918,5,1,207,0.15
918,52,1,2641,0
919,28,2,3031,0
919,51,1,2621,0
919,29,1,410,0.05
920,40,2,4298,0.05
920,20,1,4963,0.15
921,48,1,4805,0
922,25,1,938,0
923,7,1,2555,0.05
923,52,1,2641,0.2
924,33,1,2132,0.1
925,42,2,641,0
925,32,1,2083,0
926,59,1,954,0
927,40,2,4298,0.2
927,37,1,189,0.2
928,8,2,659,0
928,9,1,1527,0
928,31,2,3571,0.05
929,31,1,3571,0.15
929,13,1,283,0
929,3,2,3882,0
930,51,1,2621,0.05
930,19,1,2578,0.15
930,60,1,1642,0.2
930,4,1,3867,0.15
931,11,1,4549,0.05
932,29,1,410,0.05
932,42,2,641,0.15
933,50,1,4645,0
934,14,1,3770,0.15
934,7,1,2555,0.05
935,60,1,1642,0.1
935,60,1,1642,0.1
936,13,1,283,0.15
937,50,1,4645,0.05
938,55,1,4377,0
939,60,1,1642,0
939,44,1,1674,0
939,57,1,3486,0
939,59,1,954,0.05
940,10,1,3960,0
941,18,1,4405,0.1
942,22,1,131,0
942,1,3,2760,0.05
943,55,1,4377,0.15
943,50,2,4645,0
943,9,1,1527,0
944,24,1,2210,0.05
944,23,1,2084,0.1
945,4,2,3867,0
945,38,3,976,0.15
946,6,1,3871,0.05
946,57,2,3486,0
947,24,1,2210,0.05
948,20,2,4963,0
948,24,1,2210,0
948,14,1,3770,0
949,39,2,765,0.05
949,26,1,438,0
950,19,1,2578,0.1
950,13,1,283,0.1
950,43,2,2654,0
951,40,1,4298,0
952,25,1,938,0.1
952,22,2,131,0.1
953,58,1,124,0
954,4,1,3867,0.05
954,37,1,189,0.15
954,36,2,460,0.05
955,16,2,2872,0.05
955,33,1,2132,0.05
955,41,1,4560,0.05
956,57,1,3486,0
956,57,1,3486,0
956,43,3,2654,0.05
957,23,1,2084,0
958,11,1,4549,0.05
959,20,2,4963,0.05
960,10,2,3960,0.05
961,23,3,2084,0
961,39,2,765,0.1
962,56,1,2279,0
962,38,1,976,0.15
963,51,2,2621,0.05
963,11,3,4549,0.05
963,10,1,3960,0
964,60,1,1642,0
964,18,3,4405,0.2
964,42,2,641,0.15
965,20,1,4963,0
966,59,1,954,0.05
966,35,1,2084,0.1
966,14,2,3770,0.05
967,53,1,1408,0
968,29,2,410,0
968,26,2,438,0
968,58,1,124,0
969,3,1,3882,0.15
970,8,1,659,0.15
970,60,1,1642,0.2
971,27,2,2377,0
972,20,1,4963,0
973,42,1,641,0
973,29,1,410,0.05
974,28,1,3031,0
975,44,1,1674,0
975,7,2,2555,0
976,4,1,3867,0
977,22,1,131,0
978,14,1,3770,0.1
978,35,1,2084,0
979,19,3,2578,0
979,6,1,3871,0
979,10,3,3960,0.15
980,20,1,4963,0
980,33,1,2132,0.05
981,12,1,2578,0
982,12,1,2578,0.05
983,50,2,4645,0.15
983,31,1,3571,0.2
984,19,1,2578,0.15
984,45,1,1847,0
985,50,1,4645,0.05
985,45,1,1847,0.15
985,46,1,1604,0.2
986,28,1,3031,0.05
986,29,1,410,0.2
987,44,1,1674,0.1
988,6,1,3871,0
988,34,1,1026,0.1
989,45,1,1847,0
989,24,1,2210,0.15
990,51,2,2621,0
990,18,1,4405,0.05
990,56,2,2279,0
990,15,2,3944,0
991,24,1,2210,0.05
991,51,1,2621,0
991,53,1,1408,0
992,48,1,4805,0.1
992,22,1,131,0.05
992,25,1,938,0.2
993,45,1,1847,0
993,15,1,3944,0.15
994,15,1,3944,0.15
994,48,1,4805,0.05
994,31,3,3571,0.2
995,51,1,2621,0
996,13,1,283,0
997,54,1,273,0
998,2,1,1368,0.05
998,2,1,1368,0
999,52,1,2641,0
1000,18,2,4405,0
1000,23,3,2084,0.1
1000,29,2,410,0.05
1001,12,1,2578,0
1001,59,1,954,0.15
1002,28,1,3031,0
1002,55,1,4377,0
1002,18,1,4405,0.15
1002,51,3,2621,0
1003,20,1,4963,0
1004,7,1,2555,0
1004,19,2,2578,0.1
1004,11,1,4549,0.05
1005,53,2,1408,0.1
1005,39,1,765,0.15
1006,57,2,3486,0
1006,18,1,4405,0.15
1006,24,2,2210,0
1007,60,1,1642,0
1007,26,1,438,0
1008,53,1,1408,0.05
1009,43,1,2654,0
1010,57,2,3486,0
1011,53,1,1408,0.1
1012,34,1,1026,0.1
1012,29,1,410,0
1012,12,1,2578,0.15
1013,26,1,438,0.1
1014,17,1,1925,0.05
1015,43,2,2654,0
1015,50,3,4645,0.2
1015,12,1,2578,0.05
1016,15,1,3944,0
1016,60,1,1642,0
1017,53,1,1408,0.1
1017,2,1,1368,0.05
1018,14,1,3770,0.1
1019,49,1,2121,0
1020,37,1,189,0
1020,35,1,2084,0.05
1021,6,1,3871,0
1022,43,1,2654,0.05
1023,5,1,207,0
1024,2,1,1368,0.1
1024,9,1,1527,0.05
1024,13,1,283,0.15
1025,18,1,4405,0
1025,43,1,2654,0
1025,51,1,2621,0.05
1026,14,1,3770,0.1
1026,11,1,4549,0
1027,40,1,4298,0.05
1027,1,1,2760,0
1028,40,1,4298,0.15
1028,16,2,2872,0
1028,46,3,1604,0
1029,12,1,2578,0.05
1030,41,1,4560,0.05
1030,60,1,1642,0
1031,17,1,1925,0.15
1031,16,1,2872,0
1032,42,1,641,0
1033,39,1,765,0
1033,33,1,2132,0
1034,19,2,2578,0
1035,56,1,2279,0
1036,2,1,1368,0
1037,7,1,2555,0
1037,50,1,4645,0.05
1037,42,1,641,0
1038,12,1,2578,0
1038,10,1,3960,0.1
1039,26,2,438,0.05
1040,48,1,4805,0.05
1040,36,1,460,0.05
1040,38,1,976,0.05
1041,14,2,3770,0
1042,42,1,641,0.05
1042,56,2,2279,0
1043,49,1,2121,0
1044,21,1,572,0.05
1045,18,1,4405,0.15
1045,8,1,659,0.15
1046,52,1,2641,0.1
1047,19,1,2578,0.05
1047,58,1,124,0.1
1047,55,1,4377,0
1048,44,1,1674,0
1048,31,1,3571,0.15
1049,46,2,1604,0.05
1050,26,1,438,0.15
1051,49,1,2121,0.05
1052,38,1,976,0.15
1053,58,1,124,0.1
1053,34,1,1026,0.1
1054,2,1,1368,0.15
1055,44,1,1674,0.15
1056,26,1,438,0
1056,34,1,1026,0.05
1057,15,2,3944,0.2
1058,20,2,4963,0.05
1059,60,2,1642,0.1
1060,32,1,2083,0
1060,16,1,2872,0
1060,52,1,2641,0
1061,41,2,4560,0
1061,29,1,410,0.05
1061,23,1,2084,0
1062,56,1,2279,0.1
1062,12,1,2578,0.15
1062,33,1,2132,0.1
1062,16,2,2872,0.1
1063,33,1,2132,0.05
1064,60,2,1642,0.1
1065,46,1,1604,0.1
1066,53,2,1408,0.1
1066,7,1,2555,0.1
1067,27,1,2377,0.1
1068,45,1,1847,0.1
1068,30,1,3732,0.05
1069,49,2,2121,0
1070,27,2,2377,0
1071,43,2,2654,0
1072,47,1,365,0
1073,46,1,1604,0.2
1074,9,1,1527,0
1074,27,1,2377,0
1074,1,1,2760,0.15
1075,38,1,976,0
1075,15,2,3944,0.05
1076,49,1,2121,0.1
1076,19,1,2578,0.1
1077,46,3,1604,0
1077,13,3,283,0
1078,27,1,2377,0.05
1078,36,1,460,0.05
1079,53,1,1408,0.05
1079,5,1,207,0
1080,41,1,4560,0
1080,28,2,3031,0
1081,34,1,1026,0.1
1082,52,2,2641,0
1082,2,1,1368,0.15
1082,20,1,4963,0.1
1083,57,1,3486,0
1083,50,1,4645,0
1083,35,1,2084,0.05
1084,45,1,1847,0.05
1084,59,1,954,0
1085,2,1,1368,0.15
1086,52,1,2641,0.05
1087,45,1,1847,0
1087,55,1,4377,0.15
1088,18,2,4405,0
1088,28,2,3031,0
1089,57,1,3486,0.05
1090,36,1,460,0
1090,31,1,3571,0.1
1090,14,2,3770,0.05
1091,29,2,410,0.05
1092,29,1,410,0
1092,55,1,4377,0.1
1093,25,1,938,0
1094,21,2,572,0.2
1095,41,1,4560,0.05
1096,49,1,2121,0
1097,27,1,2377,0.15
1097,56,1,2279,0.1
1097,35,1,2084,0
1098,25,1,938,0
1098,60,1,1642,0.05
1099,53,1,1408,0.05
1099,10,1,3960,0.05
1099,52,2,2641,0
1099,12,1,2578,0.05
1100,56,1,2279,0
1100,53,1,1408,0.05
1101,25,1,938,0
1101,55,2,4377,0
1101,46,2,1604,0
1102,41,1,4560,0
1102,44,1,1674,0.05
1102,39,1,765,0.1
1103,5,1,207,0
1104,29,1,410,0.05
1104,54,1,273,0
1105,17,2,1925,0.1
1106,33,3,2132,0.2
1106,7,1,2555,0
1107,32,1,2083,0
1108,40,1,4298,0
1108,57,1,3486,0
1108,52,1,2641,0.05
1109,52,1,2641,0
1110,26,1,438,0.15
1111,10,3,3960,0.1
1111,48,1,4805,0
1112,26,2,438,0
1112,14,1,3770,0.1
1112,19,1,2578,0.1
1113,37,1,189,0.15
1113,44,1,1674,0.1
1114,28,1,3031,0.05
1114,39,2,765,0.1
1115,53,1,1408,0
1115,53,1,1408,0.1
1116,18,3,4405,0.1
1116,52,1,2641,0
1116,31,3,3571,0
1117,34,1,1026,0.05
1117,41,1,4560,0.05
1118,55,1,4377,0.15
1118,42,1,641,0.1
1118,40,1,4298,0.05
1119,30,1,3732,0.15
1119,55,1,4377,0.15
1120,40,1,4298,0
1121,49,1,2121,0
1122,16,1,2872,0.05
1122,28,1,3031,0
1122,21,1,572,0.2
1123,44,1,1674,0.2
1123,32,2,2083,0
1124,53,1,1408,0.1
1125,40,1,4298,0
1126,43,1,2654,0
1126,30,2,3732,0.2
1126,57,2,3486,0.1
1127,4,1,3867,0.1
1127,20,1,4963,0.05
1128,52,1,2641,0
1128,22,3,131,0
1129,40,2,4298,0.05
1129,54,1,273,0.05
1129,13,1,283,0.05
1130,26,1,438,0
1131,26,1,438,0
1131,7,1,2555,0.05
1131,52,1,2641,0
1132,46,2,1604,0.1
1132,56,2,2279,0
1132,34,1,1026,0
1133,53,1,1408,0.15
1134,10,1,3960,0.05
1134,29,2,410,0.1
1135,28,1,3031,0.05
1135,6,1,3871,0
1136,20,1,4963,0.05
1137,43,1,2654,0.15
1138,18,1,4405,0.05
1138,19,1,2578,0.05
1138,51,1,2621,0
1139,38,1,976,0.1
1140,23,1,2084,0.05
1140,55,1,4377,0
1141,52,1,2641,0
1141,34,1,1026,0.05
1142,33,1,2132,0.15
1143,44,1,1674,0
1144,7,1,2555,0.05
1144,11,1,4549,0
1145,6,1,3871,0.1
1145,33,1,2132,0
1145,43,2,2654,0.05
1145,58,1,124,0.05
1146,4,1,3867,0
1147,7,1,2555,0
1147,47,1,365,0
1147,43,1,2654,0.1
1148,53,1,1408,0
1149,27,1,2377,0
1149,26,1,438,0.05
1149,46,1,1604,0.1
1150,46,1,1604,0.05
1150,48,3,4805,0.05
1150,50,1,4645,0.1
1151,35,1,2084,0.05
1152,28,2,3031,0.05
1153,24,1,2210,0.1
1153,7,1,2555,0.1
1153,51,1,2621,0.1
1154,55,1,4377,0.1
1154,38,1,976,0
1155,27,1,2377,0.05
1156,42,3,641,0.15
1156,15,1,3944,0
1157,48,1,4805,0.1
1158,50,2,4645,0.1
1158,14,1,3770,0.05
1158,54,1,273,0.05
1159,59,1,954,0.1
1160,60,1,1642,0
1160,14,1,3770,0.05
1161,16,1,2872,0
1162,31,2,3571,0
1163,48,1,4805,0.1
1163,44,1,1674,0.05
1164,45,1,1847,0.05
1164,1,1,2760,0
1165,33,1,2132,0
1165,48,1,4805,0
1165,31,1,3571,0
1166,60,1,1642,0.2
1167,29,1,410,0
1167,33,1,2132,0.15
1168,3,2,3882,0.2
1168,28,2,3031,0.1
1168,14,3,3770,0.1
1168,9,1,1527,0.05
1169,26,3,438,0
1169,35,3,2084,0.05
1170,32,2,2083,0.05
1170,42,1,641,0.1
1171,54,1,273,0.1
1172,37,1,189,0.15
1173,48,1,4805,0
1173,51,1,2621,0.1
1174,50,1,4645,0
1174,40,1,4298,0.05
1174,32,1,2083,0.05
1174,51,1,2621,0.1
1175,50,1,4645,0
1176,47,1,365,0
1177,24,1,2210,0.1
1178,50,1,4645,0
1179,40,3,4298,0
1180,21,1,572,0
1181,56,1,2279,0
1182,27,3,2377,0.15
1183,27,1,2377,0.1
1183,11,1,4549,0.05
1183,30,3,3732,0.15
1184,19,1,2578,0
1185,13,1,283,0.1
1185,9,1,1527,0
1186,46,1,1604,0
1187,26,1,438,0
1187,26,1,438,0.05
1188,56,1,2279,0
1189,28,1,3031,0
1189,15,1,3944,0.05
1189,28,1,3031,0.1
1190,43,1,2654,0.05
1191,12,1,2578,0
1191,58,1,124,0
1192,34,1,1026,0.15
1192,22,1,131,0.1
1192,21,1,572,0.05
1193,31,1,3571,0.15
1193,26,1,438,0.05
1194,55,1,4377,0.15
1194,33,1,2132,0
1194,36,1,460,0
1195,59,3,954,0
1195,35,1,2084,0
1196,47,1,365,0.1
1197,36,1,460,0
1198,37,1,189,0
1199,6,1,3871,0.1
1200,58,1,124,0
1200,17,1,1925,0.1
1201,31,2,3571,0
1202,16,1,2872,0.1
1202,57,1,3486,0.1
1202,29,1,410,0.15
1203,25,2,938,0.05
1203,58,2,124,0.1
1203,58,1,124,0
1204,59,1,954,0.05
1204,57,1,3486,0
1204,47,1,365,0.2
1205,55,1,4377,0.1
1205,17,1,1925,0.05
1205,48,1,4805,0.05
1206,12,1,2578,0
1206,36,2,460,0
1206,35,1,2084,0.1
1207,56,1,2279,0
1207,30,1,3732,0.15
1207,18,1,4405,0.05
1208,23,1,2084,0.15
1209,10,1,3960,0
1209,50,1,4645,0.15
1210,44,1,1674,0
1210,40,1,4298,0
1211,45,2,1847,0.15
1211,52,2,2641,0.1
1212,57,1,3486,0.05
1212,18,1,4405,0.05
1213,48,1,4805,0.05
1213,52,2,2641,0
1213,45,2,1847,0
1214,43,2,2654,0
1214,21,1,572,0
1215,48,1,4805,0
1215,11,1,4549,0
1216,24,1,2210,0
1216,37,1,189,0.1
1217,57,1,3486,0
1218,18,1,4405,0.1
1218,10,1,3960,0.1
1219,35,1,2084,0.05
1220,10,1,3960,0.05
1221,43,1,2654,0
1221,36,1,460,0
1222,59,1,954,0.05
1223,8,1,659,0.15
1224,40,2,4298,0.05
1225,20,1,4963,0
1226,9,1,1527,0
1226,7,1,2555,0.15
1226,43,1,2654,0.15
1227,54,1,273,0.05
1228,49,1,2121,0.2
1229,42,2,641,0.1
1229,46,1,1604,0.1
1229,49,1,2121,0
1230,49,1,2121,0
1231,11,1,4549,0
1232,1,2,2760,0.05
1232,60,3,1642,0.05
1233,43,1,2654,0.05
1233,2,1,1368,0
1234,8,1,659,0
1234,58,2,124,0
1235,8,1,659,0
1235,31,2,3571,0.05
1235,32,1,2083,0
1236,2,1,1368,0.05
1237,48,1,4805,0
1237,34,2,1026,0.15
1238,33,1,2132,0.05
1238,23,1,2084,0.2
1239,45,1,1847,0
1239,13,1,283,0
1239,27,1,2377,0
1240,39,1,765,0.1
1241,12,1,2578,0
1242,11,1,4549,0
1242,42,1,641,0
1243,29,1,410,0.05
1244,20,2,4963,0
1244,31,1,3571,0
1244,40,1,4298,0.05
1244,14,1,3770,0.1
1245,19,1,2578,0.05
1246,49,1,2121,0.05
1247,58,1,124,0
1248,31,2,3571,0.1
1248,11,1,4549,0.1
1249,40,1,4298,0.15
1250,41,1,4560,0.05
1251,18,1,4405,0.15
1251,50,1,4645,0.1
1251,40,1,4298,0.1
1252,54,1,273,0.15
1252,26,1,438,0.15
1253,50,1,4645,0.1
1253,27,1,2377,0
1254,23,1,2084,0
1254,58,1,124,0.1
1255,18,2,4405,0
1255,19,1,2578,0
1255,10,1,3960,0.15
1256,40,1,4298,0
1257,4,1,3867,0.15
1258,18,2,4405,0.1
1258,39,1,765,0
1259,51,1,2621,0.15
1259,57,1,3486,0
1259,18,1,4405,0.05
1259,55,1,4377,0.05
1260,47,2,365,0
1260,48,1,4805,0.05
1260,49,1,2121,0
1261,55,1,4377,0
1262,48,1,4805,0.15
1263,23,1,2084,0.2
1263,32,2,2083,0
1264,34,2,1026,0
1265,58,2,124,0.2
1266,16,2,2872,0.05
1266,52,2,2641,0
1266,24,1,2210,0
1266,23,2,2084,0.2
1267,28,3,3031,0
1267,56,2,2279,0.15
1268,51,1,2621,0.1
1268,51,2,2621,0
1269,40,1,4298,0.1
1269,59,2,954,0
1269,13,1,283,0.05
1269,40,1,4298,0.15
1270,25,1,938,0.1
1271,9,1,1527,0
1272,54,1,273,0
1273,40,1,4298,0
1274,36,1,460,0.1
1274,15,1,3944,0.05
1274,41,1,4560,0.1
1275,59,1,954,0
1276,25,1,938,0.05
1276,46,1,1604,0.1
1276,52,1,2641,0.05
1276,25,1,938,0
1277,21,1,572,0.05
1278,35,1,2084,0
1279,30,1,3732,0.1
1279,51,2,2621,0.1
1280,19,2,2578,0
1281,6,1,3871,0.15
1281,51,2,2621,0
1281,10,1,3960,0
1282,57,1,3486,0.05
1282,53,2,1408,0
1283,20,1,4963,0.1
1283,16,1,2872,0.15
1284,30,1,3732,0.1
1285,30,2,3732,0.1
1285,15,1,3944,0
1285,17,3,1925,0.05
1286,16,3,2872,0.15
1286,27,1,2377,0
1287,49,2,2121,0
1287,18,1,4405,0.1
1288,44,1,1674,0
1288,22,1,131,0.05
1288,54,1,273,0.05
1289,27,1,2377,0.15
1290,49,2,2121,0.1
1290,20,1,4963,0.05
1290,41,2,4560,0.1
1290,28,2,3031,0
1291,12,1,2578,0.2
1292,5,2,207,0.2
1293,53,1,1408,0.1
1294,23,1,2084,0.05
1295,41,1,4560,0.1
1295,10,3,3960,0.15
1295,24,3,2210,0.1
1295,11,1,4549,0.1
1296,58,1,124,0.05
1296,1,1,2760,0.1
1297,17,1,1925,0
1298,2,1,1368,0
1299,18,2,4405,0.15
1300,10,1,3960,0.05
1300,55,1,4377,0
1301,44,2,1674,0.15
1301,6,1,3871,0.1
1302,48,2,4805,0
1303,1,1,2760,0
1303,3,1,3882,0.05
1304,35,1,2084,0.05
1304,18,3,4405,0
1304,22,1,131,0.1
1305,2,2,1368,0.1
1305,28,1,3031,0.15
1306,11,1,4549,0.05
1307,48,3,4805,0.2
1307,6,2,3871,0.2
1308,60,1,1642,0.1
1308,22,1,131,0.1
1309,38,1,976,0
1309,42,1,641,0.05
1309,46,1,1604,0
1310,41,1,4560,0.1
1310,10,1,3960,0
1311,35,1,2084,0.1
1311,19,1,2578,0
1312,18,3,4405,0
1312,11,2,4549,0
1312,41,2,4560,0
1313,28,1,3031,0
1314,51,2,2621,0.1
1315,48,1,4805,0
1315,21,3,572,0.1
1315,18,2,4405,0.1
1316,19,1,2578,0
1317,43,2,2654,0.15
1317,30,1,3732,0
1318,17,1,1925,0.05
1319,45,1,1847,0
1320,4,1,3867,0.05
1320,18,1,4405,0.1
1321,27,1,2377,0
1322,35,1,2084,0.05
1322,22,1,131,0
1323,5,3,207,0.05
1323,14,2,3770,0.05
1323,12,1,2578,0
1324,24,1,2210,0.2
1324,44,1,1674,0
1324,30,3,3732,0.1
1324,9,1,1527,0.1
1325,40,1,4298,0.1
1325,19,1,2578,0.15
1325,47,2,365,0.1
1326,47,1,365,0
1326,31,1,3571,0.15
1327,26,1,438,0.1
1327,48,1,4805,0.05
1328,25,1,938,0
1328,47,1,365,0
1328,22,1,131,0
1328,15,1,3944,0.05
1329,22,1,131,0
1330,13,2,283,0
1330,32,2,2083,0.1
1331,3,1,3882,0
1331,39,1,765,0
1332,28,2,3031,0
1333,41,2,4560,0
1334,20,1,4963,0.05
1334,46,1,1604,0.2
1334,12,2,2578,0.15
1334,35,2,2084,0
1335,50,1,4645,0.1
1336,34,1,1026,0.1
1337,41,3,4560,0.05
1337,11,2,4549,0.1
1338,40,1,4298,0.05
1338,14,1,3770,0.1
1339,18,1,4405,0
1339,14,1,3770,0.05
1340,7,1,2555,0
1341,39,1,765,0
1342,54,2,273,0
1343,56,1,2279,0
1343,26,1,438,0.1
1344,42,1,641,0.05
1345,26,1,438,0
1345,14,2,3770,0.2
1346,56,2,2279,0
1346,31,1,3571,0
1346,14,2,3770,0.05
1346,22,1,131,0.1
1347,1,1,2760,0.2
1347,40,1,4298,0
1347,39,1,765,0
1348,38,1,976,0
1348,40,1,4298,0.05
1349,3,1,3882,0.1
1350,53,1,1408,0
1350,2,1,1368,0.05
1350,31,1,3571,0.1
1351,49,1,2121,0
1352,54,1,273,0
1352,59,1,954,0
1352,22,1,131,0
1353,6,3,3871,0
1354,8,2,659,0.1
1354,4,1,3867,0
1354,43,1,2654,0
1355,18,1,4405,0.05
1356,36,1,460,0.1
1357,19,1,2578,0
1358,16,1,2872,0
1359,7,1,2555,0.1
1360,13,1,283,0.05
1360,44,1,1674,0.2
1361,20,1,4963,0.1
1361,1,1,2760,0
1362,11,1,4549,0
1362,51,2,2621,0.1
1362,57,2,3486,0.05
1362,41,3,4560,0
1363,13,1,283,0
1364,27,1,2377,0.05
1364,14,1,3770,0.05
1364,15,1,3944,0.05
1365,52,1,2641,0
1366,36,1,460,0
1366,24,1,2210,0
1367,52,3,2641,0
1368,60,1,1642,0.05
1368,51,3,2621,0.05
1369,10,1,3960,0
1369,48,2,4805,0.1
1370,20,1,4963,0
1371,29,1,410,0.05
1371,40,3,4298,0.05
1372,27,1,2377,0
1372,31,1,3571,0
1372,7,1,2555,0
1372,23,1,2084,0
1373,29,1,410,0
1373,58,1,124,0
1373,22,1,131,0
1374,35,2,2084,0.05
1374,32,1,2083,0
1374,24,3,2210,0.05
1374,51,1,2621,0.05
1375,28,1,3031,0.1
1375,48,2,4805,0.1
1375,41,1,4560,0.1
1376,7,1,2555,0.15
1377,54,3,273,0.05
1378,31,1,3571,0.1
1379,37,2,189,0.2
1380,39,1,765,0
1380,4,1,3867,0.1
1381,26,2,438,0
1381,15,1,3944,0.05
1381,4,1,3867,0.1
1382,33,1,2132,0.05
1382,16,1,2872,0.05
1382,27,3,2377,0.05
1383,14,1,3770,0
1383,21,1,572,0
1384,28,1,3031,0.1
1384,45,2,1847,0.1
1385,28,3,3031,0.05
1385,38,2,976,0.2
1385,48,2,4805,0.1
1385,40,2,4298,0.1
1386,28,1,3031,0
1387,19,1,2578,0
1387,3,1,3882,0.2
1388,16,2,2872,0.2
1389,17,1,1925,0
1390,12,1,2578,0.1
1390,19,2,2578,0.05
1390,30,1,3732,0
1391,15,1,3944,0.15
1391,36,1,460,0.15
1392,60,1,1642,0
1392,44,1,1674,0
1393,13,1,283,0.1
1394,38,1,976,0.1
1395,39,1,765,0.05
1396,56,3,2279,0.15
1396,16,1,2872,0.1
1396,51,1,2621,0.1
1396,33,3,2132,0.1
1397,41,1,4560,0
1398,55,2,4377,0
1398,20,1,4963,0
1399,13,1,283,0.05
1400,58,1,124,0
1401,19,2,2578,0.1
1401,11,1,4549,0
1401,35,1,2084,0.05
1402,2,2,1368,0.05
1402,12,1,2578,0
1402,43,1,2654,0.05
1403,37,1,189,0.1
1403,30,1,3732,0.05
1404,31,1,3571,0.05
1404,35,2,2084,0.2
1405,28,1,3031,0.05
1405,31,2,3571,0.05
1405,39,1,765,0.1
1405,1,2,2760,0.1
1406,19,1,2578,0
1407,24,1,2210,0
1407,19,3,2578,0
1407,41,1,4560,0.15
1408,16,1,2872,0.2
1408,20,2,4963,0.05
1409,57,1,3486,0.1
1409,38,1,976,0.1
1410,29,1,410,0.05
1410,2,1,1368,0.1
1410,51,1,2621,0.05
1410,28,1,3031,0
1411,31,1,3571,0.15
1411,52,1,2641,0
1412,41,1,4560,0.05
1413,19,1,2578,0.05
1414,48,1,4805,0.15
1415,33,2,2132,0
1415,8,1,659,0.15
1415,55,2,4377,0.15
1416,13,1,283,0.2
1416,43,1,2654,0.1
1417,26,1,438,0
1417,19,1,2578,0.05
1418,47,1,365,0.05
1418,9,1,1527,0.15
1419,60,3,1642,0.05
1420,47,1,365,0.1
1420,56,1,2279,0.05
1421,7,1,2555,0.15
1421,28,1,3031,0.05
1421,14,1,3770,0.1
1421,43,1,2654,0
1422,59,1,954,0.05
1422,53,1,1408,0.05
1423,7,2,2555,0.05
1423,15,2,3944,0
1424,31,1,3571,0.1
1424,24,1,2210,0.15
1424,39,1,765,0
1424,42,2,641,0.05
1425,25,1,938,0
1426,39,1,765,0.15
1426,3,1,3882,0
1427,46,1,1604,0.05
1427,20,1,4963,0.05
1427,42,2,641,0.1
1428,27,1,2377,0.05
1429,59,1,954,0
1430,55,2,4377,0.1
1430,28,1,3031,0.05
1430,30,1,3732,0
1430,55,3,4377,0.05
1431,44,2,1674,0.05
1431,45,2,1847,0.2
1431,55,1,4377,0
1432,41,1,4560,0
1432,53,2,1408,0.2
1433,6,1,3871,0
1433,32,1,2083,0
1434,53,1,1408,0.05
1435,14,1,3770,0.05
1436,26,2,438,0.05
1437,40,1,4298,0.05
1437,43,2,2654,0
1437,55,1,4377,0
1438,20,3,4963,0.05
1438,51,1,2621,0.2
1439,33,1,2132,0.1
1439,11,1,4549,0.15
1440,33,1,2132,0.1
1441,30,2,3732,0
1441,38,1,976,0
1442,15,1,3944,0
1442,60,2,1642,0
1443,3,1,3882,0.05
1443,40,1,4298,0.1
1443,3,1,3882,0
1444,15,1,3944,0.1
1445,35,1,2084,0
1445,19,1,2578,0.2
1446,39,1,765,0
1446,41,2,4560,0.1
1447,6,3,3871,0
1447,52,2,2641,0
1447,24,1,2210,0.1
1447,31,2,3571,0.1
1448,47,1,365,0.05
1448,45,1,1847,0.05
1449,56,1,2279,0.15
1449,53,2,1408,0
1450,35,2,2084,0.1
1451,53,1,1408,0.05
1452,19,1,2578,0.05
1452,25,1,938,0.2
1452,58,1,124,0
1453,23,1,2084,0.05
1454,27,1,2377,0.05
1454,40,1,4298,0.1
1454,28,2,3031,0.05
1455,58,1,124,0
1456,55,1,4377,0.05
1457,28,1,3031,0.05
1457,21,1,572,0
1457,12,1,2578,0
1457,11,2,4549,0
1458,15,3,3944,0.05
1459,39,2,765,0.05
1459,33,1,2132,0
1459,40,1,4298,0
1459,56,1,2279,0
1460,12,1,2578,0.1
1461,36,1,460,0
1462,58,1,124,0
1462,52,1,2641,0.15
1462,20,1,4963,0.05
1463,17,1,1925,0.05
1464,23,1,2084,0.1
1465,49,1,2121,0.05
1466,19,2,2578,0
1467,5,1,207,0.15
1468,38,3,976,0
1469,4,1,3867,0.1
1470,3,1,3882,0
1470,10,1,3960,0
1471,60,1,1642,0.2
1472,23,1,2084,0.1
1473,12,1,2578,0.15
1473,50,1,4645,0.05
1474,23,1,2084,0.1
1474,54,1,273,0.2
1474,20,1,4963,0
1475,23,1,2084,0
1475,1,2,2760,0.1
1475,8,2,659,0
1475,33,1,2132,0
1476,44,1,1674,0.2
1477,5,2,207,0.05
1478,32,2,2083,0.1
1478,10,1,3960,0.05
1479,38,1,976,0.05
1480,18,2,4405,0
1480,27,1,2377,0
1480,6,1,3871,0.1
1481,27,1,2377,0.05
1481,53,1,1408,0.15
1482,31,2,3571,0
1482,53,1,1408,0
1483,46,1,1604,0.2
1483,15,1,3944,0.2
1484,27,1,2377,0
1484,38,1,976,0
1485,28,2,3031,0
1485,32,1,2083,0
1486,52,2,2641,0
1486,48,1,4805,0
1486,9,2,1527,0
1486,33,1,2132,0.2
1487,22,1,131,0
1487,60,1,1642,0
1487,7,1,2555,0.05
1487,49,1,2121,0.05
1488,6,3,3871,0.1
1488,9,1,1527,0.05
1489,52,1,2641,0.05
1490,43,3,2654,0.2
1490,12,1,2578,0.1
1490,48,1,4805,0
1490,20,3,4963,0.05
1491,16,1,2872,0
1491,40,1,4298,0.1
1491,31,1,3571,0
1492,47,1,365,0.05
1493,41,1,4560,0
1493,58,1,124,0.1
1493,41,1,4560,0
1494,12,1,2578,0.1
1494,27,2,2377,0
1494,50,2,4645,0
1495,44,1,1674,0.05
1496,20,2,4963,0
1497,33,1,2132,0.05
1497,30,1,3732,0.1
1498,14,1,3770,0
1499,12,1,2578,0
1499,28,1,3031,0.15
1499,12,2,2578,0.1
1499,30,1,3732,0
1500,59,1,954,0.1
1500,23,1,2084,0.1
1500,2,3,1368,0
1501,14,2,3770,0.15
1501,60,1,1642,0.1
1502,18,2,4405,0.2
1502,10,2,3960,0.1
1502,41,2,4560,0
1503,3,1,3882,0
1504,23,1,2084,0.1
1505,43,1,2654,0
1505,8,1,659,0
1506,29,1,410,0
1507,22,2,131,0.1
1507,48,1,4805,0.1
1507,40,3,4298,0
1507,46,1,1604,0.1
1508,55,1,4377,0.05
1508,51,2,2621,0.1
1508,28,1,3031,0
1509,41,1,4560,0
1509,14,1,3770,0.15
1510,54,1,273,0.1
1510,60,2,1642,0
1510,7,1,2555,0.1
1511,54,1,273,0
1511,48,1,4805,0.05
1512,43,3,2654,0
1512,55,1,4377,0
1512,19,1,2578,0
1512,24,1,2210,0.1
1513,23,1,2084,0
1514,14,2,3770,0
1514,40,1,4298,0
1514,4,1,3867,0
1514,46,1,1604,0
1515,21,3,572,0.05
1516,10,1,3960,0
1516,16,1,2872,0
1517,60,1,1642,0
1517,53,2,1408,0.15
1517,41,1,4560,0
1518,40,1,4298,0.2
1519,55,2,4377,0.05
1520,32,2,2083,0
1520,10,1,3960,0.05
1521,4,2,3867,0.15
1522,8,1,659,0.05
1522,28,1,3031,0.15
1523,32,1,2083,0.1
1524,60,2,1642,0
1525,9,1,1527,0.15
1525,12,1,2578,0
1525,7,1,2555,0.1
1526,40,1,4298,0
1526,23,1,2084,0
1527,20,1,4963,0.05
1527,3,3,3882,0.2
1528,30,1,3732,0
1528,48,1,4805,0.05
1529,28,2,3031,0.05
1529,10,1,3960,0.05
1529,20,1,4963,0
1530,24,1,2210,0
1531,44,2,1674,0
1531,28,1,3031,0
1531,30,1,3732,0.15
1532,19,1,2578,0
1532,56,1,2279,0.15
1533,10,1,3960,0.05
1534,25,1,938,0
1535,56,1,2279,0
1536,35,1,2084,0.1
1536,35,1,2084,0
1536,39,2,765,0.05
1537,31,3,3571,0.05
1537,19,2,2578,0
1538,30,1,3732,0
1538,54,1,273,0
1539,57,1,3486,0
1539,59,1,954,0.05
1539,39,1,765,0
1540,53,1,1408,0.1
1540,17,1,1925,0.05
1541,54,1,273,0
1541,31,1,3571,0
1542,47,2,365,0.1
1542,27,1,2377,0.1
1543,52,1,2641,0.05
1543,40,2,4298,0.05
1543,37,1,189,0
1544,5,1,207,0.1
1545,54,2,273,0.1
1545,58,1,124,0
1546,26,1,438,0.2
1546,15,2,3944,0.1
1547,7,1,2555,0.1
1547,17,1,1925,0.1
1547,6,1,3871,0.1
1547,9,1,1527,0.15
1548,3,3,3882,0
1548,35,1,2084,0.05
1549,21,1,572,0
1550,46,2,1604,0
1551,24,1,2210,0.1
1552,14,1,3770,0
1552,12,2,2578,0
1552,7,1,2555,0
1553,2,1,1368,0.1
1554,10,1,3960,0.05
1555,23,1,2084,0
1556,30,1,3732,0.1
1557,10,2,3960,0.1
1557,40,1,4298,0.1
1558,59,1,954,0.1
1559,27,2,2377,0
1559,24,3,2210,0
1559,51,1,2621,0.05
1560,7,3,2555,0.1
1560,48,1,4805,0
1561,6,1,3871,0.15
1562,10,2,3960,0.15
1562,5,1,207,0.05
1563,10,1,3960,0.2
1564,37,1,189,0.05
1564,10,1,3960,0.05
1565,50,1,4645,0.05
1566,52,1,2641,0.1
1566,36,1,460,0
1567,47,1,365,0
1567,29,1,410,0.2
1568,35,1,2084,0.05
1568,56,1,2279,0.05
1569,27,2,2377,0.05
1569,5,1,207,0.1
1569,1,1,2760,0.1
1569,45,1,1847,0
1570,51,2,2621,0.15
1570,6,1,3871,0
1571,49,1,2121,0
1572,25,1,938,0
1572,52,1,2641,0
1572,35,1,2084,0.05
1572,2,1,1368,0
1573,6,1,3871,0.05
1573,28,1,3031,0
1574,53,1,1408,0
1574,22,2,131,0.15
1574,10,1,3960,0.1
1575,16,2,2872,0.05
1575,51,1,2621,0.1
1575,32,2,2083,0.2
1576,40,2,4298,0
1577,13,1,283,0.1
1577,3,1,3882,0.15
1578,27,2,2377,0.05
1578,41,2,4560,0
1578,51,1,2621,0.05
1579,5,1,207,0.1
1579,9,1,1527,0.15
1580,10,1,3960,0
1581,52,1,2641,0.2
1582,22,2,131,0.15
1582,59,1,954,0.05
1583,14,1,3770,0.2
1583,58,1,124,0.05
1584,15,1,3944,0.1
1584,4,2,3867,0.05
1585,56,1,2279,0.05
1586,20,1,4963,0.05
1587,22,2,131,0.05
1587,60,1,1642,0.05
1588,13,1,283,0
1588,35,1,2084,0.15
1589,42,1,641,0.05
1589,3,3,3882,0
1590,12,1,2578,0.05
1590,14,1,3770,0.1
1591,24,2,2210,0.1
1591,3,2,3882,0.05
1592,29,1,410,0.1
1592,38,1,976,0.15
1593,45,2,1847,0.15
1593,18,2,4405,0.05
1594,9,1,1527,0
1594,11,1,4549,0
1595,21,1,572,0
1595,14,2,3770,0
1595,29,1,410,0
1596,48,2,4805,0.15
1596,43,1,2654,0
1597,35,1,2084,0
1598,22,1,131,0.05
1599,32,1,2083,0.1
1599,3,1,3882,0.1
1600,52,1,2641,0
1600,27,1,2377,0
1601,29,2,410,0
1602,31,1,3571,0.1
1603,18,1,4405,0.05
1604,17,1,1925,0.1
1604,40,1,4298,0
1605,48,1,4805,0.15
1605,11,1,4549,0.1
1606,12,1,2578,0.1
1607,10,2,3960,0
1608,18,2,4405,0.2
1608,14,1,3770,0.05
1609,53,1,1408,0.05
1610,52,3,2641,0
1610,28,1,3031,0.1
1610,43,1,2654,0.2
1611,47,1,365,0
1611,48,1,4805,0.1
1612,20,1,4963,0
1612,40,2,4298,0
1612,17,1,1925,0.1
1612,7,1,2555,0
1613,14,2,3770,0.05
1613,25,1,938,0
1613,44,1,1674,0.05
1614,8,1,659,0
1614,18,1,4405,0
1615,43,2,2654,0.1
1616,18,1,4405,0.1
1617,19,2,2578,0
1617,47,1,365,0.15
1618,36,3,460,0.1
1619,60,3,1642,0
1620,29,2,410,0
1621,27,1,2377,0.1
1621,45,1,1847,0
1622,14,2,3770,0.1
1622,29,1,410,0
1622,41,1,4560,0
1623,25,1,938,0
1623,4,1,3867,0.1
1624,12,1,2578,0
1624,14,1,3770,0.1
1625,43,2,2654,0.05
1625,26,3,438,0.05
1626,38,1,976,0.1
1627,23,1,2084,0
1628,19,1,2578,0
1628,20,1,4963,0.05
1628,54,1,273,0.1
1629,38,1,976,0
1630,57,1,3486,0.1
1630,42,2,641,0.1
1631,25,1,938,0
1632,24,1,2210,0.1
1632,4,1,3867,0
1633,57,1,3486,0
1634,28,1,3031,0.15
1634,24,1,2210,0
1634,46,3,1604,0.1
1635,59,1,954,0.1
1635,10,1,3960,0.1
1636,44,1,1674,0.1
1636,14,1,3770,0.05
1637,33,1,2132,0.05
1637,7,2,2555,0.05
1637,25,1,938,0
1638,16,2,2872,0.1
1638,26,3,438,0
1639,7,1,2555,0
1640,45,1,1847,0.2
1640,47,1,365,0.1
1641,52,2,2641,0.2
1641,17,1,1925,0.05
1642,34,1,1026,0.05
1643,11,1,4549,0.1
1644,44,1,1674,0.1
1644,59,1,954,0
1645,27,1,2377,0.15
1645,11,2,4549,0.1
1646,34,1,1026,0
1646,24,1,2210,0.1
1647,5,1,207,0
1648,8,1,659,0.05
1648,3,1,3882,0.05
1648,44,1,1674,0.05
1649,57,1,3486,0.1
1649,46,1,1604,0.15
1650,38,2,976,0
1650,25,1,938,0
1650,2,1,1368,0.1
1651,23,1,2084,0.05
1651,32,1,2083,0
1652,46,1,1604,0
1653,3,1,3882,0
1654,52,1,2641,0
1655,24,1,2210,0.1
1655,3,1,3882,0.05
1656,30,1,3732,0
1657,3,1,3882,0
1657,8,1,659,0
1658,5,1,207,0.05
1658,45,1,1847,0.05
1659,42,1,641,0.05
1660,31,1,3571,0.05
1660,11,1,4549,0.05
1660,45,1,1847,0
1661,56,2,2279,0
1662,3,1,3882,0.15
1663,48,1,4805,0.05
1663,5,1,207,0.05
1664,57,1,3486,0.05
1664,43,1,2654,0.1
1664,55,1,4377,0.1
1664,56,1,2279,0
1665,54,1,273,0.2
1666,1,1,2760,0
1666,40,1,4298,0
1666,52,1,2641,0.15
1667,36,1,460,0.1
1667,31,2,3571,0.05
1667,55,3,4377,0.1
1667,52,1,2641,0.1
1668,20,1,4963,0.1
1668,39,1,765,0.05
1668,30,1,3732,0.1
1669,46,1,1604,0
1670,40,1,4298,0
1671,56,2,2279,0.05
1672,23,2,2084,0.05
1673,29,1,410,0.15
1674,5,1,207,0
1675,1,1,2760,0.05
1676,3,1,3882,0.05
1676,29,1,410,0.1
1677,57,1,3486,0.1
1678,36,1,460,0.1
1679,7,1,2555,0.2
1679,13,1,283,0
1680,37,1,189,0.05
1680,58,1,124,0.05
1680,52,2,2641,0
1681,58,1,124,0
1682,37,1,189,0
1682,9,1,1527,0
1683,36,1,460,0
1683,16,1,2872,0.05
1684,47,1,365,0.05
1684,53,1,1408,0.2
1685,3,1,3882,0.1
1685,8,3,659,0
1685,50,1,4645,0.15
1686,59,2,954,0.2
1687,45,1,1847,0
1687,38,2,976,0.1
1687,11,1,4549,0.2
1687,58,1,124,0
1688,30,1,3732,0
1689,6,1,3871,0
1689,4,1,3867,0.15
1690,60,2,1642,0
1691,54,2,273,0.2
1692,59,1,954,0.05
1693,23,1,2084,0
1693,28,1,3031,0
1694,31,1,3571,0
1694,51,1,2621,0.15
1695,53,1,1408,0.1
1696,4,1,3867,0.15
1697,52,1,2641,0
1697,21,1,572,0.05
1698,30,1,3732,0.1
1699,31,2,3571,0.2
1700,28,1,3031,0.15
1701,48,1,4805,0.15
1702,44,1,1674,0.1
1702,11,1,4549,0
1703,12,1,2578,0.15
1703,43,1,2654,0.05
1704,41,1,4560,0
1705,12,1,2578,0.05
1706,36,1,460,0.05
1707,15,2,3944,0.1
1707,46,1,1604,0.1
1707,60,1,1642,0
1707,22,2,131,0.2
1708,16,1,2872,0.05
1708,28,1,3031,0
1708,20,1,4963,0
1709,55,1,4377,0.1
1709,24,1,2210,0.15
1710,8,2,659,0.05
1711,5,2,207,0.1
1711,46,1,1604,0.2
1711,56,1,2279,0
1711,56,1,2279,0.05
1712,15,1,3944,0
1713,3,1,3882,0.1
1713,40,1,4298,0
1713,22,2,131,0.1
1713,18,1,4405,0
1714,21,1,572,0.05
1714,35,2,2084,0.05
1715,35,1,2084,0.15
1715,28,1,3031,0.05
1716,24,3,2210,0.15
1716,13,1,283,0.1
1717,21,1,572,0
1718,56,1,2279,0
1718,55,1,4377,0
1719,10,1,3960,0.1
1719,14,2,3770,0
1719,15,1,3944,0
1719,28,1,3031,0
1720,28,1,3031,0.05
1720,14,1,3770,0.2
1721,24,1,2210,0.2
1721,15,2,3944,0.2
1721,6,1,3871,0.05
1722,53,1,1408,0
1723,54,2,273,0.05
1723,30,1,3732,0
1723,44,3,1674,0.05
1724,13,2,283,0
1725,49,1,2121,0.15
1725,9,2,1527,0.15
1726,34,1,1026,0.1
1726,56,2,2279,0.15
1727,20,1,4963,0.1
1727,32,2,2083,0.05
1728,45,1,1847,0
1729,50,1,4645,0.05
1730,56,1,2279,0
1730,54,3,273,0.2
1730,30,1,3732,0
1731,15,1,3944,0.1
1731,47,1,365,0.1
1732,49,1,2121,0
1732,7,1,2555,0.05
1733,49,1,2121,0.05
1733,53,1,1408,0.1
1734,18,1,4405,0
1735,16,1,2872,0.15
1735,3,2,3882,0.05
1735,57,1,3486,0.05
1735,35,1,2084,0
1736,7,1,2555,0.1
1736,45,1,1847,0
1737,44,1,1674,0.05
1737,26,2,438,0
1738,20,3,4963,0
1738,18,1,4405,0.15
1739,25,1,938,0
1739,36,2,460,0
1740,16,1,2872,0
1740,20,1,4963,0
1741,11,1,4549,0
1742,36,1,460,0.15
1743,32,1,2083,0
1743,45,1,1847,0
1744,42,1,641,0.1
1744,28,1,3031,0.05
1745,52,1,2641,0.05
1745,59,1,954,0
1746,25,1,938,0
1746,14,2,3770,0.15
1747,14,1,3770,0
1748,47,1,365,0.1
1748,38,1,976,0
1749,4,2,3867,0.1
1749,51,2,2621,0
1749,30,1,3732,0.05
1750,27,2,2377,0
1750,55,3,4377,0.1
1750,15,1,3944,0.2
1751,27,1,2377,0
1752,16,2,2872,0.05
1752,46,2,1604,0.2
1753,31,1,3571,0.05
1753,1,1,2760,0.05
1754,32,3,2083,0.2
1755,50,1,4645,0.2
1755,14,1,3770,0
1755,21,2,572,0.1
1756,10,1,3960,0.1
1757,27,1,2377,0.05
1758,7,1,2555,0
1759,10,2,3960,0.05
1760,49,1,2121,0.15
1761,52,2,2641,0.1
1761,12,2,2578,0.15
1761,52,1,2641,0.05
1762,9,1,1527,0.15
1763,45,1,1847,0.2
1764,29,1,410,0
1764,38,1,976,0.1
1764,4,1,3867,0.05
1764,51,1,2621,0.05
1765,13,1,283,0.05
1765,3,1,3882,0.1
1766,33,1,2132,0.05
1767,3,2,3882,0.15
1768,9,2,1527,0.05
1768,28,1,3031,0.15
1769,36,1,460,0.1
1770,26,3,438,0.15
1770,57,1,3486,0.05
1770,52,1,2641,0.05
1771,35,1,2084,0.05
1771,10,1,3960,0
1772,2,1,1368,0.1
1772,45,1,1847,0.1
1773,36,1,460,0.1
1774,18,1,4405,0
1774,57,1,3486,0.05
1774,3,1,3882,0.1
1774,13,2,283,0.1
1775,17,2,1925,0.2
1776,22,2,131,0.1
1777,31,2,3571,0.05
1777,43,2,2654,0.05
1777,33,1,2132,0.05
1778,47,1,365,0.2
1778,31,1,3571,0.05
1779,39,1,765,0
1779,9,1,1527,0.1
1780,26,2,438,0.05
1780,60,1,1642,0.1
1780,26,1,438,0.15
1781,33,1,2132,0
1782,48,1,4805,0.05
1782,30,1,3732,0.15
1782,24,1,2210,0.15
1782,10,1,3960,0.05
1783,4,1,3867,0.1
1783,15,3,3944,0
1783,27,1,2377,0
1784,18,2,4405,0
1784,53,1,1408,0.1
1785,39,1,765,0
1786,8,1,659,0
1787,36,1,460,0.05
1788,35,2,2084,0.15
1788,6,2,3871,0
1789,49,1,2121,0.1
1790,18,1,4405,0
1791,55,1,4377,0
1791,1,3,2760,0.1
1792,27,1,2377,0
1792,13,1,283,0.1
1793,39,2,765,0.05
1794,40,1,4298,0.1
1795,14,3,3770,0
1795,39,1,765,0
1795,28,1,3031,0
1795,18,1,4405,0.05
1796,6,1,3871,0
1796,49,1,2121,0.05
1797,10,1,3960,0.1
1798,42,1,641,0
1798,24,1,2210,0
1798,9,2,1527,0
1799,10,1,3960,0
1800,12,1,2578,0.05
1801,15,1,3944,0
1802,7,1,2555,0.05
1803,55,1,4377,0.1
1804,42,1,641,0
1804,33,1,2132,0
1805,28,1,3031,0.05
1805,57,1,3486,0.1
1806,52,1,2641,0.05
1807,54,1,273,0.1
1808,56,3,2279,0
1809,24,1,2210,0
1809,20,1,4963,0
1809,18,1,4405,0.05
1810,35,1,2084,0
1810,24,1,2210,0.05
1811,41,2,4560,0
1812,14,1,3770,0
1812,56,1,2279,0.1
1812,32,1,2083,0
1813,50,1,4645,0.05
1813,23,1,2084,0.05
1813,24,1,2210,0.15
1814,27,1,2377,0
1815,58,1,124,0.15
1815,18,1,4405,0.05
1815,34,1,1026,0.05
1816,13,1,283,0
1816,50,1,4645,0
1817,49,1,2121,0
1817,36,1,460,0
1818,4,1,3867,0
1819,38,1,976,0
1819,2,1,1368,0
1819,32,1,2083,0.1
1820,40,1,4298,0.05
1820,16,1,2872,0.15
1821,31,1,3571,0.05
1821,43,1,2654,0
1822,13,1,283,0
1822,21,1,572,0
1823,42,1,641,0.1
1823,7,1,2555,0.1
1824,49,1,2121,0.05
1825,56,1,2279,0.1
1825,24,3,2210,0.05
1826,44,1,1674,0.05
1826,28,1,3031,0
1826,19,2,2578,0
1826,10,1,3960,0.05
1827,25,2,938,0.1
1827,51,1,2621,0.05
1827,10,1,3960,0.2
1828,12,2,2578,0.05
1828,11,2,4549,0.15
1829,33,1,2132,0
1829,5,2,207,0.15
1829,42,1,641,0
1830,16,1,2872,0.1
1830,47,1,365,0.1
1831,7,1,2555,0
1832,33,1,2132,0
1832,33,2,2132,0
1832,11,2,4549,0.05
1832,11,2,4549,0.15
1833,41,1,4560,0.05
1833,9,1,1527,0.1
1833,60,1,1642,0
1834,7,1,2555,0.05
1835,23,3,2084,0
1835,24,2,2210,0
1836,53,1,1408,0
1837,5,1,207,0.1
1838,58,3,124,0.05
1838,58,1,124,0.1
1838,29,1,410,0
1838,18,2,4405,0.2
1839,54,2,273,0.05
1839,16,2,2872,0.2
1840,30,2,3732,0
1841,57,2,3486,0
1841,33,1,2132,0.15
1841,39,2,765,0
1841,28,1,3031,0.05
1842,5,1,207,0.05
1842,14,2,3770,0.1
1843,16,1,2872,0.15
1843,1,1,2760,0
1843,59,3,954,0.05
1843,14,2,3770,0.05
1844,60,1,1642,0
1845,50,1,4645,0.05
1845,18,1,4405,0
1845,18,1,4405,0
1846,55,1,4377,0.05
1847,23,1,2084,0.1
1848,52,1,2641,0.1
1848,53,2,1408,0.15
1849,7,1,2555,0.05
1850,25,1,938,0.05
1850,30,1,3732,0
1850,59,1,954,0.15
1851,5,1,207,0.05
1852,15,1,3944,0.15
1852,20,1,4963,0
1852,47,1,365,0.15
1853,10,1,3960,0.05
1854,24,2,2210,0.05
1855,34,2,1026,0.1
1855,53,1,1408,0
1856,51,1,2621,0.1
1856,24,2,2210,0.1
1857,7,1,2555,0
1858,55,1,4377,0.1
1859,38,1,976,0
1859,25,2,938,0.15
1860,51,1,2621,0
1860,30,1,3732,0
1861,4,1,3867,0.1
1862,27,1,2377,0.1
1862,3,3,3882,0.05
1863,60,1,1642,0.2
1863,6,2,3871,0.2
1864,6,1,3871,0
1864,38,1,976,0.05
1865,10,2,3960,0.1
1866,57,1,3486,0
1866,39,1,765,0.05
1866,26,1,438,0.1
1867,7,1,2555,0
1868,50,1,4645,0.1
1868,55,3,4377,0.15
1868,20,2,4963,0
1869,51,1,2621,0.05
1869,1,1,2760,0
1870,36,1,460,0.1
1870,23,1,2084,0.15
1871,14,3,3770,0.15
1872,52,1,2641,0
1872,40,1,4298,0.2
1873,30,3,3732,0.1
1874,53,1,1408,0.05
1875,55,1,4377,0
1875,43,2,2654,0.05
1875,11,2,4549,0.05
1875,33,1,2132,0.1
1876,54,1,273,0.15
1876,12,3,2578,0
1877,16,3,2872,0
1878,33,1,2132,0.1
1878,13,1,283,0.05
1879,23,1,2084,0.05
1879,10,1,3960,0.2
1880,18,1,4405,0
1880,33,2,2132,0.1
1880,12,2,2578,0.2
1880,4,2,3867,0
1881,21,1,572,0
1882,59,1,954,0.05
1883,40,1,4298,0
1883,28,1,3031,0.2
1884,22,1,131,0.05
1885,32,1,2083,0.05
1885,24,1,2210,0.05
1886,14,2,3770,0
1887,35,1,2084,0.05
1888,23,1,2084,0.15
1889,18,2,4405,0
1890,29,1,410,0.05
1891,50,2,4645,0.1
1892,26,1,438,0
1892,58,1,124,0.1
1893,5,1,207,0.15
1894,32,1,2083,0.05
1894,9,1,1527,0.1
1895,38,1,976,0
1895,25,1,938,0.05
1896,24,3,2210,0
1897,32,2,2083,0.2
1897,35,1,2084,0
1897,3,1,3882,0
1898,3,2,3882,0.05
1898,51,2,2621,0
1899,15,2,3944,0.05
1900,22,1,131,0
1900,17,3,1925,0
1901,24,2,2210,0
1901,48,2,4805,0.05
1901,41,1,4560,0.2
1902,51,2,2621,0
1903,18,1,4405,0.05
1904,48,3,4805,0.05
1904,14,1,3770,0.05
1904,48,2,4805,0.05
1905,47,1,365,0.05
1906,13,1,283,0
1907,27,2,2377,0
1907,55,2,4377,0
1908,33,1,2132,0.05
1908,1,1,2760,0.1
1908,49,1,2121,0.1
1909,31,1,3571,0
1910,54,1,273,0
1910,6,2,3871,0
1911,24,1,2210,0.05
1912,13,1,283,0.1
1912,32,1,2083,0
1913,42,1,641,0
1913,17,1,1925,0
1914,11,1,4549,0
1914,53,1,1408,0.15
1915,12,1,2578,0.05
1915,40,1,4298,0.1
1916,30,2,3732,0.05
1916,37,1,189,0
1917,58,1,124,0.05
1918,26,1,438,0.2
1918,5,2,207,0
1919,27,2,2377,0
1920,6,1,3871,0
1921,41,1,4560,0
1921,20,1,4963,0
1921,56,1,2279,0.15
1922,39,1,765,0
1923,25,1,938,0.05
1923,15,1,3944,0.1
1924,36,1,460,0.1
1924,5,1,207,0
1925,52,1,2641,0.2
1926,58,1,124,0.05
1926,21,1,572,0.05
1927,13,1,283,0
1927,24,1,2210,0
1928,27,2,2377,0.1
1928,52,1,2641,0
1929,54,3,273,0.15
1930,54,1,273,0.05
1931,54,1,273,0.15
1932,41,1,4560,0
1933,37,1,189,0
1933,46,1,1604,0
1934,16,1,2872,0.2
1935,23,1,2084,0.05
1935,57,1,3486,0.05
1935,2,1,1368,0
1936,33,1,2132,0.05
1936,7,2,2555,0.15
1936,37,1,189,0.15
1937,22,1,131,0.1
1938,45,1,1847,0
1939,57,1,3486,0.05
1939,50,1,4645,0
1940,6,1,3871,0.05
1940,57,1,3486,0.05
1941,54,1,273,0.05
1942,35,1,2084,0.05
1942,52,2,2641,0.15
1943,21,1,572,0.05
1944,60,1,1642,0.2
1945,34,1,1026,0.1
1945,35,2,2084,0
1946,41,1,4560,0
1947,23,2,2084,0.15
1948,47,1,365,0
1948,53,1,1408,0.15
1948,22,1,131,0
1949,50,1,4645,0
1950,40,2,4298,0.1
1950,24,2,2210,0.1
1950,27,1,2377,0
1950,19,2,2578,0.05
1951,56,1,2279,0
1951,13,1,283,0.1
1952,22,1,131,0
1953,16,1,2872,0
1954,57,2,3486,0.05
1954,33,1,2132,0
1955,40,1,4298,0
1955,31,2,3571,0
1956,38,1,976,0
1956,22,1,131,0.2
1957,35,1,2084,0
1958,28,1,3031,0.05
1958,31,1,3571,0.05
1959,8,2,659,0
1960,12,1,2578,0.05
1960,34,1,1026,0
1961,55,2,4377,0.1
1961,2,3,1368,0.05
1962,5,1,207,0
1962,15,1,3944,0
1963,48,1,4805,0
1963,24,2,2210,0.1
1964,45,2,1847,0.05
1965,26,1,438,0
1966,37,1,189,0.15
1966,44,1,1674,0
1966,57,1,3486,0.05
1967,6,2,3871,0.1
1968,11,1,4549,0.05
1968,14,1,3770,0.05
1969,16,2,2872,0.05
1969,16,1,2872,0
1970,40,1,4298,0
1971,49,2,2121,0.1
1972,43,1,2654,0
1973,26,3,438,0.05
1973,12,2,2578,0
1973,18,1,4405,0.15
1973,15,2,3944,0.1
1974,39,1,765,0
1975,17,2,1925,0
1975,8,2,659,0.1
1975,1,1,2760,0.05
1976,5,1,207,0.1
1976,54,2,273,0.1
1977,29,1,410,0.15
1977,19,1,2578,0.1
1978,13,2,283,0.1
1979,56,1,2279,0.05
1980,15,1,3944,0.15
1981,38,1,976,0.1
1982,52,1,2641,0
1983,48,1,4805,0
1984,19,1,2578,0.05
1984,8,1,659,0
1985,12,1,2578,0.05
1986,19,1,2578,0.2
1986,27,1,2377,0
1986,50,1,4645,0
1987,36,1,460,0.1
1988,25,1,938,0.05
1988,39,1,765,0.05
1989,18,3,4405,0.2
1989,24,1,2210,0
1990,24,1,2210,0.05
1991,37,1,189,0.1
1991,8,2,659,0.15
1992,32,1,2083,0.15
1993,21,1,572,0.05
1993,40,1,4298,0
1993,38,1,976,0.1
1993,57,1,3486,0.1
1994,12,1,2578,0
1994,55,1,4377,0
1995,5,1,207,0.05
1996,7,1,2555,0.05
1997,59,1,954,0.1
1998,23,2,2084,0.2
1999,22,1,131,0
1999,55,1,4377,0.15
1999,38,1,976,0.1
1999,27,1,2377,0
2000,35,1,2084,0
2001,57,1,3486,0
2001,19,1,2578,0
2001,16,1,2872,0.1
2002,4,1,3867,0
2003,55,1,4377,0
2004,8,3,659,0.1
2004,14,1,3770,0.15
2005,34,2,1026,0
2005,3,1,3882,0
2005,3,1,3882,0
2006,30,1,3732,0
2006,49,1,2121,0.1
2007,51,2,2621,0
2007,19,2,2578,0.1
2008,46,1,1604,0.05
2008,33,3,2132,0
2008,57,3,3486,0.1
2009,7,2,2555,0.1
2009,27,1,2377,0.05
2010,15,3,3944,0.05
2010,13,1,283,0.05
2010,46,1,1604,0.05
2010,41,1,4560,0.1
2011,3,1,3882,0.15
2012,8,1,659,0
2012,23,1,2084,0.05
2013,3,1,3882,0
2013,20,2,4963,0.1
2013,52,1,2641,0
2013,10,1,3960,0.1
2014,59,2,954,0.05
2014,2,1,1368,0
2015,29,1,410,0.05
2016,15,1,3944,0
2016,36,1,460,0
2016,15,1,3944,0
2017,25,1,938,0.2
2018,5,1,207,0
2019,34,1,1026,0.1
2019,51,1,2621,0
2020,59,1,954,0.1
2020,11,1,4549,0.15
2021,6,1,3871,0.2
2021,6,1,3871,0
2022,50,1,4645,0.2
2022,39,1,765,0.05
2023,7,2,2555,0.05
2024,14,2,3770,0.05
2025,54,1,273,0
2025,26,2,438,0
2026,11,1,4549,0
2026,43,1,2654,0.1
2026,33,1,2132,0.1
2026,4,2,3867,0.1
2027,52,1,2641,0.05
2027,28,2,3031,0
2027,47,1,365,0.1
2028,21,2,572,0
2029,55,1,4377,0.1
2030,40,1,4298,0
2030,19,1,2578,0.05
2031,46,1,1604,0.15
2032,56,1,2279,0.05
2032,19,1,2578,0.05
2033,1,3,2760,0
2033,59,1,954,0.1
2034,56,1,2279,0.1
2034,58,1,124,0
2035,10,1,3960,0
2036,30,1,3732,0
2036,32,1,2083,0.15
2036,17,1,1925,0.1
2037,29,1,410,0.1
2037,53,1,1408,0
2038,12,2,2578,0.05
2038,41,1,4560,0
2038,41,1,4560,0.05
2039,57,1,3486,0.1
2039,4,1,3867,0.1
2039,24,1,2210,0.05
2040,24,1,2210,0.2
2040,4,1,3867,0.15
2041,51,1,2621,0
2042,25,2,938,0
2043,36,2,460,0
2044,40,1,4298,0.05
2045,56,1,2279,0.15
2046,16,2,2872,0.05
2046,20,1,4963,0.1
2046,48,1,4805,0
2046,55,1,4377,0.05
2047,26,2,438,0.05
2047,10,2,3960,0.05
2047,11,1,4549,0
2048,52,1,2641,0.15
2049,9,1,1527,0.1
2049,8,1,659,0
2050,40,2,4298,0
2050,7,1,2555,0.1
2050,6,1,3871,0.1
2051,46,1,1604,0
2051,38,1,976,0
2052,50,2,4645,0.15
2052,16,1,2872,0
2052,28,1,3031,0.2
2053,11,1,4549,0
2053,31,2,3571,0.15
2054,26,1,438,0.1
2054,34,1,1026,0.15
2055,38,1,976,0
2055,28,1,3031,0.1
2056,30,1,3732,0.05
2056,37,1,189,0.05
2057,24,1,2210,0
2057,21,1,572,0.15
2058,21,3,572,0.05
2059,50,1,4645,0.1
2059,3,1,3882,0.05
2060,1,1,2760,0.2
2061,33,2,2132,0
2061,27,1,2377,0.05
2062,1,1,2760,0
2063,24,1,2210,0
2063,29,1,410,0.15
2064,11,2,4549,0
2065,31,1,3571,0
2066,12,1,2578,0.1
2067,7,1,2555,0.05
2068,7,1,2555,0.15
2068,40,2,4298,0
2068,33,2,2132,0.1
2068,22,1,131,0.05
2069,9,1,1527,0
2070,38,1,976,0
2071,45,1,1847,0.05
2072,59,1,954,0.1
2072,42,2,641,0
2073,54,1,273,0
2074,44,2,1674,0
2074,53,1,1408,0.2
2074,3,2,3882,0
2074,55,1,4377,0.05
2075,4,1,3867,0.15
2075,19,1,2578,0.05
2075,37,1,189,0.05
2076,32,1,2083,0.05
2077,32,1,2083,0.15
2078,43,2,2654,0
2078,52,1,2641,0.1
2078,24,1,2210,0.1
2079,11,1,4549,0.05
2079,48,1,4805,0.05
2079,39,1,765,0.15
2080,11,1,4549,0.1
2080,58,2,124,0
2080,60,1,1642,0.05
2081,51,1,2621,0.05
2082,16,1,2872,0.05
2083,30,2,3732,0.05
2084,1,2,2760,0
2085,20,1,4963,0
2085,2,1,1368,0.2
2086,18,1,4405,0
2087,3,1,3882,0.05
2087,16,2,2872,0
2087,48,3,4805,0
2088,50,1,4645,0
2088,41,1,4560,0
2089,4,3,3867,0
2089,1,1,2760,0.05
2090,12,1,2578,0.1
2090,3,2,3882,0
2091,37,1,189,0.15
2091,43,1,2654,0.1
2092,28,1,3031,0
2093,7,1,2555,0
2093,12,2,2578,0.1
2093,30,2,3732,0
2094,41,1,4560,0.2
2095,22,1,131,0.1
2096,52,1,2641,0.05
2096,55,3,4377,0
2096,51,1,2621,0.2
2097,60,1,1642,0.1
2097,53,1,1408,0
2098,41,1,4560,0.15
2099,51,1,2621,0
2100,19,1,2578,0.15
2101,16,2,2872,0.05
2101,14,1,3770,0
2102,60,1,1642,0.15
2102,43,1,2654,0.1
2103,13,1,283,0
2104,4,1,3867,0
2105,14,1,3770,0.05
2105,52,2,2641,0
2106,54,1,273,0
2107,12,1,2578,0
2107,50,1,4645,0.05
2108,42,1,641,0.15
2109,37,3,189,0
2109,57,2,3486,0
2110,25,1,938,0.1
2111,22,1,131,0.15
2111,56,1,2279,0
2111,5,2,207,0.05
2112,59,2,954,0
2112,60,1,1642,0
2113,17,1,1925,0.05
2113,30,3,3732,0
2113,34,1,1026,0.05
2114,48,1,4805,0.05
2115,13,1,283,0
2115,17,1,1925,0
2116,56,1,2279,0.05
2116,56,1,2279,0
2116,52,1,2641,0.05
2117,48,1,4805,0.05
2118,46,2,1604,0
2118,35,3,2084,0.1
2118,43,1,2654,0.2
2119,22,1,131,0.1
2120,49,1,2121,0
2121,26,1,438,0
2121,58,1,124,0.15
2122,41,2,4560,0.05
2123,39,1,765,0.15
2123,27,1,2377,0.15
2123,29,1,410,0.1
2123,16,1,2872,0
2124,47,1,365,0.1
2124,27,1,2377,0
2124,34,1,1026,0
2124,23,1,2084,0
2125,33,1,2132,0
2125,10,1,3960,0.1
2126,28,3,3031,0.05
2127,52,1,2641,0.05
2128,34,1,1026,0.1
2128,57,1,3486,0.1
2128,35,1,2084,0.1
2129,3,2,3882,0.1
2130,10,1,3960,0
2131,35,2,2084,0
2132,15,1,3944,0.1
2132,55,1,4377,0.1
2132,27,1,2377,0.2
2133,47,1,365,0
2133,54,1,273,0.05
2133,41,1,4560,0.1
2134,46,1,1604,0
2135,16,2,2872,0
2135,36,1,460,0.1
2136,28,1,3031,0
2137,40,1,4298,0.05
2138,49,1,2121,0
2138,59,1,954,0
2139,32,2,2083,0.05
2140,43,2,2654,0
2141,35,1,2084,0.15
2141,5,3,207,0.05
2142,42,1,641,0.05
2143,38,2,976,0
2143,33,1,2132,0
2143,57,1,3486,0
2144,34,2,1026,0.1
2145,16,1,2872,0
2146,12,1,2578,0.15
2147,54,1,273,0.05
2147,24,1,2210,0.1
2148,30,1,3732,0.05
2148,19,1,2578,0
2149,2,2,1368,0.05
2149,55,2,4377,0
2149,32,2,2083,0.05
2150,51,1,2621,0.1
2151,36,1,460,0.05
2151,13,1,283,0.1
2152,52,1,2641,0.05
2152,7,1,2555,0
2153,34,1,1026,0.05
2153,39,1,765,0
2153,34,1,1026,0.1
2153,8,2,659,0
2154,8,1,659,0.05
2155,28,1,3031,0
2156,21,2,572,0
2156,23,1,2084,0.1
2157,57,3,3486,0.2
2158,25,1,938,0.1
2158,44,1,1674,0
2159,48,1,4805,0
2160,52,1,2641,0.1
2161,57,2,3486,0.1
2162,32,1,2083,0
2162,5,2,207,0
2163,14,1,3770,0.15
2163,2,1,1368,0
2164,32,1,2083,0
2164,33,1,2132,0
2165,48,1,4805,0
2166,17,1,1925,0
2167,5,1,207,0.15
2167,29,1,410,0.1
2168,17,1,1925,0.05
2168,36,1,460,0.1
2169,53,2,1408,0
2169,43,1,2654,0.15
2170,18,1,4405,0.05
2170,13,1,283,0
2171,42,2,641,0.15
2172,31,1,3571,0.1
2173,45,1,1847,0.15
2174,53,1,1408,0
2175,19,1,2578,0.1
2176,53,3,1408,0
2176,56,1,2279,0.05
2176,6,3,3871,0.15
2177,4,2,3867,0.1
2177,1,3,2760,0.1
2178,8,1,659,0.1
2178,58,1,124,0.2
2179,55,1,4377,0
2179,51,2,2621,0.1
2179,51,1,2621,0.05
2180,58,1,124,0.05
2180,51,1,2621,0
2180,51,2,2621,0.2
2181,45,2,1847,0
2181,38,1,976,0
2182,5,1,207,0.05
2182,15,1,3944,0
2183,36,2,460,0.05
2183,58,2,124,0.05
2184,36,3,460,0
2185,26,1,438,0.05
2186,13,1,283,0.05
2187,3,1,3882,0
2187,41,1,4560,0
2188,37,2,189,0
2189,34,2,1026,0.1
2190,32,1,2083,0
2191,59,2,954,0
2192,18,1,4405,0.05
2193,22,1,131,0.05
2193,15,1,3944,0.1
2194,39,1,765,0.1
2194,58,1,124,0.05
2195,49,1,2121,0.1
2196,2,1,1368,0.1
2197,36,1,460,0
2197,28,1,3031,0.15
2197,2,1,1368,0
2198,2,1,1368,0
2198,16,1,2872,0.05
2199,32,2,2083,0.15
2199,24,2,2210,0.1
2199,10,3,3960,0
2200,17,2,1925,0.05
2201,7,1,2555,0
2201,28,1,3031,0
2201,33,1,2132,0.05
2202,13,1,283,0.05
2203,22,2,131,0.1
2204,3,1,3882,0
2205,31,1,3571,0
2206,32,2,2083,0.1
2206,25,1,938,0
2207,60,1,1642,0.1
2208,28,1,3031,0.1
2209,13,1,283,0.05
2209,51,1,2621,0
2209,40,1,4298,0.05
2210,23,1,2084,0
2210,1,1,2760,0.15
2210,7,2,2555,0
2210,27,1,2377,0
2211,18,1,4405,0.05
2212,55,1,4377,0
2212,24,1,2210,0
2212,52,1,2641,0.1
2213,36,1,460,0.1
2214,28,2,3031,0.05
2214,59,2,954,0
2215,11,1,4549,0
2215,40,3,4298,0
2215,3,3,3882,0.1
2216,30,1,3732,0.05
2216,27,3,2377,0.15
2217,60,2,1642,0
2217,56,1,2279,0.1
2218,11,1,4549,0.05
2219,17,3,1925,0.15
2219,22,1,131,0.15
2220,15,1,3944,0.05
2220,56,1,2279,0.05
2221,20,1,4963,0.2
2221,47,1,365,0
2222,33,1,2132,0
2223,38,1,976,0.05
2224,43,1,2654,0
2225,18,1,4405,0.1
2225,15,1,3944,0
2226,1,1,2760,0
2226,13,1,283,0.05
2227,53,1,1408,0.05
2228,12,1,2578,0.1
2229,15,1,3944,0.15
2230,20,1,4963,0.2
2230,34,3,1026,0
2231,35,3,2084,0
2232,28,1,3031,0.05
2232,7,1,2555,0.05
2233,51,1,2621,0.15
2233,55,1,4377,0
2233,6,1,3871,0
2233,14,1,3770,0.1
2234,43,1,2654,0.15
2235,31,1,3571,0
2236,32,1,2083,0
2237,41,1,4560,0
2237,30,2,3732,0.05
2237,35,1,2084,0.05
2238,29,2,410,0.05
2239,13,1,283,0.1
2240,56,1,2279,0.1
2241,14,1,3770,0
2241,54,1,273,0
2242,13,1,283,0
2243,46,1,1604,0
2243,4,1,3867,0
2243,18,3,4405,0
2243,2,2,1368,0.05
2244,58,1,124,0
2244,36,1,460,0
2245,1,1,2760,0.1
2246,27,1,2377,0.05
2247,36,1,460,0.1
2248,2,1,1368,0
2249,4,1,3867,0.05
2250,32,1,2083,0.05
2250,7,1,2555,0
2251,39,1,765,0.05
2251,35,2,2084,0.05
2251,40,1,4298,0.05
2252,11,2,4549,0
2252,15,1,3944,0
2252,3,2,3882,0
2253,26,1,438,0.1
2254,54,1,273,0.15
2255,42,2,641,0
2255,12,2,2578,0
2255,23,1,2084,0.15
2255,41,2,4560,0.2
2256,51,1,2621,0
2257,24,1,2210,0.05
2257,11,1,4549,0.1
2258,30,1,3732,0
2258,55,2,4377,0.1
2259,21,2,572,0.15
2259,58,2,124,0
2260,27,1,2377,0.1
2260,41,1,4560,0.15
2261,28,1,3031,0.05
2262,44,1,1674,0.05
2263,57,2,3486,0.05
2263,52,1,2641,0.1
2263,20,2,4963,0.2
2263,50,1,4645,0.1
2264,28,2,3031,0.05
2265,32,1,2083,0
2266,37,1,189,0.1
2267,12,1,2578,0.1
2267,16,1,2872,0
2268,47,1,365,0
2269,24,1,2210,0.05
2270,4,1,3867,0
2271,24,1,2210,0.1
2271,35,1,2084,0
2272,14,3,3770,0.15
2272,33,1,2132,0.1
2273,24,2,2210,0
2273,19,1,2578,0.15
2274,57,1,3486,0.1
2274,6,1,3871,0.1
2275,38,1,976,0.05
2276,27,1,2377,0.05
2277,2,1,1368,0.1
2278,55,1,4377,0.05
2278,7,1,2555,0.05
2279,55,1,4377,0.1
2280,52,1,2641,0.05
2280,4,1,3867,0.15
2280,10,1,3960,0.05
2280,34,1,1026,0.05
2281,19,1,2578,0.05
2282,6,1,3871,0
2282,45,1,1847,0.15
2282,1,1,2760,0.1
2283,44,1,1674,0.05
2283,32,2,2083,0.05
2284,2,1,1368,0
2284,40,1,4298,0
2284,27,1,2377,0.05
2285,41,1,4560,0.1
2285,56,1,2279,0.05
2286,60,1,1642,0.1
2287,50,1,4645,0.05
2287,24,1,2210,0.05
2287,9,1,1527,0
2288,52,1,2641,0.2
2288,40,1,4298,0
2288,9,2,1527,0.1
2289,35,1,2084,0.05
2289,5,1,207,0
2289,34,1,1026,0.1
2290,6,2,3871,0.1
2290,14,1,3770,0
2290,29,3,410,0
2290,43,1,2654,0
2291,1,1,2760,0
2292,32,2,2083,0.2
2292,3,1,3882,0
2292,15,1,3944,0.05
2293,8,1,659,0.15
2294,52,1,2641,0.1
2294,51,1,2621,0
2295,47,1,365,0.1
2296,8,1,659,0
2296,2,1,1368,0.05
2297,19,2,2578,0.2
2297,21,1,572,0.1
2298,40,1,4298,0.05
2298,60,1,1642,0
2298,24,2,2210,0
2299,5,1,207,0
2300,5,1,207,0.1
2300,36,2,460,0
2301,18,1,4405,0.1
2302,25,1,938,0.05
2302,22,1,131,0
2302,20,1,4963,0.15
2303,36,1,460,0.05
2303,6,1,3871,0.05
2304,14,1,3770,0.05
2305,53,1,1408,0
2306,43,1,2654,0.1
2306,4,1,3867,0.1
2307,23,1,2084,0
2307,31,1,3571,0.15
2307,39,1,765,0.1
2307,56,1,2279,0.1
2308,58,2,124,0
2309,60,1,1642,0.05
2309,19,1,2578,0.05
2310,47,1,365,0.05
2310,32,1,2083,0
2310,39,2,765,0
2311,56,2,2279,0
2311,23,1,2084,0
2312,7,1,2555,0.05
2312,11,1,4549,0
2312,5,1,207,0
2312,13,1,283,0.1
2313,6,2,3871,0.1
2314,17,1,1925,0.15
2314,55,1,4377,0
2314,59,3,954,0
2315,48,1,4805,0.1
2315,51,2,2621,0.05
2315,49,1,2121,0
2316,43,1,2654,0
2317,31,1,3571,0
2317,17,2,1925,0.05
2318,53,1,1408,0.2
2318,29,1,410,0.05
2319,14,1,3770,0
2319,58,1,124,0.05
2320,18,1,4405,0.1
2321,57,2,3486,0
2321,7,1,2555,0.05
2321,53,1,1408,0.2
2322,30,1,3732,0.1
2322,56,1,2279,0
2323,48,1,4805,0
2323,57,1,3486,0
2323,12,2,2578,0.1
2323,57,1,3486,0.05
2324,22,1,131,0
2325,31,1,3571,0.1
2326,28,1,3031,0
2327,52,1,2641,0
2327,58,2,124,0
2327,33,3,2132,0.1
2327,3,1,3882,0.1
2328,26,2,438,0.2
2329,12,1,2578,0.15
2329,12,1,2578,0.05
2329,47,1,365,0.15
2330,34,1,1026,0
2331,57,1,3486,0.1
2331,33,2,2132,0.15
2332,36,1,460,0.05
2332,28,1,3031,0
2333,34,1,1026,0
2333,43,1,2654,0.05
2334,31,1,3571,0
2334,17,2,1925,0
2335,49,2,2121,0.05
2336,50,1,4645,0.05
2337,50,1,4645,0.1
2338,38,1,976,0
2338,13,1,283,0
2339,45,1,1847,0.05
2340,59,1,954,0.1
2340,24,1,2210,0.1
2340,33,2,2132,0.05
2341,5,1,207,0.1
2342,53,1,1408,0.15
2343,4,1,3867,0.05
2343,6,2,3871,0.05
2344,19,1,2578,0.15
2345,51,2,2621,0
2346,30,1,3732,0.05
2346,31,2,3571,0
2347,8,1,659,0.05
2347,11,2,4549,0.1
2347,56,1,2279,0.1
2348,35,2,2084,0
2348,47,2,365,0.1
2349,3,1,3882,0.1
2349,34,1,1026,0
2349,57,1,3486,0.05
2350,3,1,3882,0
2351,56,1,2279,0
2351,16,1,2872,0
2351,24,1,2210,0
2352,56,1,2279,0.15
2352,22,1,131,0.1
2352,38,1,976,0.05
2352,40,1,4298,0
2353,12,1,2578,0.2
2353,39,1,765,0.15
2354,39,1,765,0.1
2355,17,2,1925,0.05
2355,23,2,2084,0.1
2356,57,1,3486,0.15
2357,17,1,1925,0.15
2357,43,1,2654,0.15
2357,56,1,2279,0
2358,50,2,4645,0
2358,22,2,131,0.05
2359,30,2,3732,0
2359,40,1,4298,0.05
2359,56,1,2279,0.05
2359,20,2,4963,0
2360,15,2,3944,0
2360,3,3,3882,0
2361,20,1,4963,0
2361,47,1,365,0.05
2362,1,3,2760,0.05
2362,39,1,765,0.05
2362,56,1,2279,0.1
2363,48,2,4805,0.05
2364,50,1,4645,0.05
2364,58,1,124,0.05
2365,9,1,1527,0.05
2365,7,1,2555,0.1
2365,20,1,4963,0
2366,18,2,4405,0.2
2366,13,1,283,0.05
2366,50,2,4645,0
2367,2,2,1368,0
2368,56,1,2279,0.05
2369,33,1,2132,0.15
2369,34,2,1026,0.15
2369,19,2,2578,0
2370,11,1,4549,0
2370,19,1,2578,0.05
2370,15,1,3944,0
2370,28,3,3031,0.2
2371,34,2,1026,0
2371,23,2,2084,0.15
2372,59,1,954,0
2372,10,1,3960,0.2
2373,37,1,189,0.15
2373,54,1,273,0.1
2374,4,2,3867,0
2375,20,1,4963,0.05
2375,19,1,2578,0
2375,26,1,438,0.15
2375,7,1,2555,0
2376,6,1,3871,0.1
2377,55,2,4377,0
2378,43,1,2654,0.05
2378,17,1,1925,0.2
2379,14,1,3770,0
2379,5,1,207,0.1
2379,43,1,2654,0
2380,7,1,2555,0.05
2380,44,2,1674,0.05
2381,45,2,1847,0.15
2381,50,2,4645,0
2381,45,3,1847,0
2382,14,1,3770,0.05
2383,2,1,1368,0.15
2384,36,1,460,0.15
2385,15,1,3944,0
2385,35,1,2084,0
2386,5,1,207,0
2387,33,2,2132,0.05
2387,1,2,2760,0.05
2388,24,1,2210,0.1
2389,21,1,572,0
2389,9,1,1527,0
2390,24,3,2210,0.15
2390,46,1,1604,0
2390,51,1,2621,0.05
2391,43,3,2654,0
2391,25,1,938,0.05
2391,3,1,3882,0
2392,8,2,659,0.05
2393,7,1,2555,0.05
2393,47,1,365,0.1
2393,2,1,1368,0.05
2394,38,1,976,0.05
2395,51,1,2621,0.05
2395,55,2,4377,0
2395,1,2,2760,0.05
2396,13,1,283,0.05
2397,45,1,1847,0
2397,45,2,1847,0
2398,6,3,3871,0
2398,4,2,3867,0.2
2398,27,1,2377,0.05
2398,10,1,3960,0
2399,22,1,131,0.1
2399,5,1,207,0.1
2400,24,1,2210,0.15
2400,37,3,189,0.05
2401,20,1,4963,0
2402,50,2,4645,0
2403,55,1,4377,0.05
2404,6,1,3871,0
2405,31,1,3571,0.15
2406,31,2,3571,0.2
2407,51,1,2621,0.1
2407,56,1,2279,0.05
2407,55,1,4377,0
2408,4,1,3867,0
2409,34,3,1026,0
2409,19,1,2578,0
2410,42,3,641,0.05
2410,44,1,1674,0.15
2411,15,1,3944,0.1
2411,59,1,954,0
2411,8,1,659,0.05
2412,46,1,1604,0.1
2413,50,2,4645,0
2414,41,1,4560,0.1
2414,53,1,1408,0
2415,33,1,2132,0.05
2415,48,1,4805,0.1
2416,27,1,2377,0
2416,13,1,283,0.1
2416,20,2,4963,0
2417,43,1,2654,0.05
2418,25,1,938,0
2419,38,1,976,0
2420,8,1,659,0.05
2420,28,2,3031,0
2420,31,1,3571,0.05
2420,3,1,3882,0
2421,3,2,3882,0.05
2421,17,1,1925,0.2
2421,10,1,3960,0.1
2422,7,1,2555,0.15
2422,16,1,2872,0.1
2423,56,3,2279,0
2423,11,2,4549,0.05
2423,55,1,4377,0
2424,22,1,131,0.15
2425,8,1,659,0.2
2425,9,1,1527,0.05
2425,1,1,2760,0.2
2425,40,2,4298,0.05
2426,43,2,2654,0
2427,14,2,3770,0.05
2427,55,1,4377,0
2428,14,1,3770,0.1
2428,13,1,283,0.05
2428,7,1,2555,0
2428,31,1,3571,0.1
2429,45,1,1847,0
2430,35,1,2084,0.1
2430,18,1,4405,0.1
2430,35,1,2084,0
2430,44,1,1674,0
2431,56,1,2279,0.15
2432,53,1,1408,0
2433,10,1,3960,0.1
2433,6,1,3871,0
2434,35,1,2084,0
2434,9,1,1527,0
2434,36,1,460,0
2435,34,1,1026,0.05
2435,19,1,2578,0
2435,45,1,1847,0.1
2435,55,1,4377,0.05
2436,44,1,1674,0.05
2436,56,1,2279,0
2437,4,1,3867,0
2437,35,1,2084,0.15
2438,17,1,1925,0.05
2439,15,1,3944,0
2439,12,1,2578,0.1
2440,29,2,410,0.15
2441,22,2,131,0
2441,45,1,1847,0.05
2442,48,1,4805,0
2442,9,2,1527,0
2443,14,2,3770,0
2444,29,1,410,0
2445,55,2,4377,0
2445,4,2,3867,0.15
2445,16,1,2872,0.05
2446,31,2,3571,0.1
2446,31,1,3571,0.05
2447,38,1,976,0.1
2448,17,1,1925,0
2448,33,1,2132,0.05
2448,39,1,765,0
2449,55,1,4377,0.1
2450,20,1,4963,0.1
2451,49,1,2121,0.1
2451,51,2,2621,0
2451,25,1,938,0
2452,28,1,3031,0.2
2452,26,1,438,0
2453,39,1,765,0.15
2454,18,2,4405,0
2455,35,1,2084,0
2456,1,3,2760,0
2457,50,1,4645,0
2457,2,1,1368,0.05
2458,60,1,1642,0.1
2459,33,1,2132,0
2459,58,2,124,0
2459,41,1,4560,0.2
2460,47,1,365,0.05
2460,41,1,4560,0
2461,27,1,2377,0.1
2462,11,3,4549,0
2462,47,1,365,0.1
2463,13,2,283,0
2463,60,1,1642,0.2
2464,51,3,2621,0
2464,27,1,2377,0.05
2464,19,1,2578,0.1
2465,10,3,3960,0.05
2465,3,1,3882,0
2465,7,1,2555,0.1
2465,57,2,3486,0.05
2466,49,1,2121,0.05
2467,31,1,3571,0.1
2467,1,1,2760,0
2467,40,2,4298,0.1
2467,1,2,2760,0.15
2468,22,1,131,0.1
2468,27,1,2377,0.05
2469,43,1,2654,0
2470,14,1,3770,0
2471,3,1,3882,0
2472,7,3,2555,0
2473,58,1,124,0
2474,5,3,207,0.1
2474,34,2,1026,0
2474,57,1,3486,0
2475,23,1,2084,0.2
2476,15,1,3944,0.05
2476,14,3,3770,0
2476,3,1,3882,0.05
2477,44,2,1674,0
2477,31,1,3571,0.1
2478,4,2,3867,0.1
2478,39,1,765,0
2478,40,2,4298,0
2478,50,1,4645,0
2479,41,1,4560,0.1
2479,53,1,1408,0
2479,41,1,4560,0.1
2479,30,1,3732,0
2480,42,1,641,0.1
2481,1,1,2760,0
2482,51,1,2621,0
2483,31,1,3571,0
2483,54,1,273,0.05
2484,48,1,4805,0.05
2484,52,2,2641,0.15
2484,47,1,365,0
2485,50,1,4645,0.05
2485,13,1,283,0
2486,41,1,4560,0
2486,10,1,3960,0.1
2487,30,1,3732,0
2488,8,1,659,0.2
2489,25,1,938,0
2490,53,1,1408,0
2491,16,1,2872,0
2492,54,1,273,0.15
2492,28,1,3031,0
2492,41,1,4560,0.05
2493,8,1,659,0.1
2494,52,2,2641,0.1
2494,15,2,3944,0.05
2494,30,2,3732,0
2494,48,1,4805,0.1
2495,25,1,938,0
2496,48,1,4805,0.1
2497,50,1,4645,0.05
2497,12,2,2578,0.1
2498,6,2,3871,0
2498,32,1,2083,0.05
2499,37,1,189,0
2499,38,1,976,0.1
2500,51,1,2621,0
2501,20,1,4963,0.05
2501,4,1,3867,0.1
2502,16,2,2872,0
2502,55,1,4377,0.1
2503,5,1,207,0.2
2504,38,1,976,0
2505,55,1,4377,0.1
2506,5,1,207,0.15
2507,58,1,124,0
2508,3,1,3882,0.05
2508,47,1,365,0.05
2508,24,1,2210,0.2
2509,22,1,131,0
2509,32,1,2083,0.1
2510,48,1,4805,0
2510,57,1,3486,0
2510,6,1,3871,0
2511,52,2,2641,0.1
2511,53,2,1408,0.05
2512,6,1,3871,0.2
2512,6,1,3871,0
2513,27,1,2377,0.05
2513,58,1,124,0
2514,6,2,3871,0.1
2514,20,1,4963,0
2514,43,2,2654,0.1
2515,18,1,4405,0.1
2515,40,1,4298,0.05
2515,3,1,3882,0.15
2515,27,2,2377,0
2516,40,1,4298,0.05
2516,28,3,3031,0.15
2517,10,1,3960,0.15
2517,55,1,4377,0
2518,45,1,1847,0.1
2519,1,1,2760,0
2519,57,2,3486,0.15
2519,17,1,1925,0.15
2519,33,1,2132,0.05
2520,21,1,572,0.05
2520,17,1,1925,0
2521,54,1,273,0.15
2522,12,1,2578,0.1
2522,58,2,124,0.1
2523,52,1,2641,0.05
2523,10,1,3960,0.15
2524,52,1,2641,0
2525,30,1,3732,0.05
2526,54,2,273,0
2526,3,1,3882,0
2527,12,1,2578,0.05
2527,49,2,2121,0.05
2527,39,1,765,0.1
2528,46,1,1604,0
2529,19,1,2578,0
2530,8,1,659,0.05
2531,49,1,2121,0
2531,21,1,572,0.1
2531,2,1,1368,0
2531,1,1,2760,0
2532,9,3,1527,0
2532,33,1,2132,0
2533,56,1,2279,0.05
2533,17,2,1925,0
2533,27,1,2377,0.2
2534,34,2,1026,0
2535,33,1,2132,0.05
2535,36,1,460,0.05
2536,26,1,438,0.1
2537,26,1,438,0
2538,33,1,2132,0
2539,53,1,1408,0.1
2540,6,2,3871,0.1
2540,10,3,3960,0.05
2541,27,1,2377,0.05
2541,9,1,1527,0
2542,36,1,460,0.2
2543,6,1,3871,0.05
2543,54,1,273,0.05
2544,41,1,4560,0.05
2544,20,2,4963,0
2545,12,1,2578,0.1
2546,29,1,410,0
2547,48,2,4805,0
2547,51,2,2621,0.05
2547,3,1,3882,0.15
2547,37,2,189,0.15
2548,60,1,1642,0.2
2549,24,2,2210,0.1
2549,16,3,2872,0
2549,41,1,4560,0.15
2550,60,2,1642,0.05
2550,44,1,1674,0.05
2550,15,1,3944,0.05
2551,39,1,765,0.1
2551,38,1,976,0.05
2551,12,1,2578,0.1
2552,31,1,3571,0.1
2552,48,2,4805,0.1
2552,45,1,1847,0.05
2552,18,1,4405,0.1
2553,17,2,1925,0
2553,5,1,207,0
2553,3,1,3882,0
2553,43,1,2654,0
2554,52,1,2641,0
2554,49,1,2121,0.15
2555,32,2,2083,0.15
2556,39,1,765,0
2556,18,1,4405,0
2556,19,2,2578,0.05
2557,6,1,3871,0
2558,19,1,2578,0
2559,45,1,1847,0.15
2560,26,2,438,0.1
2560,19,1,2578,0.1
2560,49,1,2121,0
2561,25,3,938,0.05
2561,50,1,4645,0
2561,8,2,659,0.05
2562,55,2,4377,0
2562,12,1,2578,0.05
2562,5,1,207,0
2563,36,1,460,0
2563,55,1,4377,0
2564,37,1,189,0.1
2565,51,1,2621,0.1
2565,17,1,1925,0.05
2566,23,1,2084,0
2566,6,1,3871,0.05
2567,21,1,572,0
2568,5,3,207,0
2568,52,2,2641,0.1
2569,12,1,2578,0
2570,33,1,2132,0
2570,32,1,2083,0.05
2571,23,1,2084,0.1
2571,44,1,1674,0.1
2571,19,1,2578,0
2572,48,1,4805,0
2573,47,2,365,0.15
2574,35,1,2084,0
2574,16,2,2872,0
2575,8,1,659,0.05
2575,25,1,938,0
2576,51,1,2621,0.05
2577,53,1,1408,0.1
2578,40,2,4298,0.1
2578,51,1,2621,0.05
2578,41,1,4560,0.05
2579,42,1,641,0.05
2579,1,2,2760,0.1
2580,31,1,3571,0
2580,43,1,2654,0
2580,48,1,4805,0.15
2581,12,1,2578,0.05
2582,56,1,2279,0
2583,15,1,3944,0.1
2583,6,1,3871,0
2583,38,2,976,0
2584,58,2,124,0.2
2584,11,2,4549,0
2585,33,1,2132,0
2585,46,1,1604,0
2586,14,1,3770,0.1
2587,32,1,2083,0.1
2587,43,1,2654,0.05
2588,55,1,4377,0
2588,57,1,3486,0.05
2589,15,1,3944,0
2590,56,1,2279,0.2
2590,38,1,976,0.05
2591,10,1,3960,0.2
2591,21,1,572,0.05
2592,15,1,3944,0.05
2592,4,1,3867,0
2593,4,1,3867,0
2593,46,1,1604,0.05
2594,1,1,2760,0.05
2595,14,1,3770,0
2595,51,3,2621,0
2596,41,1,4560,0.1
2596,43,1,2654,0.1
2596,54,2,273,0.1
2596,38,2,976,0.15
2597,9,1,1527,0.1
2598,31,1,3571,0
2598,40,1,4298,0
2598,60,1,1642,0
2599,6,2,3871,0.1
2600,4,3,3867,0.05
2600,31,1,3571,0.1
2600,57,3,3486,0
2600,37,2,189,0.1
2601,54,1,273,0.1
2601,50,2,4645,0.05
2602,31,1,3571,0.05
2602,17,1,1925,0
2603,28,1,3031,0.15
2603,49,1,2121,0
2604,57,1,3486,0
2604,33,2,2132,0.05
2605,39,1,765,0.15
2605,41,2,4560,0.1
2606,14,1,3770,0.05
2606,19,1,2578,0.05
2607,14,1,3770,0.05
2607,25,1,938,0.05
2607,27,2,2377,0.1
2607,42,1,641,0.2
2608,47,2,365,0
2608,25,1,938,0.1
2609,45,3,1847,0
2610,15,1,3944,0
2611,16,1,2872,0.05
2611,12,1,2578,0.05
2611,52,2,2641,0.05
2612,55,1,4377,0.05
2613,47,1,365,0
2613,10,1,3960,0.1
2613,40,1,4298,0.05
2613,47,2,365,0.1
2614,57,2,3486,0.1
2614,60,2,1642,0
2614,48,2,4805,0.1
2614,43,1,2654,0.05
2615,40,2,4298,0.15
2615,52,2,2641,0
2616,26,1,438,0
2616,29,1,410,0.05
2617,7,1,2555,0
2618,9,3,1527,0
2618,16,1,2872,0.05
2619,23,1,2084,0.15
2619,14,1,3770,0.05
2620,3,1,3882,0
2620,37,1,189,0.05
2621,33,1,2132,0.05
2621,41,1,4560,0.05
2622,40,1,4298,0.1
2622,33,1,2132,0.15
2622,40,1,4298,0.05
2622,6,1,3871,0
2623,52,1,2641,0.1
2623,17,1,1925,0.05
2624,28,1,3031,0.1
2624,26,1,438,0
2624,6,1,3871,0.05
2624,53,1,1408,0.2
2625,12,1,2578,0
2625,22,2,131,0.15
2626,13,1,283,0.1
2627,21,2,572,0
2627,9,2,1527,0.05
2627,56,1,2279,0
2627,38,1,976,0.1
2628,53,1,1408,0.15
2628,1,2,2760,0.1
2629,34,2,1026,0.1
2629,41,1,4560,0
2630,18,1,4405,0.2
2631,46,1,1604,0
2632,55,1,4377,0.15
2632,46,1,1604,0.2
2633,28,1,3031,0.15
2633,32,1,2083,0.1
2633,22,1,131,0
2634,28,1,3031,0.2
2635,40,2,4298,0
2636,4,1,3867,0.05
2636,40,1,4298,0
2637,59,1,954,0.05
2638,3,1,3882,0.05
2638,42,1,641,0
2638,27,1,2377,0
2639,30,1,3732,0.1
2639,15,2,3944,0
2640,3,1,3882,0.1
2640,52,2,2641,0.05
2640,16,1,2872,0.1
2641,13,1,283,0.2
2641,46,1,1604,0
2642,49,3,2121,0.05
2643,42,1,641,0.05
2643,58,2,124,0
2644,37,1,189,0
2645,27,2,2377,0.15
2645,14,2,3770,0
2646,7,2,2555,0
2647,26,2,438,0
2647,50,1,4645,0
2647,18,2,4405,0.1
2648,54,3,273,0
2649,42,1,641,0.15
2650,28,1,3031,0.1
2651,16,1,2872,0
2652,7,1,2555,0.2
2652,43,1,2654,0.1
2653,20,2,4963,0
2654,26,1,438,0.05
2654,60,2,1642,0.15
2654,18,1,4405,0.1
2655,29,1,410,0
2656,56,1,2279,0.15
2657,28,1,3031,0.1
2657,49,1,2121,0.2
2658,9,1,1527,0
2658,50,1,4645,0.05
2658,39,1,765,0.05
2659,12,1,2578,0.1
2660,24,1,2210,0.1
2660,12,2,2578,0.15
2661,52,1,2641,0.1
2661,11,1,4549,0.15
2662,31,1,3571,0.15
2662,10,1,3960,0.2
2662,48,1,4805,0
2663,34,1,1026,0.05
2663,33,1,2132,0.05
2664,24,2,2210,0.15
2664,59,1,954,0.05
2664,5,2,207,0
2665,25,1,938,0.05
2665,12,1,2578,0.05
2665,14,2,3770,0
2666,50,1,4645,0
2666,60,1,1642,0.05
2666,31,2,3571,0.05
2666,15,1,3944,0.1
2667,44,1,1674,0.05
2667,42,1,641,0.05
2667,13,1,283,0.1
2667,44,1,1674,0
2668,13,1,283,0
2668,51,1,2621,0.1
2669,44,1,1674,0
2670,43,1,2654,0.1
2671,50,1,4645,0
2671,44,1,1674,0
2672,48,1,4805,0.1
2672,8,1,659,0
2673,37,1,189,0.05
2674,28,2,3031,0.2
2675,27,1,2377,0
2675,37,1,189,0
2676,26,1,438,0.1
2676,42,2,641,0.15
2677,5,1,207,0.15
2677,2,2,1368,0
2678,31,1,3571,0.1
2678,12,1,2578,0.05
2679,24,1,2210,0.15
2680,51,2,2621,0.05
2681,60,1,1642,0.15
2681,44,1,1674,0
2682,10,1,3960,0
2683,40,1,4298,0.15
2683,26,1,438,0.15
2683,49,1,2121,0
2684,44,1,1674,0
2685,17,1,1925,0.1
2685,52,1,2641,0.1
2686,22,1,131,0
2687,33,1,2132,0.05
2687,57,1,3486,0
2687,30,1,3732,0
2687,13,1,283,0.05
2688,5,1,207,0.15
2689,55,1,4377,0
2689,39,1,765,0.1
2690,10,1,3960,0.1
2690,11,1,4549,0
2690,60,1,1642,0.05
2691,32,3,2083,0.15
2691,53,2,1408,0
2692,11,2,4549,0.15
2693,30,1,3732,0.1
2693,32,1,2083,0.1
2694,1,1,2760,0.1
2694,21,2,572,0.1
2695,41,1,4560,0.1
2695,40,1,4298,0.05
2696,31,1,3571,0
2697,14,1,3770,0
2697,38,1,976,0
2697,31,3,3571,0
2698,8,1,659,0.1
2698,1,1,2760,0.05
2699,42,1,641,0.05
2699,52,1,2641,0.05
2700,6,1,3871,0.05
2700,43,1,2654,0.05
2700,52,1,2641,0
2700,46,1,1604,0
2701,8,1,659,0.05
2701,15,1,3944,0.15
2701,43,2,2654,0.05
2702,31,1,3571,0
2702,21,1,572,0.1
2702,55,1,4377,0
2703,40,1,4298,0
2704,33,1,2132,0.05
2704,58,2,124,0.15
2704,21,1,572,0
2704,20,1,4963,0
2705,27,1,2377,0
2705,33,1,2132,0.1
2706,53,1,1408,0.1
2706,31,1,3571,0.1
2707,6,1,3871,0.1
2707,37,1,189,0.05
2707,50,1,4645,0
2707,30,2,3732,0
2708,51,1,2621,0
2708,35,1,2084,0.15
2708,42,1,641,0
2709,12,2,2578,0.05
2709,12,2,2578,0
2709,20,1,4963,0.05
2710,45,1,1847,0
2711,57,1,3486,0
2712,19,1,2578,0.15
2712,6,2,3871,0
2712,45,1,1847,0.05
2713,29,1,410,0.05
2714,29,1,410,0.05
2714,14,1,3770,0
2714,25,1,938,0.05
2715,3,3,3882,0
2715,5,1,207,0.1
2716,37,1,189,0.05
2716,40,3,4298,0
2716,50,3,4645,0
2716,52,1,2641,0.1
2717,56,1,2279,0
2717,41,1,4560,0
2718,40,1,4298,0.1
2719,16,1,2872,0.1
2720,59,1,954,0.05
2720,38,1,976,0
2721,49,1,2121,0.15
2722,12,1,2578,0
2722,58,2,124,0
2722,13,1,283,0.1
2723,32,1,2083,0.1
2724,28,2,3031,0.1
2724,2,1,1368,0
2724,53,2,1408,0.1
2725,11,1,4549,0.15
2725,3,1,3882,0.1
2725,35,1,2084,0
2726,24,1,2210,0.2
2726,10,1,3960,0
2727,35,2,2084,0.1
2728,4,1,3867,0.05
2729,24,2,2210,0
2729,15,1,3944,0
2729,33,1,2132,0.2
2730,19,2,2578,0.05
2730,19,1,2578,0.1
2730,41,1,4560,0
2731,12,1,2578,0.1
2731,12,1,2578,0.1
2732,15,1,3944,0
2732,31,3,3571,0.1
2733,7,1,2555,0.15
2733,31,1,3571,0
2734,40,1,4298,0
2735,19,1,2578,0
2736,29,3,410,0
2737,47,2,365,0.1
2738,50,1,4645,0.1
2738,29,1,410,0
2738,24,1,2210,0
2739,46,2,1604,0
2740,17,2,1925,0.05
2741,35,1,2084,0.05
2741,11,1,4549,0.2
2741,51,2,2621,0.1
2742,30,1,3732,0.05
2742,32,1,2083,0.05
2742,25,1,938,0.15
2743,46,1,1604,0
2743,43,2,2654,0.1
2743,57,1,3486,0.1
2743,6,1,3871,0
2744,52,1,2641,0
2744,31,2,3571,0.1
2744,18,2,4405,0
2744,25,1,938,0
2745,2,2,1368,0
2745,50,1,4645,0.15
2746,36,1,460,0.1
2747,12,1,2578,0
2747,26,1,438,0.1
2748,42,1,641,0.1
2748,26,1,438,0.05
2749,24,2,2210,0
2749,16,1,2872,0
2750,53,1,1408,0
2751,8,1,659,0
2751,3,1,3882,0.1
2751,22,2,131,0.1
2752,28,1,3031,0.05
2752,25,2,938,0
2753,48,1,4805,0.2
2753,45,1,1847,0.05
2753,48,1,4805,0.2
2754,50,1,4645,0.2
2755,18,1,4405,0
2755,27,2,2377,0.05
2755,56,2,2279,0
2756,15,1,3944,0
2757,13,2,283,0.1
2758,28,1,3031,0
2758,31,1,3571,0.05
2758,41,2,4560,0.05
2759,51,2,2621,0.1
2759,32,2,2083,0.05
2760,35,1,2084,0
2760,14,1,3770,0
2761,53,1,1408,0.05
2761,7,1,2555,0
2761,44,1,1674,0.1
2762,58,2,124,0
2762,57,1,3486,0
2762,52,1,2641,0
2762,4,1,3867,0.05
2763,16,1,2872,0.05
2764,56,1,2279,0.2
2764,4,1,3867,0.15
2764,42,2,641,0
2765,21,1,572,0.05
2766,46,1,1604,0
2766,14,1,3770,0
2767,10,1,3960,0
2767,1,2,2760,0
2768,29,1,410,0.1
2768,17,1,1925,0
2769,3,1,3882,0.15
2770,31,1,3571,0.05
2770,6,2,3871,0.05
2771,1,1,2760,0
2772,29,1,410,0
2773,23,2,2084,0.15
2773,14,1,3770,0
2774,38,2,976,0
2775,1,1,2760,0.05
2775,32,1,2083,0.05
2775,1,1,2760,0
2776,43,1,2654,0.2
2776,5,1,207,0
2777,39,3,765,0.1
2778,26,1,438,0.05
2778,45,1,1847,0.1
2778,39,1,765,0.05
2779,11,2,4549,0
2779,1,1,2760,0.05
2779,41,1,4560,0
2780,41,1,4560,0.05
2780,6,3,3871,0.1
2780,30,1,3732,0.15
2780,11,1,4549,0
2781,41,1,4560,0.05
2781,10,1,3960,0.2
2781,33,1,2132,0.05
2781,7,2,2555,0
2782,2,2,1368,0.05
2782,3,1,3882,0
2783,17,1,1925,0.05
2784,6,1,3871,0
2784,17,1,1925,0.05
2784,46,2,1604,0.1
2785,15,1,3944,0.1
2785,44,1,1674,0.05
2785,19,1,2578,0.1
2786,25,1,938,0
2786,32,1,2083,0.15
2786,25,1,938,0.15
2787,49,1,2121,0
2787,56,1,2279,0.05
2788,18,2,4405,0
2789,48,1,4805,0
2790,5,1,207,0
2790,47,1,365,0
2791,27,2,2377,0
2791,50,1,4645,0.05
2792,45,1,1847,0
2793,24,1,2210,0
2794,7,1,2555,0.05
2794,39,1,765,0.2
2794,40,1,4298,0.05
2795,9,1,1527,0
2795,19,1,2578,0
2796,17,1,1925,0
2797,10,1,3960,0.15
2797,32,3,2083,0.1
2797,28,1,3031,0.1
2798,52,1,2641,0
2798,33,1,2132,0
2799,1,1,2760,0.1
2799,49,1,2121,0
2799,51,1,2621,0.1
2800,8,2,659,0
2800,44,1,1674,0.1
2801,21,1,572,0
2802,10,1,3960,0.2
2803,27,1,2377,0.05
2804,49,1,2121,0.1
2805,50,1,4645,0.05
2806,7,1,2555,0
2807,40,3,4298,0.05
2807,57,1,3486,0
2807,4,2,3867,0
2808,6,1,3871,0
2809,20,1,4963,0.1
2809,24,1,2210,0.1
2809,19,1,2578,0.05
2810,41,2,4560,0.05
2810,23,2,2084,0.05
2810,12,1,2578,0
2811,37,3,189,0
2811,26,1,438,0.1
2811,59,1,954,0.2
2812,25,1,938,0
2812,5,1,207,0
2813,60,1,1642,0
2813,51,1,2621,0.2
2814,51,1,2621,0.1
2815,9,1,1527,0.05
2815,52,1,2641,0
2816,11,1,4549,0
2817,12,1,2578,0.05
2817,57,1,3486,0
2817,31,3,3571,0
2818,17,1,1925,0.15
2819,29,1,410,0.2
2820,14,1,3770,0
2820,12,2,2578,0.05
2821,54,1,273,0.05
2821,40,1,4298,0
2822,46,1,1604,0
2823,58,1,124,0
2823,9,1,1527,0
2824,4,1,3867,0
2824,6,1,3871,0.2
2825,6,1,3871,0
2826,27,2,2377,0.1
2826,35,1,2084,0.15
2826,19,1,2578,0.05
2826,6,1,3871,0
2827,56,1,2279,0
2827,1,1,2760,0
2827,14,3,3770,0.05
2827,15,1,3944,0
2828,11,1,4549,0.1
2829,59,1,954,0.15
2829,19,1,2578,0
2830,14,1,3770,0
2830,1,1,2760,0.15
2831,19,2,2578,0
2832,8,1,659,0
2833,13,2,283,0.05
2833,46,1,1604,0
2834,22,1,131,0.05
2835,56,1,2279,0.2
2836,7,1,2555,0.05
2837,46,1,1604,0
2838,57,1,3486,0
2838,16,1,2872,0.15
2838,54,1,273,0
2838,50,1,4645,0.05
2839,5,2,207,0.15
2840,9,2,1527,0.05
2841,44,1,1674,0.05
2842,32,1,2083,0
2843,32,1,2083,0.15
2843,57,1,3486,0.05
2844,60,1,1642,0.15
2844,59,1,954,0.1
2845,25,2,938,0.05
2845,58,1,124,0
2846,10,2,3960,0
2846,10,3,3960,0.05
2846,52,2,2641,0.15
2847,24,3,2210,0
2847,31,2,3571,0
2848,12,2,2578,0
2848,51,1,2621,0
2848,35,1,2084,0.05
2849,56,1,2279,0
2850,53,1,1408,0.1
2851,24,1,2210,0.1
2851,25,1,938,0.15
2852,26,1,438,0
2852,27,1,2377,0.05
2852,43,1,2654,0
2853,43,1,2654,0.1
2854,46,1,1604,0.1
2855,36,2,460,0.05
2855,11,1,4549,0.15
2855,19,1,2578,0.05
2855,9,1,1527,0.1
2856,20,1,4963,0.15
2857,46,1,1604,0.05
2858,25,2,938,0.05
2859,52,1,2641,0.05
2859,51,2,2621,0
2860,31,1,3571,0
2860,5,1,207,0
2860,55,1,4377,0.1
2861,18,1,4405,0.1
2861,48,1,4805,0.15
2862,3,1,3882,0.05
2862,16,2,2872,0
2863,27,1,2377,0.1
2863,51,1,2621,0.05
2863,52,3,2641,0.15
2864,54,2,273,0.05
2864,22,1,131,0
2865,27,2,2377,0
2866,12,1,2578,0.1
2866,10,2,3960,0
2866,59,1,954,0
2867,11,1,4549,0.05
2868,16,1,2872,0.1
2869,11,2,4549,0.1
2869,20,2,4963,0.05
2869,34,2,1026,0
2869,40,1,4298,0.1
2870,24,1,2210,0.05
2870,6,1,3871,0.1
2870,44,1,1674,0
2870,57,2,3486,0.1
2871,22,2,131,0
2871,43,2,2654,0
2871,17,1,1925,0
2872,46,1,1604,0
2873,35,1,2084,0.15
2873,20,2,4963,0.05
2873,8,3,659,0
2874,19,1,2578,0.15
2874,46,1,1604,0
2875,32,2,2083,0.1
2875,3,3,3882,0
2876,36,1,460,0.05
2876,26,2,438,0.15
2876,60,1,1642,0.05
2877,4,1,3867,0
2877,60,1,1642,0.1
2877,5,1,207,0
2878,25,2,938,0.05
2878,59,1,954,0.05
2879,22,1,131,0
2879,57,1,3486,0.1
2879,49,1,2121,0.05
2879,40,3,4298,0
2880,9,1,1527,0.05
2881,23,1,2084,0
2881,41,1,4560,0
2882,28,2,3031,0.2
2883,38,1,976,0.1
2883,34,2,1026,0.15
2884,34,1,1026,0.1
2884,55,1,4377,0
2885,34,1,1026,0.1
2886,31,2,3571,0
2886,10,1,3960,0
2886,55,2,4377,0.1
2886,57,1,3486,0.2
2887,25,2,938,0.1
2888,29,2,410,0
2888,46,1,1604,0.05
2889,38,2,976,0.1
2890,9,3,1527,0.2
2890,57,1,3486,0
2890,33,2,2132,0
2891,53,1,1408,0.1
2892,53,1,1408,0
2892,1,1,2760,0.15
2892,56,1,2279,0
2893,6,1,3871,0.1
2893,53,1,1408,0.1
2894,7,3,2555,0
2894,58,2,124,0
2894,4,1,3867,0.15
2894,30,2,3732,0.2
2895,15,1,3944,0
2896,20,1,4963,0.05
2897,59,2,954,0
2898,49,1,2121,0.05
2898,59,1,954,0.1
2898,48,1,4805,0
2899,35,1,2084,0.2
2899,40,1,4298,0.05
2899,15,1,3944,0.1
2900,60,1,1642,0
2900,11,1,4549,0.1
2901,37,2,189,0
2902,16,1,2872,0
2903,17,1,1925,0
2903,6,2,3871,0
2904,28,1,3031,0.1
2904,44,1,1674,0.2
2905,48,1,4805,0.1
2905,55,2,4377,0.15
2906,40,2,4298,0.05
2907,25,1,938,0
2908,60,1,1642,0
2908,60,1,1642,0.05
2908,46,1,1604,0.2
2909,8,1,659,0.05
2910,9,1,1527,0.1
2911,49,2,2121,0
2911,35,2,2084,0.1
2911,37,1,189,0.05
2911,40,1,4298,0
2912,28,1,3031,0.15
2912,14,1,3770,0.05
2912,37,1,189,0
2912,24,1,2210,0.1
2913,22,1,131,0
2914,32,1,2083,0.15
2914,30,1,3732,0.15
2914,10,1,3960,0.05
2915,23,1,2084,0
2916,8,1,659,0.05
2916,17,1,1925,0
2916,37,1,189,0
2917,39,1,765,0.1
2917,32,1,2083,0.1
2918,15,1,3944,0.05
2919,36,1,460,0.1
2920,23,1,2084,0.05
2920,43,1,2654,0
2921,19,1,2578,0
2921,24,1,2210,0
2922,60,1,1642,0
2923,18,1,4405,0.1
2924,39,2,765,0.15
2924,31,2,3571,0.05
2925,28,1,3031,0
2926,21,1,572,0.15
2926,22,1,131,0.05
2926,40,1,4298,0
2927,3,1,3882,0.1
2927,57,1,3486,0.1
2927,19,1,2578,0.05
2928,38,1,976,0
2929,50,2,4645,0.1
2929,38,2,976,0
2929,44,1,1674,0
2930,24,3,2210,0.1
2930,38,1,976,0.1
2931,33,1,2132,0
2931,35,2,2084,0.2
2932,2,1,1368,0
2932,60,1,1642,0
2933,24,1,2210,0
2934,52,2,2641,0.2
2934,28,1,3031,0.1
2934,50,1,4645,0.15
2935,39,2,765,0
2936,35,1,2084,0.1
2936,37,1,189,0.15
2937,15,1,3944,0.1
2937,22,1,131,0
2938,1,2,2760,0.05
2938,55,2,4377,0.1
2938,38,1,976,0.05
2938,3,1,3882,0.05
2939,17,1,1925,0
2939,42,1,641,0.1
2940,2,1,1368,0.1
2941,54,1,273,0.05
2941,19,1,2578,0
2941,26,1,438,0.1
2942,52,1,2641,0.05
2943,12,1,2578,0
2943,10,1,3960,0
2943,46,1,1604,0
2944,42,1,641,0.1
2945,19,1,2578,0.05
2946,51,3,2621,0
2947,5,1,207,0.1
2947,10,1,3960,0
2948,16,3,2872,0.05
2949,37,1,189,0.1
2950,43,2,2654,0.2
2950,50,2,4645,0.1
2951,17,2,1925,0
2951,51,1,2621,0.2
2951,47,1,365,0
2952,57,1,3486,0.05
2953,18,1,4405,0.15
2954,45,1,1847,0
2954,21,1,572,0
2955,39,2,765,0.1
2955,27,1,2377,0
2956,57,1,3486,0.1
2956,18,1,4405,0
2956,51,1,2621,0
2956,45,1,1847,0.2
2957,35,2,2084,0.05
2957,51,1,2621,0
2958,2,1,1368,0
2958,26,1,438,0.15
2958,21,1,572,0
2959,25,2,938,0.05
2960,55,1,4377,0.05
2960,40,1,4298,0.05
2961,30,2,3732,0
2962,3,2,3882,0.15
2962,17,1,1925,0.1
2963,22,1,131,0.15
2963,17,1,1925,0
2964,39,1,765,0
2964,49,1,2121,0.1
2965,22,1,131,0.15
2965,11,2,4549,0.05
2965,41,1,4560,0.05
2966,24,1,2210,0
2966,15,1,3944,0
2966,16,1,2872,0
2967,9,2,1527,0
2968,47,1,365,0.05
2968,50,1,4645,0.2
2968,21,1,572,0.1
2969,32,1,2083,0.1
2969,41,1,4560,0
2970,14,1,3770,0
2970,3,1,3882,0.05
2971,52,1,2641,0
2971,52,1,2641,0.1
2971,57,1,3486,0
2972,46,1,1604,0.15
2972,42,1,641,0
2972,58,1,124,0.05
2973,23,1,2084,0.05
2973,49,1,2121,0.05
2974,44,1,1674,0.05
2975,56,2,2279,0.05
2976,57,2,3486,0.15
2976,40,1,4298,0
2976,28,1,3031,0.05
2977,1,2,2760,0.15
2977,58,3,124,0.05
2977,38,3,976,0
2978,15,1,3944,0.05
2979,58,2,124,0.05
2980,22,1,131,0.1
2981,21,2,572,0
2982,35,1,2084,0
2982,2,1,1368,0
2983,17,1,1925,0
2984,22,1,131,0.05
2985,3,1,3882,0.05
2986,37,2,189,0
2986,19,1,2578,0
2986,34,1,1026,0.05
2987,35,2,2084,0.05
2987,16,2,2872,0
2988,43,1,2654,0.05
2989,24,2,2210,0.05
2989,25,2,938,0.05
2990,56,1,2279,0
2990,5,1,207,0.1
2991,8,1,659,0.05
2992,21,1,572,0
2993,15,1,3944,0.1
2994,21,2,572,0
2994,14,1,3770,0.05
2995,47,1,365,0.1
2995,8,1,659,0.15
2996,51,1,2621,0.05
2996,15,1,3944,0.15
2997,54,1,273,0.05
2997,30,1,3732,0
2998,5,1,207,0.05
2998,11,1,4549,0
2999,51,1,2621,0.1
3000,6,2,3871,0
3000,41,1,4560,0
3001,16,1,2872,0.05
3001,18,1,4405,0
3002,32,1,2083,0
3003,26,1,438,0.05
3004,22,1,131,0.1
3005,13,2,283,0.05
3005,22,1,131,0.05
3006,50,2,4645,0.05
3006,19,1,2578,0
3007,54,1,273,0.15
3007,51,1,2621,0.1
3008,30,2,3732,0.15
3009,26,2,438,0
3009,60,1,1642,0
3009,5,2,207,0
3010,40,1,4298,0.05
3011,31,1,3571,0.05
3012,38,1,976,0.2
3013,22,1,131,0.05
3014,38,1,976,0
3014,37,1,189,0.1
3015,52,1,2641,0
3015,11,2,4549,0.05
3016,17,2,1925,0
3017,58,2,124,0
3017,41,1,4560,0.05
3017,18,1,4405,0.15
3018,38,1,976,0
3019,30,1,3732,0
3020,3,1,3882,0
3020,53,1,1408,0.05
3021,13,3,283,0.1
3021,23,1,2084,0.05
3021,59,1,954,0.05
3022,22,2,131,0
3022,53,1,1408,0.15
3022,41,2,4560,0.05
3023,48,3,4805,0.15
3023,57,1,3486,0
3024,3,1,3882,0
3024,23,2,2084,0
3025,56,1,2279,0
3025,2,2,1368,0
3026,58,2,124,0.15
3026,25,2,938,0.05
3027,13,1,283,0.05
3028,6,1,3871,0.1
3028,19,1,2578,0
3028,16,1,2872,0.15
3029,21,1,572,0
3030,43,1,2654,0
3031,54,1,273,0.05
3032,48,1,4805,0
3033,10,2,3960,0.1
3034,43,1,2654,0.15
3035,9,1,1527,0.05
3036,56,2,2279,0.1
3036,7,2,2555,0.1
3036,36,1,460,0.1
3036,26,2,438,0.15
3037,38,1,976,0.15
3037,55,1,4377,0
3038,48,1,4805,0.05
3039,60,1,1642,0.1
3040,26,1,438,0.1
3041,42,1,641,0.15
3042,33,1,2132,0
3042,5,1,207,0.15
3042,43,1,2654,0
3042,34,1,1026,0.1
3043,53,2,1408,0.15
3043,23,1,2084,0.15
3043,56,2,2279,0
3044,19,1,2578,0.05
3044,20,1,4963,0
3045,13,1,283,0.2
3045,9,1,1527,0.1
3046,28,1,3031,0
3047,27,1,2377,0.05
3047,26,1,438,0.1
3047,35,1,2084,0.05
3047,12,1,2578,0.05
3048,39,1,765,0.05
3049,6,1,3871,0.05
3049,20,1,4963,0
3050,49,2,2121,0
3051,21,1,572,0
3052,5,2,207,0
3052,37,1,189,0
3053,53,1,1408,0
3054,49,2,2121,0.15
3055,46,1,1604,0
3056,13,1,283,0.1
3056,56,1,2279,0.05
3057,58,1,124,0
3057,23,1,2084,0
3058,7,1,2555,0
3058,43,1,2654,0
3059,21,1,572,0.1
3059,10,1,3960,0
3060,41,1,4560,0.1
3061,54,1,273,0
3061,36,1,460,0
3062,30,3,3732,0.05
3062,5,1,207,0
3062,28,1,3031,0
3063,24,1,2210,0.2
3063,51,1,2621,0.1
3064,18,1,4405,0.1
3065,53,1,1408,0.1
3066,34,3,1026,0
3066,30,1,3732,0.1
3067,11,1,4549,0
3067,40,1,4298,0.05
3067,3,1,3882,0.1
3067,55,2,4377,0
3068,16,1,2872,0.05
3069,22,1,131,0.05
3069,32,1,2083,0
3070,14,2,3770,0.05
3070,11,1,4549,0.1
3071,3,1,3882,0.05
3071,51,1,2621,0.15
3071,41,2,4560,0
3072,1,2,2760,0.05
3073,54,1,273,0.05
3074,5,1,207,0.05
3074,8,1,659,0.05
3074,56,2,2279,0.05
3075,16,1,2872,0.15
3076,46,1,1604,0.05
3076,55,1,4377,0.15
3076,11,3,4549,0
3077,58,1,124,0.15
3077,4,1,3867,0
3078,5,1,207,0.15
3079,20,1,4963,0.15
3079,26,1,438,0.15
3080,51,1,2621,0.1
3081,58,1,124,0
3082,32,1,2083,0
3082,38,1,976,0
3083,19,1,2578,0.05
3083,45,1,1847,0.15
3083,25,1,938,0.05
3083,47,1,365,0
3084,17,1,1925,0.1
3085,13,1,283,0
3085,22,1,131,0.15
3086,2,2,1368,0
3086,42,2,641,0
3086,11,3,4549,0.1
3087,3,1,3882,0.05
3088,19,1,2578,0.1
3089,19,3,2578,0.05
3089,21,3,572,0.1
3090,14,2,3770,0.2
3091,40,1,4298,0.1
3091,49,1,2121,0.05
3091,15,1,3944,0
3091,50,1,4645,0
3092,48,1,4805,0
3092,5,3,207,0
3092,31,1,3571,0.15
3093,14,1,3770,0.15
3093,18,1,4405,0.05
3094,51,2,2621,0.1
3094,33,2,2132,0.05
3095,51,1,2621,0.1
3095,9,1,1527,0
3096,43,1,2654,0.1
3097,46,2,1604,0
3097,11,2,4549,0.1
3097,6,2,3871,0
3098,1,2,2760,0.05
3099,44,1,1674,0
3100,31,2,3571,0.05
3100,15,1,3944,0
3100,51,1,2621,0.05
3100,52,1,2641,0
3101,18,1,4405,0.15
3102,8,1,659,0.15
3102,54,1,273,0.05
3102,22,1,131,0
3103,33,2,2132,0.05
3104,19,1,2578,0
3104,25,1,938,0
3104,33,2,2132,0
3105,40,1,4298,0
3106,3,1,3882,0.05
3106,18,1,4405,0
3107,60,1,1642,0
3108,3,2,3882,0
3108,2,1,1368,0.05
3109,6,1,3871,0
3109,31,1,3571,0.2
3109,30,2,3732,0.05
3110,45,2,1847,0.1
3110,21,2,572,0.05
3111,20,1,4963,0
3112,50,1,4645,0.15
3113,59,1,954,0.05
3113,12,2,2578,0
3114,29,1,410,0.05
3115,10,1,3960,0.1
3116,36,1,460,0
3116,45,1,1847,0.1
3116,35,3,2084,0.05
3117,22,1,131,0.1
3118,57,1,3486,0.1
3118,32,1,2083,0.1
3119,43,1,2654,0
3119,1,1,2760,0
3119,21,1,572,0.05
3119,13,3,283,0
3120,8,1,659,0.1
3120,16,2,2872,0
3121,4,1,3867,0
3121,12,1,2578,0
3121,56,2,2279,0.05
3121,43,2,2654,0
3122,44,1,1674,0.05
3122,12,1,2578,0
3123,44,1,1674,0.1
3123,51,2,2621,0.2
3124,44,1,1674,0.05
3125,35,1,2084,0.05
3125,52,1,2641,0.15
3126,13,1,283,0.15
3127,38,1,976,0.05
3127,8,1,659,0
3128,17,1,1925,0
3128,6,1,3871,0.15
3128,57,1,3486,0.1
3128,10,3,3960,0.1
3129,16,2,2872,0
3129,30,2,3732,0
3129,41,1,4560,0.1
3130,2,1,1368,0
3131,26,2,438,0.05
3132,38,1,976,0
3132,57,1,3486,0.1
3133,3,2,3882,0
3134,18,1,4405,0.05
3135,54,1,273,0.15
3135,9,1,1527,0
3136,28,2,3031,0
3136,47,1,365,0.05
3137,32,2,2083,0.05
3137,29,1,410,0
3138,42,1,641,0.05
3139,53,1,1408,0.1
3139,4,3,3867,0.05
3140,6,1,3871,0
3140,6,1,3871,0.05
3141,30,1,3732,0.1
3141,10,2,3960,0.15
3142,55,1,4377,0.2
3143,53,1,1408,0.05
3143,60,1,1642,0.15
3144,50,1,4645,0
3145,3,1,3882,0.1
3145,8,2,659,0
3146,54,3,273,0.15
3147,28,3,3031,0.1
3147,50,1,4645,0
3148,20,2,4963,0.05
3148,7,1,2555,0.1
3149,27,1,2377,0
3150,40,1,4298,0.05
3150,30,1,3732,0
3151,59,1,954,0
3152,34,2,1026,0.1
3153,37,2,189,0
3153,56,1,2279,0
3154,20,1,4963,0.05
3154,16,1,2872,0.1
3155,18,1,4405,0.15
3155,55,1,4377,0.05
3155,33,1,2132,0
3156,39,1,765,0.05
3156,51,1,2621,0.15
3156,28,1,3031,0
3156,35,1,2084,0
3157,51,1,2621,0
3158,46,1,1604,0.1
3158,56,1,2279,0
3158,39,1,765,0.1
3159,3,1,3882,0
3159,38,2,976,0.1
3160,56,1,2279,0
3160,18,1,4405,0
3160,18,1,4405,0.1
3160,15,2,3944,0
3161,15,1,3944,0.1
3161,34,2,1026,0
3162,58,1,124,0
3162,31,1,3571,0.2
3162,19,1,2578,0.05
3163,40,2,4298,0
3163,40,1,4298,0.15
3163,24,3,2210,0.1
3164,56,2,2279,0
3164,55,2,4377,0.05
3164,14,2,3770,0.1
3164,33,3,2132,0.05
3165,56,1,2279,0.15
3165,60,1,1642,0
3166,14,3,3770,0
3166,15,1,3944,0.15
3166,28,2,3031,0.1
3166,6,2,3871,0.2
3167,54,1,273,0
3168,13,1,283,0.1
3169,47,1,365,0.15
3170,12,2,2578,0.1
3170,19,1,2578,0.05
3170,22,1,131,0.15
3170,28,1,3031,0.2
3171,22,1,131,0
3172,18,1,4405,0.1
3172,12,1,2578,0.05
3173,24,1,2210,0.1
3173,21,2,572,0.05
3173,21,1,572,0.1
3174,59,1,954,0.05
3174,53,1,1408,0
3174,6,1,3871,0
3175,26,2,438,0
3175,27,1,2377,0.2
3175,18,1,4405,0.05
3176,10,2,3960,0.1
3176,37,1,189,0.2
3176,39,1,765,0.05
3177,58,1,124,0.15
3178,28,1,3031,0
3178,34,1,1026,0
3179,20,1,4963,0.05
3180,34,1,1026,0.05
3180,60,2,1642,0.05
3180,10,1,3960,0.2
3181,15,1,3944,0.05
3181,5,1,207,0.1
3181,39,1,765,0.05
3182,16,1,2872,0.05
3183,2,1,1368,0.05
3183,18,1,4405,0.1
3183,3,1,3882,0.15
3184,38,1,976,0.15
3184,50,1,4645,0
3185,46,1,1604,0.15
3185,12,1,2578,0.1
3186,8,1,659,0
3186,3,1,3882,0
3187,9,1,1527,0.05
3187,52,1,2641,0
3188,39,1,765,0.1
3188,40,2,4298,0.1
3188,3,2,3882,0.15
3189,55,1,4377,0
3189,13,1,283,0.05
3190,31,1,3571,0
3191,47,1,365,0
3192,12,1,2578,0
3193,22,1,131,0
3193,15,1,3944,0
3193,58,2,124,0
3193,47,1,365,0.1
3194,27,2,2377,0
3194,7,2,2555,0.05
3195,15,2,3944,0.05
3196,54,1,273,0
3196,13,1,283,0.1
3197,39,1,765,0
3198,41,1,4560,0
3198,26,1,438,0.15
3199,15,1,3944,0.1
3200,47,3,365,0
3200,35,1,2084,0.05
3201,1,2,2760,0
3202,24,1,2210,0.15
3202,32,2,2083,0
3203,37,1,189,0.1
3203,1,1,2760,0.1
3203,31,1,3571,0.1
3204,10,1,3960,0
3204,34,2,1026,0
3205,2,1,1368,0
3205,15,1,3944,0.1
3206,27,1,2377,0
3206,27,3,2377,0.1
3206,34,1,1026,0.05
3207,4,2,3867,0.1
3207,40,2,4298,0
3207,6,2,3871,0
3208,56,2,2279,0
3209,32,1,2083,0.05
3210,30,1,3732,0
3210,38,2,976,0.05
3211,43,1,2654,0.15
3211,16,1,2872,0.05
3211,21,1,572,0
3212,11,1,4549,0.1
3212,8,1,659,0.05
3213,46,1,1604,0
3214,41,1,4560,0.15
3215,50,1,4645,0
3216,7,1,2555,0.05
3216,5,1,207,0.1
3217,5,1,207,0
3218,27,1,2377,0
3218,9,1,1527,0.1
3218,40,1,4298,0
3219,39,2,765,0.1
3220,44,1,1674,0.1
3220,50,1,4645,0.15
3221,27,1,2377,0.1
3221,28,2,3031,0
3222,3,3,3882,0.15
3222,1,1,2760,0.1
3223,24,1,2210,0
3223,5,1,207,0.05
3224,24,2,2210,0.05
3224,41,1,4560,0
3225,25,1,938,0.15
3225,6,1,3871,0
3225,22,1,131,0
3225,7,2,2555,0.15
3226,41,1,4560,0
3226,29,1,410,0
3227,27,1,2377,0
3227,55,1,4377,0.2
3227,8,1,659,0
3228,47,1,365,0.2
3229,21,1,572,0.15
3230,33,1,2132,0
3231,3,2,3882,0.15
3231,41,1,4560,0
3231,45,1,1847,0.05
3232,49,3,2121,0
3232,46,1,1604,0.15
3232,5,1,207,0.1
3233,32,2,2083,0.15
3234,27,2,2377,0
3234,45,2,1847,0.1
3235,21,1,572,0.05
3235,10,1,3960,0.05
3236,48,1,4805,0
3236,36,1,460,0.1
3237,34,1,1026,0.2
3237,21,1,572,0.05
3238,30,2,3732,0
3239,46,1,1604,0.1
3239,44,2,1674,0.2
3239,46,2,1604,0.2
3239,41,1,4560,0.1
3240,59,1,954,0
3241,55,1,4377,0.1
3242,27,1,2377,0.1
3242,19,2,2578,0
3242,56,2,2279,0.15
3243,3,1,3882,0
3243,59,2,954,0.1
3244,36,1,460,0
3245,32,1,2083,0.2
3245,35,1,2084,0
3246,52,1,2641,0.1
3246,60,1,1642,0.15
3246,60,1,1642,0.05
3247,16,1,2872,0.05
3248,30,1,3732,0.1
3248,6,1,3871,0
3249,53,2,1408,0
3249,30,1,3732,0.1
3250,24,1,2210,0
3251,23,1,2084,0
3251,55,1,4377,0.1
3252,23,1,2084,0.15
3252,58,1,124,0
3252,45,1,1847,0.15
3252,34,1,1026,0.1
3253,24,1,2210,0.05
3253,43,1,2654,0
3253,19,1,2578,0.05
3254,48,1,4805,0.1
3254,32,1,2083,0
3254,31,3,3571,0
3254,45,1,1847,0.05
3255,24,1,2210,0
3255,15,2,3944,0.05
3255,43,1,2654,0
3256,17,1,1925,0
3257,14,1,3770,0.1
3258,55,1,4377,0
3259,9,1,1527,0
3260,6,1,3871,0
3260,20,1,4963,0
3261,5,1,207,0.1
3262,29,1,410,0.05
3263,53,1,1408,0
3264,21,1,572,0.1
3265,41,1,4560,0.05
3265,48,1,4805,0.1
3266,51,1,2621,0
3266,52,2,2641,0
3267,29,2,410,0.2
3268,51,1,2621,0.15
3268,57,1,3486,0
3269,5,2,207,0
3269,35,2,2084,0
3269,18,2,4405,0.1
3269,30,3,3732,0.1
3270,44,1,1674,0.2
3270,46,1,1604,0.1
3271,41,1,4560,0.1
3272,32,1,2083,0.1
3273,39,1,765,0.1
3273,47,1,365,0
3274,13,2,283,0
3275,25,1,938,0.05
3276,25,2,938,0
3276,15,1,3944,0
3277,44,1,1674,0
3278,53,1,1408,0.2
3278,32,1,2083,0
3278,11,1,4549,0.2
3278,11,1,4549,0
3279,56,2,2279,0
3279,24,1,2210,0
3279,52,2,2641,0.15
3280,31,1,3571,0.05
3281,12,1,2578,0.1
3281,3,2,3882,0.1
3281,41,1,4560,0
3281,50,2,4645,0.05
3282,7,2,2555,0
3282,5,1,207,0
3282,14,2,3770,0.15
3283,31,1,3571,0.05
3283,11,1,4549,0.05
3283,40,1,4298,0
3284,56,1,2279,0.15
3284,13,1,283,0.2
3285,24,1,2210,0
3286,30,1,3732,0
3287,2,2,1368,0.15
3288,5,1,207,0.05
3288,23,1,2084,0.1
3288,11,1,4549,0.05
3288,48,1,4805,0.05
3289,48,1,4805,0.15
3290,27,3,2377,0
3291,21,1,572,0
3291,24,1,2210,0
3291,12,1,2578,0.2
3292,57,1,3486,0.15
3292,17,2,1925,0
3293,48,1,4805,0.1
3293,14,1,3770,0.2
3294,48,1,4805,0.2
3295,3,2,3882,0
3296,24,1,2210,0.1
3296,16,1,2872,0
3297,38,2,976,0.1
3298,1,1,2760,0.15
3299,47,2,365,0
3300,26,2,438,0.15
3300,12,1,2578,0
3301,57,1,3486,0.05
3302,14,2,3770,0.05
3302,27,2,2377,0
3302,52,3,2641,0
3303,30,1,3732,0.15
3303,12,1,2578,0
3303,7,1,2555,0
3304,21,2,572,0.05
3304,21,2,572,0.1
3305,14,1,3770,0.15
3305,38,1,976,0
3306,35,1,2084,0.05
3307,1,1,2760,0.1
3308,56,1,2279,0.1
3308,39,2,765,0
3309,56,3,2279,0
3309,43,1,2654,0
3309,50,1,4645,0.05
3310,18,1,4405,0
3311,57,1,3486,0
3312,50,2,4645,0.1
3312,15,2,3944,0.1
3313,27,2,2377,0.1
3314,32,2,2083,0.15
3314,48,2,4805,0
3314,56,3,2279,0.2
3314,15,2,3944,0.1
3315,22,2,131,0.1
3315,3,1,3882,0.1
3316,16,1,2872,0.15
3317,14,2,3770,0
3317,12,1,2578,0.05
3318,54,1,273,0
3318,54,1,273,0
3319,52,1,2641,0.05
3319,29,3,410,0.05
3320,20,1,4963,0.05
3321,36,1,460,0.1
3321,14,1,3770,0.15
3321,19,2,2578,0.15
3321,8,1,659,0.15
3322,42,1,641,0
3322,12,1,2578,0
3323,51,1,2621,0.05
3324,19,1,2578,0.05
3324,28,1,3031,0.1
3325,7,1,2555,0
3326,41,1,4560,0.05
3326,2,1,1368,0.1
3327,45,1,1847,0
3327,21,1,572,0
3328,6,3,3871,0
3329,32,1,2083,0.15
3330,55,1,4377,0.1
3330,15,1,3944,0
3330,45,1,1847,0
3331,17,1,1925,0
3332,60,1,1642,0.1
3332,44,1,1674,0
3332,19,1,2578,0.1
3333,58,1,124,0
3333,58,1,124,0.05
3334,8,1,659,0
3335,46,1,1604,0.05
3336,3,1,3882,0
3337,40,1,4298,0.1
3338,27,3,2377,0.05
3338,52,2,2641,0
3338,23,2,2084,0
3339,30,1,3732,0.2
3340,41,1,4560,0
3341,35,2,2084,0.05
3342,16,1,2872,0
3343,25,1,938,0
3344,40,2,4298,0
3344,41,2,4560,0.05
3344,40,2,4298,0
3345,5,1,207,0
3346,6,3,3871,0
3346,37,1,189,0.1
3347,30,1,3732,0.1
3347,56,1,2279,0
3348,13,1,283,0
3348,39,1,765,0.1
3349,30,1,3732,0
3349,48,3,4805,0
3350,6,1,3871,0
3351,22,1,131,0.15
3351,6,1,3871,0.1
3351,49,1,2121,0.05
3352,4,2,3867,0
3353,4,1,3867,0.15
3354,46,1,1604,0.1
3355,5,1,207,0.05
3355,44,1,1674,0
3356,1,2,2760,0
3357,25,1,938,0.2
3358,15,2,3944,0.05
3358,43,3,2654,0
3358,56,1,2279,0.1
3358,29,1,410,0.05
3359,55,1,4377,0.2
3359,38,1,976,0.15
3359,42,1,641,0
3360,21,1,572,0.05
3360,53,1,1408,0.05
3361,2,2,1368,0.05
3361,53,1,1408,0
3362,57,1,3486,0.05
3363,15,1,3944,0
3364,50,2,4645,0
3364,16,1,2872,0.15
3365,13,1,283,0.1
3365,36,1,460,0.05
3366,10,1,3960,0.05
3367,10,1,3960,0.2
3367,26,1,438,0.05
3367,52,2,2641,0.1
3367,25,1,938,0.2
3368,15,1,3944,0
3368,46,1,1604,0.05
3369,32,1,2083,0.1
3370,42,1,641,0
3370,24,2,2210,0.15
3370,43,1,2654,0
3371,4,2,3867,0
3371,51,2,2621,0.1
3371,40,1,4298,0.1
3371,20,2,4963,0
3372,31,1,3571,0
3372,30,2,3732,0
3373,59,1,954,0.1
3374,52,1,2641,0.1
3374,54,1,273,0.15
3374,17,1,1925,0
3374,40,1,4298,0
3375,16,1,2872,0
3375,16,3,2872,0.1
3375,4,1,3867,0.15
3376,28,1,3031,0.05
3377,44,1,1674,0.05
3378,53,1,1408,0
3378,8,1,659,0.05
3379,24,1,2210,0
3379,42,1,641,0.15
3380,11,1,4549,0.1
3380,16,1,2872,0.1
3380,12,1,2578,0
3381,17,1,1925,0
3382,29,1,410,0.05
3382,40,1,4298,0.1
3383,37,1,189,0
3383,2,1,1368,0.15
3384,9,2,1527,0.1
3384,13,1,283,0.05
3384,49,1,2121,0
3385,4,1,3867,0.1
3385,45,1,1847,0
3386,54,2,273,0.05
3387,55,2,4377,0.05
3388,1,1,2760,0
3388,2,1,1368,0.05
3388,43,1,2654,0
3389,54,1,273,0.05
3390,58,1,124,0.05
3390,60,1,1642,0.15
3391,48,1,4805,0
3391,46,2,1604,0.05
3392,30,1,3732,0.1
3393,4,1,3867,0.05
3393,52,1,2641,0.1
3394,52,3,2641,0
3394,17,1,1925,0
3395,33,2,2132,0
3395,41,1,4560,0.05
3395,11,1,4549,0.05
3395,54,2,273,0
3396,10,1,3960,0.1
3396,15,1,3944,0.1
3396,3,2,3882,0
3396,2,1,1368,0.2
3397,5,1,207,0
3397,55,2,4377,0
3397,4,2,3867,0
3398,30,1,3732,0.1
3399,1,2,2760,0.2
3399,50,1,4645,0.1
3400,50,2,4645,0.1
3401,3,1,3882,0.15
3402,7,2,2555,0
3402,48,2,4805,0.2
3403,18,1,4405,0
3403,16,1,2872,0.1
3403,27,2,2377,0.1
3404,11,1,4549,0.1
3405,33,1,2132,0.05
3405,44,1,1674,0.1
3405,60,1,1642,0.1
3406,55,1,4377,0.05
3406,31,1,3571,0
3407,2,1,1368,0.1
3408,59,1,954,0.15
3408,55,1,4377,0.1
3409,54,1,273,0
3410,50,1,4645,0.1
3410,19,2,2578,0
3410,19,1,2578,0
3411,45,1,1847,0.05
3411,12,3,2578,0.1
3412,34,1,1026,0.1
3413,52,2,2641,0.1
3413,6,2,3871,0
3414,6,2,3871,0
3414,57,3,3486,0.2
3414,13,2,283,0
3414,44,2,1674,0.05
3415,21,1,572,0
3416,14,1,3770,0
3417,60,1,1642,0
3418,56,2,2279,0
3418,23,1,2084,0.05
3418,40,1,4298,0.1
3419,9,1,1527,0
3419,56,1,2279,0.05
3420,13,1,283,0
3421,39,1,765,0
3422,60,1,1642,0
3422,24,2,2210,0
3422,55,1,4377,0.15
3422,11,2,4549,0.05
3423,39,2,765,0.2
3424,16,2,2872,0.1
3424,52,1,2641,0
3424,53,1,1408,0
3425,41,1,4560,0.05
3425,15,1,3944,0.1
3426,46,1,1604,0.1
3427,49,2,2121,0.1
3428,52,1,2641,0.1
3429,10,1,3960,0
3429,26,1,438,0
3430,1,2,2760,0.15
3430,18,1,4405,0
3430,34,1,1026,0
3431,60,1,1642,0
3431,57,2,3486,0
3432,54,1,273,0.1
3433,19,2,2578,0.1
3433,14,2,3770,0.15
3433,24,1,2210,0.05
3433,30,1,3732,0.05
3434,38,1,976,0.1
3435,55,1,4377,0.1
3435,6,2,3871,0
3436,31,1,3571,0.05
3436,44,1,1674,0.1
3436,49,1,2121,0.15
3437,33,1,2132,0
3438,9,1,1527,0
3439,28,1,3031,0.15
3439,53,1,1408,0.2
3440,36,1,460,0.1
3440,21,1,572,0
3440,8,2,659,0
3441,51,2,2621,0
3441,3,1,3882,0.05
3441,11,1,4549,0.1
3442,7,1,2555,0.15
3442,59,1,954,0.05
3442,16,2,2872,0.05
3443,35,1,2084,0.1
3444,42,1,641,0
3445,51,1,2621,0
3445,9,2,1527,0
3445,50,3,4645,0
3446,1,1,2760,0.05
3446,21,1,572,0.1
3447,16,1,2872,0.1
3447,40,1,4298,0
3447,2,1,1368,0.05
3448,24,1,2210,0
3448,22,1,131,0.05
3448,6,1,3871,0.05
3449,22,2,131,0
3449,12,1,2578,0.1
3450,26,1,438,0.1
3451,21,1,572,0.05
3451,37,1,189,0.2
3451,8,1,659,0.05
3451,41,1,4560,0
3452,41,2,4560,0.05
3452,5,1,207,0.05
3453,27,1,2377,0.05
3454,40,1,4298,0
3455,57,1,3486,0.05
3456,10,2,3960,0
3456,2,1,1368,0.15
3456,2,1,1368,0
3457,49,1,2121,0
3458,53,1,1408,0.15
3459,57,1,3486,0.05
3460,4,2,3867,0
3461,30,1,3732,0.15
3461,29,1,410,0.05
3462,11,1,4549,0
3463,47,1,365,0.15
3464,24,1,2210,0.05
3464,26,1,438,0.1
3465,16,1,2872,0
3465,38,1,976,0
3466,20,1,4963,0.1
3467,50,2,4645,0.1
3467,31,2,3571,0.15
3467,52,1,2641,0.05
3468,2,1,1368,0.05
3469,2,1,1368,0
3469,45,1,1847,0.05
3470,33,1,2132,0.05
3471,21,1,572,0.15
3471,59,1,954,0.1
3471,27,1,2377,0.05
3472,49,1,2121,0
3472,46,1,1604,0.05
3472,42,1,641,0.1
3472,44,1,1674,0
3473,3,1,3882,0.1
3473,60,3,1642,0.1
3473,34,1,1026,0
3474,50,1,4645,0.05
3475,25,2,938,0.1
3475,43,3,2654,0.1
3475,36,1,460,0.1
3476,20,1,4963,0.1
3476,33,1,2132,0.1
3476,48,1,4805,0.15
3476,3,3,3882,0
3477,44,2,1674,0.05
3477,36,1,460,0.1
3478,27,1,2377,0
3478,3,1,3882,0.1
3478,30,1,3732,0.05
3479,31,1,3571,0.05
3480,1,1,2760,0.1
3481,58,1,124,0.05
3482,23,1,2084,0.05
3482,17,1,1925,0
3482,24,1,2210,0
3483,34,1,1026,0
3484,44,1,1674,0.15
3484,53,2,1408,0.05
3485,5,1,207,0
3486,37,1,189,0.1
3487,52,1,2641,0.05
3487,17,1,1925,0.05
3488,51,1,2621,0
3489,43,1,2654,0.05
3489,3,2,3882,0.05
3490,53,1,1408,0.15
3490,52,1,2641,0.05
3490,26,1,438,0
3491,21,1,572,0
3492,51,2,2621,0
3492,52,1,2641,0.1
3493,53,1,1408,0.05
3494,22,1,131,0.05
3494,54,1,273,0.15
3495,16,1,2872,0.1
3495,42,1,641,0
3495,36,1,460,0
3495,54,1,273,0.1
3496,35,1,2084,0
3496,17,1,1925,0
3496,16,1,2872,0.05
3497,43,1,2654,0.1
3497,51,1,2621,0.05
3497,48,2,4805,0.05
3498,36,1,460,0
3498,22,1,131,0
3499,56,1,2279,0.05
3499,13,1,283,0
3500,51,1,2621,0.15
3501,13,2,283,0
3501,49,1,2121,0.05
3501,16,1,2872,0.15
3502,16,1,2872,0.05
3503,50,1,4645,0
3503,58,1,124,0.05
3504,38,1,976,0.1
3505,29,1,410,0
3506,22,1,131,0.05
3506,51,1,2621,0.1
3507,7,3,2555,0.2
3508,39,1,765,0.05
3509,2,1,1368,0.05
3510,44,2,1674,0.1
3510,35,1,2084,0.05
3511,56,1,2279,0.1
3511,28,1,3031,0
3512,44,1,1674,0.1
3512,60,1,1642,0.1
3513,7,2,2555,0.1
3513,19,1,2578,0.1
3513,51,1,2621,0.2
3514,28,1,3031,0.05
3514,29,1,410,0
3515,2,1,1368,0.1
3516,1,3,2760,0.1
3516,11,2,4549,0.05
3517,57,1,3486,0.05
3517,28,1,3031,0.15
3517,52,1,2641,0
3518,23,2,2084,0.05
3518,17,1,1925,0.1
3518,39,1,765,0
3518,13,1,283,0.1
3519,21,1,572,0.05
3519,20,1,4963,0
3520,27,1,2377,0.2
3521,48,1,4805,0.1
3521,49,1,2121,0.05
3521,23,2,2084,0.15
3522,20,2,4963,0.1
3522,33,3,2132,0
3522,52,1,2641,0
3522,57,1,3486,0.1
3523,11,1,4549,0.15
3523,58,1,124,0.05
3523,16,2,2872,0.05
3524,18,1,4405,0.1
3524,5,1,207,0.05
3525,19,1,2578,0.1
3526,24,1,2210,0
3527,29,1,410,0
3528,6,1,3871,0.1
3528,32,2,2083,0
3528,31,1,3571,0
3529,52,1,2641,0
3530,42,2,641,0.1
3530,15,1,3944,0
3531,41,1,4560,0.15
3531,58,1,124,0.05
3531,1,1,2760,0.1
3532,41,3,4560,0.05
3532,53,1,1408,0.05
3533,9,1,1527,0.2
3534,43,2,2654,0.1
3535,1,1,2760,0.05
3536,46,1,1604,0.05
3536,51,1,2621,0.1
3537,19,1,2578,0
3537,6,1,3871,0
3538,51,2,2621,0.1
3538,37,1,189,0.05
3539,26,1,438,0.15
3540,30,1,3732,0.05
3540,20,1,4963,0
3540,32,1,2083,0.1
3541,26,2,438,0.1
3541,35,1,2084,0
3541,26,1,438,0.1
3542,39,1,765,0
3542,56,1,2279,0.15
3542,57,1,3486,0.05
3543,49,1,2121,0.2
3544,28,1,3031,0.05
3544,13,1,283,0.15
3544,10,1,3960,0
3545,37,1,189,0.1
3545,7,1,2555,0.15
3546,15,3,3944,0
3547,10,1,3960,0.1
3547,42,2,641,0
3548,19,1,2578,0.15
3549,21,1,572,0.2
3550,53,2,1408,0.1
3550,34,2,1026,0.1
3551,32,1,2083,0.15
3552,28,1,3031,0.15
3553,22,1,131,0.05
3554,26,1,438,0.1
3554,52,1,2641,0.15
3555,31,1,3571,0.05
3555,13,1,283,0.05
3555,36,1,460,0
3556,2,1,1368,0
3557,4,1,3867,0
3558,50,2,4645,0.05
3558,52,1,2641,0
3559,24,1,2210,0
3559,48,2,4805,0.15
3559,42,1,641,0.2
3560,22,1,131,0
3560,40,1,4298,0
3560,19,1,2578,0.15
3561,19,1,2578,0
3561,48,1,4805,0
3561,49,1,2121,0.05
3562,16,2,2872,0.05
3562,37,1,189,0.05
3562,45,2,1847,0.05
3563,48,2,4805,0.05
3563,3,1,3882,0.15
3564,22,1,131,0.15
3564,31,2,3571,0
3565,25,1,938,0.2
3565,10,2,3960,0.05
3565,6,1,3871,0.15
3565,28,1,3031,0.1
3566,5,2,207,0.05
3566,16,1,2872,0.1
3567,38,1,976,0
3567,29,1,410,0.05
3568,15,1,3944,0.05
3569,42,1,641,0.1
3569,20,1,4963,0.05
3570,48,2,4805,0.1
3570,9,2,1527,0.05
3571,9,1,1527,0
3572,1,1,2760,0
3572,3,1,3882,0.1
3572,55,1,4377,0
3573,15,1,3944,0.1
3574,59,1,954,0.1
3575,43,1,2654,0.05
3576,44,1,1674,0
3576,31,1,3571,0.1
3576,3,1,3882,0.1
3577,44,2,1674,0
3578,44,1,1674,0
3579,29,2,410,0.05
3580,14,1,3770,0.05
3581,53,1,1408,0
3582,17,1,1925,0.1
3582,50,1,4645,0.1
3583,13,1,283,0.1
3584,11,2,4549,0.1
3584,28,1,3031,0
3584,10,1,3960,0
3585,53,1,1408,0.1
3586,3,2,3882,0
3587,32,2,2083,0.05
3587,2,2,1368,0
3587,19,1,2578,0
3587,5,1,207,0.15
3588,51,1,2621,0
3588,19,1,2578,0.1
3589,9,1,1527,0.05
3589,28,1,3031,0
3590,24,1,2210,0.1
3590,56,2,2279,0
3590,52,2,2641,0.2
3591,44,1,1674,0
3592,48,2,4805,0.1
3592,43,1,2654,0.1
3592,19,1,2578,0.1
3592,28,2,3031,0
3593,45,1,1847,0.05
3594,44,1,1674,0.05
3594,46,1,1604,0
3595,25,2,938,0.1
3596,50,1,4645,0.15
3597,24,1,2210,0
3598,57,1,3486,0.2
3599,9,1,1527,0
3599,15,2,3944,0.1
3600,41,1,4560,0.1
3601,14,2,3770,0.1
3601,28,1,3031,0.15
3601,43,1,2654,0.05
3602,1,2,2760,0
3603,51,1,2621,0.05
3603,20,2,4963,0
3603,50,1,4645,0.05
3604,48,2,4805,0.1
3605,27,2,2377,0.05
3606,48,1,4805,0
3606,23,2,2084,0.1
3606,8,2,659,0.15
3607,10,1,3960,0.05
3608,52,1,2641,0.05
3608,2,3,1368,0.1
3609,13,1,283,0.1
3609,60,1,1642,0.05
3610,33,1,2132,0.15
3610,6,1,3871,0
3610,52,2,2641,0
3611,45,3,1847,0.05
3611,47,1,365,0.05
3612,60,1,1642,0.15
3612,44,1,1674,0
3612,49,1,2121,0
3612,59,1,954,0.15
3613,46,1,1604,0.1
3613,41,1,4560,0.05
3613,22,1,131,0.05
3614,33,1,2132,0.05
3614,15,1,3944,0
3615,21,1,572,0
3616,30,2,3732,0.1
3617,26,1,438,0
3617,38,1,976,0.1
3617,7,1,2555,0.1
3618,44,2,1674,0
3619,20,1,4963,0.2
3620,23,1,2084,0
3621,11,1,4549,0
3621,47,1,365,0.15
3621,8,1,659,0.2
3622,20,1,4963,0
3623,40,1,4298,0
3623,29,1,410,0.05
3624,7,1,2555,0
3624,7,2,2555,0
3625,35,2,2084,0.1
3625,35,1,2084,0
3625,18,1,4405,0.2
3626,12,1,2578,0.1
3627,21,3,572,0.15
3627,22,1,131,0
3628,22,1,131,0
3629,6,2,3871,0.05
3629,55,1,4377,0.05
3630,13,1,283,0.1
3630,58,1,124,0
3631,21,1,572,0.15
3631,3,1,3882,0.05
3632,26,1,438,0.15
3632,49,1,2121,0
3633,20,1,4963,0
3633,6,2,3871,0.05
3634,47,1,365,0.05
3634,10,1,3960,0.05
3635,53,1,1408,0
3636,52,2,2641,0.15
3637,24,1,2210,0
3638,10,2,3960,0
3638,3,2,3882,0
3639,54,1,273,0
3640,59,2,954,0.15
3641,3,1,3882,0.05
3641,26,1,438,0
3642,24,1,2210,0.1
3643,17,1,1925,0.05
3644,59,2,954,0.15
3645,38,1,976,0.1
3645,60,1,1642,0.15
3646,38,1,976,0.1
3647,46,1,1604,0.1
3647,42,3,641,0.2
3648,37,2,189,0.05
3648,28,3,3031,0.1
3649,23,2,2084,0
3649,10,1,3960,0.2
3649,3,2,3882,0.1
3650,15,1,3944,0.05
3650,20,1,4963,0.05
3651,51,1,2621,0.1
3652,8,1,659,0.05
3653,8,1,659,0
3653,21,1,572,0.05
3653,50,1,4645,0.05
3653,36,1,460,0.15
3654,5,1,207,0
3654,3,1,3882,0.1
3655,26,1,438,0.15
3655,17,3,1925,0
3656,2,1,1368,0.05
3656,20,1,4963,0
3657,56,1,2279,0
3658,50,1,4645,0.05
3659,4,1,3867,0
3660,47,1,365,0
3660,5,1,207,0
3661,22,1,131,0
3662,5,1,207,0.05
3662,27,1,2377,0.05
3663,46,1,1604,0
3664,23,1,2084,0.15
3664,24,2,2210,0.05
3665,54,1,273,0.05
3665,29,1,410,0.1
3665,28,2,3031,0.1
3665,19,3,2578,0
3666,45,1,1847,0.2
3666,46,1,1604,0
3666,18,1,4405,0
3666,60,1,1642,0.1
3667,56,1,2279,0.1
3668,37,1,189,0
3668,33,1,2132,0.2
3669,9,1,1527,0
3670,30,2,3732,0.05
3670,28,1,3031,0
3670,60,2,1642,0.05
3671,56,1,2279,0
3671,6,1,3871,0.15
3672,12,1,2578,0
3673,7,3,2555,0.15
3673,10,1,3960,0.1
3673,25,2,938,0.2
3674,23,3,2084,0.05
3674,25,1,938,0
3675,27,1,2377,0.1
3676,33,1,2132,0
3677,3,1,3882,0
3678,41,1,4560,0.05
3679,14,1,3770,0.1
3679,50,1,4645,0
3680,27,2,2377,0.1
3681,36,1,460,0.05
3681,40,1,4298,0
3682,17,1,1925,0.05
3683,27,1,2377,0.1
3684,48,1,4805,0.05
3685,9,1,1527,0.2
3685,36,1,460,0.05
3686,34,1,1026,0
3686,59,1,954,0
3687,52,1,2641,0.05
3688,19,1,2578,0
3688,9,2,1527,0
3688,28,3,3031,0.05
3688,18,1,4405,0.15
3689,31,1,3571,0.05
3689,50,2,4645,0
3690,53,1,1408,0
3691,3,1,3882,0.15
3692,26,1,438,0.05
3693,9,1,1527,0.1
3693,4,1,3867,0.1
3694,2,1,1368,0
3695,19,1,2578,0.05
3696,32,1,2083,0
3697,41,1,4560,0
3698,56,1,2279,0
3698,40,1,4298,0.05
3699,3,1,3882,0.1
3699,60,2,1642,0.05
3700,43,1,2654,0.15
3701,31,1,3571,0.05
3701,18,2,4405,0
3702,56,2,2279,0.05
3702,31,1,3571,0.1
3703,3,1,3882,0.1
3703,39,1,765,0
3704,56,1,2279,0.05
3705,49,1,2121,0.05
3706,48,2,4805,0
3706,48,1,4805,0
3706,9,1,1527,0.1
3707,4,1,3867,0.1
3707,20,1,4963,0
3708,59,1,954,0.1
3709,29,2,410,0.15
3709,41,2,4560,0
3709,41,2,4560,0.15
3710,39,1,765,0
3711,36,1,460,0
3711,1,1,2760,0.05
3712,33,1,2132,0
3713,29,1,410,0
3714,34,1,1026,0.05
3715,27,1,2377,0.05
3715,20,1,4963,0
3715,14,1,3770,0.1
3716,33,1,2132,0
3717,39,1,765,0
3718,9,3,1527,0.15
3718,14,1,3770,0.05
3718,55,3,4377,0.05
3719,37,1,189,0
3720,10,3,3960,0.05
3721,35,1,2084,0.1
3721,16,2,2872,0
3721,7,1,2555,0.1
3722,21,2,572,0
3722,18,1,4405,0.1
3722,29,1,410,0.15
3723,42,1,641,0.1
3724,11,2,4549,0
3725,1,2,2760,0.05
3726,30,2,3732,0.05
3726,27,2,2377,0
3726,56,1,2279,0
3726,34,1,1026,0
3727,31,1,3571,0.15
3727,37,1,189,0.05
3728,6,2,3871,0.1
3729,47,1,365,0.1
3729,26,1,438,0
3729,17,1,1925,0.05
3729,7,1,2555,0.05
3730,14,2,3770,0.15
3730,3,1,3882,0.15
3730,27,1,2377,0
3731,59,1,954,0
3731,59,1,954,0.05
3732,24,1,2210,0.05
3732,6,1,3871,0.05
3732,10,1,3960,0.1
3732,56,1,2279,0.15
3733,20,1,4963,0.1
3734,17,1,1925,0.15
3735,58,1,124,0
3735,33,2,2132,0
3735,33,1,2132,0.15
3736,52,1,2641,0.15
3737,22,1,131,0
3738,1,1,2760,0
3738,11,1,4549,0
3738,50,1,4645,0.05
3738,48,1,4805,0
3739,13,1,283,0.05
3740,19,1,2578,0.15
3741,32,1,2083,0
3741,43,2,2654,0.05
3742,24,1,2210,0.05
3743,52,1,2641,0.15
3744,54,1,273,0.05
3745,24,1,2210,0
3745,36,1,460,0.15
3745,7,2,2555,0.1
3746,4,1,3867,0
3746,48,1,4805,0.05
3746,33,1,2132,0
3747,29,1,410,0.05
3747,16,1,2872,0.15
3748,19,1,2578,0.1
3749,41,1,4560,0
3749,19,1,2578,0.05
3750,15,1,3944,0
3750,27,1,2377,0.1
3750,2,2,1368,0.1
3751,30,1,3732,0
3752,24,1,2210,0.15
3752,19,1,2578,0.1
3752,38,2,976,0.1
3753,32,1,2083,0.05
3753,23,1,2084,0.05
3753,47,3,365,0.05
3753,26,2,438,0
3754,38,1,976,0.05
3754,16,1,2872,0
3754,10,1,3960,0.15
3755,46,1,1604,0.15
3756,12,1,2578,0.1
3756,48,1,4805,0
3756,23,1,2084,0
3756,9,1,1527,0.2
3757,56,1,2279,0.2
3757,41,2,4560,0
3757,10,2,3960,0
3758,10,1,3960,0
3758,51,1,2621,0.05
3758,40,1,4298,0.05
3758,16,2,2872,0.1
3759,50,2,4645,0.05
3759,39,1,765,0
3760,7,1,2555,0.05
3760,31,1,3571,0.15
3761,56,1,2279,0.05
3762,35,1,2084,0
3762,51,1,2621,0
3763,18,1,4405,0
3764,30,2,3732,0.05
3764,52,1,2641,0
3765,11,2,4549,0.05
3766,31,1,3571,0
3767,48,1,4805,0.05
3767,37,1,189,0
3767,28,1,3031,0
3768,7,1,2555,0.1
3769,2,2,1368,0.05
3769,38,1,976,0.05
3770,45,1,1847,0.05
3770,47,1,365,0.1
3771,30,2,3732,0.1
3771,15,1,3944,0.05
3772,52,1,2641,0.1
3772,35,1,2084,0.1
3772,50,1,4645,0
3773,4,1,3867,0.15
3773,18,1,4405,0.15
3773,25,1,938,0
3774,24,2,2210,0.1
3774,51,1,2621,0
3774,32,1,2083,0.05
3775,19,1,2578,0.1
3775,48,2,4805,0.05
3776,31,1,3571,0.1
3777,56,1,2279,0.1
3778,25,1,938,0
3779,41,3,4560,0.1
3779,41,1,4560,0.05
3780,23,2,2084,0.05
3781,21,1,572,0.05
3782,32,2,2083,0
3783,32,1,2083,0
3783,19,1,2578,0.05
3784,52,3,2641,0
3785,20,1,4963,0.05
3785,22,3,131,0
3786,44,1,1674,0.1
3786,55,1,4377,0.1
3786,5,1,207,0
3787,42,1,641,0.05
3787,36,2,460,0.05
3788,19,3,2578,0
3788,14,1,3770,0.15
3789,21,2,572,0
3789,4,2,3867,0
3789,43,2,2654,0.05
3789,9,1,1527,0.1
3790,36,1,460,0.05
3791,45,1,1847,0
3791,13,1,283,0
3792,34,1,1026,0.1
3792,30,2,3732,0
3793,34,1,1026,0.1
3793,25,2,938,0
3794,11,1,4549,0
3795,58,1,124,0.05
3795,53,1,1408,0.05
3795,45,1,1847,0.15
3796,35,2,2084,0
3797,42,1,641,0.15
3798,15,1,3944,0.1
3799,31,1,3571,0
3799,12,3,2578,0.05
3800,38,1,976,0.2
3801,55,1,4377,0.2
3801,6,1,3871,0.05
3802,59,1,954,0.1
3802,58,1,124,0
3803,44,1,1674,0
3803,2,1,1368,0
3803,28,2,3031,0
3804,60,1,1642,0.1
3804,28,2,3031,0.05
3804,55,1,4377,0
3805,56,2,2279,0.05
3805,10,1,3960,0
3805,4,1,3867,0
3806,22,1,131,0.05
3806,57,1,3486,0.1
3806,52,1,2641,0.05
3807,28,1,3031,0.05
3807,48,1,4805,0
3807,11,2,4549,0.15
3808,54,2,273,0.2
3809,19,2,2578,0.05
3809,15,1,3944,0
3810,58,1,124,0
3810,10,1,3960,0
3811,47,1,365,0.15
3812,27,1,2377,0.05
3813,48,2,4805,0
3814,14,1,3770,0.05
3815,17,1,1925,0.05
3815,3,1,3882,0.15
3816,50,1,4645,0.05
3817,42,1,641,0
3817,30,1,3732,0.1
3818,4,1,3867,0
3819,3,1,3882,0.05
3820,41,1,4560,0
3820,27,1,2377,0
3821,34,1,1026,0.1
3822,46,1,1604,0
3822,60,1,1642,0.05
3823,12,1,2578,0
3823,55,1,4377,0
3823,56,1,2279,0.1
3824,8,1,659,0.15
3825,7,2,2555,0
3825,24,2,2210,0
3825,15,3,3944,0.05
3826,57,2,3486,0.1
3827,2,1,1368,0.2
3827,40,1,4298,0
3828,30,2,3732,0.15
3829,33,1,2132,0
3829,47,1,365,0.15
3830,28,1,3031,0
3831,29,1,410,0.1
3831,48,1,4805,0.1
3832,6,2,3871,0.2
3833,16,1,2872,0.1
3834,4,1,3867,0
3834,31,2,3571,0
3834,36,1,460,0.15
3835,8,1,659,0
3835,50,1,4645,0
3836,14,1,3770,0.1
3836,43,1,2654,0.05
3837,44,1,1674,0
3837,8,1,659,0
3837,29,1,410,0.05
3838,34,2,1026,0
3838,30,1,3732,0
3839,26,1,438,0.15
3840,55,1,4377,0.05
3840,2,2,1368,0
3841,39,1,765,0
3842,58,1,124,0
3842,41,1,4560,0.1
3843,4,2,3867,0.15
3844,54,1,273,0.2
3844,48,1,4805,0.05
3845,25,1,938,0.05
3846,57,3,3486,0.1
3846,19,1,2578,0.15
3847,32,1,2083,0
3848,6,1,3871,0
3848,39,1,765,0.2
3849,43,1,2654,0
3849,14,2,3770,0.1
3850,8,1,659,0.15
3851,30,1,3732,0.1
3852,2,1,1368,0
3852,52,3,2641,0
3852,15,2,3944,0
3853,38,1,976,0
3854,25,1,938,0.1
3855,7,1,2555,0
3856,50,1,4645,0
3857,35,2,2084,0
3858,37,1,189,0.05
3858,8,1,659,0
3858,10,1,3960,0
3859,16,2,2872,0.15
3859,20,1,4963,0.05
3859,7,2,2555,0.05
3860,3,1,3882,0
3860,46,1,1604,0.2
3860,41,1,4560,0.1
3861,39,1,765,0
3862,41,1,4560,0.05
3863,3,1,3882,0.1
3863,22,1,131,0
3863,14,2,3770,0
3864,52,1,2641,0
3865,18,1,4405,0
3865,19,2,2578,0
3866,24,2,2210,0
3867,32,2,2083,0.05
3868,45,1,1847,0
3869,53,1,1408,0.05
3869,30,1,3732,0.1
3870,60,1,1642,0.05
3871,19,1,2578,0.05
3872,34,3,1026,0
3872,3,2,3882,0.1
3872,22,2,131,0.1
3873,31,1,3571,0
3874,22,1,131,0
3874,37,1,189,0.1
3874,59,1,954,0.1
3875,34,2,1026,0.15
3875,35,2,2084,0
3876,33,1,2132,0.05
3876,39,1,765,0
3877,5,1,207,0
3877,26,1,438,0
3877,8,1,659,0.1
3878,30,1,3732,0
3878,54,1,273,0
3878,32,1,2083,0
3878,19,2,2578,0.15
3879,15,1,3944,0.15
3880,45,1,1847,0
3881,19,1,2578,0
3882,18,1,4405,0.05
3883,42,2,641,0.2
3884,29,1,410,0
3884,3,1,3882,0.05
3885,31,1,3571,0
3885,33,3,2132,0
3886,50,1,4645,0.05
3886,10,1,3960,0.1
3886,15,1,3944,0
3886,23,1,2084,0.15
3887,49,1,2121,0.05
3887,43,3,2654,0.05
3888,44,1,1674,0
3888,41,1,4560,0
3888,38,1,976,0.05
3889,23,1,2084,0
3889,60,1,1642,0.05
3889,24,1,2210,0.1
3890,44,1,1674,0.1
3891,56,1,2279,0.05
3891,2,1,1368,0.05
3892,56,1,2279,0.15
3892,47,1,365,0
3893,10,1,3960,0
3893,13,3,283,0.1
3893,17,1,1925,0.05
3893,8,1,659,0.1
3894,53,1,1408,0
3894,39,2,765,0.05
3895,38,2,976,0
3896,9,1,1527,0
3897,15,1,3944,0.1
3898,35,2,2084,0
3898,59,1,954,0
3899,23,1,2084,0.1
3899,54,1,273,0.05
3900,32,2,2083,0.05
3901,55,1,4377,0
3902,31,1,3571,0
3902,50,1,4645,0.05
3903,14,2,3770,0
3903,16,2,2872,0.1
3903,1,3,2760,0
3904,31,1,3571,0
3904,12,3,2578,0
3904,37,1,189,0.05
3904,33,2,2132,0.05
3905,7,2,2555,0.1
3905,50,2,4645,0
3905,33,1,2132,0.05
3906,56,1,2279,0.2
3906,34,1,1026,0
3906,14,1,3770,0.05
3907,2,1,1368,0.15
3908,47,2,365,0.05
3908,28,2,3031,0
3909,37,1,189,0.05
3910,27,1,2377,0
3910,51,1,2621,0.1
3911,21,1,572,0
3911,30,1,3732,0.1
3911,15,2,3944,0.1
3912,43,1,2654,0.05
3912,40,1,4298,0
3913,54,1,273,0.1
3913,14,2,3770,0.2
3914,19,1,2578,0
3914,51,1,2621,0
3915,18,1,4405,0.05
3915,22,1,131,0
3916,1,1,2760,0.15
3916,41,1,4560,0
3917,4,2,3867,0.05
3917,6,1,3871,0.1
3917,6,1,3871,0.1
3918,37,1,189,0.1
3918,33,1,2132,0
3918,47,1,365,0
3919,4,1,3867,0.1
3920,13,1,283,0
3921,43,1,2654,0.1
3922,60,2,1642,0
3923,43,1,2654,0.2
3923,21,1,572,0
3924,19,1,2578,0.05
3925,29,1,410,0.05
3925,17,1,1925,0.05
3926,35,1,2084,0.05
3927,9,2,1527,0.15
3927,10,1,3960,0.2
3927,30,1,3732,0
3927,1,1,2760,0.05
3928,18,1,4405,0.1
3929,27,1,2377,0
3929,54,1,273,0
3930,28,1,3031,0
3930,16,1,2872,0.15
3930,24,3,2210,0.05
3930,48,1,4805,0
3931,60,2,1642,0.1
3931,48,1,4805,0
3932,42,1,641,0
3933,60,1,1642,0.1
3933,40,1,4298,0.1
3934,5,1,207,0.15
3934,2,1,1368,0.1
3935,26,1,438,0
3936,49,1,2121,0.1
3936,9,1,1527,0
3937,23,1,2084,0.15
3938,6,3,3871,0.05
3938,46,1,1604,0.2
3939,24,2,2210,0
3939,18,1,4405,0.1
3940,25,1,938,0.1
3940,1,1,2760,0
3941,33,1,2132,0.05
3941,57,1,3486,0.1
3941,15,2,3944,0
3942,24,2,2210,0.1
3942,20,1,4963,0
3942,16,1,2872,0.2
3943,12,1,2578,0.1
3943,31,1,3571,0.05
3943,17,1,1925,0.15
3944,56,1,2279,0.15
3945,40,1,4298,0.05
3946,58,1,124,0.05
3947,53,1,1408,0
3948,52,1,2641,0.05
3949,17,1,1925,0
3950,31,1,3571,0
3950,41,1,4560,0.05
3950,17,1,1925,0.05
3951,41,1,4560,0
3951,56,1,2279,0
3952,60,1,1642,0
3953,23,2,2084,0
3953,10,2,3960,0
3954,11,1,4549,0.2
3954,9,2,1527,0
3954,28,1,3031,0.05
3954,12,1,2578,0.15
3955,36,3,460,0.05
3955,47,1,365,0.05
3955,17,1,1925,0.05
3955,27,1,2377,0
3956,44,1,1674,0.1
3956,16,1,2872,0.15
3957,7,1,2555,0.1
3957,39,1,765,0
3957,31,1,3571,0
3958,38,1,976,0.05
3958,17,1,1925,0.05
3958,57,1,3486,0.1
3959,32,1,2083,0.15
3960,4,1,3867,0
3960,33,2,2132,0
3960,55,2,4377,0.1
3961,5,2,207,0.1
3961,50,2,4645,0.15
3961,28,3,3031,0.1
3961,40,2,4298,0.05
3962,1,1,2760,0.15
3963,48,1,4805,0.05
3963,4,1,3867,0.1
3963,48,1,4805,0.2
3964,11,1,4549,0
3965,47,1,365,0
3965,30,1,3732,0.1
3966,35,1,2084,0.1
3966,27,2,2377,0
3966,21,1,572,0
3967,16,2,2872,0
3967,12,1,2578,0.1
3967,43,1,2654,0
3968,51,1,2621,0
3969,37,2,189,0
3970,24,1,2210,0.1
3970,38,1,976,0.1
3971,40,1,4298,0.15
3971,5,2,207,0
3972,16,1,2872,0
3972,7,2,2555,0.05
3973,57,1,3486,0.15
3973,11,1,4549,0.1
3974,18,1,4405,0.05
3975,2,1,1368,0
3975,53,1,1408,0.05
3976,35,2,2084,0
3976,4,1,3867,0.15
3976,19,2,2578,0.2
3976,36,1,460,0
3977,32,1,2083,0
3977,20,1,4963,0.1
3978,55,1,4377,0.05
3979,57,1,3486,0
3979,56,2,2279,0.15
3979,40,1,4298,0
3980,31,1,3571,0
3980,29,1,410,0
3980,13,1,283,0
3981,2,3,1368,0.05
3981,33,1,2132,0.05
3981,13,1,283,0.15
3982,43,2,2654,0.1
3983,11,3,4549,0.1
3984,39,1,765,0.1
3985,15,2,3944,0.1
3985,1,3,2760,0
3986,50,1,4645,0
3986,58,1,124,0.05
3987,1,1,2760,0.1
3987,37,1,189,0.15
3987,29,1,410,0.05
3988,3,1,3882,0.05
3988,7,1,2555,0.05
3988,14,1,3770,0.2
3989,17,1,1925,0.05
3989,13,1,283,0.05
3989,26,2,438,0.05
3990,38,1,976,0
3990,43,1,2654,0
3990,43,2,2654,0.1
3991,45,1,1847,0.2
3991,21,1,572,0
3991,46,1,1604,0
3992,7,1,2555,0
3992,60,1,1642,0.2
3992,25,1,938,0
3993,12,1,2578,0
3993,51,2,2621,0.15
3993,7,1,2555,0
3993,53,1,1408,0
3994,51,1,2621,0.15
3995,8,1,659,0.05
3995,8,1,659,0
3996,55,2,4377,0.05
3996,38,1,976,0
3996,5,1,207,0.1
3997,54,1,273,0
3997,27,2,2377,0.15
3998,14,1,3770,0
3998,55,2,4377,0
3998,40,1,4298,0
3999,3,1,3882,0.05
3999,22,1,131,0
4000,15,2,3944,0.1
4001,3,1,3882,0.05
4001,42,1,641,0.05
4002,15,2,3944,0.1
4003,9,2,1527,0.05
4003,11,1,4549,0
4004,47,1,365,0
4005,37,1,189,0
4006,55,1,4377,0.1
4007,1,2,2760,0.05
4007,19,1,2578,0.05
4007,7,1,2555,0
4008,45,1,1847,0
4008,44,1,1674,0.1
4009,29,2,410,0.2
4009,54,1,273,0
4009,60,1,1642,0.05
4010,60,2,1642,0
4010,48,1,4805,0
4010,33,2,2132,0.1
4011,28,1,3031,0.05
4012,31,1,3571,0.05
4012,45,1,1847,0
4013,16,1,2872,0.15
4013,12,1,2578,0.05
4013,16,1,2872,0.1
4014,8,1,659,0.05
4015,36,1,460,0.1
4016,50,1,4645,0.05
4017,15,1,3944,0
4017,36,1,460,0
4018,25,1,938,0
4018,49,2,2121,0.05
4018,30,2,3732,0
4018,55,2,4377,0
4019,47,2,365,0.05
4019,10,1,3960,0
4020,12,1,2578,0
4021,20,2,4963,0
4021,27,1,2377,0
4022,42,1,641,0.05
4023,44,1,1674,0
4024,19,1,2578,0.05
4024,51,1,2621,0.1
4025,16,2,2872,0.05
4026,56,1,2279,0.05
4026,35,1,2084,0.05
4027,2,1,1368,0.05
4027,55,1,4377,0.05
4027,44,1,1674,0
4027,16,2,2872,0
4028,10,1,3960,0.1
4028,57,1,3486,0.1
4029,14,1,3770,0.2
4029,59,1,954,0.2
4029,58,1,124,0
4030,54,1,273,0.1
4030,41,1,4560,0
4031,14,1,3770,0
4031,28,1,3031,0.15
4032,42,1,641,0
4032,40,1,4298,0.2
4033,52,1,2641,0
4034,20,1,4963,0.05
4035,29,1,410,0.05
4035,17,1,1925,0.2
4035,15,1,3944,0
4036,13,1,283,0.1
4037,3,2,3882,0.15
4038,26,1,438,0
4039,9,1,1527,0.1
4040,36,1,460,0.1
4041,34,1,1026,0.1
4041,12,1,2578,0
4042,12,2,2578,0
4043,28,1,3031,0
4044,43,1,2654,0.05
4045,16,1,2872,0
4045,37,1,189,0.05
4046,28,1,3031,0.05
4046,27,1,2377,0
4047,14,1,3770,0.1
4047,11,2,4549,0.1
4048,54,1,273,0.1
4048,53,1,1408,0.1
4048,25,1,938,0
4049,18,1,4405,0
4050,7,1,2555,0
4050,51,1,2621,0
4050,52,2,2641,0.1
4051,51,1,2621,0.05
4051,7,2,2555,0.15
4052,18,1,4405,0
4053,10,1,3960,0.2
4053,1,1,2760,0.15
4053,14,1,3770,0
4054,28,1,3031,0.05
4054,17,2,1925,0
4054,30,1,3732,0.1
4055,32,1,2083,0.05
4056,8,1,659,0.15
4057,48,1,4805,0.1
4058,51,3,2621,0.1
4058,30,1,3732,0
4059,44,1,1674,0
4060,12,1,2578,0
4060,30,2,3732,0
4061,32,1,2083,0.05
4061,45,2,1847,0.1
4062,13,1,283,0.1
4062,8,1,659,0
4063,20,1,4963,0.15
4063,20,1,4963,0
4063,12,1,2578,0.05
4063,30,2,3732,0.05
4064,1,1,2760,0
4064,29,1,410,0
4065,54,1,273,0
4066,36,1,460,0
4066,35,1,2084,0
4066,23,1,2084,0.05
4067,27,2,2377,0.1
4067,37,1,189,0.05
4068,48,1,4805,0
4068,24,1,2210,0.1
4069,23,1,2084,0
4070,43,1,2654,0.1
4070,56,2,2279,0
4071,56,1,2279,0
4072,47,1,365,0.1
4072,12,1,2578,0.15
4073,14,2,3770,0.1
4073,46,1,1604,0.05
4073,34,2,1026,0
4074,40,1,4298,0.15
4075,17,1,1925,0.1
4076,37,1,189,0
4076,21,2,572,0.1
4077,22,1,131,0.15
4077,17,2,1925,0.15
4078,44,2,1674,0
4079,59,1,954,0
4079,3,1,3882,0
4079,26,1,438,0.1
4080,16,1,2872,0
4080,4,1,3867,0
4081,17,1,1925,0
4082,15,1,3944,0
4083,41,1,4560,0
4083,54,1,273,0
4084,2,1,1368,0
4085,51,1,2621,0
4085,38,1,976,0.1
4085,50,1,4645,0.15
4086,7,2,2555,0.15
4086,44,1,1674,0
4086,23,1,2084,0
4087,57,1,3486,0.15
4087,41,1,4560,0
4088,18,1,4405,0
4088,31,2,3571,0
4088,1,1,2760,0.05
4088,31,2,3571,0.05
4089,14,1,3770,0
4089,35,2,2084,0.05
4090,2,1,1368,0
4091,27,1,2377,0
4092,50,1,4645,0.2
4092,1,2,2760,0.05
4093,57,1,3486,0.05
4093,19,1,2578,0
4093,54,1,273,0.1
4093,22,1,131,0
4094,54,1,273,0.05
4094,35,1,2084,0.1
4095,54,3,273,0.05
4095,43,2,2654,0.05
4095,43,1,2654,0
4096,23,3,2084,0.05
4097,42,1,641,0.1
4098,27,1,2377,0.1
4098,57,1,3486,0
4099,3,2,3882,0
4099,1,3,2760,0.1
4100,31,1,3571,0
4100,47,1,365,0
4100,53,1,1408,0
4101,13,1,283,0.15
4101,49,1,2121,0
4102,49,3,2121,0.15
4103,19,1,2578,0.1
4104,20,1,4963,0
4104,6,3,3871,0.15
4105,3,1,3882,0.05
4106,6,1,3871,0.15
4106,22,1,131,0
4106,55,2,4377,0.05
4107,44,1,1674,0
4108,52,2,2641,0
4108,18,1,4405,0.2
4109,52,1,2641,0.15
4109,4,3,3867,0
4109,10,1,3960,0.1
4110,22,1,131,0.1
4110,41,2,4560,0.05
4111,23,2,2084,0
4111,41,1,4560,0
4112,31,1,3571,0.1
4113,42,1,641,0.05
4114,39,2,765,0.05
4115,9,1,1527,0.05
4115,60,1,1642,0.1
4116,13,1,283,0.1
4116,2,1,1368,0
4116,41,1,4560,0.1
4117,41,2,4560,0
4117,54,1,273,0.05
4117,23,1,2084,0.1
4118,51,2,2621,0
4118,4,1,3867,0.05
4119,18,1,4405,0.1
4120,25,1,938,0.1
4121,42,1,641,0
4122,42,1,641,0.15
4123,7,1,2555,0.05
4123,52,2,2641,0.1
4124,25,1,938,0.1
4125,36,1,460,0.05
4125,27,2,2377,0.05
4126,33,1,2132,0
4127,27,1,2377,0
4128,24,1,2210,0
4129,15,1,3944,0
4129,8,1,659,0
4129,24,2,2210,0.1
4130,53,1,1408,0.05
4130,3,1,3882,0.05
4131,9,1,1527,0
4132,55,1,4377,0.1
4132,15,2,3944,0.05
4132,53,1,1408,0
4132,15,1,3944,0.1
4133,19,1,2578,0.1
4133,1,1,2760,0.05
4134,48,1,4805,0.05
4134,16,1,2872,0
4135,4,1,3867,0
4135,43,1,2654,0.05
4135,29,1,410,0
4136,45,1,1847,0.15
4136,58,2,124,0.05
4137,59,1,954,0.1
4137,50,2,4645,0.2
4137,48,1,4805,0.2
4138,10,1,3960,0
4138,16,1,2872,0
4139,3,1,3882,0.1
4140,50,3,4645,0
4140,15,3,3944,0
4141,10,2,3960,0
4141,51,1,2621,0.1
4141,41,3,4560,0.05
4142,45,1,1847,0.05
4142,34,1,1026,0.15
4142,19,1,2578,0.05
4143,29,1,410,0
4143,38,1,976,0.1
4143,18,1,4405,0.15
4144,43,2,2654,0.1
4144,16,3,2872,0
4144,1,1,2760,0
4144,52,1,2641,0.05
4145,41,2,4560,0.1
4145,24,1,2210,0.05
4145,18,1,4405,0
4145,43,1,2654,0
4146,19,1,2578,0
4146,28,1,3031,0
4147,56,1,2279,0.05
4148,24,1,2210,0.05
4148,52,1,2641,0.1
4149,19,1,2578,0
4150,7,1,2555,0.1
4150,55,1,4377,0
4150,31,2,3571,0
4151,44,1,1674,0.15
4151,48,1,4805,0.1
4152,6,1,3871,0.1
4152,58,3,124,0
4152,40,1,4298,0.05
4153,10,1,3960,0.1
4153,34,1,1026,0
4153,9,3,1527,0
4154,19,1,2578,0.1
4155,29,1,410,0
4155,25,2,938,0
4156,34,1,1026,0
4157,19,1,2578,0
4157,22,1,131,0.05
4158,41,1,4560,0
4158,48,1,4805,0.2
4158,11,1,4549,0.05
4159,30,1,3732,0
4159,57,1,3486,0
4160,49,3,2121,0.05
4160,13,1,283,0.1
4160,56,2,2279,0
4161,2,1,1368,0
4161,45,1,1847,0
4161,2,1,1368,0
4162,41,2,4560,0.15
4162,5,1,207,0.05
4162,50,2,4645,0.1
4163,52,1,2641,0
4164,12,1,2578,0
4165,42,1,641,0.1
4166,33,1,2132,0.2
4166,18,1,4405,0
4166,28,1,3031,0.1
4167,34,1,1026,0.15
4167,51,1,2621,0.1
4167,45,1,1847,0
4168,20,1,4963,0
4169,15,1,3944,0
4169,5,1,207,0
4170,14,2,3770,0
4170,40,1,4298,0
4170,57,2,3486,0.05
4170,22,2,131,0.15
4171,51,1,2621,0
4171,52,2,2641,0
4172,29,1,410,0
4172,17,1,1925,0.15
4173,2,1,1368,0.05
4174,32,1,2083,0
4174,3,1,3882,0.05
4175,37,1,189,0.05
4176,28,1,3031,0
4176,40,3,4298,0
4177,55,1,4377,0.15
4177,5,1,207,0
4177,53,1,1408,0
4178,5,1,207,0.05
4179,41,1,4560,0.05
4179,26,1,438,0
4179,28,1,3031,0.1
4180,51,1,2621,0.1
4180,25,1,938,0
4181,29,2,410,0
4181,30,3,3732,0
4181,58,2,124,0.1
4182,50,2,4645,0.1
4183,35,1,2084,0
4183,57,1,3486,0
4184,13,3,283,0.05
4184,48,1,4805,0
4185,25,1,938,0.1
4185,42,1,641,0
4186,23,1,2084,0.05
4186,26,1,438,0.2
4187,19,1,2578,0.05
4187,29,1,410,0
4187,4,2,3867,0
4188,57,1,3486,0
4188,37,1,189,0
4189,24,2,2210,0.15
4189,52,2,2641,0.05
4190,23,2,2084,0.05
4190,25,2,938,0
4190,32,1,2083,0.05
4191,57,1,3486,0.1
4192,27,1,2377,0.1
4192,12,2,2578,0.05
4192,48,1,4805,0.15
4193,39,1,765,0
4193,47,1,365,0
4194,17,1,1925,0
4195,45,2,1847,0.15
4196,18,1,4405,0.15
4196,31,1,3571,0
4197,49,2,2121,0
4198,29,1,410,0.05
4198,1,1,2760,0
4199,16,1,2872,0
4199,29,2,410,0.05
4200,24,1,2210,0
4200,8,2,659,0.05
4201,47,1,365,0
4202,4,1,3867,0.05
4202,8,1,659,0.15
4202,52,1,2641,0
4203,24,2,2210,0.15
4203,21,2,572,0.05
4203,54,2,273,0
4204,48,2,4805,0.05
4204,55,2,4377,0.05
4204,12,1,2578,0.05
4205,6,1,3871,0
4206,26,1,438,0.1
4206,16,1,2872,0
4206,19,1,2578,0.05
4207,37,1,189,0
4207,1,2,2760,0.1
4208,57,2,3486,0
4208,34,1,1026,0
4209,35,1,2084,0.05
4210,3,1,3882,0.1
4211,32,1,2083,0.1
4212,14,1,3770,0
4213,58,2,124,0.1
4214,28,2,3031,0
4214,48,3,4805,0.15
4215,4,1,3867,0.1
4215,12,1,2578,0.1
4215,48,2,4805,0
4216,45,1,1847,0
4217,24,1,2210,0
4217,3,1,3882,0.15
4218,27,2,2377,0.05
4218,22,1,131,0.05
4219,43,1,2654,0.1
4219,59,1,954,0.1
4220,38,1,976,0.05
4220,14,1,3770,0
4221,29,1,410,0.05
4221,52,1,2641,0
4221,47,1,365,0.15
4222,52,1,2641,0
4223,54,2,273,0.05
4224,32,1,2083,0.05
4225,40,2,4298,0.05
4225,32,1,2083,0
4226,24,2,2210,0
4226,24,1,2210,0
4227,55,1,4377,0.1
4227,26,1,438,0
4228,46,2,1604,0.05
4228,47,1,365,0
4229,7,1,2555,0.05
4229,55,1,4377,0.05
4230,53,2,1408,0
4231,59,1,954,0.1
4232,18,2,4405,0
4232,14,3,3770,0.1
4232,15,2,3944,0.05
4233,40,1,4298,0.05
4234,51,1,2621,0
4234,57,1,3486,0.05
4235,14,1,3770,0.2
4235,57,1,3486,0.2
4235,14,2,3770,0.05
4236,41,1,4560,0
4237,52,2,2641,0.05
4237,27,1,2377,0
4237,11,1,4549,0
4237,16,3,2872,0.2
4238,2,2,1368,0.05
4239,11,1,4549,0.1
4239,39,1,765,0.1
4239,46,1,1604,0.1
4240,39,1,765,0.05
4240,56,2,2279,0
4240,57,2,3486,0
4241,34,1,1026,0.15
4242,35,1,2084,0.05
4243,49,1,2121,0.15
4244,41,1,4560,0.2
4245,4,2,3867,0
4245,19,1,2578,0
4246,40,3,4298,0.05
4246,59,2,954,0.1
4246,41,1,4560,0.1
4246,45,2,1847,0.1
4247,17,2,1925,0
4248,41,1,4560,0
4249,2,1,1368,0
4250,55,1,4377,0
4250,3,1,3882,0
4250,12,1,2578,0
4250,35,1,2084,0
4251,5,2,207,0.15
4251,34,1,1026,0.1
4252,53,1,1408,0
4252,1,1,2760,0.05
4253,4,1,3867,0
4254,7,1,2555,0.05
4254,32,1,2083,0
4254,37,2,189,0
4255,5,1,207,0.1
4255,25,1,938,0.05
4256,44,1,1674,0
4256,48,1,4805,0.15
4257,43,1,2654,0
4258,28,1,3031,0.05
4258,10,1,3960,0.1
4259,50,1,4645,0.05
4260,26,1,438,0
4260,9,2,1527,0
4260,10,1,3960,0.1
4261,15,1,3944,0.05
4261,45,1,1847,0
4261,49,1,2121,0.05
4262,41,2,4560,0.15
4262,20,2,4963,0
4262,40,2,4298,0.1
4263,3,2,3882,0
4263,58,1,124,0.05
4264,44,1,1674,0.05
4264,57,1,3486,0.05
4265,23,2,2084,0.05
4265,56,1,2279,0
4265,30,2,3732,0
4265,10,1,3960,0.05
4266,55,2,4377,0.1
4266,11,1,4549,0
4266,27,1,2377,0.1
4266,8,3,659,0.05
4267,3,1,3882,0
4267,49,1,2121,0
4267,14,1,3770,0
4268,17,1,1925,0
4269,2,1,1368,0.1
4269,20,1,4963,0.1
4270,10,1,3960,0.05
4270,22,1,131,0.1
4271,30,1,3732,0.1
4272,11,2,4549,0
4273,53,1,1408,0.15
4273,33,1,2132,0.15
4274,28,1,3031,0
4275,57,1,3486,0.05
4275,6,1,3871,0.1
4275,2,1,1368,0.05
4276,59,1,954,0.1
4277,57,1,3486,0.1
4277,21,1,572,0.1
4278,47,3,365,0.15
4278,13,1,283,0
4279,10,1,3960,0
4280,15,1,3944,0.05
4281,8,2,659,0
4281,25,1,938,0
4282,42,2,641,0.1
4283,11,1,4549,0
4283,40,1,4298,0.05
4283,27,1,2377,0.15
4283,30,1,3732,0.1
4284,24,1,2210,0.1
4285,56,2,2279,0
4285,10,1,3960,0
4285,27,1,2377,0.1
4286,33,1,2132,0.1
4286,37,1,189,0
4286,4,1,3867,0.1
4287,50,1,4645,0.1
4288,23,1,2084,0.1
4289,27,1,2377,0
4290,50,1,4645,0.1
4291,16,1,2872,0.2
4292,16,1,2872,0
4292,55,1,4377,0
4292,57,2,3486,0.1
4293,15,1,3944,0
4293,46,1,1604,0
4294,55,1,4377,0.1
4294,55,1,4377,0.15
4294,41,3,4560,0
4294,12,2,2578,0.2
4295,37,1,189,0
4296,57,1,3486,0
4297,24,1,2210,0.1
4298,33,2,2132,0
4299,39,1,765,0
4299,35,2,2084,0
4300,57,1,3486,0
4300,14,1,3770,0
4300,18,2,4405,0.15
4301,21,2,572,0
4302,10,1,3960,0.15
4302,60,1,1642,0
4303,23,1,2084,0.1
4304,60,1,1642,0.1
4304,37,3,189,0.05
4304,13,1,283,0.05
4305,10,1,3960,0.05
4306,28,1,3031,0.1
4306,11,1,4549,0
4306,29,1,410,0
4307,55,1,4377,0.2
4307,34,1,1026,0
4308,49,1,2121,0.05
4309,28,1,3031,0
4310,2,2,1368,0.15
4310,58,1,124,0
4310,16,1,2872,0.15
4311,47,2,365,0.05
4312,38,2,976,0
4312,31,2,3571,0.1
4312,12,2,2578,0.15
4312,11,2,4549,0.15
4313,46,1,1604,0
4313,2,1,1368,0
4314,3,2,3882,0
4315,10,1,3960,0
4316,21,3,572,0
4316,3,1,3882,0.15
4316,45,1,1847,0.1
4317,30,2,3732,0.15
4317,42,1,641,0.05
4317,57,1,3486,0.1
4318,19,2,2578,0
4319,22,1,131,0.05
4320,37,1,189,0.05
4321,38,1,976,0.15
4321,31,1,3571,0.05
4322,19,2,2578,0.15
4322,8,1,659,0.15
4323,13,1,283,0
4323,41,1,4560,0.05
4324,33,2,2132,0.05
4325,26,1,438,0.05
4326,53,1,1408,0.05
4326,10,1,3960,0.1
4327,8,1,659,0
4327,29,1,410,0.15
4328,35,1,2084,0
4328,47,3,365,0
4328,40,3,4298,0
4329,15,1,3944,0
4329,56,1,2279,0.05
4330,31,1,3571,0
4331,5,1,207,0.1
4331,14,1,3770,0.05
4331,53,1,1408,0.1
4332,55,2,4377,0.15
4332,18,1,4405,0.1
4333,12,2,2578,0
4334,26,3,438,0.1
4334,57,2,3486,0.05
4335,44,1,1674,0.1
4335,29,1,410,0.1
4335,13,1,283,0
4336,35,1,2084,0
4337,5,1,207,0.05
4338,32,1,2083,0.1
4338,13,1,283,0
4339,25,1,938,0.1
4340,11,1,4549,0
4340,59,1,954,0.05
4340,59,2,954,0
4341,24,1,2210,0.05
4341,49,1,2121,0.15
4342,3,1,3882,0
4343,6,1,3871,0.1
4344,22,3,131,0.05
4344,14,1,3770,0
4345,3,2,3882,0
4346,50,2,4645,0
4346,5,1,207,0.05
4346,8,2,659,0.05
4346,5,1,207,0
4347,56,2,2279,0.1
4347,51,2,2621,0
4347,52,1,2641,0.05
4348,7,3,2555,0
4349,42,1,641,0.1
4350,1,2,2760,0.05
4351,32,1,2083,0.1
4352,22,1,131,0
4352,5,2,207,0.05
4353,31,1,3571,0
4354,39,2,765,0
4354,10,2,3960,0.2
4355,39,1,765,0.05
4356,50,3,4645,0.1
4357,40,2,4298,0
4357,22,1,131,0
4357,7,1,2555,0.05
4358,18,1,4405,0.1
4359,4,1,3867,0
4359,15,1,3944,0.05
4360,16,1,2872,0.1
4361,34,1,1026,0
4361,24,1,2210,0
4361,43,1,2654,0.05
4362,2,1,1368,0.15
4363,37,1,189,0
4363,31,1,3571,0.15
4364,39,1,765,0.1
4364,36,1,460,0
4365,60,1,1642,0.2
4365,42,2,641,0
4365,34,1,1026,0
4365,59,1,954,0
4366,20,2,4963,0
4367,13,1,283,0
4368,48,1,4805,0.05
4369,42,1,641,0.15
4369,14,1,3770,0.1
4370,54,1,273,0.2
4370,51,1,2621,0
4371,12,2,2578,0.1
4372,50,1,4645,0.05
4373,55,2,4377,0.1
4373,4,1,3867,0.1
4374,5,1,207,0
4374,44,3,1674,0
4374,54,2,273,0.05
4375,38,1,976,0
4376,3,1,3882,0.05
4376,9,1,1527,0.05
4377,27,1,2377,0.05
4378,11,1,4549,0.05
4379,28,1,3031,0
4379,48,1,4805,0
4380,52,1,2641,0
4381,27,1,2377,0.05
4382,14,1,3770,0
4382,43,1,2654,0.1
4383,34,1,1026,0
4384,49,1,2121,0.1
4385,5,1,207,0.05
4386,15,1,3944,0.1
4387,1,1,2760,0
4387,21,1,572,0.05
4388,48,2,4805,0.1
4388,36,1,460,0.05
4389,56,1,2279,0.05
4389,7,3,2555,0
4390,28,2,3031,0.15
4390,6,1,3871,0
4391,41,3,4560,0.05
4391,14,2,3770,0.05
4392,14,1,3770,0.15
4393,35,3,2084,0.05
4394,45,1,1847,0
4395,55,1,4377,0
4396,25,1,938,0
4396,1,1,2760,0.1
4397,11,2,4549,0.05
4398,6,1,3871,0.15
4398,1,1,2760,0.15
4398,6,2,3871,0.2
4398,56,2,2279,0.2
4399,52,1,2641,0.05
4399,28,1,3031,0.05
4400,24,2,2210,0
4400,28,1,3031,0
4400,6,2,3871,0
4400,53,1,1408,0.05
4401,50,1,4645,0
4402,58,1,124,0.1
4402,49,1,2121,0
4403,41,1,4560,0
4403,16,1,2872,0
4404,9,1,1527,0.15
4404,33,1,2132,0.1
4405,33,1,2132,0
4405,11,2,4549,0.05
4405,28,1,3031,0
4405,43,1,2654,0
4406,2,1,1368,0.05
4406,4,3,3867,0
4406,59,1,954,0.05
4406,60,2,1642,0
4407,2,1,1368,0
4408,49,1,2121,0.05
4408,55,2,4377,0
4409,50,1,4645,0.05
4410,30,1,3732,0.1
4411,18,1,4405,0
4412,26,1,438,0.1
4413,48,2,4805,0
4414,37,2,189,0.05
4414,54,1,273,0.05
4415,21,1,572,0.05
4416,51,2,2621,0.05
4416,33,1,2132,0.05
4416,12,1,2578,0
4416,15,2,3944,0
4417,6,1,3871,0.1
4418,26,1,438,0
4418,48,1,4805,0
4418,34,1,1026,0.1
4419,32,2,2083,0
4419,32,1,2083,0
4419,10,1,3960,0.2
4420,11,1,4549,0
4420,2,1,1368,0
4421,24,1,2210,0.15
4421,51,1,2621,0.05
4421,9,1,1527,0.1
4422,6,1,3871,0
4423,22,1,131,0.1
4424,33,1,2132,0.05
4424,32,1,2083,0.2
4424,56,1,2279,0.05
4425,45,1,1847,0.15
4425,31,2,3571,0
4426,38,1,976,0
4426,57,1,3486,0.1
4427,2,1,1368,0
4427,34,1,1026,0.1
4428,24,1,2210,0
4428,53,2,1408,0.1
4429,26,1,438,0.05
4430,27,1,2377,0.05
4430,44,2,1674,0.2
4431,9,1,1527,0.15
4432,41,1,4560,0.05
4432,20,1,4963,0.2
4432,52,2,2641,0
4432,12,1,2578,0
4433,24,2,2210,0.05
4433,1,1,2760,0.1
4434,9,1,1527,0.05
4435,53,1,1408,0.05
4435,8,1,659,0.15
4436,34,1,1026,0.15
4437,12,2,2578,0
4438,60,1,1642,0
4438,28,1,3031,0.2
4438,25,2,938,0
4439,53,1,1408,0
4439,48,2,4805,0.05
4439,28,2,3031,0.1
4440,24,2,2210,0
4440,27,1,2377,0
4440,51,1,2621,0.05
4441,36,1,460,0.15
4441,28,1,3031,0
4442,9,1,1527,0.1
4443,58,1,124,0.1
4443,56,1,2279,0.05
4444,50,2,4645,0
4445,55,1,4377,0.1
4446,20,1,4963,0.1
4446,7,1,2555,0
4447,2,1,1368,0.15
4447,38,1,976,0.15
4448,38,1,976,0.2
4449,57,1,3486,0
4450,24,2,2210,0
4450,48,1,4805,0.1
4450,46,1,1604,0.15
4451,50,1,4645,0
4452,39,1,765,0.15
4453,35,1,2084,0.05
4454,44,1,1674,0.2
4455,6,1,3871,0.1
4455,27,1,2377,0.05
4456,56,1,2279,0.15
4457,19,1,2578,0.05
4457,28,3,3031,0.2
4457,51,2,2621,0.05
4458,17,1,1925,0
4458,36,1,460,0.05
4459,27,1,2377,0
4460,23,1,2084,0.05
4461,6,1,3871,0
4462,15,1,3944,0.1
4463,47,1,365,0.05
4463,29,1,410,0.1
4464,11,1,4549,0.05
4465,38,1,976,0
4465,29,1,410,0
4466,9,2,1527,0
4466,53,1,1408,0.15
4467,20,1,4963,0
4468,37,1,189,0
4468,49,2,2121,0.05
4469,24,2,2210,0
4469,42,1,641,0.1
4470,26,1,438,0.15
4470,24,1,2210,0.15
4471,4,3,3867,0
4471,11,2,4549,0.1
4471,1,1,2760,0.2
4471,17,2,1925,0.05
4472,58,1,124,0.05
4472,11,1,4549,0.05
4472,58,1,124,0.1
4473,11,2,4549,0.15
4474,51,1,2621,0.15
4475,44,2,1674,0.15
4476,33,1,2132,0.1
4476,32,2,2083,0.15
4477,32,1,2083,0.15
4478,8,1,659,0
4478,33,2,2132,0.05
4479,43,1,2654,0.05
4479,55,1,4377,0.05
4480,25,1,938,0.05
4481,1,1,2760,0.1
4482,23,2,2084,0.1
4482,2,1,1368,0.05
4483,15,1,3944,0.05
4483,28,1,3031,0.05
4483,43,3,2654,0.1
4484,24,1,2210,0.1
4485,34,1,1026,0
4485,32,1,2083,0.05
4486,38,1,976,0
4486,56,1,2279,0.05
4487,52,1,2641,0.05
4487,28,1,3031,0.1
4488,28,1,3031,0
4489,44,1,1674,0
4490,21,1,572,0
4491,55,1,4377,0.15
4491,38,2,976,0.1
4491,6,2,3871,0.15
4492,52,2,2641,0.1
4493,24,2,2210,0
4493,17,1,1925,0
4493,28,1,3031,0
4494,31,1,3571,0
4494,37,1,189,0
4495,16,1,2872,0.1
4495,12,1,2578,0.1
4495,56,1,2279,0.05
4496,14,1,3770,0.05
4497,57,1,3486,0
4497,39,1,765,0
4498,1,1,2760,0.1
4498,60,1,1642,0.15
4498,48,2,4805,0.1
4499,42,1,641,0.2
4499,25,1,938,0
4500,40,1,4298,0.05
4501,33,2,2132,0.1
4501,37,2,189,0
4502,33,1,2132,0.05
4502,40,1,4298,0.05
4503,50,2,4645,0.05
4503,10,1,3960,0
4504,43,1,2654,0.1
4504,57,1,3486,0.1
4504,51,1,2621,0
4505,10,1,3960,0.1
4505,25,1,938,0
4506,12,1,2578,0.1
4506,54,1,273,0.15
4507,51,1,2621,0.15
4508,57,1,3486,0.05
4509,54,2,273,0
4509,57,3,3486,0
4509,40,2,4298,0
4509,33,2,2132,0.1
4510,22,1,131,0
4511,44,2,1674,0.2
4511,9,1,1527,0.1
4512,33,1,2132,0.1
4512,47,1,365,0.1
4512,26,1,438,0.1
4513,36,1,460,0.05
4513,7,2,2555,0.05
4513,7,1,2555,0
4514,13,1,283,0
4514,34,1,1026,0.15
4515,41,2,4560,0.1
4515,10,1,3960,0
4515,31,3,3571,0
4516,33,1,2132,0.05
4516,41,1,4560,0.15
4517,56,2,2279,0.1
4518,46,1,1604,0.1
4519,6,1,3871,0
4520,50,1,4645,0
4520,24,2,2210,0.15
4521,30,2,3732,0.15
4521,37,1,189,0.05
4521,23,1,2084,0
4521,54,2,273,0.1
4522,18,1,4405,0.15
4522,10,1,3960,0.15
4523,39,1,765,0.05
4523,45,1,1847,0.1
4523,44,1,1674,0
4524,22,1,131,0.05
4525,44,1,1674,0.15
4526,12,1,2578,0.1
4526,44,1,1674,0.1
4526,8,1,659,0.1
4527,50,1,4645,0
4527,25,1,938,0.2
4527,44,1,1674,0
4527,27,1,2377,0
4528,13,1,283,0.2
4528,32,1,2083,0.05
4528,26,3,438,0.05
4529,50,1,4645,0.2
4530,10,2,3960,0.1
4530,22,3,131,0.05
4531,23,1,2084,0.15
4531,58,2,124,0.05
4532,39,2,765,0.05
4532,31,1,3571,0.1
4533,46,1,1604,0
4534,8,1,659,0.1
4534,22,1,131,0.05
4535,1,1,2760,0.1
4536,51,2,2621,0
4536,41,2,4560,0
4537,41,1,4560,0.1
4537,24,1,2210,0.1
4537,11,1,4549,0
4538,49,1,2121,0
4539,36,2,460,0
4539,58,1,124,0
4539,11,3,4549,0.1
4539,21,1,572,0
4540,11,1,4549,0
4541,7,1,2555,0.1
4541,34,1,1026,0.1
4542,18,2,4405,0.1
4543,20,2,4963,0.1
4543,14,2,3770,0.1
4543,10,1,3960,0.05
4544,6,1,3871,0.05
4544,48,1,4805,0
4545,60,1,1642,0.05
4545,28,2,3031,0.05
4546,50,1,4645,0.15
4546,50,2,4645,0
4546,4,1,3867,0
4546,41,2,4560,0
4547,44,1,1674,0.1
4547,5,1,207,0
4547,38,2,976,0.05
4548,31,1,3571,0.1
4548,56,1,2279,0
4548,36,1,460,0.1
4548,13,1,283,0.1
4549,29,1,410,0.05
4549,27,1,2377,0
4549,10,1,3960,0
4549,34,2,1026,0
4550,3,1,3882,0.15
4550,55,1,4377,0
4550,10,1,3960,0.15
4550,19,2,2578,0.1
4551,36,1,460,0
4551,49,1,2121,0
4552,21,1,572,0
4552,1,1,2760,0.05
4552,17,1,1925,0.1
4552,28,1,3031,0.05
4553,33,1,2132,0.05
4554,43,1,2654,0.05
4554,26,1,438,0.05
4555,10,1,3960,0
4556,19,1,2578,0.2
4556,42,1,641,0.15
4557,43,2,2654,0.05
4557,16,1,2872,0.05
4558,52,1,2641,0.05
4558,14,2,3770,0.1
4558,8,1,659,0
4559,21,1,572,0.05
4559,52,1,2641,0.1
4559,44,1,1674,0.05
4560,43,1,2654,0
4560,10,1,3960,0.05
4560,33,3,2132,0
4561,49,1,2121,0.1
4561,42,1,641,0.15
4561,35,3,2084,0.2
4562,56,1,2279,0.05
4562,31,1,3571,0
4563,8,1,659,0
4564,46,1,1604,0.15
4564,44,1,1674,0
4565,6,1,3871,0.05
4566,35,1,2084,0.15
4566,15,1,3944,0.05
4567,17,1,1925,0
4568,5,1,207,0.1
4569,4,1,3867,0.05
4569,42,1,641,0.1
4569,8,1,659,0
4569,17,1,1925,0.1
4570,6,1,3871,0
4571,6,1,3871,0.1
4572,18,1,4405,0.1
4573,30,1,3732,0
4573,45,2,1847,0.05
4573,54,1,273,0.05
4573,14,2,3770,0.05
4574,22,2,131,0.05
4575,12,1,2578,0
4575,3,1,3882,0.05
4576,10,2,3960,0.1
4577,12,1,2578,0.2
4578,37,3,189,0.05
4578,54,2,273,0.05
4578,15,1,3944,0.1
4579,51,2,2621,0
4580,15,1,3944,0.05
4581,15,1,3944,0.1
4582,22,1,131,0.05
4582,6,2,3871,0.15
4582,21,2,572,0.1
4583,42,1,641,0
4583,34,1,1026,0
4583,14,1,3770,0.1
4584,19,1,2578,0
4584,60,2,1642,0
4584,2,1,1368,0.1
4585,33,3,2132,0.05
4586,59,2,954,0
4587,46,1,1604,0
4588,35,1,2084,0
4588,15,1,3944,0
4589,41,1,4560,0
4589,16,1,2872,0
4590,1,1,2760,0
4590,2,3,1368,0.1
4591,44,1,1674,0.05
4592,30,1,3732,0
4592,57,1,3486,0
4593,33,1,2132,0.15
4594,5,1,207,0.15
4595,15,2,3944,0.05
4596,60,2,1642,0.05
4596,16,2,2872,0.1
4596,24,2,2210,0
4597,51,1,2621,0
4598,41,1,4560,0
4598,47,1,365,0
4599,49,1,2121,0.05
4600,20,1,4963,0.05
4601,33,2,2132,0.1
4601,50,2,4645,0
4601,14,1,3770,0.05
4602,40,1,4298,0
4602,5,1,207,0
4602,34,1,1026,0.15
4603,44,1,1674,0.05
4603,12,1,2578,0.1
4603,18,1,4405,0
4604,55,3,4377,0
4605,51,1,2621,0.2
4606,20,1,4963,0.1
4606,51,1,2621,0.05
4606,13,2,283,0
4607,14,1,3770,0
4608,6,1,3871,0
4608,28,1,3031,0.05
4609,8,1,659,0.1
4609,30,3,3732,0.1
4610,24,1,2210,0.1
4610,3,1,3882,0.05
4611,55,1,4377,0
4611,46,1,1604,0.1
4611,14,1,3770,0.05
4612,48,1,4805,0.15
4613,19,1,2578,0.15
4613,1,1,2760,0.05
4614,31,1,3571,0
4614,41,1,4560,0
4614,42,1,641,0.05
4615,39,2,765,0.05
4616,12,2,2578,0.2
4617,12,1,2578,0
4617,48,1,4805,0.2
4618,43,2,2654,0.05
4619,42,2,641,0.2
4619,42,1,641,0.05
4620,15,1,3944,0.2
4620,45,1,1847,0.05
4621,8,2,659,0
4621,28,1,3031,0.1
4621,16,1,2872,0.15
4622,29,1,410,0.05
4622,57,1,3486,0
4623,10,1,3960,0.2
4623,55,1,4377,0.05
4623,7,1,2555,0
4624,37,1,189,0.2
4624,41,1,4560,0
4624,3,1,3882,0.05
4625,59,1,954,0
4626,11,1,4549,0.2
4626,54,1,273,0.1
4627,45,1,1847,0
4628,27,1,2377,0.05
4629,56,2,2279,0.2
4630,10,1,3960,0
4631,25,1,938,0.05
4632,17,1,1925,0.05
4632,43,1,2654,0.2
4633,29,1,410,0
4634,45,3,1847,0.1
4634,1,2,2760,0.2
4635,16,1,2872,0
4635,52,3,2641,0
4636,60,2,1642,0
4637,36,1,460,0.1
4637,16,1,2872,0.15
4637,34,1,1026,0
4637,5,1,207,0.05
4638,10,3,3960,0.05
4638,54,2,273,0
4638,32,2,2083,0.15
4639,47,1,365,0.05
4640,44,1,1674,0
4641,12,1,2578,0
4641,40,1,4298,0.1
4642,23,1,2084,0.1
4642,11,1,4549,0.05
4643,47,1,365,0.05
4643,17,1,1925,0
4643,58,2,124,0
4644,9,3,1527,0.1
4644,50,1,4645,0
4644,1,3,2760,0.05
4644,48,1,4805,0.1
4645,11,1,4549,0
4645,17,1,1925,0.05
4645,52,1,2641,0.05
4646,39,1,765,0
4646,42,1,641,0
4647,44,2,1674,0.15
4647,55,2,4377,0
4648,45,1,1847,0.15
4649,16,3,2872,0.15
4649,14,2,3770,0.1
4650,25,1,938,0.15
4650,9,1,1527,0.15
4650,11,1,4549,0
4650,46,1,1604,0.05
4651,53,1,1408,0
4652,50,2,4645,0
4653,27,1,2377,0
4654,46,1,1604,0.05
4655,35,1,2084,0
4655,35,2,2084,0
4655,21,1,572,0
4656,15,1,3944,0
4657,48,1,4805,0.1
4657,10,1,3960,0
4658,4,2,3867,0.15
4658,48,2,4805,0.05
4659,22,1,131,0.05
4659,25,1,938,0.15
4660,36,1,460,0.05
4661,40,1,4298,0
4661,5,1,207,0
4662,24,1,2210,0
4662,35,2,2084,0
4662,36,1,460,0
4663,22,1,131,0
4664,45,1,1847,0.05
4664,47,1,365,0.05
4665,20,1,4963,0
4665,39,1,765,0.05
4666,29,1,410,0
4667,60,2,1642,0.1
4668,53,1,1408,0
4669,59,1,954,0.05
4669,40,1,4298,0
4670,56,2,2279,0.2
4670,43,1,2654,0.2
4671,3,2,3882,0.05
4672,46,1,1604,0.05
4673,27,1,2377,0
4673,4,1,3867,0.1
4673,51,1,2621,0
4674,43,1,2654,0
4674,60,1,1642,0
4674,53,1,1408,0.05
4675,11,1,4549,0.1
4676,12,1,2578,0
4677,36,1,460,0
4677,21,1,572,0.1
4677,60,1,1642,0
4677,9,1,1527,0.1
4678,23,1,2084,0.1
4678,17,1,1925,0.05
4678,48,2,4805,0.05
4679,2,1,1368,0.05
4680,24,1,2210,0.1
4680,5,1,207,0
4680,18,1,4405,0.2
4681,50,1,4645,0
4681,1,1,2760,0
4681,45,1,1847,0.05
4682,4,3,3867,0.1
4682,4,1,3867,0.05
4683,47,1,365,0
4683,25,1,938,0
4684,4,1,3867,0.05
4684,44,2,1674,0.05
4685,31,1,3571,0.1
4686,42,1,641,0.15
4687,3,1,3882,0.1
4687,42,2,641,0
4688,51,1,2621,0
4689,39,1,765,0
4690,27,2,2377,0.15
4690,45,2,1847,0
4690,37,1,189,0.1
4691,8,1,659,0.1
4691,18,1,4405,0.1
4692,4,3,3867,0
4693,25,1,938,0
4693,24,1,2210,0.1
4694,54,1,273,0.05
4695,25,1,938,0.1
4696,16,1,2872,0
4697,60,1,1642,0.1
4697,20,1,4963,0.05
4698,18,1,4405,0.05
4698,52,1,2641,0
4698,21,2,572,0.05
4699,38,1,976,0.1
4699,32,1,2083,0.05
4700,44,1,1674,0
4700,32,1,2083,0
4700,7,1,2555,0.05
4701,13,1,283,0
4701,1,1,2760,0
4701,47,1,365,0
4702,31,2,3571,0.1
4703,17,1,1925,0.05
4703,4,2,3867,0
4704,3,2,3882,0.05
4704,58,1,124,0
4705,2,1,1368,0
4706,59,1,954,0.1
4706,36,1,460,0
4707,18,1,4405,0
4707,24,2,2210,0.05
4707,1,2,2760,0
4707,43,1,2654,0.1
4708,33,1,2132,0.1
4709,37,2,189,0.1
4709,35,2,2084,0
4709,58,1,124,0.05
4710,27,2,2377,0
4710,16,1,2872,0.15
4711,34,1,1026,0.1
4711,21,1,572,0
4711,35,1,2084,0.05
4712,20,2,4963,0.05
4712,3,2,3882,0
4713,59,1,954,0.05
4713,48,1,4805,0
4713,21,1,572,0
4713,49,3,2121,0.1
4714,53,2,1408,0
4714,55,1,4377,0.1
4715,33,1,2132,0.2
4715,23,1,2084,0.05
4715,55,1,4377,0.15
4716,11,1,4549,0
4717,22,1,131,0
4717,7,1,2555,0.1
4717,13,2,283,0.1
4718,60,1,1642,0
4719,57,2,3486,0.05
4719,31,1,3571,0
4720,16,1,2872,0
4720,58,1,124,0.15
4721,10,2,3960,0
4721,50,1,4645,0.05
4722,53,1,1408,0.1
4723,14,2,3770,0.15
4723,40,1,4298,0
4724,37,1,189,0.1
4725,34,1,1026,0.2
4726,16,1,2872,0.05
4726,28,1,3031,0
4727,44,1,1674,0.05
4727,4,2,3867,0
4728,39,2,765,0
4729,32,1,2083,0.05
4729,14,1,3770,0.1
4730,60,2,1642,0.05
4731,33,3,2132,0.1
4731,40,1,4298,0.1
4732,31,1,3571,0
4732,18,1,4405,0
4733,52,1,2641,0
4733,19,1,2578,0
4733,20,2,4963,0
4733,19,1,2578,0
4734,5,2,207,0.2
4735,39,1,765,0
4736,32,1,2083,0.05
4736,41,1,4560,0
4737,34,1,1026,0.05
4738,18,1,4405,0
4738,3,1,3882,0
4738,14,1,3770,0.2
4739,29,2,410,0
4739,6,1,3871,0.1
4739,18,1,4405,0.15
4740,60,1,1642,0
4741,5,1,207,0
4742,28,1,3031,0.1
4742,33,1,2132,0.1
4742,13,1,283,0
4743,6,1,3871,0
4743,40,1,4298,0
4743,54,1,273,0
4744,55,1,4377,0.05
4745,39,1,765,0.1
4746,22,1,131,0.1
4747,50,1,4645,0.1
4748,29,1,410,0
4748,1,1,2760,0.1
4749,17,1,1925,0
4750,52,1,2641,0
4751,1,1,2760,0.1
4752,26,2,438,0.05
4753,38,1,976,0
4753,20,1,4963,0
4753,4,1,3867,0
4754,17,1,1925,0.05
4755,16,1,2872,0
4756,33,2,2132,0
4756,9,1,1527,0.1
4757,28,1,3031,0.1
4757,23,1,2084,0.05
4757,17,1,1925,0.05
4758,18,1,4405,0
4758,11,1,4549,0
4759,3,2,3882,0
4760,10,1,3960,0
4761,34,1,1026,0.1
4762,42,1,641,0.1
4762,55,2,4377,0
4763,32,1,2083,0.15
4763,7,1,2555,0.1
4764,9,1,1527,0
4765,7,1,2555,0
4765,43,1,2654,0
4766,3,2,3882,0
4767,1,1,2760,0.15
4767,60,1,1642,0.1
4768,38,1,976,0.1
4768,42,1,641,0
4769,40,1,4298,0.15
4769,58,2,124,0.2
4769,41,1,4560,0.1
4770,51,1,2621,0.1
4770,10,1,3960,0
4771,18,1,4405,0.15
4772,26,1,438,0.2
4772,36,3,460,0
4773,50,1,4645,0.05
4773,26,1,438,0
4774,12,2,2578,0.05
4774,4,2,3867,0
4775,25,1,938,0.15
4776,40,1,4298,0.1
4777,3,1,3882,0.15
4777,19,3,2578,0
4778,7,1,2555,0
4779,47,1,365,0.05
4780,22,1,131,0
4780,34,2,1026,0.1
4781,14,1,3770,0.1
4782,59,1,954,0.1
4782,55,2,4377,0.05
4782,53,1,1408,0.2
4783,12,1,2578,0
4784,22,1,131,0.05
4784,58,1,124,0
4785,22,1,131,0.1
4786,20,2,4963,0.05
4787,21,1,572,0.05
4788,46,3,1604,0.1
4788,18,2,4405,0.1
4788,16,1,2872,0.1
4788,14,2,3770,0.15
4789,18,1,4405,0
4789,36,1,460,0.1
4790,41,1,4560,0
4791,23,1,2084,0
4792,24,2,2210,0.1
4793,20,2,4963,0.05
4794,41,1,4560,0.05
4795,25,1,938,0.1
4795,51,1,2621,0.05
4796,57,2,3486,0.1
4796,30,1,3732,0
4797,21,1,572,0.05
4797,52,1,2641,0.15
4797,51,1,2621,0
4798,3,1,3882,0.05
4799,5,1,207,0.15
4799,17,1,1925,0.05
4800,39,1,765,0
4801,28,1,3031,0.1
4801,34,1,1026,0.05
4802,13,1,283,0
4802,5,1,207,0
4803,23,1,2084,0
4804,54,2,273,0
4804,33,1,2132,0.15
4804,34,1,1026,0.05
4805,16,1,2872,0
4806,20,1,4963,0.1
4807,14,2,3770,0
4808,48,1,4805,0.15
4808,40,2,4298,0
4809,58,1,124,0
4810,17,1,1925,0.1
4810,5,1,207,0.1
4810,48,1,4805,0.1
4811,30,1,3732,0
4811,8,1,659,0
4812,39,1,765,0
4813,2,1,1368,0.2
4813,15,2,3944,0
4814,42,3,641,0.05
4815,18,1,4405,0.05
4816,18,2,4405,0.1
4816,14,2,3770,0.05
4816,33,2,2132,0
4817,1,2,2760,0.15
4817,12,2,2578,0
4818,28,1,3031,0.1
4818,17,1,1925,0.1
4818,14,3,3770,0.05
4819,38,1,976,0
4820,11,2,4549,0.1
4820,30,1,3732,0
4820,31,1,3571,0
4821,46,1,1604,0.05
4821,20,1,4963,0
4822,14,1,3770,0.05
4823,56,3,2279,0
4823,15,1,3944,0.1
4824,12,1,2578,0.1
4825,47,1,365,0
4826,51,3,2621,0
4826,24,1,2210,0.05
4827,20,1,4963,0.05
4827,26,1,438,0.05
4828,6,1,3871,0.05
4828,1,2,2760,0.2
4828,60,1,1642,0.1
4829,12,1,2578,0.15
4830,4,2,3867,0.05
4831,58,1,124,0.05
4831,57,1,3486,0.1
4831,22,1,131,0.2
4831,58,1,124,0.05
4832,18,1,4405,0.1
4832,55,2,4377,0
4832,14,1,3770,0.1
4833,41,1,4560,0
4834,5,1,207,0.1
4835,27,2,2377,0.2
4836,50,1,4645,0
4836,1,1,2760,0
4836,21,1,572,0.05
4837,53,1,1408,0.1
4838,39,1,765,0.15
4839,41,3,4560,0
4839,18,1,4405,0
4840,1,1,2760,0
4841,56,1,2279,0
4842,2,1,1368,0.05
4843,48,2,4805,0
4843,23,3,2084,0.05
4844,30,1,3732,0.15
4845,44,1,1674,0
4845,24,2,2210,0
4845,51,1,2621,0.15
4846,17,1,1925,0
4847,29,1,410,0
4848,57,1,3486,0.1
4848,20,1,4963,0.15
4849,37,1,189,0.15
4849,8,2,659,0
4850,22,2,131,0
4851,3,1,3882,0.05
4851,51,1,2621,0
4852,24,1,2210,0.15
4853,52,1,2641,0
4854,23,1,2084,0.05
4855,54,1,273,0.05
4856,55,2,4377,0.05
4856,30,1,3732,0.1
4856,24,1,2210,0.05
4857,11,1,4549,0.05
4858,19,1,2578,0.05
4859,16,1,2872,0.1
4859,40,2,4298,0.1
4859,43,2,2654,0
4860,28,2,3031,0.05
4860,27,1,2377,0.1
4860,6,2,3871,0.05
4861,14,1,3770,0
4861,6,1,3871,0.1
4862,15,1,3944,0.1
4862,53,2,1408,0.05
4862,18,1,4405,0
4863,44,1,1674,0
4863,4,1,3867,0.15
4863,34,1,1026,0.15
4863,40,1,4298,0
4864,7,1,2555,0
4864,55,1,4377,0
4865,26,1,438,0
4865,13,3,283,0
4865,11,1,4549,0.05
4866,44,3,1674,0
4866,16,3,2872,0
4867,35,1,2084,0
4868,48,2,4805,0.15
4868,28,1,3031,0.1
4869,50,1,4645,0.15
4869,20,1,4963,0.05
4869,36,2,460,0.2
4869,12,1,2578,0.05
4870,46,1,1604,0
4870,51,1,2621,0.05
4871,35,1,2084,0.05
4872,16,3,2872,0.05
4872,16,1,2872,0.05
4872,59,1,954,0
4872,43,1,2654,0
4873,50,1,4645,0
4874,12,2,2578,0.1
4874,36,1,460,0.15
4875,52,1,2641,0
4876,28,1,3031,0
4876,52,1,2641,0
4876,31,1,3571,0
4877,40,2,4298,0
4877,15,1,3944,0.15
4877,38,1,976,0
4877,14,1,3770,0
4878,11,1,4549,0.05
4879,50,1,4645,0.05
4879,55,1,4377,0.05
4880,20,2,4963,0.15
4881,60,1,1642,0.05
4882,9,1,1527,0.2
4883,28,1,3031,0
4883,49,1,2121,0.2
4884,33,1,2132,0.05
4884,14,2,3770,0.05
4885,56,1,2279,0.05
4885,38,1,976,0.15
4886,24,2,2210,0
4886,37,1,189,0
4887,44,1,1674,0
4887,53,1,1408,0
4888,52,1,2641,0.15
4888,5,1,207,0.05
4889,48,1,4805,0
4890,20,1,4963,0.05
4890,28,1,3031,0
4890,53,1,1408,0.1
4891,57,1,3486,0.1
4891,21,1,572,0
4892,24,1,2210,0.05
4893,34,1,1026,0
4893,19,1,2578,0
4894,49,1,2121,0.1
4894,58,1,124,0.05
4895,40,1,4298,0
4896,59,2,954,0.05
4896,37,1,189,0
4896,25,1,938,0
4896,4,2,3867,0
4897,47,1,365,0.05
4897,1,1,2760,0
4898,35,1,2084,0.1
4898,24,2,2210,0
4898,9,2,1527,0
4899,23,1,2084,0
4899,30,1,3732,0.05
4899,6,1,3871,0
4900,1,1,2760,0.05
4900,8,1,659,0.05
4900,6,1,3871,0.05
4901,30,1,3732,0
4901,54,1,273,0.05
4902,6,1,3871,0
4902,20,1,4963,0.15
4903,45,3,1847,0
4903,47,1,365,0
4903,41,1,4560,0
4903,7,1,2555,0
4904,3,1,3882,0.15
4905,57,1,3486,0
4905,31,1,3571,0.05
4906,50,2,4645,0
4906,18,1,4405,0.15
4906,26,3,438,0
4907,59,1,954,0
4908,17,1,1925,0
4909,32,1,2083,0.1
4909,20,1,4963,0
4910,50,3,4645,0.2
4910,4,1,3867,0
4910,8,1,659,0.05
4911,50,1,4645,0.05
4911,8,3,659,0.2
4912,6,1,3871,0.1
4913,37,1,189,0.1
4914,46,1,1604,0.05
4915,12,1,2578,0
4915,20,1,4963,0.1
4915,44,1,1674,0
4915,12,1,2578,0.05
4916,55,1,4377,0
4916,51,2,2621,0
4916,22,2,131,0
4917,22,1,131,0
4917,12,2,2578,0.1
4917,30,1,3732,0
4918,58,3,124,0.15
4918,16,1,2872,0.05
4919,49,1,2121,0.15
4919,28,2,3031,0
4919,22,1,131,0.1
4920,7,2,2555,0.2
4920,48,2,4805,0.1
4921,51,1,2621,0
4921,49,2,2121,0.15
4922,18,2,4405,0
4923,9,2,1527,0.15
4924,57,2,3486,0.2
4924,4,2,3867,0
4925,27,2,2377,0
4926,51,1,2621,0.05
4926,9,1,1527,0
4926,51,1,2621,0
4927,50,1,4645,0
4928,27,1,2377,0.1
4928,30,3,3732,0
4928,55,1,4377,0.1
4929,43,1,2654,0.1
4929,47,1,365,0.1
4929,27,1,2377,0.15
4930,4,2,3867,0
4930,50,2,4645,0
4930,2,2,1368,0.2
4931,6,1,3871,0.15
4931,8,1,659,0.2
4932,13,1,283,0.1
4933,45,1,1847,0
4933,27,1,2377,0
4934,31,2,3571,0
4935,50,2,4645,0
4935,46,1,1604,0.15
4935,4,1,3867,0.05
4936,12,2,2578,0.05
4937,31,1,3571,0
4938,6,1,3871,0.1
4939,24,1,2210,0
4940,11,2,4549,0.05
4940,4,1,3867,0
4940,6,2,3871,0.1
4941,13,1,283,0.05
4941,49,1,2121,0
4942,60,1,1642,0.15
4943,32,1,2083,0
4943,31,1,3571,0.1
4944,4,1,3867,0.1
4944,44,2,1674,0
4945,44,1,1674,0.05
4946,26,1,438,0.1
4947,8,1,659,0.15
4948,28,1,3031,0
4948,43,1,2654,0
4948,17,1,1925,0.2
4949,18,1,4405,0.1
4949,21,1,572,0.1
4949,43,1,2654,0.05
4949,14,1,3770,0.15
4950,18,1,4405,0
4950,6,1,3871,0.05
4950,48,1,4805,0
4951,8,2,659,0
4951,57,1,3486,0
4952,9,3,1527,0
4953,17,1,1925,0
4954,2,1,1368,0.1
4954,5,1,207,0.05
4955,16,1,2872,0
4956,46,1,1604,0
4957,40,2,4298,0
4957,35,1,2084,0
4958,40,1,4298,0.05
4958,9,2,1527,0
4959,49,1,2121,0.1
4960,15,2,3944,0
4960,1,1,2760,0.1
4960,21,1,572,0.15
4961,27,1,2377,0.05
4962,42,1,641,0.05
4962,33,3,2132,0.05
4963,29,1,410,0.1
4963,30,1,3732,0
4964,58,1,124,0
4965,5,1,207,0
4966,5,1,207,0
4966,27,1,2377,0.05
4967,42,1,641,0
4967,32,1,2083,0.15
4968,22,1,131,0
4968,12,1,2578,0
4969,2,1,1368,0.15
4969,38,2,976,0.05
4970,47,1,365,0.05
4970,48,1,4805,0
4970,45,2,1847,0
4971,15,1,3944,0.2
4972,57,2,3486,0
4972,11,1,4549,0.05
4973,40,1,4298,0
4974,37,1,189,0.15
4975,2,1,1368,0
4976,28,2,3031,0.1
4976,50,1,4645,0
4976,43,2,2654,0.1
4977,18,1,4405,0.05
4977,30,1,3732,0
4978,26,1,438,0.05
4979,30,1,3732,0
4980,12,1,2578,0.05
4981,45,1,1847,0
4981,33,1,2132,0
4981,29,1,410,0.1
4982,10,1,3960,0
4983,19,1,2578,0.05
4984,47,3,365,0.05
4984,47,1,365,0
4985,23,1,2084,0
4985,15,1,3944,0.05
4986,29,2,410,0
4987,38,1,976,0
4987,50,1,4645,0
4988,46,2,1604,0
4989,46,1,1604,0
4990,3,2,3882,0
4990,7,1,2555,0.15
4991,45,1,1847,0.1
4991,51,3,2621,0.15
4991,20,2,4963,0.15
4991,56,1,2279,0.1
4992,6,1,3871,0.1
4992,21,1,572,0
4993,12,1,2578,0
4993,17,1,1925,0
4994,50,1,4645,0
4994,30,1,3732,0.05
4995,20,1,4963,0.05
4996,54,1,273,0.05
4996,31,2,3571,0
4997,43,1,2654,0.15
4997,18,1,4405,0
4998,59,1,954,0.15
4999,40,1,4298,0.1
4999,15,2,3944,0.05
5000,47,1,365,0
5000,33,1,2132,0.2
5001,12,1,2578,0.05
5001,56,1,2279,0
5001,22,1,131,0.1
5002,18,1,4405,0
5003,9,3,1527,0
5004,3,1,3882,0
5004,37,1,189,0.15
5004,20,1,4963,0.1
5004,28,2,3031,0
5005,60,2,1642,0
5005,18,1,4405,0.05
5006,27,2,2377,0
5006,44,1,1674,0.05
5007,49,1,2121,0
5007,10,2,3960,0
5008,10,1,3960,0.05
5008,29,1,410,0
5009,3,2,3882,0
5010,59,2,954,0
5010,50,1,4645,0
5011,40,1,4298,0.1
5011,22,2,131,0.2
5011,55,1,4377,0.15
5012,48,1,4805,0
5012,11,2,4549,0.1
5013,40,1,4298,0.05
5013,11,1,4549,0
5014,3,1,3882,0
5015,7,1,2555,0
5016,14,1,3770,0.15
5017,56,1,2279,0.1
5018,6,1,3871,0.05
5019,45,1,1847,0
5019,30,3,3732,0
5020,23,1,2084,0.05
5020,16,1,2872,0
5020,60,1,1642,0.05
5021,7,2,2555,0.05
5022,43,2,2654,0
5022,16,2,2872,0.1
5022,33,3,2132,0.1
5023,45,1,1847,0.1
5023,47,1,365,0
5023,10,1,3960,0.05
5024,54,1,273,0
5025,58,1,124,0.1
5025,36,1,460,0.05
5025,4,1,3867,0
5026,52,1,2641,0.05
5026,48,1,4805,0.05
5027,39,2,765,0.1
5027,17,1,1925,0
5028,20,1,4963,0.05
5029,47,1,365,0.2
5030,55,1,4377,0.05
5030,51,1,2621,0.05
5030,43,3,2654,0
5031,27,1,2377,0.05
5031,52,1,2641,0
5031,14,2,3770,0
5031,57,2,3486,0
5032,37,1,189,0
5032,15,1,3944,0
5032,8,2,659,0
5033,24,1,2210,0.05
5034,13,1,283,0.1
5035,43,1,2654,0.1
5035,20,1,4963,0.05
5036,55,2,4377,0
5036,12,2,2578,0.05
5037,51,1,2621,0.05
5038,4,1,3867,0.1
5039,18,1,4405,0.05
5039,1,2,2760,0.05
5040,2,2,1368,0
5040,6,1,3871,0.15
5040,43,3,2654,0
5041,57,1,3486,0.05
5042,43,1,2654,0
5042,30,2,3732,0.05
5042,56,1,2279,0
5042,43,1,2654,0
5043,54,3,273,0
5044,18,1,4405,0
5045,53,1,1408,0.2
5045,15,1,3944,0.15
5045,11,1,4549,0.05
5046,24,1,2210,0.05
5047,60,1,1642,0
5047,45,1,1847,0.1
5048,12,1,2578,0
5049,9,1,1527,0.1
5050,49,1,2121,0
5050,32,3,2083,0
5050,50,1,4645,0
5050,4,1,3867,0.1
5051,56,1,2279,0.1
5051,51,1,2621,0.05
5052,4,1,3867,0.1
5053,19,1,2578,0.1
5053,53,1,1408,0
5053,39,1,765,0
5054,49,1,2121,0
5055,30,1,3732,0.15
5056,33,2,2132,0.05
5057,23,1,2084,0
5057,50,1,4645,0.1
5058,48,1,4805,0.05
5059,13,2,283,0
5059,50,1,4645,0
5060,46,2,1604,0.05
5061,19,2,2578,0.1
5061,43,3,2654,0
5062,28,1,3031,0
5063,49,1,2121,0.05
5063,41,2,4560,0.05
5064,8,1,659,0.05
5065,56,1,2279,0.2
5066,12,1,2578,0.1
5067,3,2,3882,0
5067,31,1,3571,0.15
5068,6,1,3871,0
5069,15,1,3944,0.05
5069,10,1,3960,0.05
5070,54,1,273,0.05
5070,32,1,2083,0.1
5071,13,1,283,0.05
5072,56,1,2279,0.1
5072,12,2,2578,0
5073,17,1,1925,0
5073,41,1,4560,0
5074,51,1,2621,0.15
5074,43,2,2654,0.15
5075,25,2,938,0.05
5075,2,1,1368,0
5075,16,1,2872,0
5076,12,1,2578,0
5076,26,1,438,0.15
5076,26,2,438,0
5077,37,1,189,0.1
5078,32,2,2083,0.1
5079,12,1,2578,0.15
5080,37,1,189,0.1
5081,7,1,2555,0.15
5081,53,1,1408,0
5082,14,1,3770,0
5082,2,1,1368,0.1
5083,6,3,3871,0.05
5084,43,1,2654,0.1
5084,4,2,3867,0.1
5085,37,1,189,0.1
5085,55,1,4377,0
5086,52,1,2641,0
5086,12,1,2578,0
5087,35,1,2084,0
5088,41,1,4560,0.1
5088,38,1,976,0
5089,28,1,3031,0
5089,13,1,283,0.05
5090,9,1,1527,0.05
5091,56,1,2279,0.1
5091,12,1,2578,0
5092,21,1,572,0.2
5093,24,1,2210,0
5093,33,1,2132,0
5093,12,1,2578,0
5093,31,1,3571,0.1
5094,10,3,3960,0
5094,12,1,2578,0.05
5094,22,2,131,0.1
5095,30,1,3732,0
5095,25,1,938,0.05
5096,44,2,1674,0.05
5096,39,1,765,0
5097,25,2,938,0
5098,25,1,938,0.15
5099,33,1,2132,0.1
5099,51,1,2621,0.05
5100,28,1,3031,0.05
5100,41,1,4560,0
5101,49,1,2121,0.1
5102,13,1,283,0.1
5102,11,1,4549,0.05
5103,44,2,1674,0
5104,44,1,1674,0.05
5104,43,1,2654,0.1
5105,42,2,641,0
5106,16,1,2872,0.15
5107,43,1,2654,0
5107,4,1,3867,0.1
5108,22,1,131,0.05
5108,9,3,1527,0.05
5109,21,2,572,0.05
5109,26,1,438,0.05
5110,13,2,283,0.1
5111,31,1,3571,0
5111,43,2,2654,0.1
5112,12,1,2578,0
5112,29,1,410,0
5113,11,1,4549,0.1
5114,57,1,3486,0
5114,28,3,3031,0.05
5114,4,3,3867,0
5114,36,1,460,0.1
5115,6,2,3871,0
5116,25,2,938,0
5116,26,3,438,0.15
5117,7,2,2555,0.05
5118,10,1,3960,0.05
5119,19,2,2578,0.05
5120,4,1,3867,0.05
5121,42,1,641,0
5122,54,1,273,0.05
5122,29,2,410,0
5123,57,1,3486,0.2
5123,29,1,410,0.1
5124,4,2,3867,0
5124,12,1,2578,0
5124,30,1,3732,0.05
5125,20,1,4963,0.1
5126,54,3,273,0.1
5126,50,2,4645,0.05
5127,24,1,2210,0.05
5127,7,1,2555,0
5127,51,1,2621,0.2
5128,38,1,976,0.15
5128,26,1,438,0
5129,29,1,410,0.15
5129,5,1,207,0.05
5130,7,1,2555,0
5131,4,1,3867,0
5131,57,1,3486,0
5131,51,2,2621,0.05
5131,57,1,3486,0.1
5132,5,1,207,0.05
5133,32,2,2083,0
5133,19,3,2578,0.05
5134,1,1,2760,0.05
5135,51,1,2621,0.15
5135,13,2,283,0
5135,51,1,2621,0.05
5135,48,2,4805,0
5136,34,1,1026,0.15
5136,59,1,954,0.05
5136,21,1,572,0
5137,27,2,2377,0.15
5138,55,1,4377,0.05
5138,18,1,4405,0.15
5138,20,2,4963,0
5138,3,1,3882,0.05
5139,24,1,2210,0.05
5139,25,1,938,0
5140,39,2,765,0
5140,6,1,3871,0.05
5141,40,3,4298,0.05
5141,28,1,3031,0.05
5142,2,1,1368,0.05
5143,21,1,572,0
5143,18,1,4405,0.2
5143,18,1,4405,0.15
5144,12,1,2578,0
5145,40,1,4298,0
5145,50,1,4645,0.15
5146,11,1,4549,0.1
5147,56,2,2279,0
5147,40,1,4298,0.2
5147,53,1,1408,0
5148,3,2,3882,0.1
5148,44,1,1674,0
5149,40,2,4298,0.1
5149,31,2,3571,0.1
5149,20,1,4963,0.1
5150,17,1,1925,0.1
5151,21,1,572,0
5152,3,1,3882,0.05
5153,33,1,2132,0.05
5154,31,1,3571,0.1
5154,33,1,2132,0
5154,17,1,1925,0.1
5155,46,1,1604,0.1
5155,34,1,1026,0.1
5156,23,1,2084,0.15
5157,58,1,124,0.1
5158,57,1,3486,0.05
5158,27,2,2377,0.1
5159,56,2,2279,0
5159,1,2,2760,0.1
5160,15,2,3944,0.1
5160,24,1,2210,0.2
5160,24,1,2210,0.15
5161,43,1,2654,0.05
5162,19,2,2578,0.1
5162,51,1,2621,0.1
5162,51,3,2621,0.15
5162,9,1,1527,0.05
5163,16,3,2872,0
5163,12,2,2578,0
5164,5,1,207,0
5164,15,1,3944,0.05
5165,10,3,3960,0
5165,27,1,2377,0.05
5165,4,2,3867,0.05
5166,60,1,1642,0.15
5166,2,1,1368,0.1
5167,25,1,938,0.1
5168,52,1,2641,0.1
5169,33,1,2132,0.05
5169,41,1,4560,0
5170,27,3,2377,0.1
5170,18,1,4405,0
5171,54,1,273,0
5172,3,1,3882,0.2
5173,19,1,2578,0.1
5173,35,1,2084,0
5174,54,2,273,0.05
5175,28,3,3031,0.05
5176,16,1,2872,0.1
5177,54,1,273,0.05
5178,47,2,365,0.15
5179,6,1,3871,0.1
5179,30,1,3732,0.1
5179,55,1,4377,0.15
5180,13,1,283,0.05
5180,33,2,2132,0.05
5181,28,1,3031,0.1
5181,51,1,2621,0.1
5182,9,1,1527,0
5183,12,1,2578,0.15
5184,59,1,954,0.1
5184,11,1,4549,0.1
5185,26,1,438,0.1
5185,53,1,1408,0.05
5185,58,2,124,0
5185,6,2,3871,0.05
5186,48,1,4805,0.05
5186,16,1,2872,0.05
5186,5,3,207,0
5187,20,1,4963,0.05
5188,46,1,1604,0.1
5188,38,1,976,0
5189,6,1,3871,0
5189,43,1,2654,0.1
5189,5,1,207,0.1
5190,34,1,1026,0
5191,4,2,3867,0
5191,60,1,1642,0.1
5192,28,1,3031,0.05
5192,4,2,3867,0
5193,41,2,4560,0.05
5193,29,1,410,0.1
5194,31,2,3571,0
5194,16,1,2872,0
5194,34,1,1026,0
5194,55,1,4377,0.1
5195,13,1,283,0.05
5195,25,1,938,0
5196,33,2,2132,0.1
5197,49,2,2121,0.1
5197,18,1,4405,0.05
5198,6,1,3871,0
5199,59,1,954,0
5199,18,1,4405,0.1
5200,55,1,4377,0
5201,51,1,2621,0.05
5201,20,1,4963,0
5202,21,1,572,0.1
5203,39,1,765,0
5203,15,2,3944,0.1
5204,48,1,4805,0.05
5205,29,2,410,0
5205,56,1,2279,0.2
5205,13,2,283,0.05
5205,57,1,3486,0.15
5206,59,1,954,0
5207,15,2,3944,0.15
5207,27,1,2377,0.05
5208,37,1,189,0
5209,13,1,283,0
5210,50,1,4645,0
5210,38,2,976,0.1
5211,43,1,2654,0.05
5211,18,1,4405,0
5212,53,1,1408,0.05
5212,53,1,1408,0
5213,56,1,2279,0
5213,55,1,4377,0.1
5214,54,2,273,0.05
5214,29,1,410,0
5214,35,1,2084,0.05
5214,39,1,765,0
5215,1,2,2760,0.05
5215,35,1,2084,0
5215,48,2,4805,0.05
5216,51,1,2621,0.1
5216,20,1,4963,0.05
5217,57,2,3486,0.05
5217,51,1,2621,0.05
5217,28,1,3031,0
5218,45,1,1847,0
5218,23,1,2084,0.15
5218,40,1,4298,0
5218,19,1,2578,0.05
5219,8,2,659,0.15
5219,16,1,2872,0.05
5219,55,1,4377,0.05
5220,2,1,1368,0
5220,55,1,4377,0
5221,23,1,2084,0.1
5221,40,2,4298,0.15
5221,9,1,1527,0.15
5222,17,1,1925,0.15
5223,42,1,641,0
5223,19,1,2578,0
5223,7,1,2555,0.05
5224,19,1,2578,0.05
5225,55,1,4377,0.05
5226,14,1,3770,0.15
5226,1,1,2760,0.15
5227,26,1,438,0.05
5228,10,1,3960,0.05
5228,56,1,2279,0.05
5228,50,2,4645,0.15
5229,40,2,4298,0
5229,60,2,1642,0.05
5229,2,1,1368,0.15
5230,32,1,2083,0.1
5231,20,1,4963,0
5232,48,1,4805,0.1
5232,3,1,3882,0.05
5232,15,1,3944,0.05
5232,4,2,3867,0
5233,35,1,2084,0
5234,36,1,460,0
5235,36,1,460,0
5236,40,1,4298,0.05
5236,23,1,2084,0
5237,60,1,1642,0.15
5238,56,1,2279,0.2
5238,31,2,3571,0
5239,4,1,3867,0.2
5239,31,3,3571,0.1
5239,6,1,3871,0
5239,14,2,3770,0.2
5240,19,1,2578,0
5240,7,3,2555,0.15
5240,16,3,2872,0.2
5240,48,1,4805,0.1
5241,47,2,365,0.1
5241,20,2,4963,0.05
5241,3,1,3882,0
5242,46,2,1604,0.05
5243,27,1,2377,0
5244,36,2,460,0.05
5245,32,2,2083,0.1
5245,40,1,4298,0.1
5246,40,1,4298,0
5247,7,2,2555,0
5247,2,2,1368,0
5247,16,1,2872,0.15
5248,51,1,2621,0
5249,41,1,4560,0.1
5249,60,1,1642,0
5249,9,1,1527,0.2
5250,57,1,3486,0
5251,36,2,460,0.05
5251,20,1,4963,0.1
5252,18,1,4405,0
5253,44,1,1674,0
5254,10,2,3960,0.2
5254,34,1,1026,0
5254,42,1,641,0
5254,29,1,410,0.1
5255,19,3,2578,0.1
5256,35,1,2084,0.15
5257,5,1,207,0.1
5257,18,2,4405,0
5257,10,2,3960,0
5258,3,1,3882,0
5258,9,1,1527,0
5258,11,2,4549,0
5258,24,1,2210,0
5259,1,2,2760,0
5260,51,3,2621,0.1
5260,12,1,2578,0
5261,24,2,2210,0
5262,56,2,2279,0.05
5262,11,1,4549,0.15
5262,39,2,765,0.15
5262,27,2,2377,0.05
5263,37,1,189,0.05
5263,57,1,3486,0
5263,48,1,4805,0.05
5264,6,3,3871,0.1
5264,51,1,2621,0.05
5265,40,1,4298,0.05
5266,28,1,3031,0
5266,10,2,3960,0.05
5266,29,1,410,0
5267,57,1,3486,0.1
5267,53,1,1408,0
5268,33,1,2132,0.1
5269,31,1,3571,0.05
5269,28,1,3031,0
5269,50,2,4645,0
5270,1,1,2760,0.15
5270,7,1,2555,0
5271,19,1,2578,0
5272,21,3,572,0.15
5273,25,1,938,0
5273,23,1,2084,0.05
5274,15,1,3944,0.2
5275,11,1,4549,0
5276,46,1,1604,0
5277,22,1,131,0
5278,7,1,2555,0.05
5279,28,1,3031,0.05
5279,15,1,3944,0.05
5280,14,2,3770,0.2
5281,5,1,207,0
5281,45,1,1847,0.05
5282,41,1,4560,0.1
5282,28,1,3031,0
5282,46,1,1604,0
5283,1,1,2760,0
5283,60,1,1642,0.15
5284,7,1,2555,0
5284,10,1,3960,0
5285,26,1,438,0
5286,1,3,2760,0
5286,11,1,4549,0
5287,10,2,3960,0.2
5287,6,2,3871,0
5287,37,1,189,0
5288,19,2,2578,0.05
5288,31,1,3571,0.15
5289,7,1,2555,0.1
5290,3,1,3882,0
5291,53,1,1408,0.1
5291,51,1,2621,0
5292,7,1,2555,0.05
5292,14,2,3770,0.1
5293,15,1,3944,0
5294,58,2,124,0.05
5294,47,3,365,0.1
5295,16,1,2872,0
5295,30,1,3732,0
5295,22,1,131,0.1
5296,10,1,3960,0.2
5296,14,2,3770,0.05
5297,4,1,3867,0.05
5297,53,1,1408,0.1
5298,10,2,3960,0
5298,5,1,207,0.15
5299,4,1,3867,0.15
5299,20,1,4963,0
5300,2,1,1368,0.1
5300,44,1,1674,0.05
5301,10,1,3960,0.05
5301,19,2,2578,0
5302,8,2,659,0
5303,30,1,3732,0
5303,60,1,1642,0.05
5303,57,2,3486,0
5304,28,1,3031,0
5304,59,1,954,0
5305,5,1,207,0.05
5306,4,1,3867,0.05
5307,28,2,3031,0.05
5308,39,2,765,0
5308,51,1,2621,0.05
5308,6,1,3871,0.1
5309,18,2,4405,0
5309,20,3,4963,0.05
5310,3,1,3882,0.05
5311,27,1,2377,0.2
5311,40,1,4298,0.05
5311,56,1,2279,0.05
5311,16,1,2872,0.1
5312,4,1,3867,0.15
5312,38,1,976,0
5313,8,1,659,0.15
5314,14,1,3770,0.05
5315,7,1,2555,0
5316,34,1,1026,0.05
5316,40,1,4298,0
5317,58,1,124,0.1
5317,28,1,3031,0
5317,6,1,3871,0.2
5318,53,1,1408,0
5319,2,1,1368,0.05
5319,59,1,954,0.15
5320,48,2,4805,0.05
5320,55,1,4377,0.15
5320,35,1,2084,0.1
5320,47,1,365,0.1
5321,30,1,3732,0.05
5321,56,1,2279,0.15
5321,59,1,954,0.1
5322,28,1,3031,0.15
5323,57,3,3486,0
5324,28,1,3031,0.1
5324,36,1,460,0.05
5324,50,2,4645,0.1
5325,16,1,2872,0.1
5325,46,1,1604,0
5326,4,1,3867,0.05
5326,6,2,3871,0.05
5327,36,2,460,0
5327,30,1,3732,0.1
5328,1,1,2760,0.05
5328,59,1,954,0.1
5329,34,1,1026,0.15
5329,58,1,124,0.2
5329,12,1,2578,0.05
5330,20,1,4963,0.1
5330,43,1,2654,0
5331,28,1,3031,0
5331,20,2,4963,0.2
5332,28,1,3031,0.1
5333,51,1,2621,0.1
5333,23,2,2084,0.05
5334,56,1,2279,0.1
5334,24,2,2210,0.05
5335,53,1,1408,0
5336,35,2,2084,0.05
5336,55,1,4377,0
5337,15,2,3944,0.1
5338,59,1,954,0
5338,59,1,954,0.05
5338,56,1,2279,0.1
5339,40,2,4298,0.1
5340,1,1,2760,0.05
5341,38,2,976,0
5342,26,1,438,0.2
5343,19,3,2578,0.05
5343,48,1,4805,0
5343,55,1,4377,0.1
5343,8,1,659,0.1
5344,11,1,4549,0.05
5344,19,1,2578,0
5345,30,1,3732,0
5345,14,1,3770,0
5345,30,1,3732,0.05
5346,10,1,3960,0
5346,33,1,2132,0.15
5347,15,1,3944,0
5348,26,1,438,0
5348,26,2,438,0.2
5348,26,1,438,0
5348,23,3,2084,0.1
5349,38,1,976,0
5349,11,1,4549,0.1
5350,17,1,1925,0.15
5350,31,1,3571,0.1
5350,2,3,1368,0.05
5351,50,1,4645,0
5351,10,2,3960,0
5352,20,1,4963,0.15
5352,40,1,4298,0
5353,43,2,2654,0
5354,16,1,2872,0.05
5354,48,3,4805,0.05
5355,23,2,2084,0.15
5355,15,2,3944,0
5355,10,1,3960,0.05
5355,7,1,2555,0.05
5356,1,1,2760,0.05
5357,47,1,365,0.1
5357,23,1,2084,0.1
5358,55,1,4377,0
5358,12,1,2578,0.05
5358,3,1,3882,0.05
5359,56,1,2279,0.1
5360,32,1,2083,0.15
5360,12,2,2578,0.15
5360,48,2,4805,0
5360,48,3,4805,0.1
5361,21,1,572,0.05
5362,59,1,954,0.15
5363,8,1,659,0.2
5363,59,1,954,0.1
5363,49,2,2121,0
5363,10,1,3960,0.1
5364,53,2,1408,0
5364,18,1,4405,0
5365,43,1,2654,0.05
5365,34,1,1026,0.1
5365,37,1,189,0.05
5365,41,1,4560,0.05
5366,27,1,2377,0.1
5366,41,1,4560,0.15
5367,41,1,4560,0
5367,15,1,3944,0
5367,28,1,3031,0
5368,15,1,3944,0.05
5368,14,1,3770,0.05
5368,33,1,2132,0.1
5368,15,2,3944,0.1
5369,17,1,1925,0
5370,51,1,2621,0.1
5371,50,1,4645,0
5371,55,1,4377,0
5371,14,1,3770,0.2
5372,55,1,4377,0.05
5372,31,1,3571,0
5372,40,2,4298,0.05
5372,21,3,572,0
5373,1,1,2760,0.05
5374,24,1,2210,0.1
5374,7,1,2555,0
5374,24,1,2210,0.05
5374,30,2,3732,0.05
5375,31,1,3571,0.05
5375,12,1,2578,0.1
5376,16,1,2872,0
5376,13,1,283,0.05
5377,14,1,3770,0
5377,29,1,410,0
5378,33,1,2132,0.05
5379,33,1,2132,0
5379,59,1,954,0
5380,46,2,1604,0
5380,17,1,1925,0
5381,7,1,2555,0.1
5381,42,1,641,0
5382,54,1,273,0
5382,56,1,2279,0.2
5383,26,1,438,0
5383,37,1,189,0
5384,29,1,410,0.05
5384,20,1,4963,0.05
5385,30,2,3732,0.05
5386,6,2,3871,0
5386,39,1,765,0.05
5387,6,1,3871,0.15
5387,31,1,3571,0.1
5388,60,1,1642,0.15
5388,30,2,3732,0.05
5389,25,1,938,0.05
5389,60,2,1642,0
5390,6,1,3871,0
5390,53,1,1408,0.05
5391,18,1,4405,0
5392,33,2,2132,0.15
5392,54,1,273,0
5393,19,1,2578,0
5394,1,1,2760,0.15
5394,14,2,3770,0
5394,1,2,2760,0.05
5395,41,1,4560,0.1
5395,19,2,2578,0.05
5395,2,1,1368,0
5396,18,1,4405,0.15
5396,33,1,2132,0.05
5396,24,1,2210,0
5397,4,1,3867,0.05
5398,32,1,2083,0.05
5398,44,1,1674,0
5399,49,2,2121,0
5399,47,1,365,0
5399,27,2,2377,0.15
5399,34,2,1026,0.05
5400,10,1,3960,0.1
5401,54,1,273,0
5402,31,1,3571,0.05
5403,35,1,2084,0.1
5403,25,1,938,0.15
5403,57,2,3486,0.1
5404,1,1,2760,0.05
5405,49,1,2121,0
5405,38,1,976,0.15
5406,43,1,2654,0
5407,12,1,2578,0.1
5408,43,1,2654,0
5408,50,2,4645,0
5409,8,1,659,0.1
5409,31,1,3571,0.2
5409,31,2,3571,0.05
5409,13,1,283,0
5410,30,1,3732,0.15
5410,55,1,4377,0.05
5411,20,1,4963,0.05
5411,55,1,4377,0
5412,28,1,3031,0
5412,16,2,2872,0.2
5413,44,1,1674,0
5414,5,1,207,0
5415,36,1,460,0.1
5415,58,1,124,0
5415,27,1,2377,0
5416,7,2,2555,0.1
5416,18,1,4405,0.1
5417,14,1,3770,0.15
5418,52,1,2641,0
5419,32,1,2083,0.15
5420,4,1,3867,0.1
5420,54,1,273,0
5420,50,3,4645,0
5421,45,1,1847,0.15
5422,10,1,3960,0.05
5422,52,1,2641,0.15
5422,47,2,365,0
5423,22,1,131,0
5424,4,1,3867,0.1
5424,58,1,124,0.05
5424,6,1,3871,0
5425,37,1,189,0.1
5426,43,1,2654,0.05
5426,13,2,283,0
5426,53,1,1408,0
5427,6,2,3871,0.05
5427,31,2,3571,0.05
5428,40,2,4298,0.1
5429,30,1,3732,0.05
5429,24,1,2210,0
5429,6,1,3871,0.05
5429,12,1,2578,0.1
5430,11,1,4549,0.1
5431,33,1,2132,0
5431,22,1,131,0.05
5431,12,1,2578,0.1
5432,24,2,2210,0.1
5432,30,2,3732,0.05
5432,3,3,3882,0.1
5432,6,3,3871,0.05
5433,45,1,1847,0
5433,35,1,2084,0.1
5434,14,1,3770,0
5435,36,1,460,0.1
5436,47,2,365,0.15
5436,55,1,4377,0
5437,40,2,4298,0
5437,46,1,1604,0.05
5438,29,1,410,0.1
5438,11,2,4549,0.1
5439,47,1,365,0.15
5440,46,3,1604,0.1
5440,38,1,976,0.2
5441,34,1,1026,0.1
5441,1,1,2760,0
5441,51,1,2621,0.05
5442,42,1,641,0
5443,26,1,438,0
5444,57,1,3486,0.1
5444,22,2,131,0.1
5444,32,1,2083,0.15
5445,35,1,2084,0.1
5446,15,1,3944,0
5446,56,3,2279,0
5446,49,3,2121,0.05
5446,50,1,4645,0
5447,56,1,2279,0.1
5447,54,1,273,0
5447,37,1,189,0.05
5447,45,2,1847,0
5448,13,2,283,0.1
5448,43,1,2654,0.1
5449,56,1,2279,0.05
5449,36,2,460,0
5450,19,1,2578,0
5450,8,1,659,0.1
5451,3,1,3882,0.2
5451,28,1,3031,0
5451,33,2,2132,0
5452,8,1,659,0.15
5452,38,2,976,0.1
5453,33,3,2132,0.05
5453,11,3,4549,0.2
5453,56,1,2279,0
5453,23,1,2084,0.05
5454,12,1,2578,0.15
5454,53,1,1408,0.1
5455,3,1,3882,0.05
5455,13,1,283,0.1
5456,41,1,4560,0.05
5456,49,1,2121,0.05
5457,49,1,2121,0.15
5457,14,1,3770,0
5458,39,1,765,0
5459,19,1,2578,0.2
5460,24,1,2210,0
5461,11,1,4549,0.15
5462,27,1,2377,0.1
5462,36,2,460,0.05
5463,7,1,2555,0
5464,28,2,3031,0
5464,13,1,283,0.1
5464,29,1,410,0.1
5464,34,3,1026,0.1
5465,27,1,2377,0
5465,15,1,3944,0
5466,26,1,438,0
5467,48,2,4805,0.1
5467,39,1,765,0.05
5467,35,1,2084,0
5468,12,1,2578,0.05
5468,53,1,1408,0.05
5469,9,1,1527,0
5470,52,2,2641,0
5470,9,2,1527,0
5471,20,2,4963,0
5472,52,2,2641,0.1
5473,10,1,3960,0.05
5473,1,2,2760,0.05
5473,21,2,572,0
5474,26,1,438,0.05
5475,59,2,954,0.1
5476,21,1,572,0
5476,14,1,3770,0.1
5477,54,3,273,0
5477,18,1,4405,0.1
5478,58,1,124,0.05
5478,19,1,2578,0.05
5479,2,2,1368,0.1
5479,44,1,1674,0
5479,3,1,3882,0
5479,45,3,1847,0
5480,8,1,659,0.05
5480,21,1,572,0.15
5481,36,1,460,0
5482,18,1,4405,0.1
5482,47,1,365,0
5483,26,1,438,0.1
5483,44,2,1674,0.1
5484,22,2,131,0
5484,37,1,189,0.1
5484,2,1,1368,0.1
5485,36,2,460,0
5485,18,1,4405,0.05
5486,15,1,3944,0.05
5487,51,2,2621,0
5488,57,1,3486,0
5488,16,1,2872,0
5489,25,1,938,0
5490,33,1,2132,0
5490,59,1,954,0.05
5491,28,1,3031,0
5491,27,1,2377,0.05
5491,18,1,4405,0.05
5491,55,1,4377,0
5492,4,1,3867,0
5492,6,1,3871,0
5493,32,2,2083,0
5494,1,1,2760,0.05
5494,22,1,131,0
5495,43,1,2654,0.2
5496,20,2,4963,0
5496,9,3,1527,0.05
5497,49,1,2121,0
5497,59,1,954,0
5498,12,1,2578,0.05
5498,53,1,1408,0
5499,1,1,2760,0
5499,20,1,4963,0
5500,21,3,572,0
5501,46,1,1604,0.1
5502,33,2,2132,0.15
5503,11,1,4549,0
5504,49,1,2121,0
5505,60,2,1642,0.15
5505,41,2,4560,0.05
5505,36,3,460,0.05
5505,14,2,3770,0
5506,45,1,1847,0.2
5506,12,2,2578,0.15
5507,50,1,4645,0
5508,52,2,2641,0.1
5508,15,1,3944,0.05
5508,47,1,365,0.1
5509,26,2,438,0.05
5509,44,1,1674,0
5509,35,1,2084,0.05
5510,55,2,4377,0.1
5510,19,3,2578,0.1
5510,57,1,3486,0.05
5511,55,2,4377,0.05
5511,46,1,1604,0.05
5511,48,2,4805,0.05
5512,37,2,189,0
5513,31,1,3571,0.05
5513,52,1,2641,0.2
5513,57,1,3486,0.2
5513,31,3,3571,0
5514,18,1,4405,0.15
5514,52,1,2641,0.05
5515,57,1,3486,0
5516,56,1,2279,0.05
5516,32,1,2083,0
5517,17,1,1925,0.15
5518,6,1,3871,0.1
5518,19,1,2578,0
5519,46,1,1604,0
5520,32,1,2083,0
5520,3,1,3882,0.1
5521,5,1,207,0
5521,29,1,410,0
5521,25,1,938,0.1
5522,30,1,3732,0.05
5522,44,1,1674,0.1
5523,9,1,1527,0.05
5523,31,1,3571,0.05
5524,60,2,1642,0.15
5525,20,1,4963,0.1
5526,22,1,131,0.05
5527,7,2,2555,0
5528,35,1,2084,0.05
5528,19,2,2578,0.15
5529,57,1,3486,0.1
5529,7,1,2555,0.1
5530,54,1,273,0
5530,56,1,2279,0
5531,40,3,4298,0.05
5531,27,2,2377,0
5531,1,1,2760,0.05
5532,12,1,2578,0.1
5533,54,1,273,0.05
5533,24,1,2210,0.1
5533,41,2,4560,0.1
5534,30,1,3732,0
5535,40,2,4298,0
5535,30,2,3732,0.1
5535,43,1,2654,0
5536,55,1,4377,0
5537,11,1,4549,0.15
5537,30,1,3732,0.2
5537,44,1,1674,0.1
5537,40,1,4298,0.05
5538,40,1,4298,0
5538,1,1,2760,0
5539,59,1,954,0.05
5539,47,1,365,0.05
5540,16,1,2872,0
5540,40,1,4298,0
5540,52,1,2641,0.05
5541,58,1,124,0
5541,50,2,4645,0.05
5542,43,2,2654,0.05
5543,6,1,3871,0.1
5544,10,2,3960,0.05
5544,36,1,460,0
5544,11,1,4549,0
5545,37,1,189,0
5545,32,1,2083,0
5545,2,1,1368,0
5546,42,1,641,0
5546,53,1,1408,0.15
5547,8,1,659,0.15
5548,40,1,4298,0.05
5548,17,2,1925,0.2
5548,43,2,2654,0
5549,27,2,2377,0.1
5549,4,1,3867,0
5549,13,3,283,0.05
5550,30,1,3732,0.05
5550,45,1,1847,0
5551,7,1,2555,0
5552,48,2,4805,0
5553,40,2,4298,0
5553,52,1,2641,0
5553,28,1,3031,0
5554,4,1,3867,0
5555,1,1,2760,0.05
5555,12,2,2578,0
5556,48,1,4805,0
5556,17,1,1925,0.2
5557,31,1,3571,0.1
5558,48,1,4805,0.1
5559,53,1,1408,0
5560,55,3,4377,0.05
5560,49,2,2121,0.05
5561,10,3,3960,0.15
5561,2,2,1368,0
5561,15,1,3944,0.05
5561,43,2,2654,0.15
5562,28,1,3031,0.1
5562,55,2,4377,0.1
5563,36,1,460,0.15
5564,25,1,938,0.1
5564,45,1,1847,0
5565,4,2,3867,0
5565,30,1,3732,0.05
5565,5,1,207,0.15
5566,52,2,2641,0.05
5566,50,1,4645,0
5566,56,1,2279,0
5566,54,2,273,0
5567,43,3,2654,0
5568,18,1,4405,0.2
5568,10,1,3960,0.05
5568,8,1,659,0.2
5569,11,1,4549,0.05
5569,38,1,976,0
5569,3,1,3882,0
5570,27,1,2377,0.05
5570,56,1,2279,0.15
5571,9,1,1527,0
5571,29,1,410,0.15
5572,37,3,189,0.15
5572,33,1,2132,0.1
5573,34,2,1026,0
5573,47,1,365,0.1
5573,45,2,1847,0.05
5573,16,1,2872,0.15
5574,38,1,976,0
5574,45,1,1847,0
5575,46,1,1604,0
5575,2,1,1368,0
5576,10,1,3960,0.15
5576,30,3,3732,0
5576,1,1,2760,0
5576,9,1,1527,0.05
5577,2,1,1368,0
5578,3,1,3882,0
5578,50,2,4645,0.1
5579,4,2,3867,0
5579,6,1,3871,0.1
5580,29,1,410,0.05
5581,8,1,659,0.1
5581,38,1,976,0
5582,59,1,954,0.05
5583,26,1,438,0
5583,54,1,273,0.05
5584,39,1,765,0
5585,20,1,4963,0.05
5585,43,1,2654,0.05
5585,53,1,1408,0.05
5586,16,1,2872,0.05
5587,30,1,3732,0.05
5587,24,1,2210,0
5587,18,2,4405,0.05
5588,24,1,2210,0
5588,35,1,2084,0.1
5589,30,1,3732,0.05
5589,27,2,2377,0.1
5589,22,2,131,0.1
5590,13,1,283,0
5590,60,1,1642,0.05
5590,49,1,2121,0.1
5591,8,1,659,0.05
5591,4,1,3867,0.05
5591,51,1,2621,0
5592,15,1,3944,0
5592,27,1,2377,0.05
5593,45,2,1847,0.15
5593,18,2,4405,0
5593,10,1,3960,0.05
5594,16,1,2872,0.2
5594,56,1,2279,0
5595,5,1,207,0.1
5596,25,1,938,0
5596,7,1,2555,0
5597,40,2,4298,0
5597,27,1,2377,0.05
5597,48,1,4805,0
5597,20,1,4963,0.2
5598,48,1,4805,0.05
5598,42,2,641,0
5599,13,1,283,0.05
5599,3,3,3882,0
5599,56,1,2279,0.1
5600,11,2,4549,0
5600,2,1,1368,0.15
5601,48,3,4805,0
5601,11,1,4549,0
5601,21,2,572,0
5602,56,1,2279,0.1
5602,4,1,3867,0
5603,27,2,2377,0.05
5603,33,2,2132,0
5604,33,1,2132,0
5604,31,2,3571,0
5604,49,2,2121,0
5605,22,1,131,0
5606,54,1,273,0.1
5607,17,1,1925,0
5607,23,1,2084,0
5607,48,1,4805,0
5608,55,1,4377,0
5608,3,1,3882,0
5608,59,1,954,0
5608,22,1,131,0
5609,43,1,2654,0.1
5610,42,1,641,0.2
5611,54,1,273,0.1
5611,49,1,2121,0.15
5612,58,1,124,0
5612,43,1,2654,0
5612,55,1,4377,0
5613,26,3,438,0.1
5613,28,1,3031,0.05
5614,60,2,1642,0
5615,22,1,131,0.05
5616,53,1,1408,0
5616,43,1,2654,0
5616,21,1,572,0.05
5617,33,1,2132,0.05
5618,19,1,2578,0.1
5618,16,2,2872,0
5619,1,1,2760,0.1
5619,33,2,2132,0
5619,18,1,4405,0
5619,10,1,3960,0.2
5620,14,1,3770,0.05
5620,39,1,765,0
5621,30,2,3732,0
5621,23,1,2084,0
5622,13,1,283,0
5622,51,2,2621,0
5622,17,2,1925,0.2
5623,18,1,4405,0
5623,4,2,3867,0
5623,28,2,3031,0
5624,15,2,3944,0.1
5624,57,1,3486,0
5624,57,2,3486,0.1
5625,14,2,3770,0
5625,31,1,3571,0
5625,56,1,2279,0
5625,35,1,2084,0.05
5626,19,1,2578,0.1
5626,55,1,4377,0.1
5627,17,1,1925,0.1
5628,13,1,283,0.1
5628,55,1,4377,0.15
5629,39,1,765,0
5630,54,1,273,0.15
5631,59,1,954,0.05
5631,6,1,3871,0
5632,25,2,938,0.2
5633,43,1,2654,0.05
5634,2,1,1368,0
5635,39,2,765,0.05
5635,32,1,2083,0
5636,18,1,4405,0
5637,15,1,3944,0
5637,51,1,2621,0.2
5637,43,1,2654,0.2
5637,13,1,283,0
5638,24,1,2210,0.05
5639,9,1,1527,0
5640,48,1,4805,0.05
5641,18,1,4405,0
5641,55,1,4377,0.1
5641,7,1,2555,0.1
5641,9,1,1527,0.05
5642,20,1,4963,0.15
5642,4,1,3867,0
5643,48,1,4805,0
5644,29,1,410,0.05
5645,23,1,2084,0
5645,1,1,2760,0.15
5646,16,3,2872,0.05
5647,9,1,1527,0.15
5648,11,1,4549,0
5648,24,1,2210,0.05
5648,39,1,765,0.05
5648,19,2,2578,0
5649,35,3,2084,0.05
5649,9,1,1527,0
5649,14,1,3770,0
5650,50,1,4645,0.1
5651,53,2,1408,0.05
5652,33,1,2132,0.1
5653,48,1,4805,0.1
5654,38,1,976,0
5654,60,1,1642,0
5655,15,1,3944,0
5656,17,1,1925,0
5656,2,1,1368,0
5657,19,1,2578,0.1
5657,60,1,1642,0.05
5657,18,1,4405,0.05
5657,33,1,2132,0.05
5658,34,1,1026,0.2
5659,50,1,4645,0
5660,7,1,2555,0
5660,31,2,3571,0.1
5661,43,2,2654,0
5662,33,1,2132,0
5662,7,2,2555,0.1
5662,53,1,1408,0.05
5663,21,2,572,0.2
5664,57,2,3486,0
5664,51,2,2621,0
5664,19,1,2578,0.05
5665,24,1,2210,0
5665,8,1,659,0.1
5666,48,1,4805,0.1
5666,48,1,4805,0.1
5667,24,1,2210,0.1
5667,1,1,2760,0
5668,3,1,3882,0
5668,30,1,3732,0.05
5668,5,1,207,0.15
5668,25,1,938,0
5669,8,1,659,0.05
5670,29,1,410,0
5670,15,1,3944,0
5670,53,1,1408,0.05
5670,11,1,4549,0.15
5671,52,1,2641,0.15
5671,33,3,2132,0.1
5672,13,1,283,0.15
5673,39,1,765,0.05
5674,14,3,3770,0.05
5674,56,1,2279,0.1
5675,22,1,131,0
5676,3,1,3882,0.1
5676,11,1,4549,0.1
5676,52,2,2641,0
5677,31,2,3571,0.1
5678,18,2,4405,0
5679,28,2,3031,0.1
5679,47,1,365,0
5680,10,1,3960,0.05
5680,28,1,3031,0.05
5680,35,1,2084,0.15
5680,23,1,2084,0.05
5681,15,2,3944,0.2
5682,33,1,2132,0
5682,50,1,4645,0
5682,25,1,938,0.1
5682,57,2,3486,0
5683,19,1,2578,0.05
5683,57,1,3486,0
5683,18,1,4405,0.1
5683,29,1,410,0.05
5684,59,1,954,0.2
5684,52,1,2641,0.1
5684,14,1,3770,0.1
5685,4,3,3867,0.2
5685,22,1,131,0.1
5685,55,1,4377,0.2
5686,4,3,3867,0
5686,32,1,2083,0.05
5687,55,2,4377,0.15
5688,26,1,438,0
5689,2,1,1368,0
5689,32,2,2083,0.15
5690,1,1,2760,0.05
5691,25,1,938,0
5692,31,1,3571,0.1
5692,10,2,3960,0
5693,12,3,2578,0.05
5693,24,1,2210,0.05
5693,7,2,2555,0
5694,7,1,2555,0.05
5694,6,1,3871,0.1
5694,37,1,189,0.2
5695,54,1,273,0.2
5696,34,1,1026,0.05
5697,9,1,1527,0.2
5698,57,1,3486,0.15
5698,58,1,124,0.05
5699,50,1,4645,0.05
5699,58,1,124,0.05
5700,47,1,365,0.1
5701,11,1,4549,0.1
5701,58,1,124,0
5701,4,1,3867,0
5702,12,1,2578,0.1
5702,6,1,3871,0.05
5702,51,1,2621,0
5702,31,1,3571,0
5703,12,1,2578,0.1
5704,22,1,131,0.05
5705,4,1,3867,0.2
5706,60,1,1642,0
5707,45,1,1847,0
5708,35,2,2084,0.15
5709,4,1,3867,0.05
5709,9,1,1527,0.15
5710,52,1,2641,0
5710,38,1,976,0.05
5710,6,1,3871,0.05
5710,58,1,124,0.15
5711,36,1,460,0.1
5711,53,1,1408,0.05
5712,43,2,2654,0
5712,52,2,2641,0.1
5713,16,1,2872,0
5714,54,1,273,0
5715,36,1,460,0.1
5715,32,2,2083,0
5716,40,3,4298,0
5716,57,3,3486,0
5716,48,1,4805,0.05
5717,34,1,1026,0.05
5718,7,2,2555,0.1
5718,20,1,4963,0.05
5718,53,3,1408,0.05
5718,14,1,3770,0.05
5719,12,1,2578,0.05
5719,9,1,1527,0
5719,48,1,4805,0
5720,3,2,3882,0.1
5720,19,1,2578,0.15
5721,24,1,2210,0
5722,56,1,2279,0.05
5722,55,1,4377,0.05
5722,40,1,4298,0.05
5722,24,1,2210,0
5723,28,1,3031,0
5724,30,1,3732,0
5724,50,1,4645,0.05
5724,57,1,3486,0
5724,51,1,2621,0
5725,27,1,2377,0.05
5725,12,3,2578,0
5726,17,1,1925,0.05
5726,37,1,189,0.05
5727,7,1,2555,0.1
5728,27,1,2377,0.05
5728,57,1,3486,0.1
5729,36,1,460,0.1
5729,6,1,3871,0.1
5729,53,2,1408,0.15
5730,21,1,572,0
5730,8,1,659,0
5730,35,1,2084,0
5731,7,1,2555,0.05
5731,28,1,3031,0
5732,1,1,2760,0.2
5732,42,1,641,0.1
5733,54,2,273,0
5733,24,1,2210,0.1
5733,31,1,3571,0.05
5734,3,1,3882,0.1
5734,27,1,2377,0.05
5734,1,2,2760,0.1
5734,40,1,4298,0
5735,19,1,2578,0.05
5736,59,2,954,0.1
5736,14,1,3770,0.1
5737,57,1,3486,0
5738,7,2,2555,0
5739,44,2,1674,0.05
5739,13,2,283,0.05
5740,51,2,2621,0.05
5740,54,1,273,0.05
5741,22,1,131,0.1
5742,21,1,572,0
5743,41,1,4560,0
5743,15,1,3944,0.1
5743,14,1,3770,0.15
5744,36,1,460,0.05
5744,35,1,2084,0.05
5745,52,1,2641,0.15
5746,7,1,2555,0.05
5746,7,1,2555,0.05
5747,12,2,2578,0.1
5748,20,3,4963,0
5748,30,1,3732,0
5748,52,1,2641,0
5749,31,1,3571,0.15
5749,1,1,2760,0.1
5750,19,1,2578,0.15
5750,37,1,189,0.2
5750,27,3,2377,0
5751,3,1,3882,0.15
5751,5,1,207,0
5752,6,3,3871,0.05
5752,30,3,3732,0.1
5752,8,3,659,0.1
5753,9,2,1527,0
5753,32,1,2083,0.05
5753,9,2,1527,0.1
5753,42,1,641,0
5754,24,1,2210,0.05
5754,43,2,2654,0.05
5754,25,3,938,0.05
5754,59,2,954,0
5755,39,1,765,0
5755,19,2,2578,0.15
5755,52,1,2641,0.15
5755,14,1,3770,0
5756,52,1,2641,0
5757,38,2,976,0
5757,50,1,4645,0.15
5758,56,2,2279,0
5758,3,1,3882,0
5759,3,2,3882,0.05
5759,22,1,131,0.05
5760,20,1,4963,0.1
5761,54,1,273,0
5762,34,1,1026,0
5763,57,1,3486,0.15
5763,42,2,641,0.05
5763,33,1,2132,0.2
5764,28,1,3031,0
5764,6,2,3871,0.05
5764,31,2,3571,0.05
5765,46,1,1604,0.15
5766,45,1,1847,0.05
5766,49,1,2121,0.2
5767,57,1,3486,0.15
5768,43,2,2654,0.2
5768,16,2,2872,0.05
5769,38,1,976,0
5770,44,1,1674,0.05
5770,29,1,410,0.05
5771,17,1,1925,0.05
5771,55,1,4377,0.2
5772,26,2,438,0.1
5773,56,1,2279,0.1
5774,52,1,2641,0.05
5775,51,1,2621,0
5776,38,1,976,0
5776,46,1,1604,0.15
5777,53,1,1408,0.15
5777,23,1,2084,0
5778,19,1,2578,0
5778,9,1,1527,0
5779,55,2,4377,0
5779,33,1,2132,0.05
5780,48,1,4805,0.05
5781,14,1,3770,0.1
5781,12,1,2578,0.05
5782,46,2,1604,0
5783,46,1,1604,0
5784,22,1,131,0.05
5785,23,1,2084,0
5785,17,2,1925,0.1
5785,23,1,2084,0.15
5786,49,1,2121,0
5786,40,1,4298,0
5787,30,1,3732,0
5787,8,1,659,0
5788,21,2,572,0
5788,42,2,641,0
5788,52,1,2641,0.1
5789,26,2,438,0.15
5790,40,1,4298,0
5790,48,2,4805,0.05
5791,34,1,1026,0.1
5791,19,2,2578,0
5792,58,1,124,0
5793,43,1,2654,0.15
5794,52,1,2641,0.05
5794,54,1,273,0
5794,31,1,3571,0
5795,33,1,2132,0.05
5795,16,1,2872,0
5796,52,3,2641,0
5796,22,1,131,0
5796,34,1,1026,0.15
5797,6,1,3871,0
5798,28,1,3031,0.05
5798,39,1,765,0.1
5798,15,1,3944,0
5799,32,1,2083,0
5799,34,1,1026,0.1
5799,44,1,1674,0.15
5800,24,1,2210,0.05
5800,5,1,207,0.15
5801,10,1,3960,0.15
5801,14,1,3770,0.05
5801,2,2,1368,0.05
5802,49,2,2121,0
5803,54,2,273,0
5803,47,3,365,0.05
5804,13,2,283,0
5805,2,1,1368,0.1
5805,32,1,2083,0.05
5806,15,2,3944,0.2
5807,12,1,2578,0
5807,42,2,641,0
5808,22,2,131,0.05
5809,2,1,1368,0
5809,16,1,2872,0
5810,26,1,438,0.05
5811,33,1,2132,0
5811,16,1,2872,0
5812,16,1,2872,0.15
5812,28,2,3031,0.1
5812,31,2,3571,0.1
5812,21,1,572,0.1
5813,24,2,2210,0.15
5813,57,1,3486,0.15
5813,26,2,438,0
5813,2,2,1368,0.15
5814,21,1,572,0.15
5815,34,1,1026,0.05
5816,35,2,2084,0.05
5817,45,2,1847,0
5818,20,1,4963,0.05
5818,6,1,3871,0
5818,10,2,3960,0.05
5819,11,1,4549,0.05
5819,50,1,4645,0.05
5820,42,1,641,0
5820,14,3,3770,0
5820,12,2,2578,0
5820,21,1,572,0.15
5821,18,1,4405,0.15
5821,11,1,4549,0.05
5822,49,1,2121,0.1
5822,60,1,1642,0
5822,57,1,3486,0.1
5823,19,1,2578,0.1
5824,58,1,124,0
5824,30,1,3732,0.1
5824,60,1,1642,0.05
5825,33,1,2132,0.05
5826,3,1,3882,0.05
5826,1,2,2760,0
5827,47,2,365,0
5827,49,1,2121,0.05
5828,54,2,273,0
5828,16,1,2872,0
5828,8,1,659,0.1
5829,20,2,4963,0.2
5829,6,1,3871,0
5829,30,2,3732,0
5830,43,1,2654,0
5830,18,1,4405,0.15
5831,25,1,938,0.05
5831,32,1,2083,0
5832,16,1,2872,0.05
5832,50,1,4645,0.05
5833,19,1,2578,0.1
5834,48,1,4805,0.2
5834,40,1,4298,0.05
5835,32,1,2083,0
5836,16,2,2872,0
5837,28,1,3031,0
5837,53,3,1408,0
5838,44,1,1674,0.1
5839,33,1,2132,0
5839,13,2,283,0.05
5839,38,1,976,0
5840,20,2,4963,0.05
5840,50,1,4645,0.15
5841,30,1,3732,0.1
5842,27,1,2377,0
5843,3,1,3882,0.1
5843,54,1,273,0.15
5844,46,1,1604,0.1
5844,45,1,1847,0.1
5845,48,1,4805,0
5846,29,1,410,0.05
5847,30,1,3732,0.1
5847,35,1,2084,0
5847,33,1,2132,0.05
5847,19,1,2578,0.1
5848,59,1,954,0
5848,56,1,2279,0.05
5848,20,2,4963,0
5849,16,1,2872,0.15
5849,57,1,3486,0.15
5849,1,1,2760,0.1
5850,40,1,4298,0.15
5850,48,1,4805,0
5850,52,1,2641,0.05
5851,46,1,1604,0.05
5852,1,1,2760,0
5853,28,3,3031,0.1
5853,2,1,1368,0.05
5854,34,1,1026,0.1
5854,12,1,2578,0.2
5855,4,1,3867,0.1
5856,32,1,2083,0
5856,42,1,641,0.1
5856,34,2,1026,0
5857,37,1,189,0.05
5857,35,1,2084,0
5858,38,1,976,0
5859,30,1,3732,0
5859,24,1,2210,0
5860,59,2,954,0.05
5860,26,1,438,0.05
5861,56,3,2279,0
5861,7,1,2555,0
5861,50,1,4645,0.1
5862,45,1,1847,0.05
5862,11,1,4549,0.15
5862,18,1,4405,0.1
5863,21,2,572,0
5863,23,2,2084,0
5864,18,2,4405,0
5864,44,1,1674,0.05
5864,39,1,765,0.05
5865,14,1,3770,0.2
5866,59,1,954,0
5867,55,1,4377,0.05
5867,56,1,2279,0.15
5868,15,1,3944,0.05
5869,58,1,124,0
5870,14,1,3770,0.1
5871,56,1,2279,0.2
5871,51,3,2621,0
5871,48,1,4805,0.05
5872,55,1,4377,0.1
5872,55,1,4377,0.15
5873,33,1,2132,0.15
5873,40,1,4298,0
5874,7,1,2555,0.15
5874,1,2,2760,0
5875,40,1,4298,0
5875,10,1,3960,0.05
5875,41,1,4560,0.2
5876,21,1,572,0
5876,10,1,3960,0.2
5877,45,1,1847,0.1
5878,48,1,4805,0.1
5878,5,1,207,0
5879,9,1,1527,0.05
5880,50,1,4645,0.05
5881,36,2,460,0
5881,20,1,4963,0.1
5881,54,1,273,0.1
5882,53,1,1408,0
5882,16,1,2872,0
5882,41,2,4560,0.05
5882,20,1,4963,0.1
5883,31,1,3571,0.05
5884,58,1,124,0
5885,58,2,124,0
5885,32,1,2083,0
5886,41,1,4560,0
5887,49,1,2121,0.1
5887,28,1,3031,0
5888,14,1,3770,0.05
5889,6,1,3871,0.1
5890,7,2,2555,0.15
5891,28,1,3031,0.2
5892,13,1,283,0
5892,17,3,1925,0
5893,8,1,659,0
5893,14,2,3770,0.1
5894,44,1,1674,0.05
5895,46,2,1604,0.1
5896,57,1,3486,0.05
5896,11,2,4549,0.15
5897,13,1,283,0
5898,8,1,659,0.05
5898,17,1,1925,0.05
5898,35,1,2084,0.2
5899,42,1,641,0.05
5900,48,1,4805,0
5900,2,1,1368,0.05
5900,17,2,1925,0.1
5901,2,1,1368,0.15
5901,24,2,2210,0
5902,8,1,659,0
5902,56,1,2279,0
5902,27,1,2377,0
5903,30,3,3732,0.1
5903,28,2,3031,0.05
5903,40,1,4298,0
5903,34,1,1026,0.05
5904,20,1,4963,0.05
5905,24,3,2210,0
5906,42,1,641,0.05
5907,52,1,2641,0
5908,47,1,365,0.05
5908,3,2,3882,0
5908,18,2,4405,0.15
5908,4,1,3867,0
5909,19,1,2578,0
5910,27,1,2377,0.1
5910,21,2,572,0.15
5911,15,1,3944,0
5911,36,1,460,0.1
5911,27,2,2377,0.15
5911,45,1,1847,0
5912,19,3,2578,0
5913,12,2,2578,0.05
5913,36,1,460,0
5914,58,1,124,0
5914,36,1,460,0.1
5915,11,3,4549,0
5915,30,2,3732,0.05
5916,12,2,2578,0
5917,26,2,438,0.05
5917,56,1,2279,0.15
5917,26,1,438,0
5918,50,1,4645,0.05
5918,36,1,460,0
5918,4,1,3867,0
5919,10,1,3960,0.05
5920,29,2,410,0.15
5920,25,1,938,0.05
5920,56,3,2279,0.05
5920,54,2,273,0.05
5921,26,1,438,0
5922,20,1,4963,0.05
5922,3,1,3882,0.2
5923,27,2,2377,0
5923,57,2,3486,0.2
5924,53,3,1408,0.05
5924,54,1,273,0
5925,50,1,4645,0.15
5925,59,1,954,0.05
5925,21,1,572,0.1
5926,21,1,572,0
5926,58,1,124,0.1
5927,24,1,2210,0.1
5927,10,1,3960,0.15
5928,20,1,4963,0
5929,36,1,460,0.15
5930,46,1,1604,0.05
5930,7,1,2555,0.2
5930,8,2,659,0
5931,7,1,2555,0.05
5931,5,1,207,0
5931,4,1,3867,0
5932,19,1,2578,0
5932,10,1,3960,0.05
5933,38,1,976,0
5933,4,1,3867,0
5934,47,1,365,0.05
5935,38,1,976,0.1
5936,12,1,2578,0
5936,31,2,3571,0
5937,33,1,2132,0.05
5937,52,1,2641,0.05
5937,27,1,2377,0.05
5937,33,1,2132,0
5938,52,2,2641,0.1
5938,28,2,3031,0
5939,31,1,3571,0.05
5939,15,3,3944,0
5940,28,1,3031,0.15
5941,13,1,283,0
5942,55,1,4377,0
5943,35,1,2084,0.15
5944,15,1,3944,0.15
5944,46,1,1604,0
5944,7,1,2555,0
5945,30,1,3732,0.05
5946,47,1,365,0
5947,41,1,4560,0.1
5947,15,1,3944,0.15
5947,19,1,2578,0
5948,45,2,1847,0
5948,37,1,189,0.05
5948,41,1,4560,0.2
5948,21,1,572,0.05
5949,28,2,3031,0.1
5949,24,2,2210,0
5949,36,2,460,0
5950,7,1,2555,0.05
5951,43,1,2654,0
5952,49,1,2121,0.05
5953,50,1,4645,0.05
5954,39,1,765,0
5955,59,1,954,0.1
5956,12,2,2578,0
5956,55,1,4377,0.05
5956,6,1,3871,0.05
5957,30,1,3732,0.1
5957,55,1,4377,0.1
5958,38,2,976,0
5959,32,1,2083,0.1
5959,19,1,2578,0
5959,27,1,2377,0.2
5959,43,1,2654,0.1
5960,5,2,207,0.1
5960,27,1,2377,0
5961,33,2,2132,0
5961,27,1,2377,0
5961,20,1,4963,0
5962,29,1,410,0
5962,6,1,3871,0.05
5962,57,2,3486,0.15
5963,43,1,2654,0
5964,40,2,4298,0.05
5964,20,1,4963,0.05
5965,3,1,3882,0.1
5966,34,1,1026,0.05
5967,32,1,2083,0
5967,41,1,4560,0.05
5968,24,1,2210,0.05
5969,13,1,283,0.05
5969,53,1,1408,0
5970,48,2,4805,0
5970,10,1,3960,0
5970,47,1,365,0
5971,37,1,189,0
5971,1,1,2760,0.1
5972,9,1,1527,0.2
5973,58,1,124,0.1
5973,31,1,3571,0.05
5974,53,1,1408,0.2
5975,31,1,3571,0.15
5976,46,1,1604,0
5976,2,1,1368,0
5977,54,2,273,0.1
5978,41,1,4560,0
5979,31,1,3571,0.05
5979,13,1,283,0.2
5980,2,2,1368,0.05
5980,51,2,2621,0.05
5980,6,2,3871,0.05
5981,15,1,3944,0.1
5982,40,1,4298,0.15
5983,57,2,3486,0.1
5984,41,1,4560,0
5985,33,1,2132,0
5986,27,1,2377,0
5986,45,1,1847,0.05
5987,36,1,460,0
5987,25,1,938,0.1
5988,51,1,2621,0
5989,38,1,976,0.05
5990,40,1,4298,0
5991,27,3,2377,0.15
5991,33,2,2132,0
5992,46,1,1604,0
5992,28,1,3031,0.05
5992,9,1,1527,0
5993,16,1,2872,0.05
5993,42,1,641,0.1
5994,58,2,124,0.15
5995,26,1,438,0
5995,59,1,954,0
5996,20,1,4963,0
5997,27,1,2377,0
5997,17,1,1925,0.1
5997,16,1,2872,0
5997,16,1,2872,0
5998,18,1,4405,0.05
5998,18,1,4405,0.05
5999,48,1,4805,0
5999,14,1,3770,0.05
5999,58,1,124,0
6000,55,1,4377,0
6000,43,2,2654,0.1
6000,25,1,938,0
6000,18,2,4405,0
6001,52,1,2641,0
6001,30,1,3732,0
6001,48,1,4805,0.1
6002,43,3,2654,0
6002,41,2,4560,0.05
6003,11,1,4549,0
6003,57,2,3486,0.05
6003,10,2,3960,0
6004,55,1,4377,0
6004,52,1,2641,0.15
6005,60,2,1642,0.1
6006,10,1,3960,0.05
6006,24,2,2210,0
6007,10,1,3960,0.05
6008,39,2,765,0.05
6009,12,1,2578,0
6010,28,2,3031,0
6010,20,1,4963,0.1
6011,47,1,365,0.1
6012,41,1,4560,0.1
6012,4,2,3867,0
6012,14,1,3770,0.1
6013,44,1,1674,0
6013,15,1,3944,0.15
6014,52,1,2641,0.05
6015,51,2,2621,0.05
6015,4,2,3867,0.05
6015,1,1,2760,0.05
6016,1,1,2760,0
6016,22,1,131,0.2
6016,28,1,3031,0.1
6016,51,1,2621,0.05
6017,31,2,3571,0
6018,25,1,938,0
6018,44,1,1674,0
6018,39,1,765,0.1
6019,8,2,659,0
6020,32,1,2083,0
6021,19,1,2578,0.1
6022,30,1,3732,0
6022,11,1,4549,0.15
6023,9,1,1527,0.05
6023,12,1,2578,0.1
6023,24,2,2210,0
6024,12,1,2578,0
6024,3,2,3882,0.1
6025,26,1,438,0
6025,56,1,2279,0.1
6026,60,1,1642,0.05
6026,21,2,572,0.1
6027,60,1,1642,0
6027,59,1,954,0
6028,10,1,3960,0
6029,11,2,4549,0.1
6029,52,1,2641,0
6029,52,1,2641,0.1
6029,3,2,3882,0.1
6030,47,1,365,0.05
6031,27,1,2377,0
6032,32,1,2083,0
6033,30,1,3732,0
6034,7,1,2555,0.1
6035,2,1,1368,0
6036,28,1,3031,0
6036,14,1,3770,0.1
6037,34,1,1026,0.05
6037,33,1,2132,0.05
6037,18,2,4405,0.05
6038,49,1,2121,0.1
6038,50,1,4645,0
6038,40,1,4298,0.1
6039,47,2,365,0.2
6039,10,3,3960,0
6040,19,1,2578,0
6040,21,3,572,0
6040,50,1,4645,0.05
6040,51,1,2621,0
6041,9,2,1527,0.05
6042,50,1,4645,0
6043,8,1,659,0
6044,59,1,954,0.1
6045,31,1,3571,0.1
6046,24,1,2210,0.05
6046,30,1,3732,0.05
6046,11,1,4549,0.05
6047,59,1,954,0
6047,48,1,4805,0
6047,49,1,2121,0
6047,31,1,3571,0
6048,29,1,410,0
6048,58,1,124,0.05
6049,14,1,3770,0
6050,40,1,4298,0
6050,11,1,4549,0
6051,2,1,1368,0
6051,14,1,3770,0
6051,43,2,2654,0.05
6052,40,1,4298,0.1
6052,1,1,2760,0.1
6052,31,3,3571,0
6052,14,1,3770,0
6053,55,3,4377,0
6053,60,2,1642,0
6053,32,1,2083,0.05
6053,51,1,2621,0.15
6054,51,1,2621,0.05
6054,14,1,3770,0.2
6054,38,3,976,0.2
6055,20,1,4963,0
6055,23,1,2084,0.1
6056,49,1,2121,0.05
6057,6,1,3871,0.1
6058,60,1,1642,0
6059,51,1,2621,0
6059,54,1,273,0.1
6060,51,1,2621,0.2
6060,8,1,659,0.05
6061,17,2,1925,0
6061,51,1,2621,0.1
6061,55,3,4377,0
6062,44,1,1674,0.05
6062,16,1,2872,0.05
6062,42,1,641,0
6063,45,1,1847,0
6064,56,2,2279,0.1
6064,42,2,641,0.1
6064,40,1,4298,0.1
6064,10,1,3960,0.15
6065,7,1,2555,0.15
6065,58,1,124,0.1
6066,11,1,4549,0.1
6066,13,1,283,0.05
6067,45,1,1847,0.05
6068,50,1,4645,0.05
6069,52,1,2641,0.05
6069,30,1,3732,0.05
6069,48,1,4805,0.05
6070,55,2,4377,0.1
6071,56,1,2279,0
6071,57,2,3486,0
6072,25,1,938,0.05
6072,47,1,365,0.1
6073,16,2,2872,0
6073,24,1,2210,0
6073,28,2,3031,0
6074,21,1,572,0.05
6075,14,2,3770,0.1
6075,57,1,3486,0
6075,38,1,976,0.05
6075,23,2,2084,0.15
6076,6,1,3871,0.05
6077,3,1,3882,0
6077,6,1,3871,0.1
6078,32,1,2083,0.15
6078,57,1,3486,0
6078,4,2,3867,0.1
6079,35,1,2084,0
6079,33,1,2132,0.15
6080,18,1,4405,0
6080,14,1,3770,0
6081,56,3,2279,0
6081,52,2,2641,0.1
6081,19,2,2578,0.05
6081,29,2,410,0.15
6082,16,1,2872,0.1
6082,21,1,572,0.05
6082,52,1,2641,0
6083,25,1,938,0.1
6084,17,1,1925,0
6084,17,1,1925,0.1
6084,1,1,2760,0.05
6085,46,1,1604,0.05
6086,12,1,2578,0
6087,48,2,4805,0
6087,23,1,2084,0.15
6088,33,1,2132,0
6089,19,1,2578,0.05
6089,38,2,976,0.05
6089,11,1,4549,0
6090,49,2,2121,0.2
6090,15,2,3944,0
6090,49,1,2121,0.15
6090,9,1,1527,0.05
6091,23,1,2084,0.05
6091,31,1,3571,0
6092,16,1,2872,0.2
6092,27,1,2377,0.05
6093,3,1,3882,0.05
6094,31,1,3571,0.05
6095,52,2,2641,0.05
6095,44,3,1674,0
6096,14,1,3770,0
6096,25,1,938,0.2
6097,45,1,1847,0.05
6098,57,1,3486,0.05
6098,27,1,2377,0.1
6099,20,2,4963,0.1
6099,31,1,3571,0
6100,28,1,3031,0
6101,57,1,3486,0
6101,23,1,2084,0.05
6102,6,2,3871,0.1
6103,57,2,3486,0.1
6103,15,1,3944,0
6103,44,3,1674,0
6103,40,1,4298,0
6104,12,1,2578,0.1
6104,44,2,1674,0.05
6105,45,1,1847,0
6105,29,2,410,0
6105,16,1,2872,0.05
6106,3,1,3882,0.1
6107,44,1,1674,0.1
6108,36,1,460,0.05
6109,37,1,189,0
6110,35,1,2084,0
6111,10,1,3960,0
6111,24,1,2210,0.1
6112,56,1,2279,0
6112,49,1,2121,0.1
6113,12,1,2578,0
6114,53,2,1408,0.2
6115,11,1,4549,0
6115,1,1,2760,0.15
6116,43,2,2654,0.1
6116,12,2,2578,0.1
6117,49,2,2121,0.1
6118,20,1,4963,0.05
6119,12,1,2578,0.05
6119,37,3,189,0
6119,54,2,273,0.1
6120,1,1,2760,0.1
6120,47,1,365,0.05
6121,51,1,2621,0
6122,10,1,3960,0
6123,41,1,4560,0.05
6123,27,1,2377,0
6123,5,1,207,0.2
6124,10,3,3960,0.15
6124,9,2,1527,0
6125,8,1,659,0.05
6126,12,1,2578,0
6126,40,2,4298,0.1
6127,25,3,938,0.05
6128,32,1,2083,0
6129,31,1,3571,0.1
6129,51,1,2621,0
6130,26,1,438,0.15
6131,39,1,765,0
6132,30,1,3732,0
6133,42,1,641,0.05
6134,36,1,460,0
6134,23,1,2084,0.15
6134,56,1,2279,0.05
6134,24,1,2210,0
6135,56,1,2279,0.2
6136,2,1,1368,0
6136,10,1,3960,0
6137,4,2,3867,0.05
6137,15,3,3944,0.2
6138,2,2,1368,0.1
6139,30,1,3732,0.1
6140,41,1,4560,0
6140,16,2,2872,0.05
6140,49,1,2121,0
6141,14,1,3770,0.1
6141,50,1,4645,0.1
6141,59,1,954,0.15
6142,33,1,2132,0
6143,16,1,2872,0
6144,17,1,1925,0.1
6145,47,2,365,0
6145,16,1,2872,0.15
6145,42,1,641,0.1
6146,23,1,2084,0.1
6146,43,2,2654,0
6147,16,1,2872,0.15
6148,29,1,410,0.1
6148,58,1,124,0
6148,54,1,273,0.15
6149,37,1,189,0.1
6149,50,1,4645,0.2
6150,22,1,131,0
6151,35,1,2084,0.05
6151,51,1,2621,0.05
6152,53,1,1408,0.1
6152,26,1,438,0.05
6152,7,1,2555,0
6152,46,2,1604,0.05
6153,44,1,1674,0.15
6154,4,1,3867,0.05
6154,19,1,2578,0.1
6154,31,1,3571,0.05
6154,4,1,3867,0.05
6155,3,1,3882,0.05
6156,56,1,2279,0
6156,14,1,3770,0.05
6157,22,1,131,0.05
6158,54,1,273,0.05
6158,35,1,2084,0
6158,21,1,572,0.1
6158,14,1,3770,0
6159,41,1,4560,0
6159,26,1,438,0
6160,20,3,4963,0.05
6160,1,1,2760,0.05
6160,11,2,4549,0
6161,26,1,438,0.15
6162,16,1,2872,0.05
6163,43,1,2654,0
6163,6,1,3871,0
6164,53,1,1408,0
6164,15,1,3944,0.05
6164,18,2,4405,0.1
6165,15,2,3944,0.1
6165,53,1,1408,0
6166,55,1,4377,0.05
6166,51,1,2621,0
6167,17,1,1925,0.1
6168,52,2,2641,0
6168,10,2,3960,0.15
6168,23,2,2084,0.1
6169,8,1,659,0.15
6169,22,1,131,0.05
6169,45,2,1847,0.1
6170,7,2,2555,0
6171,26,1,438,0
6172,1,1,2760,0.1
6172,24,2,2210,0
6172,40,3,4298,0.05
6172,27,1,2377,0.1
6173,17,1,1925,0.1
6174,25,1,938,0.1
6175,55,1,4377,0.1
6176,18,1,4405,0
6176,59,1,954,0.2
6176,3,1,3882,0
6177,31,2,3571,0
6177,10,3,3960,0.15
6177,47,3,365,0
6178,22,1,131,0
6178,36,1,460,0
6179,60,1,1642,0
6180,48,2,4805,0
6180,22,3,131,0.15
6181,20,1,4963,0.05
6182,43,1,2654,0.1
6183,38,1,976,0
6184,2,1,1368,0.2
6184,5,1,207,0
6184,33,1,2132,0.15
6185,39,1,765,0
6185,58,1,124,0
6186,12,2,2578,0
6187,12,1,2578,0.2
6188,20,1,4963,0.05
6188,6,2,3871,0.1
6188,18,1,4405,0
6189,1,3,2760,0
6189,51,3,2621,0.05
6190,4,1,3867,0.05
6190,4,1,3867,0.05
6191,34,2,1026,0
6191,38,1,976,0.05
6192,10,3,3960,0.1
6192,50,1,4645,0.1
6192,39,1,765,0.1
6193,59,2,954,0
6193,20,1,4963,0
6194,10,1,3960,0.15
6194,21,1,572,0
6194,21,2,572,0
6195,15,2,3944,0
6195,46,1,1604,0
6195,22,2,131,0.15
6196,17,1,1925,0
6197,47,2,365,0
6198,9,1,1527,0.15
6199,60,1,1642,0.15
6200,19,1,2578,0.05
6200,38,1,976,0.05
6200,50,1,4645,0
6200,31,1,3571,0.2
6201,45,1,1847,0.1
6201,46,1,1604,0
6201,52,1,2641,0
6202,55,1,4377,0
6202,43,1,2654,0.05
6203,57,2,3486,0.05
6204,9,1,1527,0
6205,1,1,2760,0
6205,60,1,1642,0.2
6206,27,1,2377,0.05
6207,1,1,2760,0
6208,7,2,2555,0.05
6208,1,2,2760,0
6208,32,2,2083,0.05
6208,11,1,4549,0
6209,8,2,659,0
6210,3,1,3882,0
6210,26,1,438,0
6210,24,1,2210,0
6211,28,1,3031,0
6212,14,1,3770,0
6212,47,1,365,0
6212,34,1,1026,0
6213,40,1,4298,0.05
6214,26,2,438,0.05
6215,14,3,3770,0
6215,4,1,3867,0
6216,32,1,2083,0
6216,4,2,3867,0.2
6217,31,1,3571,0
6218,16,2,2872,0.15
6219,31,1,3571,0
6219,12,2,2578,0
6220,3,1,3882,0
6221,44,1,1674,0.2
6221,27,2,2377,0.05
6222,36,1,460,0.05
6223,5,2,207,0
6224,60,1,1642,0
6224,36,1,460,0.1
6225,17,1,1925,0
6225,50,1,4645,0.05
6226,20,1,4963,0.1
6226,36,1,460,0.1
6227,19,1,2578,0.2
6228,37,2,189,0.15
6229,57,1,3486,0.2
6229,33,2,2132,0
6230,38,1,976,0
6230,55,1,4377,0.05
6231,7,1,2555,0
6232,27,1,2377,0
6233,4,1,3867,0
6234,28,2,3031,0.1
6234,9,2,1527,0.2
6235,15,1,3944,0.05
6235,32,1,2083,0.1
6236,6,2,3871,0.15
6237,43,1,2654,0.1
6238,24,1,2210,0.1
6238,56,1,2279,0
6238,12,1,2578,0.15
6238,56,1,2279,0
6239,17,2,1925,0.05
6239,30,1,3732,0
6240,5,2,207,0.1
6240,10,1,3960,0
6241,46,1,1604,0.1
6242,31,2,3571,0
6242,18,2,4405,0.05
6243,2,1,1368,0.1
6243,28,2,3031,0.05
6244,3,1,3882,0
6244,47,1,365,0
6245,40,1,4298,0
6245,27,1,2377,0.15
6246,36,1,460,0
6246,32,1,2083,0.1
6246,25,2,938,0.15
6247,19,3,2578,0.1
6247,8,2,659,0.05
6247,50,1,4645,0.1
6248,32,1,2083,0
6248,54,1,273,0.15
6249,43,1,2654,0.1
6249,51,2,2621,0
6249,41,2,4560,0.05
6250,37,1,189,0
6250,52,1,2641,0.1
6251,14,1,3770,0.1
6251,8,1,659,0
6251,58,1,124,0.05
6251,29,1,410,0.05
6252,46,1,1604,0
6253,8,1,659,0.1
6254,2,1,1368,0.1
6254,8,1,659,0.05
6254,45,1,1847,0.05
6255,36,1,460,0.05
6256,34,1,1026,0
6257,25,1,938,0.05
6258,17,1,1925,0
6259,25,1,938,0.05
6259,45,1,1847,0.1
6259,33,1,2132,0
6260,27,1,2377,0.05
6261,24,1,2210,0
6262,42,2,641,0
6262,1,1,2760,0.15
6262,23,1,2084,0.1
6263,16,2,2872,0.05
6263,59,1,954,0
6263,20,1,4963,0
6264,18,1,4405,0
6265,56,1,2279,0
6266,46,1,1604,0.1
6266,48,1,4805,0
6266,51,1,2621,0
6267,19,1,2578,0
6268,55,1,4377,0.2
6269,34,1,1026,0.1
6270,24,1,2210,0
6270,37,1,189,0.05
6271,48,1,4805,0
6271,51,1,2621,0.05
6272,39,1,765,0.15
6273,27,1,2377,0.1
6274,3,1,3882,0
6274,3,2,3882,0
6275,26,1,438,0.1
6276,46,1,1604,0
6276,17,1,1925,0.05
6277,56,2,2279,0.15
6277,51,1,2621,0.2
6278,57,2,3486,0.2
6279,43,1,2654,0
6280,35,1,2084,0.1
6281,30,1,3732,0.15
6281,4,2,3867,0.05
6281,18,2,4405,0.05
6282,32,1,2083,0
6283,36,1,460,0
6284,39,1,765,0.1
6285,3,3,3882,0
6285,50,3,4645,0
6285,1,1,2760,0
6285,33,1,2132,0
6286,34,1,1026,0.05
6287,27,2,2377,0.15
6287,2,1,1368,0.15
6288,27,1,2377,0.05
6289,28,2,3031,0.1
6290,39,1,765,0.05
6291,5,2,207,0.15
6291,11,1,4549,0.05
6292,54,1,273,0.1
6293,11,1,4549,0.2
6294,19,1,2578,0.1
6294,44,1,1674,0.05
6294,6,1,3871,0.15
6294,46,2,1604,0
6295,53,1,1408,0.15
6296,7,1,2555,0.2
6297,40,1,4298,0.05
6297,34,1,1026,0
6298,24,3,2210,0.1
6299,53,1,1408,0.05
6299,6,1,3871,0.05
6299,54,1,273,0
6299,53,3,1408,0.2
6300,59,1,954,0.1
6301,3,2,3882,0
6302,30,2,3732,0
6302,40,1,4298,0
6303,60,1,1642,0.05
6303,5,1,207,0
6303,7,1,2555,0.05
6303,52,2,2641,0
6304,37,1,189,0
6304,3,1,3882,0.1
6305,12,1,2578,0.15
6305,20,1,4963,0.1
6305,38,1,976,0
6306,4,2,3867,0.15
6306,38,1,976,0
6306,11,1,4549,0
6307,39,1,765,0.05
6307,24,1,2210,0.05
6308,24,1,2210,0
6308,23,1,2084,0.2
6309,52,1,2641,0
6309,30,1,3732,0
6309,7,2,2555,0
6310,18,2,4405,0
6310,19,1,2578,0.1
6310,6,3,3871,0.1
6310,50,2,4645,0.15
6311,18,1,4405,0.15
6312,24,1,2210,0.05
6312,4,1,3867,0
6313,1,1,2760,0
6313,13,2,283,0
6314,49,1,2121,0
6315,55,3,4377,0
6315,58,1,124,0.1
6316,41,1,4560,0
6316,53,2,1408,0.1
6317,51,1,2621,0.05
6318,28,1,3031,0.05
6318,50,1,4645,0.1
6319,59,1,954,0.1
6319,6,1,3871,0
6319,18,1,4405,0.1
6320,13,1,283,0
6320,48,1,4805,0.1
6320,6,2,3871,0.15
6320,21,1,572,0
6321,25,1,938,0
6322,60,1,1642,0
6322,59,1,954,0.05
6323,35,1,2084,0.15
6324,15,1,3944,0
6325,40,3,4298,0.05
6326,40,1,4298,0
6326,19,1,2578,0
6327,41,1,4560,0.15
6327,4,1,3867,0
6328,41,1,4560,0
6329,5,2,207,0
6329,22,1,131,0.05
6330,12,1,2578,0.05
6330,11,2,4549,0
6331,15,1,3944,0.1
6332,22,1,131,0
6332,21,1,572,0.05
6333,55,1,4377,0.05
6334,37,1,189,0.05
6335,19,1,2578,0.2
6336,46,1,1604,0
6337,60,1,1642,0
6337,8,1,659,0.1
6338,3,1,3882,0.15
6339,24,1,2210,0
6340,22,2,131,0.05
6340,21,1,572,0.15
6341,25,1,938,0
6342,43,1,2654,0.05
6343,51,1,2621,0.05
6344,55,1,4377,0
6344,37,1,189,0.2
6345,57,1,3486,0.1
6346,41,1,4560,0.05
6347,17,1,1925,0.15
6347,27,1,2377,0
6347,23,2,2084,0.05
6347,55,1,4377,0
6348,36,3,460,0.1
6349,44,2,1674,0.1
6350,33,2,2132,0.05
6350,15,1,3944,0.05
6351,5,1,207,0
6351,55,1,4377,0
6352,19,1,2578,0.05
6352,32,1,2083,0
6352,14,2,3770,0.1
6352,57,1,3486,0.1
6353,49,1,2121,0.05
6354,39,1,765,0.1
6355,29,1,410,0.2
6356,38,1,976,0
6356,16,1,2872,0
6356,46,1,1604,0
6357,48,2,4805,0.05
6357,22,1,131,0.05
6357,14,2,3770,0.1
6358,4,1,3867,0.15
6358,1,1,2760,0.15
6359,43,1,2654,0.05
6359,51,1,2621,0.05
6360,46,2,1604,0.1
6360,19,2,2578,0.1
6361,41,1,4560,0
6361,35,1,2084,0.15
6361,15,1,3944,0.05
6362,20,1,4963,0.05
6363,46,1,1604,0.1
6364,41,1,4560,0.05
6364,43,1,2654,0
6365,21,1,572,0.05
6365,55,1,4377,0
6366,51,1,2621,0.1
6367,46,1,1604,0.05
6367,41,1,4560,0.1
6367,18,2,4405,0.05
6368,50,1,4645,0
6369,35,1,2084,0.05
6370,35,2,2084,0
6370,40,1,4298,0
6370,43,1,2654,0
6371,4,1,3867,0
6372,55,1,4377,0.2
6372,2,1,1368,0
6372,59,1,954,0
6373,40,1,4298,0
6374,32,1,2083,0.1
6375,29,1,410,0
6376,18,1,4405,0.1
6376,39,1,765,0.05
6377,41,1,4560,0.05
6378,53,1,1408,0.1
6378,16,3,2872,0
6378,18,1,4405,0.1
6379,30,1,3732,0
6379,35,1,2084,0.1
6379,52,1,2641,0.1
6380,58,1,124,0.15
6380,4,1,3867,0.1
6380,48,1,4805,0.2
6381,26,1,438,0
6381,5,1,207,0
6382,45,1,1847,0.05
6383,16,1,2872,0
6384,56,1,2279,0.15
6384,24,1,2210,0
6385,9,1,1527,0.05
6386,51,1,2621,0
6386,29,2,410,0.2
6387,15,1,3944,0.05
6387,29,1,410,0.05
6388,35,1,2084,0.05
6389,14,1,3770,0
6390,20,1,4963,0.15
6390,30,1,3732,0
6390,10,1,3960,0.1
6391,23,1,2084,0.1
6392,49,1,2121,0
6392,12,1,2578,0.15
6392,40,2,4298,0.1
6393,11,1,4549,0
6393,12,3,2578,0.15
6393,14,1,3770,0.15
6394,48,1,4805,0.05
6394,16,1,2872,0
6394,41,2,4560,0
6395,43,1,2654,0.15
6395,3,1,3882,0.1
6395,26,1,438,0
6395,42,3,641,0
6396,37,1,189,0.15
6397,24,1,2210,0.1
6398,47,1,365,0
6398,26,1,438,0
6398,55,1,4377,0
6399,49,1,2121,0
6400,12,2,2578,0
6400,28,2,3031,0.1
6401,25,1,938,0
6402,2,1,1368,0.15
6403,31,1,3571,0
6403,18,1,4405,0.1
6404,31,2,3571,0
6404,10,1,3960,0
6404,47,1,365,0
6405,41,2,4560,0.1
6405,57,1,3486,0
6405,24,1,2210,0.2
6406,43,2,2654,0.1
6407,16,2,2872,0.05
6407,15,1,3944,0.05
6408,50,2,4645,0.05
6409,58,1,124,0.1
6410,43,1,2654,0.05
6410,18,1,4405,0.05
6410,40,1,4298,0
6411,14,1,3770,0.15
6412,31,1,3571,0
6413,32,2,2083,0
6413,54,2,273,0.05
6414,35,1,2084,0.05
6415,25,1,938,0
6415,23,1,2084,0.05
6416,39,1,765,0
6416,9,1,1527,0
6416,54,1,273,0.1
6417,19,1,2578,0
6418,4,1,3867,0
6419,42,1,641,0
6419,27,1,2377,0.05
6420,21,1,572,0.15
6420,10,1,3960,0.05
6421,35,1,2084,0
6422,30,1,3732,0.1
6422,14,2,3770,0.05
6423,18,2,4405,0.1
6423,52,2,2641,0.1
6423,1,1,2760,0
6424,15,1,3944,0.1
6425,57,2,3486,0.05
6425,50,1,4645,0.05
6426,50,1,4645,0.1
6426,4,2,3867,0
6427,31,1,3571,0.05
6427,1,1,2760,0.2
6428,50,1,4645,0.05
6428,30,1,3732,0
6428,39,1,765,0
6429,12,1,2578,0
6429,36,1,460,0.1
6430,27,1,2377,0.05
6431,3,2,3882,0
6431,55,1,4377,0
6432,38,1,976,0.1
6432,40,1,4298,0.05
6433,30,3,3732,0
6434,17,1,1925,0.05
6435,60,1,1642,0.1
6435,7,1,2555,0
6435,43,1,2654,0.05
6436,29,1,410,0
6436,9,1,1527,0
6436,56,1,2279,0
6437,6,1,3871,0
6437,47,1,365,0.05
6438,41,1,4560,0.1
6438,51,1,2621,0.05
6439,45,2,1847,0.05
6439,38,1,976,0
6439,38,1,976,0.15
6439,5,1,207,0.1
6440,41,1,4560,0.05
6441,27,1,2377,0.1
6442,15,1,3944,0
6443,1,1,2760,0
6443,54,2,273,0.05
6443,3,1,3882,0.05
6443,22,1,131,0.2
6444,9,1,1527,0.05
6445,37,2,189,0.05
6445,55,1,4377,0.1
6446,20,1,4963,0.1
6446,54,1,273,0.1
6447,20,1,4963,0
6447,45,1,1847,0
6447,25,1,938,0.1
6448,21,1,572,0
6448,39,1,765,0
6449,33,1,2132,0.05
6449,31,1,3571,0.05
6450,59,1,954,0.1
6450,29,2,410,0
6450,58,1,124,0
6451,44,1,1674,0.15
6451,13,1,283,0.1
6452,15,1,3944,0.15
6452,13,1,283,0.2
6453,19,1,2578,0.2
6453,27,2,2377,0
6453,51,1,2621,0.1
6454,32,3,2083,0.05
6455,55,1,4377,0.15
6455,41,1,4560,0
6456,3,3,3882,0.05
6457,29,1,410,0.15
6457,59,1,954,0.05
6458,50,1,4645,0
6459,45,1,1847,0
6460,4,1,3867,0
6460,53,1,1408,0.05
6461,2,1,1368,0.2
6462,19,1,2578,0
6463,11,3,4549,0
6464,45,2,1847,0.2
6464,59,1,954,0
6465,56,2,2279,0
6465,6,1,3871,0.05
6466,27,1,2377,0.05
6467,56,1,2279,0.05
6467,44,2,1674,0
6468,36,1,460,0.05
6468,18,2,4405,0.15
6468,55,1,4377,0.05
6469,11,1,4549,0.1
6469,58,1,124,0
6469,8,3,659,0
6469,24,1,2210,0.05
6470,30,1,3732,0.1
6470,46,3,1604,0
6470,4,2,3867,0
6470,33,1,2132,0.05
6471,13,1,283,0.1
6471,53,1,1408,0.1
6471,31,1,3571,0
6472,16,1,2872,0.1
6472,29,1,410,0.05
6473,15,2,3944,0.05
6473,53,1,1408,0.1
6474,55,2,4377,0.15
6474,10,1,3960,0
6475,24,3,2210,0
6475,21,1,572,0
6476,38,2,976,0.15
6476,44,2,1674,0.05
6476,12,1,2578,0
6476,44,1,1674,0
6477,14,2,3770,0
6477,9,1,1527,0.05
6478,48,1,4805,0
6479,49,1,2121,0
6480,60,1,1642,0.05
6481,7,1,2555,0
6481,52,2,2641,0
6481,14,1,3770,0
6482,27,1,2377,0.15
6483,50,2,4645,0.15
6483,2,1,1368,0.05
6484,28,2,3031,0.2
6484,16,1,2872,0.1
6485,24,3,2210,0.15
6485,24,1,2210,0.1
6485,20,3,4963,0
6485,8,2,659,0.15
6486,19,1,2578,0
6486,20,2,4963,0.15
6486,50,3,4645,0
6487,51,1,2621,0.1
6487,12,2,2578,0
6488,21,2,572,0
6488,58,1,124,0
6489,51,1,2621,0
6489,30,3,3732,0
6490,31,1,3571,0
6490,47,1,365,0.05
6490,14,1,3770,0
6491,44,1,1674,0
6491,31,1,3571,0
6491,28,1,3031,0
6492,41,2,4560,0.15
6492,16,1,2872,0.15
6493,4,1,3867,0.05
6494,50,1,4645,0.1
6495,46,1,1604,0
6495,17,1,1925,0.05
6495,4,1,3867,0.05
6496,52,1,2641,0.05
6496,8,2,659,0
6496,8,1,659,0
6497,58,1,124,0.1
6498,50,1,4645,0
6499,42,1,641,0
6500,49,1,2121,0
6500,4,2,3867,0
6501,46,1,1604,0.2
6502,31,1,3571,0.05
6502,28,1,3031,0.05
6502,39,1,765,0.1
6503,24,3,2210,0.1
6503,7,1,2555,0.05
6504,4,1,3867,0.05
6504,46,1,1604,0.1
6505,33,2,2132,0
6506,54,2,273,0
6506,14,1,3770,0.05
6507,15,2,3944,0.05
6507,46,1,1604,0.05
6508,25,1,938,0
6508,21,1,572,0.2
6509,41,1,4560,0.15
6510,36,1,460,0.05
6511,23,1,2084,0
6511,47,1,365,0.15
6511,41,1,4560,0
6512,60,1,1642,0
6512,22,1,131,0
6513,15,1,3944,0.1
6514,47,1,365,0
6514,28,2,3031,0.15
6515,33,3,2132,0.15
6516,52,1,2641,0
6517,7,1,2555,0.1
6517,39,1,765,0
6518,18,1,4405,0.05
6518,31,2,3571,0
6519,24,1,2210,0.1
6519,16,1,2872,0.1
6520,12,1,2578,0
6520,53,1,1408,0.15
6521,15,2,3944,0.05
6521,56,1,2279,0.05
6522,47,2,365,0
6523,47,1,365,0
6524,27,1,2377,0.1
6524,24,1,2210,0.2
6525,32,1,2083,0
6525,52,3,2641,0
6525,14,1,3770,0.05
6526,5,1,207,0.15
6526,31,1,3571,0
6527,32,1,2083,0.2
6527,4,2,3867,0.05
6528,3,1,3882,0.15
6529,7,2,2555,0
6530,31,1,3571,0
6531,2,2,1368,0.05
6532,5,1,207,0
6532,4,1,3867,0.1
6533,47,1,365,0
6533,21,1,572,0.15
6533,7,1,2555,0.15
6534,1,1,2760,0.05
6534,6,3,3871,0
6535,4,1,3867,0
6535,29,1,410,0
6536,19,1,2578,0.05
6536,30,1,3732,0.15
6537,42,3,641,0
6538,38,2,976,0
6539,3,1,3882,0.1
6540,11,2,4549,0.1
6540,50,1,4645,0.05
6541,59,1,954,0.05
6542,53,1,1408,0.05
6542,35,1,2084,0.1
6543,7,1,2555,0.15
6544,36,1,460,0
6544,43,1,2654,0
6544,8,1,659,0
6545,19,1,2578,0.05
6545,44,3,1674,0.05
6545,31,1,3571,0.15
6545,4,2,3867,0.1
6546,30,2,3732,0.05
6547,29,2,410,0.15
6548,25,2,938,0
6549,36,2,460,0
6549,17,2,1925,0.05
6549,4,2,3867,0.05
6549,55,2,4377,0.1
6550,21,2,572,0
6551,29,1,410,0.1
6551,25,1,938,0.1
6551,55,1,4377,0.05
6552,20,2,4963,0.05
6552,21,2,572,0
6553,12,3,2578,0.1
6553,22,1,131,0
6554,14,1,3770,0
6555,59,1,954,0.05
6556,11,3,4549,0.1
6556,24,1,2210,0.1
6556,29,1,410,0.15
6556,30,2,3732,0
6557,49,1,2121,0.15
6557,17,1,1925,0.05
6558,54,1,273,0
6558,44,1,1674,0.1
6558,6,1,3871,0
6559,46,2,1604,0
6559,26,1,438,0
6559,8,1,659,0.05
6560,38,1,976,0
6561,19,1,2578,0.15
6561,27,2,2377,0.1
6561,36,1,460,0.05
6562,13,2,283,0
6563,36,1,460,0.1
6563,50,1,4645,0.15
6564,46,1,1604,0.05
6565,41,3,4560,0.1
6565,22,2,131,0
6565,59,2,954,0
6565,37,1,189,0
6566,28,1,3031,0.1
6566,36,1,460,0.2
6567,31,1,3571,0.05
6567,48,1,4805,0.05
6568,45,3,1847,0.1
6568,31,1,3571,0.1
6569,37,1,189,0.05
6570,22,1,131,0.15
6571,56,1,2279,0.1
6571,55,2,4377,0.05
6572,14,1,3770,0
6572,41,1,4560,0.15
6573,18,1,4405,0.15
6573,45,1,1847,0.05
6574,4,1,3867,0.2
6575,16,1,2872,0
6575,18,1,4405,0.2
6576,10,1,3960,0.05
6576,41,1,4560,0.1
6576,41,2,4560,0
6577,54,1,273,0
6578,5,1,207,0
6579,1,1,2760,0
6580,37,1,189,0.05
6580,13,2,283,0.05
6580,52,2,2641,0
6581,58,2,124,0
6582,31,1,3571,0.05
6582,31,1,3571,0.05
6582,16,1,2872,0.05
6582,43,2,2654,0.05
6583,43,1,2654,0.05
6584,58,1,124,0.1
6584,4,1,3867,0
6585,51,2,2621,0
6585,14,1,3770,0.05
6586,32,2,2083,0
6587,21,1,572,0.1
6588,51,1,2621,0.15
6588,11,1,4549,0
6589,10,1,3960,0
6589,18,1,4405,0
6589,25,1,938,0.15
6589,1,1,2760,0
6590,34,1,1026,0.2
6591,55,2,4377,0
6592,49,1,2121,0
6593,38,1,976,0
6593,29,2,410,0
6594,50,1,4645,0
6594,50,1,4645,0.1
6595,58,1,124,0.1
6596,6,1,3871,0.2
6597,18,1,4405,0.1
6597,16,1,2872,0
6597,18,2,4405,0.05
6598,3,1,3882,0.1
6598,43,1,2654,0.05
6599,32,1,2083,0
6599,50,1,4645,0.1
6599,43,1,2654,0.05
6600,18,3,4405,0.1
6600,25,1,938,0.1
6600,50,1,4645,0.05
6601,18,1,4405,0.15
6601,7,1,2555,0
6602,53,2,1408,0.05
6603,5,2,207,0.05
6603,13,1,283,0.15
6603,47,1,365,0
6604,13,1,283,0.2
6604,36,1,460,0
6605,50,1,4645,0.1
6605,53,1,1408,0
6605,41,2,4560,0.1
6606,55,1,4377,0
6607,48,1,4805,0
6607,37,2,189,0
6608,28,1,3031,0.1
6608,40,1,4298,0.1
6608,6,1,3871,0.1
6608,43,1,2654,0
6609,53,1,1408,0.05
6609,57,1,3486,0.1
6610,53,1,1408,0.05
6611,18,1,4405,0
6612,54,1,273,0
6613,53,1,1408,0
6614,58,1,124,0.05
6614,12,1,2578,0
6615,49,1,2121,0
6616,27,1,2377,0.1
6617,53,1,1408,0.05
6618,54,1,273,0.1
6619,47,1,365,0
6620,47,1,365,0
6621,6,2,3871,0.1
6622,46,2,1604,0.2
6623,38,1,976,0
6623,58,1,124,0.1
6624,60,1,1642,0
6624,41,2,4560,0.15
6625,60,1,1642,0
6626,45,2,1847,0.05
6626,6,1,3871,0.1
6627,3,1,3882,0.05
6628,37,1,189,0.05
6629,11,1,4549,0.05
6629,6,1,3871,0.15
6630,50,1,4645,0.15
6630,56,1,2279,0.1
6631,54,1,273,0
6632,60,1,1642,0.1
6632,24,3,2210,0.15
6632,6,3,3871,0.05
6632,1,1,2760,0
6633,57,1,3486,0.05
6633,12,2,2578,0.1
6634,19,1,2578,0
6635,43,1,2654,0.1
6636,41,1,4560,0.1
6636,52,3,2641,0.1
6636,57,1,3486,0
6637,24,1,2210,0.15
6637,12,1,2578,0
6637,16,3,2872,0.05
6638,44,1,1674,0.05
6638,19,1,2578,0.1
6638,7,2,2555,0
6639,27,1,2377,0.15
6639,43,1,2654,0
6639,51,1,2621,0.2
6640,50,1,4645,0.05
6640,18,3,4405,0.1
6641,9,1,1527,0
6641,51,1,2621,0.15
6642,20,1,4963,0.2
6643,48,1,4805,0
6643,30,1,3732,0
6644,59,1,954,0.2
6644,1,1,2760,0
6644,22,3,131,0.05
6645,32,1,2083,0
6645,50,2,4645,0
6645,29,1,410,0
6646,11,2,4549,0.05
6647,50,1,4645,0.15
6648,48,1,4805,0
6648,53,2,1408,0
6649,4,1,3867,0.1
6650,38,1,976,0.05
6650,54,1,273,0.1
6650,29,2,410,0
6651,4,1,3867,0.1
6651,29,1,410,0
6652,59,1,954,0.2
6652,16,1,2872,0
6653,44,1,1674,0.1
6653,35,1,2084,0.2
6654,56,3,2279,0.1
6655,32,1,2083,0
6656,39,1,765,0
6657,9,1,1527,0
6658,33,1,2132,0.1
6658,46,1,1604,0.1
6659,31,1,3571,0.05
6659,43,2,2654,0
6660,4,3,3867,0
6661,47,1,365,0.05
6661,28,1,3031,0.15
6661,4,1,3867,0.1
6662,41,2,4560,0.1
6662,56,1,2279,0.05
6662,33,2,2132,0.05
6662,13,1,283,0.15
6663,55,1,4377,0.05
6664,14,1,3770,0
6665,2,1,1368,0
6665,57,1,3486,0.1
6666,48,1,4805,0.2
6666,48,2,4805,0.1
6666,24,1,2210,0
6667,50,2,4645,0
6667,6,2,3871,0.2
6667,12,1,2578,0.05
6668,28,1,3031,0
6668,14,1,3770,0.05
6669,20,1,4963,0.05
6669,33,1,2132,0.2
6670,41,1,4560,0
6670,13,1,283,0.05
6670,54,1,273,0
6671,36,1,460,0.1
6671,20,2,4963,0
6671,33,3,2132,0.1
6672,20,1,4963,0.1
6672,18,1,4405,0
6672,6,1,3871,0
6673,24,2,2210,0.1
6674,43,1,2654,0.05
6674,60,1,1642,0
6675,3,1,3882,0.15
6675,48,3,4805,0.1
6675,52,1,2641,0
6676,11,1,4549,0.05
6676,38,3,976,0
6677,33,1,2132,0.15
6677,13,1,283,0
6677,30,1,3732,0
6678,6,1,3871,0
6679,11,1,4549,0.05
6680,20,1,4963,0
6680,42,1,641,0
6681,31,2,3571,0.15
6681,27,1,2377,0.2
6682,8,1,659,0.1
6683,16,3,2872,0
6683,54,1,273,0.15
6684,40,1,4298,0.05
6684,6,2,3871,0
6685,55,1,4377,0.05
6685,30,3,3732,0
6685,28,1,3031,0.05
6686,34,2,1026,0.2
6686,55,2,4377,0.1
6687,44,1,1674,0.15
6688,36,2,460,0.2
6689,40,1,4298,0.1
6690,1,1,2760,0
6691,39,1,765,0.15
6692,50,1,4645,0.05
6692,33,1,2132,0
6692,48,2,4805,0.05
6693,43,1,2654,0.05
6693,2,1,1368,0
6694,26,1,438,0.05
6694,11,1,4549,0
6695,39,2,765,0.15
6696,41,1,4560,0
6697,43,1,2654,0
6697,11,1,4549,0
6697,43,1,2654,0.1
6698,28,1,3031,0.05
6699,17,1,1925,0
6699,52,1,2641,0.05
6699,10,1,3960,0.15
6699,12,1,2578,0.05
6700,58,1,124,0.05
6700,1,1,2760,0
6700,59,3,954,0.2
6701,22,1,131,0
6702,4,1,3867,0
6702,43,1,2654,0.1
6703,35,2,2084,0.1
6703,11,2,4549,0
6703,14,1,3770,0.2
6704,17,1,1925,0
6705,3,1,3882,0
6706,32,1,2083,0.1
6706,4,1,3867,0.2
6707,50,1,4645,0.05
6707,7,1,2555,0.05
6708,25,1,938,0.1
6709,19,1,2578,0
6710,52,2,2641,0.2
6711,6,1,3871,0.05
6711,55,1,4377,0
6711,28,1,3031,0.05
6712,54,2,273,0
6713,10,1,3960,0.1
6714,39,1,765,0.1
6715,4,2,3867,0
6715,26,1,438,0.1
6716,30,2,3732,0
6716,44,2,1674,0
6717,10,1,3960,0
6718,18,1,4405,0
6718,21,1,572,0.15
6718,23,1,2084,0.1
6719,19,1,2578,0
6719,51,1,2621,0.05
6720,45,1,1847,0.1
6720,15,1,3944,0.15
6721,26,1,438,0.1
6722,37,2,189,0.15
6722,54,1,273,0
6722,45,1,1847,0
6723,30,1,3732,0.1
6723,9,1,1527,0.1
6723,21,1,572,0.1
6724,52,2,2641,0
6724,15,2,3944,0
6725,45,2,1847,0.05
6726,48,1,4805,0.05
6727,42,1,641,0.1
6728,7,1,2555,0.1
6729,21,1,572,0.1
6729,36,1,460,0
6729,31,1,3571,0
6730,53,1,1408,0
6730,4,1,3867,0.05
6730,40,3,4298,0.2
6731,20,1,4963,0
6731,9,1,1527,0
6732,10,1,3960,0.05
6732,56,2,2279,0.2
6733,40,1,4298,0.1
6733,40,1,4298,0
6733,18,1,4405,0
6733,52,1,2641,0
6734,39,1,765,0
6735,26,2,438,0.05
6735,24,2,2210,0
6736,4,1,3867,0
6737,21,1,572,0
6737,15,1,3944,0
6738,59,1,954,0
6738,24,2,2210,0
6738,41,3,4560,0.1
6738,5,1,207,0.05
6739,38,1,976,0.05
6739,27,1,2377,0.1
6739,20,1,4963,0.05
6740,34,1,1026,0.15
6740,24,2,2210,0.05
6741,57,1,3486,0
6741,9,1,1527,0
6742,5,2,207,0.1
6742,12,1,2578,0
6743,4,1,3867,0
6744,42,1,641,0.2
6744,32,1,2083,0.1
6744,13,1,283,0
6745,18,1,4405,0.05
6746,54,1,273,0.15
6746,15,1,3944,0.05
6747,4,1,3867,0
6747,45,1,1847,0.1
6747,37,2,189,0.2
6748,28,1,3031,0
6748,5,1,207,0
6749,44,1,1674,0.05
6749,14,2,3770,0.05
6750,22,1,131,0.05
6750,10,1,3960,0
6750,9,1,1527,0
6751,59,1,954,0.05
6751,3,1,3882,0.05
6752,9,3,1527,0
6752,7,1,2555,0.05
6753,44,1,1674,0.05
6753,33,1,2132,0.05
6754,13,1,283,0
6755,21,1,572,0
6755,36,1,460,0.05
6756,20,1,4963,0.2
6757,21,1,572,0
6757,20,1,4963,0.05
6757,42,1,641,0
6758,14,2,3770,0
6758,24,2,2210,0.05
6758,12,1,2578,0.05
6759,23,1,2084,0.1
6759,48,1,4805,0.05
6760,36,2,460,0.1
6760,32,1,2083,0.05
6761,40,2,4298,0.05
6761,26,2,438,0.05
6761,20,1,4963,0
6762,26,1,438,0.2
6762,53,1,1408,0.05
6762,11,2,4549,0.05
6763,38,1,976,0.1
6764,49,1,2121,0
6764,50,1,4645,0.05
6765,50,1,4645,0.05
6765,11,2,4549,0.15
6765,28,2,3031,0.1
6766,47,1,365,0.05
6767,34,1,1026,0.15
6768,27,1,2377,0
6768,10,2,3960,0.05
6769,20,2,4963,0.05
6769,52,1,2641,0.1
6770,57,1,3486,0.2
6771,18,1,4405,0
6771,29,1,410,0.05
6772,22,1,131,0
6773,40,1,4298,0
6773,27,1,2377,0.1
6773,36,2,460,0
6774,43,1,2654,0.05
6774,40,1,4298,0.05
6775,54,1,273,0.05
6775,25,1,938,0.05
6776,45,1,1847,0.1
6776,11,1,4549,0.1
6777,48,1,4805,0.05
6777,41,1,4560,0
6777,16,2,2872,0.1
6778,12,2,2578,0.15
6778,36,1,460,0.1
6779,58,1,124,0
6779,31,1,3571,0
6779,50,1,4645,0.1
6780,44,1,1674,0
6781,46,1,1604,0.1
6781,49,1,2121,0
6782,51,1,2621,0.1
6783,31,2,3571,0.05
6784,43,2,2654,0.15
6784,11,2,4549,0
6785,22,1,131,0.15
6785,48,2,4805,0
6785,57,1,3486,0.1
6785,5,3,207,0.1
6786,4,3,3867,0.15
6786,37,1,189,0
6787,20,2,4963,0
6787,55,1,4377,0
6788,41,1,4560,0
6788,26,1,438,0
6789,3,2,3882,0.1
6790,56,1,2279,0.2
6791,54,3,273,0
6791,36,1,460,0.05
6791,12,1,2578,0
6791,29,1,410,0.1
6792,53,1,1408,0
6793,7,2,2555,0
6793,9,1,1527,0.05
6793,51,1,2621,0
6793,33,1,2132,0.05
6794,50,1,4645,0.05
6795,56,1,2279,0
6795,10,1,3960,0.1
6796,37,1,189,0.1
6797,17,1,1925,0.1
6797,50,1,4645,0.1
6797,29,1,410,0
6798,4,1,3867,0.2
6798,56,1,2279,0
6799,52,2,2641,0.05
6799,17,2,1925,0.1
6799,46,1,1604,0.05
6800,26,1,438,0.15
6800,53,1,1408,0.05
6800,58,1,124,0.15
6800,1,1,2760,0.15
6801,27,1,2377,0
6802,5,1,207,0
6802,28,3,3031,0.1
6802,46,2,1604,0.05
6803,16,1,2872,0
6803,17,2,1925,0.15
6803,33,1,2132,0.1
6804,35,1,2084,0
6805,15,2,3944,0
6805,9,1,1527,0.05
6806,7,1,2555,0
6806,23,1,2084,0
6807,54,1,273,0
6808,36,1,460,0
6809,55,1,4377,0.05
6810,14,1,3770,0
6810,56,1,2279,0.1
6811,12,1,2578,0.15
6812,20,1,4963,0.05
6812,2,2,1368,0
6813,4,3,3867,0
6813,56,1,2279,0
6813,24,1,2210,0.15
6813,30,1,3732,0.05
6814,52,3,2641,0.15
6814,31,1,3571,0.05
6814,55,2,4377,0
6814,37,3,189,0
6815,28,3,3031,0.1
6815,10,3,3960,0
6816,51,2,2621,0.05
6816,21,1,572,0.05
6816,54,1,273,0.05
6817,7,1,2555,0.2
6817,50,1,4645,0.15
6817,27,1,2377,0
6818,35,1,2084,0
6819,27,1,2377,0
6819,27,1,2377,0.05
6819,6,1,3871,0
6820,57,1,3486,0.1
6820,43,1,2654,0
6821,43,1,2654,0.05
6821,11,2,4549,0.05
6822,3,1,3882,0
6822,32,1,2083,0.1
6822,41,2,4560,0
6823,31,1,3571,0.05
6824,19,1,2578,0.2
6824,11,2,4549,0.05
6825,5,2,207,0
6826,14,2,3770,0.2
6826,36,1,460,0
6827,25,1,938,0.05
6828,4,1,3867,0
6829,19,1,2578,0.05
6830,7,1,2555,0.1
6830,35,1,2084,0.05
6830,53,1,1408,0.15
6830,57,1,3486,0.2
6831,51,1,2621,0.2
6832,57,1,3486,0.2
6833,5,1,207,0
6833,8,1,659,0
6834,47,1,365,0.05
6834,51,1,2621,0
6834,56,2,2279,0
6835,15,3,3944,0.05
6835,50,2,4645,0
6835,25,1,938,0.15
6836,44,1,1674,0.1
6837,12,2,2578,0.05
6837,51,1,2621,0
6838,46,2,1604,0.05
6838,26,3,438,0.1
6839,5,2,207,0
6840,52,2,2641,0.1
6840,11,2,4549,0
6840,28,1,3031,0
6840,24,1,2210,0
6841,38,1,976,0.15
6842,20,2,4963,0
6842,18,2,4405,0
6842,3,2,3882,0
6843,51,1,2621,0.05
6844,16,1,2872,0
6845,19,1,2578,0
6846,22,3,131,0
6847,33,1,2132,0.1
6848,27,2,2377,0.05
6849,6,2,3871,0.05
6849,56,1,2279,0.05
6850,24,2,2210,0
6850,6,2,3871,0
6850,1,1,2760,0.05
6850,15,1,3944,0.1
6851,47,1,365,0
6852,48,1,4805,0
6853,13,1,283,0.1
6853,11,1,4549,0.05
6853,50,1,4645,0.1
6854,7,1,2555,0.1
6854,17,1,1925,0.05
6855,2,1,1368,0
6856,24,1,2210,0.15
6857,10,2,3960,0.1
6858,34,2,1026,0.1
6858,11,2,4549,0
6859,33,2,2132,0.1
6860,14,1,3770,0.15
6861,30,1,3732,0.05
6861,29,1,410,0.05
6861,7,1,2555,0
6861,13,2,283,0.05
6862,57,1,3486,0.2
6863,3,1,3882,0
6863,3,1,3882,0.2
6864,42,1,641,0.15
6865,29,1,410,0.05
6865,50,1,4645,0.15
6866,30,2,3732,0.05
6867,53,1,1408,0
6868,11,1,4549,0.1
6869,9,1,1527,0.05
6869,26,1,438,0
6870,11,1,4549,0.15
6871,10,1,3960,0.05
6871,56,2,2279,0
6871,5,2,207,0.05
6872,27,1,2377,0
6873,45,1,1847,0
6873,51,1,2621,0.05
6874,54,2,273,0.15
6875,57,2,3486,0.2
6875,3,1,3882,0.15
6875,22,1,131,0.05
6875,4,1,3867,0.05
6876,60,1,1642,0
6876,19,1,2578,0
6876,19,2,2578,0.05
6877,10,1,3960,0.1
6877,27,1,2377,0
6878,9,2,1527,0.15
6879,28,1,3031,0.05
6879,11,2,4549,0.05
6880,60,3,1642,0
6880,21,1,572,0
6881,15,1,3944,0.05
6882,10,1,3960,0.1
6882,9,1,1527,0.05
6882,54,1,273,0.05
6883,35,1,2084,0.1
6884,33,2,2132,0.15
6885,60,1,1642,0.1
6886,4,2,3867,0.05
6887,59,1,954,0.1
6888,49,1,2121,0
6889,18,2,4405,0
6889,55,1,4377,0.1
6890,46,1,1604,0.05
6890,10,1,3960,0.1
6891,25,1,938,0.15
6891,37,2,189,0
6892,15,1,3944,0.1
6892,19,1,2578,0
6892,6,1,3871,0.05
6893,21,1,572,0
6893,51,1,2621,0.05
6894,3,3,3882,0.05
6895,38,2,976,0.05
6896,55,1,4377,0.1
6897,15,2,3944,0.1
6897,19,2,2578,0
6897,50,2,4645,0.05
6897,19,2,2578,0
6898,40,1,4298,0
6899,15,1,3944,0
6900,4,1,3867,0.2
6901,6,1,3871,0.1
6901,42,1,641,0.2
6901,54,1,273,0.05
6902,44,2,1674,0.1
6902,37,1,189,0
6902,56,2,2279,0.05
6902,26,1,438,0
6903,53,1,1408,0
6904,16,1,2872,0
6904,1,2,2760,0.15
6905,50,1,4645,0.05
6906,40,1,4298,0.05
6906,1,1,2760,0.1
6906,2,1,1368,0
6906,41,1,4560,0.1
6907,17,1,1925,0.1
6907,47,1,365,0.1
6908,51,1,2621,0
6908,5,1,207,0.15
6909,41,1,4560,0
6910,48,1,4805,0
6910,5,1,207,0.1
6911,31,1,3571,0.05
6911,59,3,954,0
6912,4,2,3867,0.1
6912,31,1,3571,0
6912,34,2,1026,0.05
6913,50,1,4645,0
6913,59,2,954,0.05
6913,27,2,2377,0.15
6914,10,1,3960,0
6915,24,1,2210,0
6915,48,1,4805,0.05
6916,11,1,4549,0.1
6916,6,1,3871,0.1
6917,52,1,2641,0.2
6917,36,1,460,0
6917,16,1,2872,0
6918,37,1,189,0.05
6919,4,1,3867,0.05
6920,15,2,3944,0
6920,3,2,3882,0.05
6921,24,1,2210,0
6921,24,2,2210,0
6922,11,1,4549,0
6922,23,1,2084,0.05
6923,10,1,3960,0
6924,6,2,3871,0.05
6924,3,1,3882,0.1
6925,26,3,438,0
6926,12,1,2578,0.1
6926,60,1,1642,0
6927,30,1,3732,0.1
6927,1,1,2760,0
6928,43,2,2654,0.15
6928,30,1,3732,0
6929,1,1,2760,0.15
6930,28,1,3031,0
6930,38,2,976,0.1
6931,41,1,4560,0.15
6932,30,1,3732,0.05
6933,54,1,273,0
6934,13,1,283,0.1
6934,58,1,124,0
6934,28,1,3031,0
6935,47,1,365,0.05
6935,58,1,124,0
6936,60,1,1642,0
6936,19,1,2578,0
6937,4,1,3867,0
6938,6,3,3871,0
6938,56,1,2279,0.1
6938,27,1,2377,0.15
6938,24,1,2210,0.1
6939,58,3,124,0.05
6939,45,1,1847,0.05
6940,4,1,3867,0.2
6941,35,1,2084,0
6942,10,1,3960,0
6942,10,1,3960,0
6943,40,1,4298,0
6944,50,1,4645,0.1
6945,30,2,3732,0
6945,55,2,4377,0
6946,52,1,2641,0
6947,29,1,410,0.1
6947,21,1,572,0
6948,51,1,2621,0.15
6948,43,1,2654,0
6949,4,1,3867,0
6949,27,1,2377,0
6950,23,1,2084,0
6950,4,1,3867,0.05
6951,8,1,659,0.15
6952,12,1,2578,0.15
6952,37,1,189,0.05
6953,55,1,4377,0.15
6953,51,1,2621,0.05
6953,56,1,2279,0.05
6954,54,1,273,0
6955,46,1,1604,0.1
6955,35,1,2084,0
6956,35,1,2084,0.15
6956,29,1,410,0.05
6957,11,1,4549,0.15
6958,1,1,2760,0.15
6958,32,1,2083,0.15
6959,18,2,4405,0.1
6960,56,2,2279,0.1
6960,17,1,1925,0.1
6961,9,1,1527,0.15
6961,33,1,2132,0.1
6962,51,1,2621,0.1
6962,51,2,2621,0
6962,16,1,2872,0.05
6962,24,1,2210,0.2
6963,31,1,3571,0.1
6964,44,1,1674,0
6965,55,1,4377,0.2
6965,5,1,207,0.2
6966,49,3,2121,0
6966,33,3,2132,0.15
6966,55,1,4377,0.05
6967,5,2,207,0.1
6968,48,1,4805,0.05
6968,47,2,365,0
6968,3,1,3882,0.1
6969,5,2,207,0.2
6969,42,1,641,0.05
6970,48,2,4805,0.1
6970,51,1,2621,0.1
6970,24,2,2210,0
6970,41,2,4560,0.2
6971,58,2,124,0.05
6972,10,1,3960,0.05
6972,41,2,4560,0.15
6973,31,1,3571,0
6974,32,1,2083,0
6975,59,2,954,0.1
6975,10,1,3960,0.05
6976,51,1,2621,0
6977,7,1,2555,0.1
6977,20,1,4963,0
6977,30,1,3732,0
6978,45,1,1847,0
6978,11,2,4549,0
6978,35,1,2084,0.05
6979,48,1,4805,0.05
6979,43,1,2654,0
6980,49,1,2121,0.2
6980,19,2,2578,0.15
6981,16,1,2872,0
6981,55,1,4377,0.15
6981,28,1,3031,0.2
6982,51,3,2621,0
6982,18,3,4405,0
6982,41,2,4560,0.1
6983,23,1,2084,0
6983,45,1,1847,0
6984,53,1,1408,0.2
6985,28,1,3031,0
6986,29,1,410,0
6987,1,1,2760,0.15
6988,33,1,2132,0.1
6988,30,1,3732,0.15
6988,20,1,4963,0.1
6989,7,1,2555,0.1
6990,22,1,131,0
6990,44,1,1674,0.05
6991,31,1,3571,0.05
6991,28,2,3031,0.1
6992,53,1,1408,0
6993,50,1,4645,0
6993,8,1,659,0
6994,33,1,2132,0.15
6995,28,1,3031,0.05
6996,16,1,2872,0
6996,60,1,1642,0.05
6997,25,1,938,0.1
6997,29,1,410,0.1
6997,21,1,572,0.05
6997,25,1,938,0.15
6998,51,2,2621,0
6998,15,2,3944,0.15
6998,8,2,659,0.05
6999,53,1,1408,0
7000,15,1,3944,0
7001,38,3,976,0.15
7002,46,1,1604,0.05
7002,55,2,4377,0.1
7003,11,1,4549,0
7003,18,1,4405,0.05
7003,57,1,3486,0.05
7004,24,1,2210,0
7005,4,1,3867,0.05
7005,47,1,365,0
7006,44,1,1674,0.1
7007,27,3,2377,0.1
7007,48,2,4805,0.05
7008,32,1,2083,0.1
7009,55,1,4377,0.1
7009,57,1,3486,0.05
7010,42,1,641,0
7010,58,2,124,0
7011,18,2,4405,0
7012,14,1,3770,0
7012,5,1,207,0
7013,43,1,2654,0
7013,10,1,3960,0.15
7013,39,1,765,0
7014,44,2,1674,0
7014,56,3,2279,0.15
7015,48,3,4805,0.1
7015,27,1,2377,0.05
7015,20,2,4963,0.1
7015,3,1,3882,0.15
7016,38,1,976,0.05
7017,47,1,365,0
7018,44,1,1674,0
7018,45,1,1847,0
7019,60,1,1642,0
7019,59,1,954,0
7020,15,1,3944,0.2
7021,19,1,2578,0
7021,54,1,273,0
7022,30,2,3732,0.05
7022,31,1,3571,0.15
7023,5,2,207,0.05
7024,42,1,641,0.05
7024,52,1,2641,0.2
7024,8,1,659,0
7025,45,1,1847,0.05
7025,7,2,2555,0.1
7026,54,1,273,0.1
7027,55,1,4377,0.1
7027,45,1,1847,0.1
7028,27,2,2377,0.05
7029,15,1,3944,0.1
7029,32,1,2083,0.1
7029,35,1,2084,0.1
7030,26,1,438,0.1
7031,41,1,4560,0.15
7032,26,2,438,0
7032,14,1,3770,0.05
7033,2,1,1368,0.2
7033,9,1,1527,0
7034,22,1,131,0
7034,27,1,2377,0.2
7034,14,1,3770,0.1
7035,36,2,460,0
7035,24,1,2210,0
7035,24,1,2210,0.05
7036,18,1,4405,0.05
7036,50,2,4645,0.15
7037,14,1,3770,0
7038,15,1,3944,0.1
7039,21,2,572,0
7039,26,1,438,0.2
7039,49,1,2121,0
7039,44,2,1674,0.1
7040,10,1,3960,0.1
7040,43,3,2654,0.05
7040,46,1,1604,0.05
7040,12,3,2578,0
7041,30,2,3732,0.05
7041,29,1,410,0.05
7042,2,1,1368,0.05
7042,37,1,189,0
7042,20,1,4963,0.15
7043,45,1,1847,0
7044,4,1,3867,0
7044,40,1,4298,0
7045,52,1,2641,0
7045,19,1,2578,0.05
7045,14,1,3770,0.1
7046,10,2,3960,0
7046,32,2,2083,0.05
7046,60,2,1642,0
7047,17,2,1925,0.15
7048,33,1,2132,0
7048,56,1,2279,0.05
7049,56,1,2279,0.2
7050,49,1,2121,0.1
7050,54,1,273,0
7051,52,1,2641,0.1
7052,1,1,2760,0.15
7053,32,1,2083,0.1
7054,44,1,1674,0.1
7054,10,1,3960,0.1
7055,6,1,3871,0
7056,18,1,4405,0
7056,31,2,3571,0
7057,38,1,976,0.1
7058,9,1,1527,0.2
7058,52,1,2641,0.1
7058,13,1,283,0
7059,20,1,4963,0.15
7060,19,1,2578,0
7060,59,1,954,0.15
7061,44,1,1674,0.2
7062,52,3,2641,0
7063,49,2,2121,0.1
7064,33,2,2132,0.1
7064,51,2,2621,0.05
7065,1,2,2760,0.05
7066,11,2,4549,0
7067,24,1,2210,0
7068,9,1,1527,0.15
7068,28,1,3031,0.05
7069,51,1,2621,0
7070,58,1,124,0.05
7071,6,1,3871,0
7071,35,1,2084,0
7072,56,1,2279,0.1
7072,55,1,4377,0
7072,44,1,1674,0.2
7072,48,1,4805,0
7073,5,1,207,0
7073,54,1,273,0
7074,36,1,460,0
7074,39,1,765,0
7075,57,1,3486,0.05
7076,20,2,4963,0.1
7076,15,1,3944,0
7077,32,2,2083,0.05
7078,5,1,207,0.2
7078,33,1,2132,0.2
7078,55,1,4377,0
7079,46,1,1604,0
7079,30,1,3732,0.05
7079,19,1,2578,0.1
7079,24,1,2210,0.05
7080,6,2,3871,0.05
7080,44,1,1674,0
7081,4,1,3867,0.2
7082,56,1,2279,0
7082,33,1,2132,0
7082,50,1,4645,0.15
7082,15,1,3944,0
7083,34,1,1026,0
7084,15,1,3944,0
7084,1,1,2760,0.05
7085,35,1,2084,0.2
7086,42,1,641,0.2
7086,54,1,273,0.15
7087,48,1,4805,0
7087,4,1,3867,0
7088,45,1,1847,0.05
7088,48,1,4805,0.05
7089,9,2,1527,0
7090,44,1,1674,0.05
7090,54,1,273,0
7091,6,2,3871,0.1
7091,12,1,2578,0.1
7091,32,1,2083,0.05
7092,20,1,4963,0.05
7092,57,3,3486,0
7093,52,1,2641,0.2
7094,22,1,131,0
7094,32,1,2083,0.1
7095,7,1,2555,0
7096,54,1,273,0
7096,31,1,3571,0.15
7097,27,1,2377,0.1
7097,54,1,273,0.05
7098,58,1,124,0.05
7098,21,1,572,0.1
7098,4,1,3867,0
7098,29,2,410,0
7099,32,2,2083,0.05
7099,30,1,3732,0.05
7100,48,1,4805,0.15
7100,14,1,3770,0.05
7101,33,1,2132,0
7101,27,1,2377,0
7101,19,2,2578,0.2
7101,48,1,4805,0.1
7102,31,1,3571,0.15
7103,11,1,4549,0.05
7104,6,1,3871,0.05
7104,12,1,2578,0
7105,44,1,1674,0
7106,17,1,1925,0
7106,33,1,2132,0
7107,26,1,438,0.1
7107,1,2,2760,0.05
7107,4,1,3867,0.1
7107,18,1,4405,0
7108,1,1,2760,0
7108,9,1,1527,0
7109,49,1,2121,0.15
7110,28,2,3031,0.05
7111,55,3,4377,0
7111,4,1,3867,0
7112,41,1,4560,0
7113,19,2,2578,0.1
7113,39,2,765,0.05
7113,40,1,4298,0
7113,7,2,2555,0.1
7114,12,1,2578,0.1
7115,28,1,3031,0.05
7116,18,1,4405,0
7116,54,1,273,0
7116,27,1,2377,0
7117,57,1,3486,0
7117,51,1,2621,0
7118,3,1,3882,0.05
7119,10,1,3960,0.1
7120,5,1,207,0.15
7121,55,1,4377,0.15
7122,26,1,438,0.05
7122,13,1,283,0.2
7123,42,1,641,0.05
7124,33,2,2132,0.05
7125,3,1,3882,0.15
7125,30,1,3732,0
7125,6,1,3871,0
7126,32,1,2083,0
7126,34,1,1026,0
7127,18,1,4405,0.05
7128,33,1,2132,0.05
7128,35,3,2084,0.15
7128,39,1,765,0.05
7129,28,2,3031,0.2
7129,7,2,2555,0.2
7129,12,1,2578,0.1
7130,31,1,3571,0.1
7130,32,1,2083,0.05
7131,12,1,2578,0
7132,40,2,4298,0
7133,10,1,3960,0.05
7133,12,1,2578,0.15
7134,25,1,938,0
7135,25,2,938,0
7135,23,2,2084,0
7136,15,2,3944,0.1
7136,1,1,2760,0.15
7136,53,2,1408,0.1
7137,13,1,283,0.05
7137,10,3,3960,0.2
7137,45,2,1847,0
7138,53,1,1408,0.1
7138,38,1,976,0.1
7139,36,1,460,0.1
7139,29,1,410,0
7139,31,1,3571,0.15
7140,22,1,131,0.05
7141,6,1,3871,0.05
7141,18,1,4405,0.05
7142,45,1,1847,0.05
7142,43,1,2654,0.05
7142,15,2,3944,0.1
7143,32,2,2083,0.2
7143,47,1,365,0.2
7143,56,2,2279,0.1
7144,60,1,1642,0.1
7145,57,1,3486,0.05
7145,9,1,1527,0.15
7145,12,1,2578,0.05
7146,31,2,3571,0
7146,51,1,2621,0
7147,13,1,283,0.2
7148,53,1,1408,0
7148,50,2,4645,0
7148,57,1,3486,0.1
7149,48,1,4805,0.15
7149,41,1,4560,0.1
7150,5,1,207,0.15
7150,20,2,4963,0.05
7151,15,2,3944,0.15
7152,19,1,2578,0.05
7153,19,1,2578,0
7154,30,1,3732,0.1
7155,25,2,938,0.05
7156,52,1,2641,0.1
7156,15,1,3944,0
7157,55,1,4377,0.1
7157,6,1,3871,0
7157,11,1,4549,0.15
7157,22,2,131,0
7158,10,1,3960,0.1
7158,51,3,2621,0
7158,28,1,3031,0.1
7158,57,1,3486,0.05
7159,41,1,4560,0.1
7159,37,1,189,0.1
7159,27,1,2377,0.1
7160,25,1,938,0
7161,7,2,2555,0.05
7162,36,2,460,0
7163,59,1,954,0.05
7163,40,1,4298,0
7164,54,2,273,0
7164,35,1,2084,0.15
7165,43,1,2654,0
7166,19,1,2578,0.15
7166,3,1,3882,0.1
7167,55,1,4377,0
7167,11,1,4549,0
7168,35,3,2084,0.1
7169,24,1,2210,0.05
7169,11,2,4549,0.1
7169,43,3,2654,0.2
7170,22,1,131,0
7170,59,1,954,0.05
7171,46,1,1604,0
7171,31,1,3571,0
7172,31,3,3571,0
7172,33,1,2132,0
7173,37,1,189,0
7173,39,2,765,0
7173,1,1,2760,0
7173,38,1,976,0
7174,35,1,2084,0.05
7175,44,1,1674,0.1
7175,36,2,460,0
7175,55,1,4377,0.1
7175,42,1,641,0.15
7176,40,1,4298,0.1
7177,31,1,3571,0.15
7177,11,1,4549,0
7178,36,2,460,0.05
7179,32,2,2083,0.1
7179,13,2,283,0
7180,36,1,460,0
7180,40,2,4298,0.05
7180,9,1,1527,0
7181,43,1,2654,0.05
7182,54,2,273,0
7182,24,1,2210,0.2
7182,54,1,273,0
7182,20,1,4963,0
7183,44,2,1674,0.05
7183,24,1,2210,0
7184,51,1,2621,0
7185,58,1,124,0
7185,11,1,4549,0
7185,1,1,2760,0
7185,54,2,273,0.05
7186,59,1,954,0
7187,49,1,2121,0.1
7187,52,1,2641,0.1
7188,24,1,2210,0.1
7188,34,1,1026,0.1
7189,4,1,3867,0
7189,31,1,3571,0.1
7189,57,2,3486,0.05
7190,60,1,1642,0
7191,33,1,2132,0
7192,51,1,2621,0
7192,35,1,2084,0.1
7192,29,1,410,0.05
7193,17,1,1925,0.05
7194,2,2,1368,0.1
7194,24,2,2210,0.1
7194,42,1,641,0.2
7195,36,1,460,0.05
7195,18,2,4405,0
7196,58,1,124,0.05
7197,55,1,4377,0
7198,19,1,2578,0.05
7199,57,1,3486,0.05
7200,47,1,365,0
7201,39,1,765,0
7201,39,1,765,0.15
7202,10,1,3960,0.1
7202,6,1,3871,0.05
7203,56,1,2279,0
7204,51,2,2621,0
7205,36,1,460,0
7206,36,1,460,0
7206,51,1,2621,0
7207,13,1,283,0
7207,37,1,189,0.05
7207,31,1,3571,0.05
7208,36,2,460,0.1
7208,27,1,2377,0
7208,43,2,2654,0.1
7209,55,1,4377,0.1
7209,19,2,2578,0.05
7209,34,2,1026,0.1
7210,45,1,1847,0
7211,26,1,438,0.15
7211,37,1,189,0.1
7212,53,2,1408,0.05
7212,28,1,3031,0
7213,36,2,460,0.2
7214,57,2,3486,0
7214,1,1,2760,0.1
7214,2,1,1368,0
7215,55,1,4377,0
7215,20,2,4963,0
7215,51,1,2621,0
7216,48,2,4805,0.05
7216,27,2,2377,0.05
7217,50,1,4645,0
7218,40,1,4298,0
7218,3,1,3882,0.05
7219,38,1,976,0.05
7220,26,1,438,0
7221,42,1,641,0
7221,39,1,765,0
7222,47,3,365,0.1
7222,22,2,131,0.1
7222,41,1,4560,0
7223,7,1,2555,0.1
7223,35,2,2084,0
7223,38,2,976,0.05
7224,34,1,1026,0
7225,46,1,1604,0.1
7225,17,1,1925,0.05
7226,30,1,3732,0.15
7227,3,1,3882,0
7227,13,1,283,0.1
7227,20,1,4963,0
7228,56,2,2279,0.05
7228,57,1,3486,0
7229,9,1,1527,0.15
7230,36,2,460,0
7231,34,1,1026,0
7232,24,1,2210,0.15
7232,29,1,410,0
7233,31,3,3571,0.15
7233,39,1,765,0
7233,26,1,438,0.1
7234,14,2,3770,0.1
7235,1,1,2760,0.1
7235,28,1,3031,0.1
7236,9,1,1527,0
7237,3,2,3882,0.05
7237,30,2,3732,0
7238,11,2,4549,0.05
7239,57,1,3486,0.05
7240,11,1,4549,0.05
7240,52,1,2641,0.15
7241,19,1,2578,0.1
7242,31,1,3571,0.1
7242,50,1,4645,0.05
7242,11,3,4549,0.1
7242,23,2,2084,0.05
7243,7,3,2555,0.1
7243,18,1,4405,0.1
7244,26,1,438,0
7244,58,1,124,0
7245,32,1,2083,0
7245,6,1,3871,0.05
7245,19,1,2578,0
7246,30,2,3732,0
7246,15,1,3944,0.05
7247,43,1,2654,0.15
7247,23,1,2084,0
7248,55,1,4377,0
7248,19,1,2578,0
7249,26,1,438,0
7249,47,1,365,0
7250,6,1,3871,0
7251,30,1,3732,0.05
7251,57,2,3486,0.05
7251,40,2,4298,0
7251,16,3,2872,0
7252,17,1,1925,0.1
7253,11,2,4549,0.05
7254,27,2,2377,0.2
7255,29,2,410,0.05
7256,50,2,4645,0
7256,34,1,1026,0.15
7257,4,2,3867,0.1
7257,34,1,1026,0
7257,57,2,3486,0
7258,40,1,4298,0.15
7258,18,2,4405,0.1
7259,14,1,3770,0.05
7260,35,1,2084,0
7260,36,1,460,0.05
7260,35,2,2084,0.05
7260,43,3,2654,0.2
7261,56,1,2279,0.1
7262,36,3,460,0
7263,14,3,3770,0
7263,10,1,3960,0.15
7264,4,1,3867,0.05
7265,60,1,1642,0.05
7265,52,1,2641,0.1
7265,52,1,2641,0.05
7266,14,1,3770,0.1
7267,10,2,3960,0
7267,32,1,2083,0.1
7268,40,3,4298,0
7268,22,1,131,0.05
7269,50,2,4645,0.15
7269,25,1,938,0.05
7270,18,1,4405,0.1
7270,6,2,3871,0.1
7270,57,1,3486,0
7271,55,1,4377,0
7272,29,1,410,0
7273,46,1,1604,0
7273,48,1,4805,0.15
7274,11,1,4549,0
7274,50,1,4645,0.1
7274,23,1,2084,0.1
7275,10,1,3960,0.1
7276,9,2,1527,0.05
7277,16,1,2872,0.2
7277,41,1,4560,0.15
7278,55,1,4377,0
7278,8,1,659,0.1
7278,36,1,460,0.1
7279,49,1,2121,0
7279,52,1,2641,0
7280,7,2,2555,0
7280,52,1,2641,0
7280,33,1,2132,0.15
7281,14,1,3770,0.05
7281,20,1,4963,0.05
7281,9,1,1527,0.05
7281,13,1,283,0.1
7282,4,1,3867,0
7282,56,1,2279,0
7283,3,1,3882,0
7284,25,1,938,0.05
7285,40,1,4298,0.2
7286,40,1,4298,0
7286,28,1,3031,0.1
7286,21,1,572,0
7287,4,1,3867,0
7288,59,1,954,0.05
7289,56,2,2279,0.05
7289,16,3,2872,0.05
7289,56,2,2279,0.05
7289,12,2,2578,0.1
7290,15,1,3944,0.15
7291,56,1,2279,0
7291,50,1,4645,0.1
7292,2,1,1368,0.1
7292,51,1,2621,0
7293,19,2,2578,0.05
7294,55,1,4377,0.05
7295,53,1,1408,0.1
7295,7,1,2555,0
7295,35,1,2084,0.2
7295,11,1,4549,0.05
7296,48,1,4805,0
7296,54,1,273,0
7296,5,1,207,0.15
7297,44,1,1674,0.2
7297,27,1,2377,0
7298,23,1,2084,0.1
7299,37,2,189,0
7299,51,1,2621,0
7300,11,3,4549,0.2
7300,1,1,2760,0.05
7300,57,1,3486,0
7301,49,1,2121,0.1
7301,18,1,4405,0.1
7302,7,2,2555,0
7303,60,1,1642,0.1
7304,20,2,4963,0.05
7304,10,2,3960,0.05
7305,32,1,2083,0
7306,10,2,3960,0
7306,48,1,4805,0
7306,28,1,3031,0
7307,54,3,273,0.05
7307,4,2,3867,0.2
7307,40,1,4298,0.05
7308,19,1,2578,0
7309,31,1,3571,0
7310,10,1,3960,0
7311,11,1,4549,0.15
7311,18,1,4405,0.05
7311,24,3,2210,0
7312,56,1,2279,0
7313,33,1,2132,0
7313,17,1,1925,0
7314,16,2,2872,0.2
7314,23,1,2084,0
7314,58,2,124,0.1
7315,52,2,2641,0
7316,26,1,438,0
7317,42,3,641,0
7318,33,3,2132,0.1
7318,41,1,4560,0.1
7319,34,1,1026,0.2
7320,53,1,1408,0.15
7320,38,1,976,0
7321,22,1,131,0.05
7322,25,1,938,0.1
7323,37,1,189,0
7323,21,1,572,0.1
7324,25,2,938,0
7325,40,1,4298,0
7326,48,1,4805,0.1
7326,12,1,2578,0
7327,8,3,659,0
7327,30,1,3732,0
7327,17,1,1925,0
7328,25,2,938,0.05
7328,54,2,273,0.15
7329,48,1,4805,0.2
7329,14,1,3770,0.05
7329,30,1,3732,0.15
7330,9,1,1527,0
7331,59,2,954,0.05
7331,32,1,2083,0
7331,23,1,2084,0
7331,48,1,4805,0
7332,6,1,3871,0.05
7333,54,1,273,0.2
7333,16,2,2872,0.15
7333,53,2,1408,0
7333,37,1,189,0.05
7334,34,1,1026,0.05
7334,33,1,2132,0
7335,5,1,207,0
7335,14,1,3770,0
7336,14,1,3770,0
7336,21,2,572,0
7337,45,2,1847,0.1
7337,42,2,641,0.05
7338,57,2,3486,0
7339,28,1,3031,0.15
7340,26,3,438,0.1
7340,7,1,2555,0.1
7341,51,2,2621,0.05
7341,8,2,659,0.05
7341,55,1,4377,0.05
7342,49,1,2121,0.1
7342,4,2,3867,0.1
7342,56,1,2279,0.1
7343,37,1,189,0.1
7343,27,1,2377,0.05
7344,46,1,1604,0.1
7345,7,1,2555,0
7346,8,1,659,0.05
7347,27,1,2377,0.05
7347,13,1,283,0.05
7348,16,2,2872,0.05
7348,51,1,2621,0
7348,41,1,4560,0.15
7349,52,1,2641,0.1
7349,17,1,1925,0
7350,11,2,4549,0.1
7350,41,2,4560,0
7351,17,1,1925,0
7351,50,2,4645,0.05
7352,14,2,3770,0.05
7353,11,2,4549,0
7353,31,1,3571,0.05
7354,59,1,954,0
7355,30,1,3732,0.05
7356,10,1,3960,0
7357,42,1,641,0
7358,40,1,4298,0.15
7358,6,1,3871,0.05
7359,9,3,1527,0
7359,50,3,4645,0.05
7360,48,1,4805,0.05
7360,52,1,2641,0.15
7360,18,1,4405,0.1
7361,35,1,2084,0
7361,47,1,365,0
7362,41,1,4560,0.1
7362,57,2,3486,0
7363,39,1,765,0.05
7364,53,1,1408,0
7365,53,1,1408,0.05
7365,14,2,3770,0.05
7365,59,1,954,0.05
7365,51,2,2621,0
7366,58,1,124,0
7367,53,1,1408,0.2
7368,14,1,3770,0.15
7368,16,1,2872,0.15
7369,21,1,572,0.05
7370,3,2,3882,0.05
7371,44,1,1674,0.05
7372,4,1,3867,0.05
7373,30,1,3732,0.05
7374,38,1,976,0.1
7375,32,2,2083,0.2
7376,18,1,4405,0.1
7376,32,1,2083,0
7377,16,1,2872,0.15
7377,28,1,3031,0
7378,40,1,4298,0
7379,43,1,2654,0.05
7379,31,1,3571,0.1
7380,33,3,2132,0.05
7380,28,1,3031,0
7380,19,1,2578,0
7381,31,1,3571,0
7382,58,1,124,0
7382,54,1,273,0.05
7383,25,1,938,0
7383,3,1,3882,0.05
7384,2,2,1368,0.15
7385,50,2,4645,0.05
7385,56,2,2279,0.05
7386,27,2,2377,0.1
7386,53,1,1408,0.05
7387,45,1,1847,0
7387,12,1,2578,0.1
7388,6,2,3871,0.1
7388,16,1,2872,0.1
7389,52,2,2641,0
7390,3,1,3882,0
7391,54,1,273,0
7392,22,1,131,0.1
7393,25,2,938,0
7393,39,2,765,0
7393,26,1,438,0.05
7394,55,1,4377,0
7394,43,3,2654,0
7395,19,1,2578,0.1
7395,13,1,283,0.1
7396,31,2,3571,0.1
7397,8,2,659,0
7397,6,1,3871,0.05
7398,34,1,1026,0.05
7398,25,1,938,0
7399,52,1,2641,0.05
7399,31,1,3571,0
7400,38,1,976,0.1
7400,43,1,2654,0
7401,13,1,283,0.2
7401,37,1,189,0.15
7402,24,1,2210,0
7402,35,1,2084,0
7403,35,1,2084,0.1
7403,12,1,2578,0
7404,9,1,1527,0
7405,1,2,2760,0
7405,41,2,4560,0.05
7406,10,1,3960,0.05
7407,48,1,4805,0.05
7408,10,2,3960,0.15
7409,43,2,2654,0
7409,33,2,2132,0.2
7409,8,1,659,0.05
7410,17,1,1925,0.05
7410,20,1,4963,0.15
7411,31,1,3571,0
7411,43,2,2654,0
7411,25,1,938,0.1
7412,29,1,410,0
7413,9,1,1527,0.2
7414,5,1,207,0.1
7414,8,1,659,0.05
7415,45,2,1847,0
7415,3,1,3882,0
7415,30,1,3732,0.05
7415,44,1,1674,0.15
7416,38,1,976,0
7417,34,2,1026,0.1
7417,9,1,1527,0.05
7418,4,2,3867,0
7419,58,1,124,0.05
7419,42,1,641,0.1
7420,50,1,4645,0
7420,25,2,938,0.15
7421,49,2,2121,0
7421,8,1,659,0.1
7421,48,1,4805,0.05
7422,58,2,124,0
7423,15,1,3944,0
7423,12,1,2578,0
7424,21,2,572,0.05
7425,12,1,2578,0.15
7426,18,1,4405,0.2
7426,2,1,1368,0
7426,46,1,1604,0
7427,6,1,3871,0
7428,1,1,2760,0.05
7429,11,2,4549,0
7429,16,2,2872,0.1
7429,24,1,2210,0
7430,31,1,3571,0
7431,38,1,976,0
7432,27,1,2377,0.05
7432,23,1,2084,0
7433,6,1,3871,0
7433,57,1,3486,0
7434,42,1,641,0
7434,28,1,3031,0.05
7434,55,2,4377,0
7434,42,2,641,0.1
7435,57,1,3486,0.1
7435,56,1,2279,0
7435,19,1,2578,0.15
7436,50,1,4645,0
7436,41,2,4560,0
7437,23,2,2084,0.1
7438,8,1,659,0
7439,58,1,124,0.05
7439,40,1,4298,0.05
7439,14,1,3770,0
7440,33,1,2132,0.1
7441,15,2,3944,0.2
7442,30,1,3732,0.15
7442,11,2,4549,0.1
7442,57,2,3486,0
7443,13,1,283,0.1
7443,14,1,3770,0
7444,47,2,365,0.05
7445,11,1,4549,0.05
7445,28,1,3031,0
7446,55,1,4377,0.1
7446,42,1,641,0.05
7447,22,1,131,0.2
7447,6,1,3871,0.1
7447,30,1,3732,0.2
7448,4,1,3867,0
7448,45,1,1847,0.05
7449,36,3,460,0.1
7449,27,1,2377,0
7450,51,1,2621,0
7450,41,1,4560,0.1
7450,59,1,954,0
7451,18,2,4405,0.05
7451,34,1,1026,0
7451,59,1,954,0.05
7452,12,1,2578,0.05
7453,16,1,2872,0
7454,11,1,4549,0
7454,40,1,4298,0.05
7455,20,1,4963,0
7455,17,1,1925,0
7456,4,1,3867,0.1
7457,3,1,3882,0.1
7457,59,1,954,0.05
7457,28,3,3031,0
7458,54,1,273,0.1
7459,18,1,4405,0
7459,10,1,3960,0.1
7460,43,1,2654,0
7460,59,1,954,0.15
7461,36,1,460,0.1
7461,42,1,641,0
7462,52,1,2641,0.1
7462,6,1,3871,0
7463,12,1,2578,0.05
7463,34,1,1026,0.2
7463,12,2,2578,0.1
7463,15,2,3944,0.15
7464,20,1,4963,0
7465,3,1,3882,0.05
7466,11,1,4549,0.05
7466,27,1,2377,0.2
7466,27,1,2377,0
7467,31,1,3571,0
7468,38,2,976,0.1
7468,13,1,283,0.1
7469,34,2,1026,0.05
7469,20,1,4963,0
7469,42,1,641,0.15
7469,21,1,572,0.05
7470,48,1,4805,0.1
7470,60,3,1642,0
7471,37,1,189,0.05
7471,42,1,641,0
7471,22,1,131,0
7472,40,2,4298,0
7472,56,2,2279,0.15
7473,36,1,460,0.05
7473,2,1,1368,0.1
7474,14,1,3770,0.05
7474,20,1,4963,0
7474,33,2,2132,0
7475,29,1,410,0
7475,49,1,2121,0
7476,10,1,3960,0
7477,54,1,273,0.1
7478,42,1,641,0.1
7478,56,1,2279,0.05
7478,59,2,954,0
7479,16,1,2872,0
7479,4,2,3867,0
7479,55,3,4377,0
7480,41,1,4560,0.2
7481,52,1,2641,0
7482,55,2,4377,0.15
7483,25,1,938,0.1
7483,60,1,1642,0
7484,12,1,2578,0
7485,50,1,4645,0.05
7485,23,3,2084,0
7485,51,1,2621,0.1
7485,30,1,3732,0.05
7486,10,2,3960,0.05
7486,50,1,4645,0
7487,30,1,3732,0.15
7488,28,1,3031,0.05
7489,22,3,131,0
7489,50,1,4645,0
7489,19,2,2578,0
7490,24,2,2210,0.05
7490,7,1,2555,0.05
7491,57,1,3486,0
7491,8,1,659,0.1
7492,3,1,3882,0.1
7492,49,1,2121,0
7493,44,2,1674,0
7493,16,1,2872,0.05
7494,27,1,2377,0
7495,44,1,1674,0.05
7496,30,1,3732,0.05
7496,50,1,4645,0
7497,20,2,4963,0.05
7497,14,1,3770,0.15
7498,48,1,4805,0.1
7498,20,1,4963,0
7499,38,2,976,0
7500,13,1,283,0.1
7500,37,2,189,0
7501,17,1,1925,0.05
7501,12,1,2578,0
7502,17,1,1925,0.1
7503,59,1,954,0.2
7503,17,1,1925,0.05
7503,4,1,3867,0.2
7504,40,1,4298,0
7505,20,1,4963,0
7506,8,1,659,0.05
7506,2,1,1368,0
7507,40,1,4298,0.15
7507,41,2,4560,0
7507,40,1,4298,0
7508,31,1,3571,0.1
7508,11,1,4549,0
7509,12,2,2578,0
7509,7,1,2555,0.05
7510,18,1,4405,0.1
7511,1,2,2760,0
7511,14,3,3770,0.1
7512,43,1,2654,0.05
7513,55,1,4377,0
7514,53,1,1408,0.15
7514,4,1,3867,0.1
7515,15,1,3944,0.05
7515,55,2,4377,0.1
7516,37,1,189,0
7516,43,1,2654,0.15
7516,33,1,2132,0
7516,32,3,2083,0
7517,37,1,189,0
7517,18,1,4405,0.15
7517,7,2,2555,0.1
7517,53,1,1408,0
7518,32,1,2083,0.1
7518,4,1,3867,0.05
7519,52,1,2641,0
7520,32,1,2083,0.15
7520,31,1,3571,0.1
7520,43,1,2654,0
7521,33,1,2132,0.15
7522,24,2,2210,0.1
7523,27,1,2377,0.2
7524,43,2,2654,0.05
7525,48,1,4805,0.1
7525,29,1,410,0.1
7525,28,1,3031,0.15
7526,45,3,1847,0
7527,18,1,4405,0
7527,33,1,2132,0.1
7528,58,1,124,0
7529,5,2,207,0.1
7529,25,1,938,0
7529,3,1,3882,0
7529,47,1,365,0.15
7530,28,1,3031,0.1
7531,25,1,938,0.15
7532,58,2,124,0.1
7532,41,2,4560,0
7533,4,1,3867,0.1
7534,32,1,2083,0.1
7534,38,1,976,0
7535,57,2,3486,0
7535,52,1,2641,0
7536,13,1,283,0
7536,44,1,1674,0
7537,33,1,2132,0
7538,37,1,189,0.05
7538,29,1,410,0.1
7539,50,1,4645,0.05
7540,20,1,4963,0
7540,33,1,2132,0
7540,28,2,3031,0
7540,26,1,438,0.05
7541,18,1,4405,0.1
7541,19,1,2578,0.2
7541,33,2,2132,0
7542,44,3,1674,0
7542,11,1,4549,0.15
7543,18,3,4405,0
7544,4,3,3867,0.05
7545,58,1,124,0
7546,20,2,4963,0.05
7546,28,1,3031,0
7546,5,2,207,0
7546,19,2,2578,0
7547,32,2,2083,0.05
7547,51,1,2621,0.05
7547,58,1,124,0.1
7547,49,1,2121,0.05
7548,59,1,954,0.1
7548,60,1,1642,0.15
7549,17,1,1925,0.05
7550,17,3,1925,0
7551,50,3,4645,0.05
7551,40,1,4298,0.05
7551,59,2,954,0.1
7551,14,1,3770,0.05
7552,56,1,2279,0.05
7553,26,2,438,0.1
7553,11,1,4549,0.05
7554,32,1,2083,0.1
7555,53,1,1408,0.05
7556,5,2,207,0.1
7557,1,1,2760,0.15
7558,12,1,2578,0.1
7558,45,1,1847,0.15
7558,27,1,2377,0
7558,35,1,2084,0.15
7559,15,1,3944,0.05
7559,23,1,2084,0.15
7559,49,1,2121,0.1
7560,58,1,124,0
7561,33,1,2132,0.1
7561,57,1,3486,0
7562,12,1,2578,0
7562,60,1,1642,0
7563,46,1,1604,0.1
7564,36,1,460,0
7564,52,1,2641,0
7565,21,1,572,0.1
7566,48,1,4805,0.05
7566,28,2,3031,0
7566,36,1,460,0
7567,47,1,365,0.1
7568,26,1,438,0
7569,16,1,2872,0.05
7570,16,1,2872,0.1
7570,4,3,3867,0.05
7570,30,1,3732,0.05
7571,32,1,2083,0.1
7571,37,2,189,0
7571,50,1,4645,0
7572,56,1,2279,0
7572,40,1,4298,0
7572,31,1,3571,0
7573,13,1,283,0.05
7573,12,1,2578,0.1
7573,30,1,3732,0.1
7574,48,2,4805,0.15
7574,7,1,2555,0.1
7574,21,1,572,0.15
7575,22,1,131,0
7576,33,1,2132,0.1
7576,48,1,4805,0
7576,59,2,954,0
7576,2,2,1368,0.15
7577,41,1,4560,0
7578,52,1,2641,0.1
7578,60,3,1642,0.1
7578,46,1,1604,0
7579,33,1,2132,0.1
7579,36,1,460,0.1
7579,18,1,4405,0.05
7580,50,2,4645,0.2
7581,31,2,3571,0
7582,50,1,4645,0.05
7583,20,2,4963,0
7584,25,1,938,0.05
7585,4,2,3867,0
7585,12,1,2578,0.1
7586,52,1,2641,0
7587,31,1,3571,0
7587,44,1,1674,0.1
7587,50,1,4645,0.1
7588,14,1,3770,0
7589,48,1,4805,0
7589,5,2,207,0.05
7590,17,1,1925,0
7591,30,1,3732,0.05
7591,30,1,3732,0
7592,33,1,2132,0
7592,55,2,4377,0
7593,48,1,4805,0.05
7593,2,1,1368,0.1
7593,10,3,3960,0.15
7594,27,2,2377,0.05
7594,56,1,2279,0.1
7595,2,1,1368,0.1
7595,59,1,954,0.15
7596,53,1,1408,0.1
7596,40,1,4298,0.2
7597,31,1,3571,0.15
7598,50,1,4645,0.2
7598,6,2,3871,0.2
7599,44,1,1674,0.1
7599,32,1,2083,0
7600,49,1,2121,0
7601,4,1,3867,0
7601,1,1,2760,0
7601,50,2,4645,0.2
7602,53,1,1408,0.05
7602,37,1,189,0
7603,60,1,1642,0
7603,17,2,1925,0.2
7603,29,1,410,0.1
7604,59,1,954,0.05
7604,58,1,124,0
7605,5,1,207,0.1
7605,27,1,2377,0.1
7605,26,2,438,0.1
7606,39,1,765,0
7607,16,1,2872,0.15
7608,39,1,765,0.05
7609,27,1,2377,0
7610,2,1,1368,0.1
7611,21,2,572,0
7611,19,1,2578,0
7612,45,1,1847,0
7613,49,2,2121,0
7613,24,1,2210,0
7613,49,2,2121,0.15
7614,38,1,976,0.05
7615,7,1,2555,0
7615,3,1,3882,0.1
7616,27,1,2377,0.05
7617,30,1,3732,0
7618,15,1,3944,0.05
7619,55,1,4377,0.05
7619,6,1,3871,0
7620,50,1,4645,0.1
7620,40,1,4298,0
7621,36,1,460,0
7621,14,1,3770,0
7621,22,1,131,0.05
7622,22,1,131,0.15
7623,58,2,124,0.05
7624,28,2,3031,0.05
7625,39,1,765,0
7626,56,2,2279,0.1
7627,24,1,2210,0
7627,21,1,572,0.05
7627,56,1,2279,0
7628,44,2,1674,0.05
7628,24,1,2210,0.05
7628,52,1,2641,0.1
7629,4,2,3867,0
7629,30,1,3732,0
7630,6,1,3871,0
7630,45,1,1847,0.1
7630,16,1,2872,0
7631,56,3,2279,0.05
7631,49,1,2121,0
7631,11,1,4549,0
7631,58,2,124,0.2
7632,33,1,2132,0.05
7633,44,1,1674,0.05
7634,22,1,131,0
7634,21,1,572,0.05
7634,9,1,1527,0.15
7635,21,1,572,0
7636,24,1,2210,0.05
7636,19,1,2578,0.15
7637,50,1,4645,0
7638,37,1,189,0.15
7639,60,1,1642,0.1
7640,36,2,460,0
7641,32,1,2083,0
7641,2,1,1368,0.15
7641,30,1,3732,0
7642,6,1,3871,0.1
7642,45,1,1847,0
7642,50,1,4645,0.05
7643,57,1,3486,0
7643,47,2,365,0
7644,2,1,1368,0
7645,40,2,4298,0
7645,55,3,4377,0
7646,18,1,4405,0.05
7646,47,1,365,0
7647,50,1,4645,0.05
7647,53,1,1408,0.1
7647,11,1,4549,0.1
7648,48,1,4805,0
7648,4,1,3867,0.1
7648,36,1,460,0.2
7649,6,1,3871,0.15
7650,18,1,4405,0
7651,13,1,283,0.2
7652,26,1,438,0.05
7653,52,1,2641,0.1
7653,52,1,2641,0
7653,48,1,4805,0
7654,44,2,1674,0
7654,6,2,3871,0.1
7655,4,1,3867,0
7655,19,1,2578,0.1
7656,59,1,954,0.15
7657,58,1,124,0.2
7658,7,2,2555,0.15
7659,53,1,1408,0.15
7659,3,2,3882,0
7660,50,1,4645,0.05
7660,24,2,2210,0.1
7660,15,1,3944,0
7660,52,1,2641,0.05
7661,20,1,4963,0
7661,17,3,1925,0.15
7662,19,1,2578,0.05
7663,47,1,365,0
7664,4,1,3867,0.15
7664,56,1,2279,0.1
7664,7,1,2555,0
7664,55,1,4377,0.05
7665,20,1,4963,0.1
7665,56,2,2279,0.2
7665,18,2,4405,0
7666,22,1,131,0.05
7666,7,1,2555,0
7667,6,1,3871,0
7668,12,2,2578,0
7668,31,1,3571,0.05
7669,26,2,438,0
7669,47,1,365,0
7670,48,1,4805,0.05
7671,43,1,2654,0.05
7671,19,1,2578,0.05
7671,50,1,4645,0.15
7672,15,1,3944,0.2
7673,58,1,124,0.2
7674,52,1,2641,0
7674,19,1,2578,0.2
7675,2,2,1368,0.1
7675,19,1,2578,0.1
7676,56,1,2279,0.1
7677,24,2,2210,0.05
7677,41,1,4560,0.2
7677,15,1,3944,0.05
7678,48,2,4805,0
7678,31,1,3571,0
7678,28,1,3031,0
7679,8,1,659,0
7679,48,2,4805,0.15
7680,55,1,4377,0.15
7680,60,1,1642,0
7680,37,1,189,0.05
7680,31,2,3571,0.05
7681,30,1,3732,0
7682,44,1,1674,0.15
7683,35,1,2084,0
7683,30,1,3732,0
7684,23,1,2084,0.15
7684,23,1,2084,0.05
7685,49,1,2121,0.15
7686,47,1,365,0.05
7686,16,1,2872,0.05
7687,10,1,3960,0.05
7687,59,1,954,0
7687,8,2,659,0
7688,9,1,1527,0.1
7689,28,1,3031,0.1
7689,18,1,4405,0.1
7690,20,1,4963,0.15
7691,17,1,1925,0
7691,24,1,2210,0
7692,41,2,4560,0.1
7692,40,2,4298,0.1
7693,38,1,976,0.1
7693,22,1,131,0.05
7693,47,1,365,0.05
7694,32,1,2083,0.1
7694,53,1,1408,0.1
7695,10,3,3960,0.05
7695,11,2,4549,0.1
7696,3,1,3882,0.1
7696,48,1,4805,0
7696,47,1,365,0.05
7697,20,2,4963,0
7698,44,2,1674,0
7698,7,1,2555,0
7699,51,2,2621,0.05
7699,1,1,2760,0
7699,23,1,2084,0
7699,18,1,4405,0
7700,14,2,3770,0
7700,16,1,2872,0.05
7701,41,1,4560,0.1
7701,47,1,365,0
7702,43,1,2654,0
7702,38,1,976,0.1
7703,43,1,2654,0.05
7703,19,1,2578,0
7703,52,1,2641,0
7704,24,1,2210,0
7704,30,1,3732,0.1
7704,44,1,1674,0.2
7705,4,1,3867,0
7706,55,1,4377,0
7706,3,1,3882,0.05
7707,58,2,124,0
7707,57,1,3486,0.1
7707,52,1,2641,0
7707,32,2,2083,0.1
7708,8,1,659,0.2
7708,14,1,3770,0.1
7709,33,1,2132,0.2
7709,30,2,3732,0.05
7709,12,3,2578,0.05
7710,55,1,4377,0
7710,38,2,976,0.05
7711,42,1,641,0.1
7712,20,3,4963,0.1
7713,20,1,4963,0
7713,12,2,2578,0
7713,50,1,4645,0
7714,31,1,3571,0.05
7714,6,1,3871,0
7714,6,3,3871,0.15
7715,39,1,765,0
7716,53,1,1408,0.2
7716,5,1,207,0
7716,55,1,4377,0.05
7717,58,1,124,0.2
7718,54,2,273,0.1
7719,44,1,1674,0
7720,16,1,2872,0.1
7720,55,2,4377,0.05
7721,29,2,410,0
7721,3,1,3882,0
7721,51,1,2621,0.15
7722,20,1,4963,0.15
7722,50,1,4645,0
7723,55,2,4377,0.05
7724,52,1,2641,0.15
7725,41,1,4560,0
7726,30,1,3732,0.05
7726,20,1,4963,0
7727,55,1,4377,0.05
7728,6,2,3871,0
7728,23,1,2084,0.05
7728,60,1,1642,0.15
7728,1,3,2760,0.2
7729,46,2,1604,0
7729,31,1,3571,0.1
7730,36,1,460,0.05
7730,27,2,2377,0.05
7731,38,1,976,0
7731,60,1,1642,0
7732,56,2,2279,0
7733,1,1,2760,0
7733,4,1,3867,0
7733,53,2,1408,0.1
7734,27,1,2377,0
7734,24,1,2210,0.05
7734,14,3,3770,0.1
7734,2,3,1368,0.15
7735,11,1,4549,0
7735,53,1,1408,0.1
7736,33,1,2132,0.05
7737,1,1,2760,0
7737,12,2,2578,0
7737,53,1,1408,0.1
7738,15,1,3944,0.1
7738,55,2,4377,0.05
7738,16,1,2872,0.05
7739,36,1,460,0.1
7739,37,1,189,0
7739,15,2,3944,0.05
7740,50,1,4645,0.05
7741,34,1,1026,0
7741,20,2,4963,0.1
7741,10,1,3960,0.05
7741,47,1,365,0
7742,45,2,1847,0
7742,24,1,2210,0
7742,16,3,2872,0.2
7743,50,1,4645,0.05
7743,14,1,3770,0.1
7744,29,3,410,0
7744,12,1,2578,0.15
7745,40,1,4298,0.1
7745,10,3,3960,0.1
7746,10,1,3960,0
7746,59,1,954,0
7746,55,1,4377,0
7746,14,1,3770,0.1
7747,7,2,2555,0.1
7747,40,1,4298,0.15
7747,4,1,3867,0.05
7747,10,1,3960,0.15
7748,28,1,3031,0.1
7748,28,2,3031,0
7749,18,1,4405,0.05
7749,10,1,3960,0.05
7749,19,2,2578,0.1
7750,42,1,641,0
7751,22,1,131,0.05
7751,57,1,3486,0.05
7752,26,1,438,0
7753,23,1,2084,0.1
7754,60,1,1642,0
7755,56,1,2279,0.05
7755,41,2,4560,0.15
7755,50,1,4645,0.1
7755,46,1,1604,0.05
7756,24,1,2210,0.05
7757,14,1,3770,0.1
7757,55,1,4377,0.05
7758,24,1,2210,0
7759,30,2,3732,0.1
7759,52,1,2641,0.1
7760,37,1,189,0
7760,41,3,4560,0
7761,58,1,124,0.05
7762,15,1,3944,0
7762,33,1,2132,0
7763,6,1,3871,0
7763,40,1,4298,0
7764,1,2,2760,0.05
7764,30,1,3732,0
7765,32,2,2083,0
7765,55,2,4377,0
7765,40,1,4298,0.05
7765,19,1,2578,0.05
7766,5,1,207,0
7767,56,1,2279,0.05
7767,49,1,2121,0.05
7768,52,2,2641,0
7768,21,2,572,0
7768,15,3,3944,0
7769,60,1,1642,0
7769,57,1,3486,0.05
7770,50,1,4645,0
7770,43,1,2654,0
7771,37,1,189,0
7771,42,1,641,0
7771,50,1,4645,0.1
7771,36,1,460,0.15
7772,47,2,365,0.05
7772,52,2,2641,0.1
7773,51,1,2621,0
7773,2,1,1368,0.1
7774,58,1,124,0
7774,48,1,4805,0.1
7774,19,1,2578,0.05
7775,24,1,2210,0
7776,15,1,3944,0
7776,33,1,2132,0.15
7776,32,1,2083,0
7777,16,2,2872,0.1
7778,55,1,4377,0
7778,20,1,4963,0
7778,24,1,2210,0.1
7778,30,2,3732,0.15
7779,8,2,659,0
7779,12,2,2578,0.15
7779,56,1,2279,0.05
7780,48,1,4805,0.1
7781,20,1,4963,0.05
7781,47,1,365,0
7781,13,1,283,0
7782,32,1,2083,0.05
7782,24,1,2210,0
7783,8,2,659,0.1
7783,22,1,131,0.1
7783,37,1,189,0.15
7784,40,2,4298,0.15
7784,51,1,2621,0
7784,16,1,2872,0
7785,35,1,2084,0
7785,25,1,938,0
7786,26,1,438,0.05
7786,20,1,4963,0.1
7787,1,1,2760,0.05
7787,49,1,2121,0.05
7788,60,1,1642,0.05
7788,1,1,2760,0.15
7789,28,1,3031,0.05
7789,9,1,1527,0.1
7790,39,1,765,0
7790,44,1,1674,0.05
7791,34,1,1026,0.15
7792,38,2,976,0.2
7793,57,1,3486,0
7794,18,1,4405,0
7795,7,1,2555,0
7795,49,1,2121,0.05
7795,7,1,2555,0.05
7795,17,1,1925,0.05
7796,26,2,438,0.05
7797,53,1,1408,0.15
7798,11,1,4549,0.1
7799,45,1,1847,0.1
7800,49,1,2121,0
7800,56,1,2279,0.15
7801,9,1,1527,0
7801,30,1,3732,0
7802,37,1,189,0.05
7803,48,1,4805,0
7803,56,1,2279,0
7804,54,1,273,0.2
7804,26,1,438,0
7805,28,2,3031,0.05
7806,50,1,4645,0.1
7806,12,1,2578,0
7807,12,1,2578,0.15
7807,7,1,2555,0.15
7808,25,1,938,0.1
7809,1,1,2760,0.15
7810,48,1,4805,0.1
7811,54,1,273,0
7811,44,1,1674,0.05
7812,12,1,2578,0.1
7813,16,1,2872,0.05
7814,47,2,365,0
7815,31,2,3571,0
7816,12,1,2578,0.05
7816,31,1,3571,0.05
7817,46,1,1604,0.1
7817,30,1,3732,0.05
7817,1,1,2760,0.15
7818,23,1,2084,0.1
7818,56,1,2279,0.05
7819,18,1,4405,0
7820,46,1,1604,0.05
7820,22,1,131,0
7821,55,1,4377,0.1
7821,18,3,4405,0.05
7822,44,1,1674,0
7822,40,1,4298,0
7822,42,1,641,0.1
7823,41,1,4560,0.1
7824,58,1,124,0.05
7824,55,2,4377,0.15
7825,41,1,4560,0.05
7826,26,1,438,0.05
7826,44,1,1674,0
7826,43,1,2654,0
7826,27,3,2377,0
7827,34,2,1026,0.05
7828,38,1,976,0
7829,1,1,2760,0.05
7829,40,1,4298,0.1
7829,30,2,3732,0
7830,59,2,954,0.1
7830,28,3,3031,0.05
7831,2,1,1368,0.15
7831,17,1,1925,0
7832,36,1,460,0
7832,9,1,1527,0.05
7833,47,1,365,0.05
7833,52,1,2641,0.15
7834,32,1,2083,0
7834,59,1,954,0
7835,55,1,4377,0.1
7836,13,1,283,0.1
7836,47,1,365,0.1
7836,30,1,3732,0
7836,29,1,410,0.15
7837,20,1,4963,0.05
7837,16,1,2872,0
7838,11,1,4549,0.1
7838,5,1,207,0.05
7839,18,1,4405,0
7839,8,1,659,0.1
7840,28,1,3031,0.05
7840,13,1,283,0.05
7840,28,2,3031,0.05
7840,48,1,4805,0.05
7841,20,1,4963,0.2
7842,52,3,2641,0
7842,8,2,659,0
7842,56,1,2279,0.2
7842,47,1,365,0
7843,20,1,4963,0.05
7843,26,1,438,0.1
7843,9,2,1527,0.05
7844,44,2,1674,0.1
7845,6,1,3871,0.1
7845,22,1,131,0
7846,27,1,2377,0.1
7846,36,1,460,0
7847,11,1,4549,0
7848,52,1,2641,0.05
7849,26,1,438,0
7849,60,1,1642,0
7850,40,1,4298,0.15
7851,38,1,976,0.05
7852,31,1,3571,0.1
7852,30,2,3732,0
7853,57,1,3486,0.05
7853,33,1,2132,0.1
7853,40,1,4298,0.05
7854,50,1,4645,0
7854,34,1,1026,0.05
7854,7,3,2555,0.1
7854,28,1,3031,0.05
7855,36,1,460,0.05
7855,58,1,124,0
7856,52,1,2641,0.15
7856,43,1,2654,0.2
7857,13,2,283,0.1
7857,58,1,124,0.1
7858,21,2,572,0.1
7859,13,2,283,0
7859,5,1,207,0.1
7859,57,1,3486,0.1
7860,34,2,1026,0
7861,33,1,2132,0.05
7861,21,1,572,0.05
7862,19,1,2578,0.1
7862,58,3,124,0.1
7863,54,1,273,0.1
7864,19,1,2578,0
7864,9,1,1527,0.15
7865,50,1,4645,0
7865,6,1,3871,0
7866,30,1,3732,0
7866,41,2,4560,0.1
7867,44,1,1674,0.1
7868,41,1,4560,0.05
7869,48,1,4805,0.1
7869,44,1,1674,0
7870,27,1,2377,0
7870,26,1,438,0.05
7870,15,1,3944,0
7870,55,1,4377,0.05
7871,37,1,189,0.1
7871,23,2,2084,0.1
7872,43,2,2654,0.05
7872,44,1,1674,0
7873,26,1,438,0.1
7873,20,1,4963,0.1
7874,1,1,2760,0.15
7875,47,1,365,0
7876,38,1,976,0.05
7876,52,1,2641,0
7877,12,1,2578,0.05
7878,7,1,2555,0.1
7878,57,1,3486,0.05
7878,33,2,2132,0
7879,60,2,1642,0
7880,37,2,189,0
7881,23,1,2084,0.05
7882,1,1,2760,0
7882,51,1,2621,0
7882,12,2,2578,0.1
7883,44,1,1674,0.05
7884,29,1,410,0.05
7885,7,1,2555,0.05
7885,33,1,2132,0.15
7886,1,1,2760,0.1
7887,29,1,410,0.1
7887,6,1,3871,0
7888,29,1,410,0.15
7888,17,1,1925,0
7889,30,1,3732,0.1
7889,56,1,2279,0
7890,17,1,1925,0.05
7891,58,1,124,0.05
7892,20,1,4963,0
7893,31,1,3571,0.05
7893,57,1,3486,0.05
7894,28,1,3031,0
7894,32,1,2083,0
7895,11,1,4549,0
7896,50,1,4645,0
7897,7,1,2555,0.1
7898,33,1,2132,0.05
7899,10,1,3960,0.2
7899,57,1,3486,0
7900,35,1,2084,0.05
7900,16,2,2872,0.05
7901,12,2,2578,0
7901,27,1,2377,0
7901,45,1,1847,0.1
7901,19,1,2578,0.15
7902,41,1,4560,0
7903,45,2,1847,0.1
7904,51,1,2621,0
7905,11,1,4549,0
7906,51,2,2621,0
7907,30,1,3732,0.2
7907,18,1,4405,0
7908,29,1,410,0.1
7909,47,1,365,0.05
7910,44,1,1674,0
7910,9,1,1527,0.05
7911,13,1,283,0
7912,51,1,2621,0.15
7913,47,1,365,0.15
7913,56,1,2279,0.1
7914,24,2,2210,0.15
7914,12,2,2578,0.1
7915,56,1,2279,0.05
7915,58,2,124,0.05
7916,43,1,2654,0
7917,37,1,189,0.1
7918,60,1,1642,0.1
7918,18,3,4405,0
7918,37,1,189,0
7919,19,1,2578,0.1
7919,28,1,3031,0.05
7919,40,2,4298,0.05
7920,40,2,4298,0
7921,11,1,4549,0
7921,19,1,2578,0
7922,44,2,1674,0.05
7923,56,1,2279,0.05
7923,12,1,2578,0
7924,3,1,3882,0.05
7924,60,1,1642,0.15
7925,31,2,3571,0.15
7925,20,2,4963,0.05
7925,1,1,2760,0
7926,48,1,4805,0.1
7926,16,1,2872,0.1
7926,30,2,3732,0.05
7926,18,2,4405,0.05
7927,58,1,124,0
7927,12,3,2578,0.2
7928,23,2,2084,0.15
7928,38,1,976,0.05
7928,32,1,2083,0.2
7929,40,2,4298,0
7930,50,1,4645,0
7930,17,2,1925,0
7930,31,2,3571,0
7931,43,1,2654,0.05
7931,52,1,2641,0.15
7931,22,1,131,0.1
7932,10,3,3960,0
7933,56,1,2279,0.05
7933,11,1,4549,0
7933,23,1,2084,0.05
7933,37,1,189,0
7934,12,1,2578,0.15
7935,32,1,2083,0
7936,60,1,1642,0
7937,21,1,572,0
7938,10,1,3960,0.15
7939,43,2,2654,0.05
7939,38,3,976,0
7940,49,2,2121,0.15
7940,31,1,3571,0
7941,35,1,2084,0.1
7941,48,1,4805,0
7942,55,3,4377,0
7942,59,1,954,0.1
7943,26,1,438,0.1
7943,1,1,2760,0.05
7943,12,1,2578,0.05
7944,56,1,2279,0.05
7944,41,1,4560,0
7944,33,1,2132,0
7945,27,1,2377,0.1
7946,10,2,3960,0.1
7946,48,2,4805,0.2
7946,19,1,2578,0.1
7947,13,1,283,0.1
7947,56,1,2279,0
7947,43,1,2654,0
7948,45,2,1847,0.05
7949,46,2,1604,0.05
7950,26,1,438,0.05
7951,23,1,2084,0.1
7951,31,1,3571,0
7951,33,2,2132,0.1
7952,34,1,1026,0.1
7952,20,1,4963,0.05
7953,39,1,765,0.1
7954,17,1,1925,0
7954,3,1,3882,0.2
7955,53,1,1408,0.1
7955,6,1,3871,0.15
7956,26,1,438,0
7957,3,1,3882,0.1
7957,16,1,2872,0.05
7957,27,2,2377,0
7958,36,1,460,0.2
7959,50,1,4645,0.1
7959,56,1,2279,0
7959,52,1,2641,0
7959,32,1,2083,0
7960,12,1,2578,0.05
7960,39,2,765,0.15
7961,27,1,2377,0.1
7961,45,2,1847,0
7962,54,1,273,0.15
7963,36,2,460,0.05
7964,56,1,2279,0
7964,50,1,4645,0.1
7964,4,2,3867,0.2
7964,7,1,2555,0
7965,27,1,2377,0
7966,20,2,4963,0.2
7967,28,1,3031,0.1
7967,16,1,2872,0
7967,42,2,641,0.15
7968,11,3,4549,0.1
7968,33,1,2132,0
7969,51,1,2621,0.1
7970,6,2,3871,0
7971,7,1,2555,0
7971,23,1,2084,0
7972,30,1,3732,0
7973,52,1,2641,0.05
7973,57,1,3486,0
7974,26,1,438,0
7974,54,1,273,0
7974,35,1,2084,0.05
7975,6,1,3871,0.05
7975,19,1,2578,0
7976,56,3,2279,0.05
7977,54,1,273,0.1
7977,55,1,4377,0.1
7978,54,1,273,0
7978,33,1,2132,0
7979,10,1,3960,0.05
7979,33,2,2132,0
7980,60,1,1642,0.05
7981,19,2,2578,0.15
7982,26,2,438,0
7982,7,2,2555,0
7983,3,2,3882,0.15
7983,45,1,1847,0.15
7983,53,1,1408,0.1
7983,19,2,2578,0
7984,45,1,1847,0.15
7985,54,1,273,0.1
7986,22,3,131,0
7987,14,1,3770,0.1
7987,14,2,3770,0
7987,46,1,1604,0
7988,50,1,4645,0.1
7988,59,2,954,0
7989,18,1,4405,0
7989,58,1,124,0.2
7990,18,1,4405,0.15
7990,28,1,3031,0.2
7991,56,1,2279,0.05
7992,12,1,2578,0
7992,20,2,4963,0.05
7992,12,1,2578,0.05
7992,16,2,2872,0.05
7993,57,3,3486,0.05
7993,57,1,3486,0
7994,4,1,3867,0.2
7995,2,1,1368,0.1
7995,18,3,4405,0.05
7995,27,2,2377,0.15
7996,4,1,3867,0
7997,20,2,4963,0
7997,8,1,659,0.2
7998,1,1,2760,0
7999,18,3,4405,0.1
7999,57,1,3486,0
8000,40,1,4298,0
8000,53,1,1408,0.05
8001,26,1,438,0.1
8001,32,2,2083,0
8001,37,1,189,0
8002,41,1,4560,0
8002,8,1,659,0
8003,44,1,1674,0.15
8004,22,1,131,0.1
8005,9,1,1527,0.2
8005,4,3,3867,0.1
8005,40,2,4298,0.05
8005,18,1,4405,0.05
8006,45,1,1847,0
8007,41,2,4560,0.15
8007,19,1,2578,0.1
8007,1,1,2760,0.1
8008,48,1,4805,0
8008,26,1,438,0.05
8009,18,1,4405,0
8010,48,2,4805,0
8010,9,1,1527,0
8011,32,1,2083,0
8011,39,2,765,0.15
8012,56,1,2279,0.05
8013,56,1,2279,0
8013,4,1,3867,0.1
8014,56,1,2279,0.15
8014,4,1,3867,0.1
8015,11,1,4549,0.2
8016,19,2,2578,0
8017,55,1,4377,0
8017,48,1,4805,0.05
8018,48,2,4805,0.05
8018,55,1,4377,0.15
8019,18,1,4405,0
8020,43,1,2654,0.05
8021,28,1,3031,0.1
8022,17,1,1925,0.1
8023,23,1,2084,0
8023,4,2,3867,0
8024,1,1,2760,0
8024,60,1,1642,0.1
8025,58,1,124,0
8025,50,2,4645,0.05
8026,5,1,207,0.05
8026,49,1,2121,0.1
8026,60,1,1642,0
8027,19,1,2578,0
8027,24,2,2210,0.05
8028,29,1,410,0
8029,48,1,4805,0.05
8029,14,1,3770,0.1
8030,6,2,3871,0
8030,1,1,2760,0.05
8030,14,3,3770,0.1
8030,54,1,273,0
8031,51,2,2621,0.1
8031,12,2,2578,0
8031,33,3,2132,0.15
8032,33,1,2132,0.1
8032,33,1,2132,0
8032,20,3,4963,0.05
8032,4,2,3867,0
8033,12,1,2578,0.2
8033,50,1,4645,0.05
8034,19,1,2578,0.05
8034,1,2,2760,0
8035,58,2,124,0.05
8035,21,1,572,0
8036,5,1,207,0.05
8036,34,1,1026,0.15
8037,7,1,2555,0
8038,56,1,2279,0
8038,4,1,3867,0
8038,9,2,1527,0
8039,4,1,3867,0.1
8039,1,2,2760,0
8039,60,1,1642,0.15
8039,40,1,4298,0
8040,38,1,976,0.1
8041,57,1,3486,0
8042,31,1,3571,0.1
8043,51,2,2621,0.1
8043,55,2,4377,0.15
8043,6,3,3871,0
8043,56,2,2279,0
8044,17,1,1925,0.05
8044,7,1,2555,0.1
8045,51,1,2621,0.1
8045,24,1,2210,0
8046,41,1,4560,0
8046,27,3,2377,0
8047,6,1,3871,0
8047,36,1,460,0
8048,32,2,2083,0.15
8049,43,1,2654,0.05
8049,56,1,2279,0.05
8050,14,2,3770,0.15
8051,56,1,2279,0.2
8051,24,1,2210,0
8052,60,2,1642,0
8052,51,1,2621,0.1
8052,17,1,1925,0.1
8053,32,2,2083,0.15
8053,56,2,2279,0.05
8054,60,1,1642,0.2
8055,12,1,2578,0
8056,46,1,1604,0
8056,5,1,207,0
8056,45,1,1847,0.1
8057,21,1,572,0
8058,7,1,2555,0.15
8058,10,1,3960,0
8059,43,1,2654,0
8060,42,1,641,0.1
8061,14,2,3770,0.1
8062,60,1,1642,0.1
8062,55,1,4377,0
8062,5,1,207,0
8063,38,2,976,0
8063,1,1,2760,0.1
8063,8,2,659,0
8064,40,1,4298,0.1
8064,22,2,131,0.1
8064,54,1,273,0.15
8065,53,2,1408,0
8065,38,1,976,0
8066,58,1,124,0.15
8067,56,1,2279,0.05
8067,6,1,3871,0
8067,24,1,2210,0
8068,56,1,2279,0
8068,54,2,273,0.1
8068,29,1,410,0.05
8069,24,2,2210,0
8069,48,1,4805,0.15
8069,15,3,3944,0
8070,28,2,3031,0
8070,52,1,2641,0
8071,20,1,4963,0
8071,34,1,1026,0
8072,31,1,3571,0.1
8072,41,1,4560,0.1
8073,6,1,3871,0.15
8073,24,1,2210,0.2
8073,57,1,3486,0.15
8073,15,1,3944,0.05
8074,16,1,2872,0
8074,32,1,2083,0.05
8075,10,2,3960,0
8075,32,1,2083,0.1
8076,45,1,1847,0.1
8076,53,2,1408,0.05
8076,26,1,438,0
8077,58,2,124,0
8077,47,1,365,0.1
8077,16,2,2872,0.05
8078,56,1,2279,0
8078,60,1,1642,0.05
8079,40,3,4298,0.05
8080,41,1,4560,0.15
8080,18,1,4405,0
8080,51,2,2621,0.1
8081,48,1,4805,0
8082,33,1,2132,0
8082,48,2,4805,0.05
8082,6,1,3871,0
8083,46,1,1604,0.1
8084,38,1,976,0.1
8084,53,2,1408,0.1
8085,43,1,2654,0.1
8086,42,1,641,0.05
8087,33,1,2132,0.1
8087,17,2,1925,0
8087,1,1,2760,0
8088,1,1,2760,0.1
8089,60,1,1642,0
8089,59,1,954,0.15
8090,6,1,3871,0.05
8091,7,2,2555,0
8092,27,2,2377,0.1
8092,54,1,273,0.05
8092,19,1,2578,0.05
8093,28,1,3031,0
8094,49,1,2121,0.15
8094,3,1,3882,0.1
8095,16,1,2872,0.1
8096,18,1,4405,0
8096,24,1,2210,0
8097,49,1,2121,0
8098,3,3,3882,0.15
8099,18,1,4405,0.1
8099,58,3,124,0.15
8099,41,2,4560,0.05
8100,5,1,207,0
8100,22,1,131,0
8101,39,2,765,0
8102,57,1,3486,0.15
8103,19,3,2578,0
8103,14,1,3770,0.05
8104,19,1,2578,0.1
8104,8,1,659,0.1
8104,53,1,1408,0
8104,56,2,2279,0.05
8105,31,1,3571,0.2
8106,45,1,1847,0.05
8106,23,1,2084,0.1
8106,42,1,641,0.05
8106,9,1,1527,0
8107,28,2,3031,0.1
8107,4,1,3867,0.2
8108,40,1,4298,0.15
8108,39,2,765,0
8109,54,1,273,0.05
8109,9,1,1527,0
8110,11,1,4549,0
8110,4,2,3867,0
8110,16,1,2872,0.05
8111,51,1,2621,0.05
8111,24,1,2210,0.15
8111,1,2,2760,0.05
8112,11,2,4549,0.05
8113,57,1,3486,0.05
8114,37,1,189,0
8114,52,2,2641,0.1
8115,15,2,3944,0.15
8115,11,1,4549,0.05
8115,20,1,4963,0.05
8116,27,1,2377,0
8117,1,1,2760,0.1
8117,32,1,2083,0.05
8118,34,2,1026,0.05
8119,59,2,954,0.05
8120,35,1,2084,0
8120,29,1,410,0
8121,6,2,3871,0.1
8121,10,1,3960,0.2
8121,52,2,2641,0
8122,24,1,2210,0
8122,52,2,2641,0.05
8122,33,2,2132,0
8123,38,1,976,0
8123,46,1,1604,0
8124,31,1,3571,0
8124,36,1,460,0.05
8124,34,2,1026,0.1
8125,36,2,460,0.05
8125,2,1,1368,0.05
8125,22,1,131,0.05
8126,49,1,2121,0.05
8126,9,1,1527,0.05
8127,42,1,641,0
8128,38,1,976,0.15
8129,12,2,2578,0
8129,11,1,4549,0.05
8130,56,1,2279,0
8130,38,2,976,0.1
8130,17,2,1925,0
8131,46,2,1604,0
8132,38,1,976,0
8133,12,1,2578,0
8133,12,1,2578,0
8134,47,3,365,0.1
8135,22,1,131,0
8136,24,1,2210,0.1
8136,29,1,410,0
8137,58,1,124,0
8137,9,1,1527,0.1
8138,52,1,2641,0.05
8139,26,1,438,0
8139,21,1,572,0.15
8140,8,1,659,0.05
8141,22,1,131,0.05
8142,55,1,4377,0
8142,52,2,2641,0.05
8142,40,1,4298,0.2
8143,51,1,2621,0.1
8143,4,1,3867,0
8143,56,3,2279,0.2
8143,21,3,572,0.15
8144,60,1,1642,0
8145,37,1,189,0
8146,45,3,1847,0
8146,20,1,4963,0.05
8147,40,3,4298,0.05
8147,19,1,2578,0.05
8147,54,1,273,0.2
8148,59,1,954,0.05
8148,44,3,1674,0.15
8149,29,1,410,0
8150,15,1,3944,0
8150,41,1,4560,0
8151,36,1,460,0
8151,54,1,273,0.05
8151,1,3,2760,0.15
8152,14,2,3770,0
8152,24,2,2210,0
8153,18,1,4405,0
8153,1,1,2760,0.05
8154,48,1,4805,0
8154,10,2,3960,0
8155,33,2,2132,0
8155,37,1,189,0
8156,35,1,2084,0
8156,9,1,1527,0
8157,43,2,2654,0
8157,36,3,460,0.1
8158,29,1,410,0.1
8158,28,1,3031,0
8159,49,1,2121,0.1
8160,32,1,2083,0.1
8160,34,1,1026,0.15
8161,11,1,4549,0.1
8161,33,1,2132,0.15
8162,38,2,976,0.05
8162,41,3,4560,0.1
8162,51,3,2621,0.1
8163,58,3,124,0.05
8164,24,1,2210,0.1
8165,57,1,3486,0.15
8166,13,1,283,0.15
8167,42,2,641,0
8167,7,1,2555,0.05
8168,19,1,2578,0.05
8168,21,1,572,0.05
8169,7,3,2555,0
8170,12,2,2578,0.1
8170,48,1,4805,0
8171,24,2,2210,0
8171,40,2,4298,0
8171,32,1,2083,0.1
8171,8,1,659,0.15
8172,17,2,1925,0.05
8173,38,1,976,0
8173,43,1,2654,0
8173,5,1,207,0.05
8173,41,1,4560,0.05
8174,12,2,2578,0
8175,34,1,1026,0
8176,17,1,1925,0
8176,10,1,3960,0.05
8177,6,1,3871,0.1
8177,23,2,2084,0.05
8177,51,1,2621,0.05
8178,22,1,131,0.15
8179,41,1,4560,0
8179,57,1,3486,0.1
8180,40,1,4298,0
8180,27,2,2377,0.05
8181,48,1,4805,0
8181,30,1,3732,0
8181,58,1,124,0.05
8181,57,1,3486,0.2
8182,20,3,4963,0
8182,52,3,2641,0.1
8182,53,1,1408,0.15
8183,17,2,1925,0.05
8183,8,1,659,0
8184,18,2,4405,0
8184,19,3,2578,0
8184,24,2,2210,0
8185,5,1,207,0
8185,51,2,2621,0.15
8186,28,1,3031,0
8186,10,1,3960,0.05
8187,53,2,1408,0
8187,19,1,2578,0.1
8188,31,1,3571,0.15
8188,32,2,2083,0
8189,4,1,3867,0.05
8190,1,1,2760,0
8191,8,2,659,0.05
8191,7,1,2555,0
8191,54,1,273,0
8192,59,1,954,0
8192,14,2,3770,0
8193,54,1,273,0
8194,24,1,2210,0.1
8194,51,2,2621,0
8195,11,1,4549,0
8195,7,2,2555,0
8196,54,1,273,0
8196,31,2,3571,0
8197,29,1,410,0.1
8198,51,2,2621,0
8198,19,2,2578,0.15
8199,41,1,4560,0.2
8200,23,1,2084,0.15
8200,31,1,3571,0.1
8200,54,1,273,0
8201,10,2,3960,0.05
8201,37,1,189,0.15
8202,51,1,2621,0.05
8202,60,1,1642,0.1
8202,20,2,4963,0
8202,58,1,124,0.1
8203,52,1,2641,0
8203,19,2,2578,0
8204,9,1,1527,0.05
8204,46,1,1604,0.1
8204,6,1,3871,0
8204,58,1,124,0.05
8205,58,1,124,0.1
8205,58,1,124,0
8205,22,1,131,0.1
8206,44,1,1674,0
8206,51,1,2621,0
8207,4,1,3867,0
8207,44,2,1674,0.1
8207,6,1,3871,0
8208,22,1,131,0
8208,20,1,4963,0.05
8209,27,1,2377,0.15
8209,17,1,1925,0.05
8210,46,1,1604,0
8211,14,1,3770,0.05
8211,39,2,765,0.05
8212,39,1,765,0.2
8213,48,1,4805,0
8214,51,1,2621,0.1
8214,54,1,273,0.1
8214,7,1,2555,0.15
8215,51,1,2621,0.2
8215,15,2,3944,0.1
8216,23,1,2084,0
8217,47,1,365,0
8217,1,1,2760,0.1
8217,10,2,3960,0.15
8217,46,2,1604,0.05
8218,1,1,2760,0
8219,1,2,2760,0
8219,2,1,1368,0.1
8220,40,1,4298,0
8221,38,2,976,0.1
8222,40,2,4298,0
8222,31,1,3571,0.1
8222,12,2,2578,0.05
8223,15,2,3944,0.15
8224,7,1,2555,0.05
8224,18,2,4405,0.05
8224,27,2,2377,0.05
8224,57,1,3486,0
8225,37,1,189,0
8225,7,3,2555,0
8226,10,2,3960,0
8227,46,1,1604,0.1
8227,33,1,2132,0
8228,57,1,3486,0.1
8228,35,1,2084,0
8228,57,1,3486,0
8229,1,1,2760,0
8229,39,1,765,0.15
8229,3,1,3882,0
8229,56,1,2279,0.05
8230,17,1,1925,0
8231,21,1,572,0.05
8232,38,1,976,0.1
8233,40,1,4298,0.05
8234,20,1,4963,0.15
8235,40,2,4298,0.05
8235,35,1,2084,0.05
8236,15,1,3944,0.1
8237,45,1,1847,0
8238,8,1,659,0.1
8238,12,1,2578,0
8239,12,1,2578,0
8240,6,1,3871,0
8240,44,1,1674,0
8241,47,2,365,0
8241,41,2,4560,0.1
8242,1,1,2760,0.1
8243,35,2,2084,0.15
8243,42,1,641,0.05
8243,50,1,4645,0.1
8244,36,1,460,0.15
8244,9,1,1527,0
8244,44,1,1674,0
8245,31,1,3571,0
8246,24,3,2210,0
8247,22,1,131,0
8247,24,1,2210,0.05
8247,43,1,2654,0
8248,60,1,1642,0.05
8249,51,1,2621,0.05
8250,33,1,2132,0.05
8250,28,1,3031,0
8251,20,1,4963,0
8251,51,1,2621,0.1
8252,55,1,4377,0.05
8253,33,1,2132,0.05
8253,35,1,2084,0.15
8254,30,3,3732,0.1
8254,20,1,4963,0
8255,10,1,3960,0
8256,41,1,4560,0
8256,23,2,2084,0.05
8257,56,3,2279,0
8257,52,1,2641,0.15
8257,28,1,3031,0
8257,55,1,4377,0
8258,44,1,1674,0
8258,37,2,189,0.1
8259,16,1,2872,0.1
8259,3,1,3882,0.05
8260,15,1,3944,0
8261,21,1,572,0
8262,11,2,4549,0
8262,11,1,4549,0.1
8263,10,2,3960,0
8264,30,2,3732,0.05
8264,46,1,1604,0.1
8264,31,2,3571,0.1
8264,56,1,2279,0.1
8265,32,1,2083,0
8266,49,1,2121,0
8266,16,1,2872,0.15
8267,48,1,4805,0
8267,7,1,2555,0
8267,11,2,4549,0
8268,25,1,938,0.05
8269,54,1,273,0
8270,56,1,2279,0
8271,60,1,1642,0.1
8272,26,1,438,0.05
8272,17,1,1925,0
8273,2,1,1368,0
8273,57,1,3486,0
8273,23,1,2084,0
8274,31,3,3571,0.05
8275,3,1,3882,0
8275,56,1,2279,0.1
8275,9,1,1527,0
8276,14,1,3770,0.15
8276,2,1,1368,0.15
8277,39,1,765,0.1
8277,54,1,273,0.05
8278,10,1,3960,0.1
8279,28,1,3031,0
8279,43,1,2654,0.15
8280,31,1,3571,0
8281,57,1,3486,0
8282,23,1,2084,0.2
8282,48,1,4805,0.1
8283,38,2,976,0
8284,47,1,365,0.05
8285,47,1,365,0.1
8286,9,1,1527,0
8286,12,1,2578,0.05
8287,58,1,124,0.1
8287,41,1,4560,0
8288,7,1,2555,0.2
8289,14,1,3770,0
8290,20,1,4963,0.2
8291,11,1,4549,0.05
8292,17,1,1925,0.1
8292,10,1,3960,0
8293,47,1,365,0
8293,20,1,4963,0.1
8293,13,1,283,0.2
8294,5,1,207,0
8294,12,1,2578,0.15
8295,50,1,4645,0.15
8296,43,1,2654,0
8296,6,3,3871,0.1
8297,15,1,3944,0
8297,14,1,3770,0.05
8298,59,1,954,0
8299,43,1,2654,0.15
8300,48,1,4805,0.1
8300,14,1,3770,0.05
8301,2,1,1368,0.05
8301,43,2,2654,0.1
8302,3,1,3882,0.05
8303,47,2,365,0.1
8303,41,1,4560,0.15
8303,6,1,3871,0.05
8303,26,2,438,0
8304,53,1,1408,0.2
8304,48,1,4805,0
8304,31,2,3571,0.1
8305,9,2,1527,0.2
8305,35,2,2084,0
8305,51,1,2621,0.05
8306,29,1,410,0
8307,29,1,410,0
8308,34,1,1026,0
8309,20,1,4963,0.1
8309,47,1,365,0
8309,8,1,659,0.05
8309,38,1,976,0.05
8310,10,1,3960,0.1
8310,23,2,2084,0.1
8311,16,1,2872,0
8312,12,1,2578,0.15
8313,33,1,2132,0.05
8313,37,1,189,0.1
8314,17,1,1925,0
8314,34,1,1026,0.1
8314,10,1,3960,0
8315,12,2,2578,0.15
8315,30,3,3732,0.15
8315,28,2,3031,0
8315,1,1,2760,0.05
8316,4,1,3867,0
8316,30,1,3732,0
8316,41,1,4560,0.15
8317,43,2,2654,0
8317,23,2,2084,0.15
8318,20,1,4963,0.05
8318,1,1,2760,0.1
8319,42,1,641,0.1
8319,37,1,189,0
8320,18,1,4405,0
8320,19,1,2578,0.15
8321,21,1,572,0.1
8321,54,1,273,0.1
8322,5,2,207,0
8322,33,1,2132,0
8322,45,1,1847,0.1
8323,52,2,2641,0
8323,4,3,3867,0.15
8323,33,2,2132,0.2
8323,24,2,2210,0
8324,41,1,4560,0
8325,19,1,2578,0.1
8325,40,1,4298,0.05
8326,23,1,2084,0.05
8327,45,1,1847,0.05
8328,29,2,410,0.05
8329,28,2,3031,0.1
8329,46,1,1604,0
8330,4,1,3867,0
8330,13,1,283,0.05
8331,26,1,438,0.05
8332,28,2,3031,0.05
8333,51,1,2621,0.15
8333,29,2,410,0
8333,39,1,765,0.1
8334,34,1,1026,0
8334,55,1,4377,0
8334,3,1,3882,0
8335,36,1,460,0
8336,43,2,2654,0.05
8336,18,2,4405,0
8337,51,1,2621,0
8338,21,1,572,0.1
8338,26,1,438,0
8339,18,1,4405,0.05
8340,35,1,2084,0.05
8341,34,1,1026,0.2
8342,55,1,4377,0.15
8343,47,1,365,0
8343,27,1,2377,0.05
8344,8,1,659,0
8345,45,1,1847,0.15
8346,51,1,2621,0
8346,30,1,3732,0.1
8346,58,1,124,0.1
8346,16,2,2872,0.05
8347,52,2,2641,0.05
8347,20,1,4963,0
8348,35,1,2084,0.05
8348,16,1,2872,0.2
8349,17,1,1925,0.1
8349,11,1,4549,0
8350,30,1,3732,0.1
8351,2,2,1368,0.15
8352,27,3,2377,0.05
8353,27,1,2377,0.05
8354,38,1,976,0
8354,34,1,1026,0
8355,2,2,1368,0.05
8355,33,1,2132,0.05
8355,23,2,2084,0
8356,52,1,2641,0
8356,30,3,3732,0.1
8356,54,1,273,0.1
8357,10,2,3960,0
8358,15,1,3944,0
8358,58,2,124,0
8359,27,2,2377,0
8360,20,1,4963,0
8360,28,2,3031,0
8360,56,1,2279,0
8361,21,1,572,0.05
8361,58,1,124,0.2
8362,21,1,572,0.15
8363,10,2,3960,0.1
8364,44,1,1674,0.1
8364,45,1,1847,0.1
8365,7,1,2555,0
8366,47,1,365,0.1
8367,19,1,2578,0.1
8367,56,1,2279,0.05
8367,4,1,3867,0.05
8368,15,2,3944,0.05
8368,48,1,4805,0.05
8369,10,1,3960,0.05
8369,52,1,2641,0.2
8370,7,2,2555,0.05
8370,56,3,2279,0.2
8370,34,2,1026,0.1
8371,6,1,3871,0.05
8371,1,1,2760,0.05
8372,50,1,4645,0.2
8372,19,1,2578,0.1
8372,30,1,3732,0.05
8373,48,1,4805,0.1
8374,52,3,2641,0.05
8374,9,3,1527,0.05
8374,24,1,2210,0
8374,30,1,3732,0.05
8375,47,1,365,0
8375,14,1,3770,0.05
8375,40,1,4298,0.15
8375,27,1,2377,0
8376,2,1,1368,0.15
8376,11,1,4549,0
8377,36,1,460,0
8378,55,1,4377,0.1
8378,40,2,4298,0.05
8378,57,1,3486,0
8379,13,1,283,0
8379,25,1,938,0.05
8379,36,1,460,0
8379,22,2,131,0
8380,25,1,938,0
8381,48,2,4805,0.1
8382,27,1,2377,0.05
8383,14,1,3770,0
8383,55,1,4377,0
8383,44,1,1674,0.1
8384,6,1,3871,0.05
8385,28,3,3031,0.15
8385,39,1,765,0.2
8386,12,1,2578,0.15
8386,52,3,2641,0.1
8386,28,1,3031,0.2
8387,36,1,460,0.15
8387,55,1,4377,0.1
8388,11,1,4549,0.2
8388,17,2,1925,0.1
8389,50,1,4645,0.1
8389,46,1,1604,0.05
8390,29,1,410,0
8391,37,1,189,0.05
8391,56,2,2279,0
8391,41,1,4560,0
8392,47,1,365,0
8392,60,1,1642,0.05
8393,42,1,641,0.1
8394,20,2,4963,0.15
8394,41,1,4560,0.05
8395,22,1,131,0
8395,60,1,1642,0
8396,28,1,3031,0.15
8396,36,1,460,0
8397,7,2,2555,0.1
8397,44,1,1674,0
8398,29,1,410,0
8398,29,1,410,0.05
8399,46,1,1604,0.2
8399,12,1,2578,0.15
8400,49,1,2121,0.05
8400,10,1,3960,0
8400,50,1,4645,0.1
8401,53,1,1408,0
8401,50,1,4645,0
8402,1,2,2760,0.05
8402,9,1,1527,0.05
8403,26,1,438,0.05
8403,6,1,3871,0
8404,33,1,2132,0
8404,48,2,4805,0.15
8404,40,2,4298,0.1
8404,29,1,410,0.05
8405,23,1,2084,0
8405,55,2,4377,0.15
8406,22,1,131,0.1
8407,13,2,283,0
8407,31,2,3571,0.05
8407,48,2,4805,0
8408,45,1,1847,0
8409,3,1,3882,0
8410,28,2,3031,0
8410,31,1,3571,0
8411,52,2,2641,0.05
8412,28,1,3031,0.15
8413,32,1,2083,0.05
8414,3,2,3882,0.05
8414,13,1,283,0.15
8415,28,1,3031,0
8415,10,1,3960,0
8416,10,1,3960,0
8416,52,1,2641,0.1
8417,29,1,410,0
8418,51,1,2621,0
8419,40,2,4298,0.05
8420,50,1,4645,0.1
8420,56,1,2279,0.1
8421,12,1,2578,0.05
8422,38,1,976,0.15
8423,49,1,2121,0
8424,13,3,283,0.1
8425,43,2,2654,0.05
8425,56,2,2279,0.15
8426,53,1,1408,0.15
8427,4,2,3867,0.15
8428,40,1,4298,0
8428,57,1,3486,0.1
8429,41,2,4560,0
8429,34,1,1026,0.2
8430,37,1,189,0.1
8431,23,1,2084,0
8432,28,1,3031,0.2
8433,26,1,438,0.15
8433,47,1,365,0
8434,43,1,2654,0.1
8435,27,2,2377,0
8435,34,1,1026,0.05
8435,52,3,2641,0
8436,55,1,4377,0.15
8437,30,3,3732,0
8437,39,1,765,0.1
8438,34,1,1026,0
8438,5,1,207,0
8439,22,1,131,0.1
8440,35,1,2084,0
8440,23,1,2084,0.15
8441,31,1,3571,0
8441,10,1,3960,0.05
8441,48,1,4805,0.1
8442,57,1,3486,0.1
8442,52,2,2641,0
8442,19,1,2578,0
8443,59,1,954,0.05
8444,38,2,976,0.05
8444,26,1,438,0
8445,4,1,3867,0.15
8446,17,1,1925,0
8447,24,1,2210,0.1
8448,45,1,1847,0.1
8449,31,2,3571,0
8449,36,1,460,0.05
8449,6,1,3871,0.05
8450,34,1,1026,0.1
8450,24,1,2210,0
8451,19,1,2578,0.15
8451,52,2,2641,0
8452,12,1,2578,0.1
8453,6,1,3871,0.05
8454,1,1,2760,0.1
8454,20,1,4963,0.05
8454,3,1,3882,0.2
8455,26,1,438,0.05
8456,44,3,1674,0.1
8456,20,1,4963,0
8456,18,2,4405,0.2
8457,58,2,124,0.05
8458,9,1,1527,0.1
8459,57,1,3486,0.1
8460,44,1,1674,0
8460,39,1,765,0.05
8461,58,1,124,0.1
8461,47,1,365,0.1
8462,6,1,3871,0.1
8463,34,1,1026,0.2
8464,12,2,2578,0
8464,13,1,283,0
8464,25,1,938,0
8464,37,2,189,0.05
8465,35,1,2084,0
8465,12,1,2578,0.05
8466,42,1,641,0.2
8467,2,2,1368,0.15
8468,49,2,2121,0
8468,6,1,3871,0.1
8469,28,1,3031,0.05
8469,35,1,2084,0
8470,11,1,4549,0.05
8470,28,1,3031,0.1
8471,36,1,460,0.15
8471,24,1,2210,0
8472,1,1,2760,0.05
8472,43,1,2654,0
8473,43,1,2654,0.1
8474,38,2,976,0
8475,21,2,572,0.15
8476,20,1,4963,0
8477,15,1,3944,0
8478,56,1,2279,0
8479,3,1,3882,0.15
8479,29,2,410,0.05
8480,43,3,2654,0.05
8481,43,1,2654,0.05
8482,12,2,2578,0.1
8483,9,1,1527,0
8483,26,2,438,0
8484,14,1,3770,0
8484,7,2,2555,0
8484,8,1,659,0
8485,46,1,1604,0
8485,11,2,4549,0
8486,15,1,3944,0.05
8486,3,1,3882,0.1
8487,10,2,3960,0
8487,16,1,2872,0.05
8488,6,2,3871,0.05
8488,43,2,2654,0.05
8489,34,1,1026,0
8490,8,2,659,0
8491,1,2,2760,0
8491,7,1,2555,0.2
8492,33,2,2132,0
8493,31,2,3571,0.05
8494,8,2,659,0.05
8495,26,1,438,0.15
8495,40,3,4298,0.05
8496,26,1,438,0
8496,16,1,2872,0.05
8496,31,1,3571,0.05
8496,15,1,3944,0
8497,10,1,3960,0
8498,49,1,2121,0.1
8499,58,1,124,0
8500,45,1,1847,0.05
8501,5,2,207,0.05
8501,27,2,2377,0.05
8502,18,1,4405,0.1
8502,14,2,3770,0
8502,3,2,3882,0.15
8502,14,1,3770,0.05
8503,15,2,3944,0.1
8504,7,1,2555,0.15
8504,44,2,1674,0.05
8505,59,1,954,0
8505,15,2,3944,0
8506,59,1,954,0.15
8507,17,1,1925,0.1
8508,19,1,2578,0.1
8509,42,1,641,0.1
8510,51,3,2621,0.05
8510,30,1,3732,0.1
8511,46,1,1604,0.2
8512,15,1,3944,0
8512,43,1,2654,0.1
8512,32,3,2083,0
8513,6,1,3871,0.2
8513,53,2,1408,0.1
8514,6,1,3871,0
8514,56,1,2279,0
8514,17,1,1925,0
8515,24,2,2210,0.15
8515,52,2,2641,0.05
8515,10,3,3960,0
8516,40,2,4298,0.05
8517,16,1,2872,0.1
8517,33,1,2132,0
8517,5,2,207,0.1
8517,7,1,2555,0
8518,46,2,1604,0
8518,16,1,2872,0.1
8519,53,1,1408,0.15
8520,33,1,2132,0.05
8521,4,2,3867,0.1
8522,5,1,207,0
8522,55,1,4377,0.05
8523,42,1,641,0.05
8523,45,1,1847,0.05
8523,47,1,365,0
8524,50,2,4645,0.1
8524,20,2,4963,0
8524,1,1,2760,0.05
8525,40,1,4298,0.1
8526,16,2,2872,0
8526,27,2,2377,0.1
8526,19,1,2578,0
8527,4,1,3867,0
8528,44,2,1674,0
8528,36,1,460,0.05
8528,28,2,3031,0
8528,15,1,3944,0
8529,47,2,365,0.1
8529,41,1,4560,0
8530,46,1,1604,0.15
8531,28,2,3031,0.1
8531,34,1,1026,0.1
8531,6,1,3871,0.15
8532,13,1,283,0.15
8533,15,2,3944,0
8533,8,1,659,0
8534,20,1,4963,0.1
8534,37,1,189,0.1
8535,45,1,1847,0
8535,38,1,976,0
8535,40,1,4298,0
8535,55,1,4377,0
8536,59,1,954,0.05
8536,47,1,365,0.05
8537,41,2,4560,0
8537,24,1,2210,0.1
8538,18,1,4405,0.2
8539,54,1,273,0
8540,17,2,1925,0.1
8540,39,2,765,0.2
8541,18,1,4405,0.05
8542,25,1,938,0.15
8543,47,1,365,0
8544,24,2,2210,0
8544,4,1,3867,0
8545,56,1,2279,0.1
8545,28,1,3031,0.05
8545,37,2,189,0.1
8546,35,1,2084,0.1
8547,1,1,2760,0
8548,48,1,4805,0
8548,54,1,273,0.15
8548,49,1,2121,0.1
8549,3,1,3882,0
8550,9,1,1527,0
8551,27,1,2377,0.05
8551,31,2,3571,0.05
8551,20,1,4963,0.2
8552,47,1,365,0
8552,12,1,2578,0.05
8552,48,1,4805,0.2
8553,2,1,1368,0
8553,11,1,4549,0.2
8553,26,1,438,0
8553,57,2,3486,0.15
8554,57,2,3486,0.1
8554,59,3,954,0.1
8554,43,2,2654,0.1
8555,34,2,1026,0.2
8555,25,1,938,0.15
8555,48,1,4805,0
8555,37,2,189,0
8556,41,1,4560,0.1
8556,36,2,460,0.15
8556,33,1,2132,0
8557,38,1,976,0.2
8557,53,1,1408,0.1
8558,48,1,4805,0
8558,14,2,3770,0.15
8559,58,1,124,0.1
8559,10,1,3960,0
8559,21,1,572,0.1
8559,35,1,2084,0
8560,32,1,2083,0.15
8560,52,2,2641,0
8561,29,1,410,0
8561,19,1,2578,0
8562,23,1,2084,0
8562,17,1,1925,0
8563,55,2,4377,0
8563,3,2,3882,0.2
8563,59,1,954,0.1
8564,53,1,1408,0.2
8565,5,1,207,0.1
8565,58,1,124,0
8565,49,2,2121,0.2
8566,11,2,4549,0.1
8566,37,1,189,0
8566,54,2,273,0.05
8567,35,1,2084,0
8567,3,1,3882,0.05
8568,15,2,3944,0
8569,38,1,976,0
8569,29,2,410,0
8569,44,3,1674,0.05
8570,12,1,2578,0
8571,32,1,2083,0.05
8571,6,1,3871,0.05
8572,57,1,3486,0.05
8573,51,2,2621,0
8573,57,2,3486,0.1
8573,17,1,1925,0
8574,49,1,2121,0.2
8575,32,1,2083,0.05
8575,12,1,2578,0.1
8575,35,1,2084,0.1
8576,48,1,4805,0
8577,16,1,2872,0
8577,38,1,976,0
8578,57,2,3486,0.1
8578,24,1,2210,0.2
8578,56,2,2279,0.1
8579,47,1,365,0
8579,12,1,2578,0.2
8580,15,1,3944,0.1
8580,10,1,3960,0.05
8581,43,1,2654,0.1
8581,29,1,410,0
8581,2,1,1368,0
8582,41,3,4560,0.15
8582,37,1,189,0
8582,28,2,3031,0.05
8583,49,1,2121,0
8584,47,1,365,0
8584,1,1,2760,0.05
8585,16,2,2872,0
8586,29,1,410,0
8586,49,2,2121,0
8587,47,1,365,0.2
8587,59,1,954,0.1
8588,27,3,2377,0
8588,39,1,765,0.1
8588,10,3,3960,0.1
8589,51,1,2621,0.2
8590,45,1,1847,0.1
8590,1,2,2760,0.15
8590,11,2,4549,0.05
8591,11,1,4549,0
8592,44,2,1674,0.1
8592,32,1,2083,0
8593,1,2,2760,0
8593,1,1,2760,0
8594,18,1,4405,0.1
8594,53,1,1408,0
8595,30,1,3732,0.05
8595,6,1,3871,0.05
8596,34,1,1026,0.15
8597,28,1,3031,0.1
8598,9,1,1527,0.1
8599,25,1,938,0
8599,33,1,2132,0.05
8600,50,3,4645,0
8601,45,1,1847,0.1
8602,28,1,3031,0.05
8603,31,1,3571,0
8603,20,1,4963,0.2
8603,5,1,207,0
8604,23,1,2084,0
8605,39,1,765,0
8605,30,1,3732,0.05
8606,31,2,3571,0.1
8606,19,1,2578,0.15
8607,36,1,460,0.05
8607,2,1,1368,0
8607,4,2,3867,0.05
8607,26,1,438,0.15
8608,1,1,2760,0
8609,41,1,4560,0.05
8609,45,1,1847,0.1
8609,1,2,2760,0
8610,51,1,2621,0.05
8610,45,1,1847,0.1
8611,34,1,1026,0.1
8611,41,2,4560,0
8612,31,1,3571,0
8613,44,1,1674,0
8614,51,2,2621,0.1
8614,52,1,2641,0.05
8615,18,1,4405,0.05
8615,49,2,2121,0.05
8616,58,1,124,0
8617,11,1,4549,0.1
8617,1,1,2760,0
8617,48,1,4805,0.15
8618,16,1,2872,0.15
8618,20,1,4963,0
8619,17,1,1925,0
8619,13,1,283,0.1
8620,15,1,3944,0
8621,1,1,2760,0.1
8621,51,1,2621,0
8622,12,1,2578,0.05
8622,36,1,460,0.2
8623,31,3,3571,0.1
8623,6,1,3871,0.05
8623,6,1,3871,0.05
8624,58,1,124,0.1
8624,1,1,2760,0.05
8625,24,1,2210,0.1
8626,10,1,3960,0.05
8627,19,2,2578,0
8628,32,1,2083,0.05
8628,27,2,2377,0
8629,48,1,4805,0
8630,51,2,2621,0.15
8630,1,1,2760,0.1
8630,56,1,2279,0.1
8631,16,1,2872,0.05
8632,10,3,3960,0
8632,14,1,3770,0
8632,6,1,3871,0
8632,33,1,2132,0.05
8633,47,1,365,0.1
8633,25,1,938,0.15
8634,43,3,2654,0.1
8635,49,1,2121,0.15
8635,6,1,3871,0.2
8636,24,1,2210,0.05
8636,57,1,3486,0.05
8636,18,1,4405,0.1
8636,9,1,1527,0.05
8637,59,1,954,0.1
8638,1,1,2760,0.1
8639,59,1,954,0.05
8640,27,1,2377,0.05
8640,29,1,410,0.2
8640,2,1,1368,0.05
8641,24,1,2210,0
8641,57,1,3486,0
8642,15,1,3944,0
8642,22,2,131,0
8642,15,1,3944,0.05
8643,31,2,3571,0.1
8643,41,1,4560,0.05
8644,52,1,2641,0.1
8645,6,1,3871,0.1
8645,2,1,1368,0
8646,31,1,3571,0.1
8646,24,1,2210,0
8646,52,1,2641,0
8647,24,1,2210,0
8648,59,1,954,0.05
8649,58,1,124,0.05
8649,54,1,273,0
8650,33,1,2132,0.15
8651,24,1,2210,0.2
8652,36,2,460,0
8653,53,2,1408,0
8654,23,1,2084,0.05
8655,43,1,2654,0.15
8655,3,3,3882,0.1
8655,15,1,3944,0.1
8655,20,2,4963,0.05
8656,58,1,124,0
8656,60,1,1642,0.1
8656,48,1,4805,0.1
8656,1,1,2760,0
8657,15,1,3944,0
8658,13,1,283,0.1
8659,55,1,4377,0.15
8660,2,1,1368,0
8661,28,1,3031,0
8661,55,1,4377,0.2
8662,31,1,3571,0
8662,52,1,2641,0.2
8663,48,2,4805,0
8663,38,3,976,0
8663,4,3,3867,0.1
8664,49,2,2121,0.05
8664,49,1,2121,0
8664,32,2,2083,0
8665,30,1,3732,0
8665,25,3,938,0.05
8665,13,3,283,0.05
8665,20,1,4963,0
8666,29,1,410,0.15
8666,30,1,3732,0
8666,9,1,1527,0.05
8667,38,1,976,0
8667,27,1,2377,0
8667,1,1,2760,0.15
8668,20,1,4963,0.05
8668,52,2,2641,0.05
8669,27,2,2377,0.05
8670,32,1,2083,0
8670,23,2,2084,0.05
8671,20,1,4963,0.2
8672,42,1,641,0
8673,6,2,3871,0.05
8673,3,1,3882,0.1
8674,25,1,938,0
8674,12,2,2578,0.1
8675,3,1,3882,0.05
8675,3,1,3882,0.05
8676,27,1,2377,0.05
8677,17,2,1925,0.1
8678,57,1,3486,0.2
8678,26,1,438,0
8679,5,1,207,0
8679,33,1,2132,0.05
8680,11,3,4549,0
8681,59,2,954,0.05
8682,12,1,2578,0.15
8683,38,1,976,0.05
8683,41,1,4560,0
8683,39,2,765,0.2
8684,28,1,3031,0
8684,8,1,659,0.1
8684,60,1,1642,0
8685,58,1,124,0
8685,24,1,2210,0.1
8685,48,1,4805,0
8686,34,1,1026,0
8687,22,1,131,0.05
8688,33,1,2132,0
8688,20,1,4963,0.15
8689,46,1,1604,0
8690,5,1,207,0.05
8691,36,1,460,0
8692,52,2,2641,0
8692,17,1,1925,0.1
8693,37,2,189,0
8694,45,1,1847,0.15
8695,15,1,3944,0.15
8696,3,1,3882,0.15
8697,25,1,938,0.1
8697,18,2,4405,0
8698,6,3,3871,0.05
8698,30,1,3732,0.2
8699,52,1,2641,0.05
8699,48,1,4805,0.05
8700,47,1,365,0.05
8700,52,1,2641,0.05
8700,40,1,4298,0.2
8701,56,1,2279,0.2
8701,48,1,4805,0
8702,6,2,3871,0
8702,41,2,4560,0
8703,23,1,2084,0
8704,40,1,4298,0.1
8705,31,1,3571,0.1
8705,56,3,2279,0
8706,58,1,124,0
8706,47,1,365,0
8707,41,1,4560,0
8707,41,1,4560,0.2
8708,5,2,207,0
8709,2,1,1368,0.2
8709,51,1,2621,0.2
8709,36,1,460,0
8709,15,1,3944,0.05
8710,50,1,4645,0.05
8710,50,1,4645,0.15
8710,49,1,2121,0
8711,50,1,4645,0
8711,29,1,410,0
8712,1,1,2760,0.1
8713,17,2,1925,0.1
8714,47,1,365,0.1
8714,40,1,4298,0.1
8714,53,1,1408,0.05
8714,31,1,3571,0.1
8715,8,1,659,0.2
8716,7,3,2555,0
8716,20,1,4963,0.1
8716,54,1,273,0
8717,49,1,2121,0
8718,57,1,3486,0
8718,3,1,3882,0.2
8719,7,1,2555,0.1
8720,4,2,3867,0.15
8721,12,1,2578,0.1
8722,2,1,1368,0.2
8722,5,1,207,0
8722,57,1,3486,0.2
8723,17,1,1925,0
8723,41,2,4560,0.05
8724,15,1,3944,0
8724,56,1,2279,0
8725,51,2,2621,0.05
8725,40,1,4298,0.15
8726,20,1,4963,0.05
8726,11,1,4549,0.05
8727,5,1,207,0
8728,33,1,2132,0
8728,28,1,3031,0.1
8728,23,1,2084,0
8729,59,1,954,0.1
8730,3,1,3882,0
8731,30,3,3732,0
8731,60,1,1642,0.2
8732,12,1,2578,0.05
8732,60,2,1642,0.1
8732,14,2,3770,0
8732,47,1,365,0.05
8733,51,1,2621,0.05
8734,16,1,2872,0
8734,7,1,2555,0
8735,12,1,2578,0.15
8735,41,1,4560,0.1
8736,11,1,4549,0.1
8736,22,1,131,0
8737,57,1,3486,0
8738,41,1,4560,0
8738,42,1,641,0.1
8739,6,1,3871,0.1
8739,60,1,1642,0
8740,29,1,410,0.15
8741,1,2,2760,0.05
8742,28,2,3031,0.05
8742,45,1,1847,0.1
8743,38,1,976,0
8744,37,2,189,0.05
8744,38,1,976,0.2
8745,50,1,4645,0.1
8745,34,1,1026,0.1
8745,52,1,2641,0.15
8746,28,2,3031,0.1
8746,22,1,131,0.05
8747,18,1,4405,0.05
8748,60,1,1642,0.05
8748,19,1,2578,0
8748,57,1,3486,0.1
8748,8,2,659,0
8749,56,1,2279,0.05
8749,33,2,2132,0
8750,10,1,3960,0.1
8750,60,1,1642,0.1
8750,44,1,1674,0
8751,45,1,1847,0
8751,30,2,3732,0.15
8752,42,1,641,0
8753,57,1,3486,0
8754,18,1,4405,0.15
8754,24,1,2210,0
8754,12,1,2578,0.15
8755,37,3,189,0.15
8755,28,1,3031,0.05
8756,53,1,1408,0.1
8757,32,1,2083,0
8758,25,1,938,0
8758,30,2,3732,0.2
8758,21,1,572,0.05
8758,8,2,659,0.1
8759,10,2,3960,0.05
8759,5,2,207,0
8760,9,2,1527,0
8761,14,1,3770,0.1
8762,42,1,641,0.1
8763,7,2,2555,0.1
8764,7,2,2555,0.05
8764,31,1,3571,0.2
8765,56,1,2279,0
8765,46,1,1604,0.1
8766,51,1,2621,0.05
8766,49,1,2121,0.05
8766,52,3,2641,0
8766,27,1,2377,0.05
8767,31,1,3571,0
8767,59,2,954,0
8768,26,1,438,0
8769,3,1,3882,0
8769,37,1,189,0
8769,32,1,2083,0
8770,50,1,4645,0.05
8770,6,1,3871,0
8770,16,2,2872,0.2
8771,41,1,4560,0.15
8771,41,1,4560,0.15
8772,21,2,572,0
8772,19,2,2578,0.05
8773,14,2,3770,0
8773,36,2,460,0.1
8774,11,1,4549,0
8775,20,1,4963,0
8775,35,1,2084,0.1
8775,60,1,1642,0
8776,42,3,641,0
8776,60,1,1642,0.1
8776,4,1,3867,0
8777,12,1,2578,0.05
8778,16,1,2872,0.15
8778,28,1,3031,0.15
8778,6,1,3871,0.2
8779,25,1,938,0.15
8779,57,1,3486,0.2
8779,16,1,2872,0
8779,9,1,1527,0
8780,56,1,2279,0
8781,51,3,2621,0.05
8781,52,1,2641,0.1
8781,24,3,2210,0.1
8782,35,1,2084,0
8783,48,2,4805,0
8784,2,1,1368,0
8784,41,1,4560,0.2
8785,6,1,3871,0
8785,51,1,2621,0
8785,57,1,3486,0.15
8786,43,2,2654,0
8787,27,1,2377,0.1
8788,28,3,3031,0.05
8788,28,1,3031,0.05
8789,13,1,283,0
8789,58,1,124,0.05
8789,32,1,2083,0.05
8790,40,1,4298,0
8790,4,1,3867,0.1
8791,11,1,4549,0.05
8792,16,1,2872,0.1
8793,53,1,1408,0
8794,51,1,2621,0.05
8795,43,2,2654,0.2
8796,37,1,189,0.05
8797,26,1,438,0.05
8797,27,2,2377,0.1
8797,33,1,2132,0
8798,11,2,4549,0.15
8798,53,1,1408,0.15
8798,22,1,131,0
8799,14,1,3770,0.05
8799,42,1,641,0.1
8800,49,1,2121,0
8801,53,1,1408,0
8802,33,1,2132,0.05
8803,58,1,124,0
8804,22,1,131,0.05
8805,44,1,1674,0.05
8805,16,1,2872,0.05
8805,20,2,4963,0
8806,26,1,438,0
8807,15,1,3944,0.05
8808,50,1,4645,0
8809,25,1,938,0
8810,4,2,3867,0
8810,8,1,659,0.1
8810,47,1,365,0.2
8811,30,2,3732,0
8811,46,1,1604,0.15
8811,25,2,938,0.15
8811,4,3,3867,0
8812,24,1,2210,0.05
8812,57,2,3486,0.15
8813,40,1,4298,0
8813,11,1,4549,0.05
8814,4,2,3867,0
8814,40,2,4298,0.15
8815,33,1,2132,0
8815,18,1,4405,0
8815,4,1,3867,0.15
8816,56,1,2279,0.1
8817,21,1,572,0.15
8818,7,1,2555,0
8819,17,2,1925,0.2
8820,17,1,1925,0.05
8820,15,1,3944,0.05
8821,8,1,659,0
8821,4,1,3867,0.1
8821,45,2,1847,0
8821,43,1,2654,0.1
8822,35,1,2084,0.05
8822,1,1,2760,0
8822,27,1,2377,0
8822,15,1,3944,0.2
8823,12,2,2578,0.05
8824,16,2,2872,0
8824,6,1,3871,0
8825,40,1,4298,0
8825,4,1,3867,0
8826,29,1,410,0.05
8827,29,2,410,0.1
8828,6,1,3871,0.15
8828,18,1,4405,0.05
8828,41,2,4560,0.05
8828,47,1,365,0.05
8829,9,1,1527,0.1
8830,23,1,2084,0.05
8830,26,3,438,0
8831,9,1,1527,0.1
8831,57,1,3486,0.05
8831,12,1,2578,0.1
8832,36,1,460,0.1
8832,35,1,2084,0.1
8833,57,2,3486,0
8833,25,1,938,0
8833,21,2,572,0.1
8834,19,1,2578,0
8834,2,1,1368,0.2
8834,4,1,3867,0.1
8835,24,1,2210,0.05
8835,7,1,2555,0.05
8835,30,1,3732,0
8836,18,2,4405,0
8836,43,1,2654,0.05
8836,5,1,207,0.2
8836,14,1,3770,0
8837,47,2,365,0.1
8838,16,2,2872,0
8839,29,1,410,0.1
8840,29,1,410,0
8840,35,1,2084,0.05
8840,22,1,131,0
8840,14,1,3770,0.15
8841,9,1,1527,0.1
8841,29,1,410,0.1
8841,39,1,765,0.15
8841,6,1,3871,0.05
8842,5,1,207,0.15
8843,48,1,4805,0.1
8844,13,1,283,0.1
8845,45,1,1847,0.15
8846,59,1,954,0.1
8847,24,1,2210,0.1
8848,43,1,2654,0
8849,19,1,2578,0
8850,52,1,2641,0.1
8850,16,1,2872,0.2
8850,17,1,1925,0
8850,38,1,976,0.15
8851,55,1,4377,0.15
8851,22,2,131,0.1
8851,35,1,2084,0
8852,24,1,2210,0
8853,42,1,641,0.05
8854,10,2,3960,0.05
8854,10,1,3960,0
8855,44,1,1674,0.15
8855,37,1,189,0.15
8856,5,1,207,0.05
8856,56,1,2279,0.15
8856,29,1,410,0.15
8857,13,1,283,0
8858,7,1,2555,0
8858,18,1,4405,0.1
8859,19,2,2578,0.15
8859,55,1,4377,0.05
8860,28,1,3031,0.05
8861,11,1,4549,0.2
8861,21,1,572,0
8862,36,1,460,0.15
8863,10,1,3960,0
8863,47,2,365,0
8863,55,3,4377,0
8864,31,1,3571,0.1
8864,25,2,938,0
8865,35,1,2084,0.15
8865,60,1,1642,0
8866,23,3,2084,0.1
8866,23,3,2084,0.1
8866,58,1,124,0
8867,10,1,3960,0.1
8867,23,1,2084,0
8867,59,1,954,0
8868,6,1,3871,0
8868,15,1,3944,0
8869,19,1,2578,0.15
8869,5,1,207,0
8869,19,3,2578,0
8870,48,2,4805,0.15
8871,31,1,3571,0.05
8871,37,1,189,0
8872,54,2,273,0
8872,54,1,273,0.1
8873,11,1,4549,0.1
8873,16,3,2872,0
8873,47,2,365,0.15
8874,58,2,124,0
8875,20,1,4963,0.1
8876,51,2,2621,0
8876,15,3,3944,0.05
8877,55,1,4377,0
8877,20,1,4963,0.05
8877,33,2,2132,0.15
8878,18,1,4405,0.05
8879,52,1,2641,0.2
8879,43,1,2654,0.05
8879,27,3,2377,0.05
8880,30,1,3732,0
8881,3,1,3882,0
8881,37,1,189,0.15
8881,20,1,4963,0.15
8882,40,2,4298,0.05
8883,10,1,3960,0.05
8884,8,1,659,0.05
8885,11,3,4549,0.15
8885,28,3,3031,0.1
8885,51,2,2621,0.2
8886,51,1,2621,0
8887,23,1,2084,0
8887,12,1,2578,0
8888,38,2,976,0.2
8889,24,1,2210,0.05
8889,18,1,4405,0
8890,30,1,3732,0.05
8891,30,1,3732,0.05
8891,38,1,976,0
8891,37,1,189,0.05
8891,14,1,3770,0
8892,8,1,659,0
8893,39,1,765,0
8893,44,1,1674,0.05
8893,33,1,2132,0
8894,35,1,2084,0.1
8895,30,1,3732,0.05
8895,53,3,1408,0.05
8896,22,1,131,0
8897,20,2,4963,0
8897,22,1,131,0
8898,59,2,954,0
8899,19,1,2578,0.05
8899,55,1,4377,0.2
8899,17,1,1925,0
8899,20,1,4963,0.1
8900,50,2,4645,0.05
8900,30,1,3732,0
8901,53,1,1408,0.05
8902,44,1,1674,0.15
8903,55,1,4377,0
8903,46,1,1604,0
8903,3,1,3882,0.05
8903,16,1,2872,0
8904,17,1,1925,0.05
8905,41,2,4560,0.1
8905,28,2,3031,0.1
8906,51,1,2621,0
8907,11,2,4549,0.05
8907,10,2,3960,0.1
8907,24,1,2210,0
8908,33,1,2132,0
8909,55,1,4377,0.2
8910,27,2,2377,0.15
8910,33,1,2132,0
8910,8,1,659,0
8910,49,1,2121,0.05
8911,21,1,572,0.15
8912,6,1,3871,0.15
8912,33,2,2132,0
8913,22,1,131,0.15
8914,32,2,2083,0.1
8914,44,2,1674,0
8914,24,1,2210,0
8915,47,1,365,0.05
8916,4,1,3867,0.05
8917,36,2,460,0.05
8918,7,1,2555,0
8919,55,3,4377,0
8919,30,1,3732,0.15
8919,33,3,2132,0.05
8919,40,1,4298,0.1
8920,48,1,4805,0.1
8920,21,1,572,0
8920,4,2,3867,0.15
8921,48,3,4805,0
8921,45,2,1847,0
8921,30,1,3732,0
8922,42,1,641,0.2
8923,35,1,2084,0
8923,31,3,3571,0
8924,16,1,2872,0
8924,15,1,3944,0
8925,30,1,3732,0.1
8925,40,2,4298,0.05
8925,56,1,2279,0.1
8925,31,1,3571,0.1
8926,43,1,2654,0.05
8926,36,1,460,0.05
8927,14,2,3770,0.05
8927,38,1,976,0
8927,47,1,365,0.2
8927,12,2,2578,0
8928,35,1,2084,0.05
8929,53,2,1408,0
8929,7,2,2555,0
8930,15,1,3944,0.1
8931,58,1,124,0.1
8931,33,2,2132,0.2
8931,38,1,976,0.05
8932,16,1,2872,0.1
8933,48,2,4805,0.05
8933,15,1,3944,0.1
8934,24,1,2210,0.1
8934,47,1,365,0.05
8935,59,1,954,0
8935,41,1,4560,0.05
8935,14,1,3770,0
8936,39,2,765,0.05
8936,18,2,4405,0.05
8937,1,1,2760,0.05
8937,46,1,1604,0.1
8938,4,1,3867,0
8939,57,2,3486,0
8939,11,1,4549,0
8939,8,1,659,0.05
8939,33,3,2132,0.15
8940,52,1,2641,0.05
8940,30,1,3732,0.1
8941,1,1,2760,0.05
8941,40,2,4298,0.05
8941,1,2,2760,0.05
8942,47,1,365,0.15
8942,13,1,283,0
8943,34,1,1026,0.1
8943,19,1,2578,0
8944,34,1,1026,0.05
8945,48,1,4805,0.15
8945,22,1,131,0.2
8946,33,1,2132,0.05
8946,10,1,3960,0
8947,34,1,1026,0.1
8948,6,1,3871,0
8949,50,1,4645,0.05
8950,14,1,3770,0.1
8951,30,1,3732,0.1
8951,51,1,2621,0.15
8952,54,1,273,0
8952,42,1,641,0
8952,34,1,1026,0
8953,30,1,3732,0.15
8953,54,1,273,0
8953,26,1,438,0.05
8954,27,1,2377,0.1
8954,22,1,131,0
8954,10,1,3960,0
8955,4,1,3867,0
8955,21,1,572,0.1
8956,51,1,2621,0.2
8957,3,1,3882,0.05
8958,8,1,659,0.05
8958,3,2,3882,0
8958,25,2,938,0.1
8958,28,3,3031,0
8959,25,1,938,0
8959,29,2,410,0
8959,29,2,410,0.1
8959,17,1,1925,0.05
8960,54,3,273,0.05
8961,31,2,3571,0.1
8962,31,1,3571,0
8963,57,1,3486,0.2
8964,31,1,3571,0
8964,16,3,2872,0.1
8965,6,1,3871,0
8966,58,1,124,0.2
8967,35,1,2084,0.1
8967,4,1,3867,0
8967,59,1,954,0.05
8968,34,1,1026,0
8968,59,2,954,0
8969,6,1,3871,0.1
8969,11,1,4549,0.05
8969,21,1,572,0.1
8970,27,1,2377,0.1
8970,43,3,2654,0.15
8971,25,1,938,0.05
8972,22,1,131,0
8972,39,2,765,0.2
8973,40,1,4298,0
8973,53,1,1408,0.1
8973,18,1,4405,0.1
8974,37,1,189,0.1
8974,39,1,765,0.15
8975,11,1,4549,0.05
8975,4,1,3867,0
8976,22,1,131,0.05
8976,55,1,4377,0.2
8976,23,2,2084,0.05
8977,1,1,2760,0.15
8978,22,1,131,0.1
8978,3,1,3882,0
8978,56,1,2279,0
8979,18,1,4405,0.05
8979,12,1,2578,0.15
8980,19,1,2578,0.05
8981,55,1,4377,0
8982,43,1,2654,0.1
8982,8,1,659,0.1
8982,38,1,976,0
8983,56,1,2279,0
8983,10,3,3960,0.05
8983,28,1,3031,0
8983,51,1,2621,0
8984,47,1,365,0.1
8984,59,1,954,0.05
8985,48,1,4805,0
8986,24,3,2210,0.1
8986,31,1,3571,0.15
8987,15,1,3944,0.1
8987,21,1,572,0.05
8988,18,2,4405,0
8989,44,1,1674,0.05
8989,35,2,2084,0.2
8990,3,1,3882,0.2
8990,25,1,938,0.1
8990,42,1,641,0
8991,2,1,1368,0
8992,5,1,207,0.05
8993,30,2,3732,0.05
8993,50,2,4645,0
8994,7,2,2555,0.1
8995,1,1,2760,0.15
8995,48,1,4805,0
8995,43,1,2654,0.1
8995,55,1,4377,0.2
8996,60,1,1642,0.1
8996,35,1,2084,0
8997,6,1,3871,0
8997,8,1,659,0.1
8998,43,1,2654,0.1
8998,11,1,4549,0.05
8999,7,1,2555,0.05
8999,56,1,2279,0.2
9000,46,2,1604,0
9001,48,1,4805,0
9002,48,1,4805,0
9002,57,1,3486,0
9002,19,1,2578,0.1
9003,40,3,4298,0.15
9004,14,1,3770,0
9005,34,1,1026,0
9006,5,1,207,0
9006,12,1,2578,0
9007,44,1,1674,0
9007,52,1,2641,0.15
9007,27,1,2377,0
9008,19,1,2578,0.1
9009,24,1,2210,0.1
9009,9,1,1527,0.1
9010,37,2,189,0
9010,33,1,2132,0.15
9010,1,2,2760,0.05
9011,8,1,659,0
9011,9,1,1527,0.15
9012,10,2,3960,0.2
9012,19,1,2578,0
9013,8,2,659,0.1
9014,12,1,2578,0.1
9014,12,1,2578,0
9014,4,1,3867,0
9015,20,1,4963,0.15
9015,12,1,2578,0.15
9016,24,1,2210,0
9017,44,1,1674,0.1
9017,12,1,2578,0.05
9017,18,1,4405,0
9018,53,1,1408,0.05
9018,54,2,273,0.1
9018,39,1,765,0
9019,30,1,3732,0.1
9019,39,1,765,0
9019,35,1,2084,0.05
9020,43,1,2654,0.05
9021,13,1,283,0.05
9022,8,2,659,0.05
9022,20,1,4963,0
9023,22,3,131,0
9023,40,1,4298,0.2
9023,1,1,2760,0
9024,12,2,2578,0.1
9025,47,1,365,0.05
9026,44,2,1674,0
9027,45,1,1847,0.05
9028,4,1,3867,0.05
9028,26,1,438,0
9029,24,2,2210,0
9029,15,2,3944,0
9030,48,1,4805,0
9030,43,1,2654,0.05
9030,56,1,2279,0.05
9030,12,1,2578,0
9031,33,1,2132,0.05
9031,55,1,4377,0.1
9031,18,2,4405,0.1
9032,14,1,3770,0
9032,12,1,2578,0.2
9033,7,2,2555,0.05
9033,30,1,3732,0
9034,29,1,410,0
9035,17,2,1925,0.05
9036,33,3,2132,0
9036,46,1,1604,0.1
9036,33,1,2132,0.1
9036,10,1,3960,0.05
9037,5,1,207,0
9037,60,2,1642,0.2
9038,27,3,2377,0
9038,50,1,4645,0.05
9038,4,2,3867,0.1
9039,3,1,3882,0
9040,45,1,1847,0.05
9041,28,2,3031,0.1
9042,50,1,4645,0
9042,9,1,1527,0.1
9043,14,1,3770,0.15
9043,1,1,2760,0.15
9044,58,3,124,0.2
9044,43,1,2654,0.2
9044,48,1,4805,0.15
9045,33,1,2132,0.05
9045,28,1,3031,0.1
9045,29,1,410,0.05
9045,29,1,410,0.05
9046,32,1,2083,0
9046,11,1,4549,0.05
9047,10,1,3960,0.1
9047,20,1,4963,0.2
9048,12,2,2578,0
9048,29,1,410,0.1
9048,58,1,124,0
9048,3,1,3882,0
9049,1,1,2760,0
9049,59,1,954,0
9049,55,1,4377,0
9050,46,1,1604,0.05
9051,6,2,3871,0.15
9051,57,1,3486,0.05
9051,18,1,4405,0.05
9051,57,2,3486,0.15
9052,29,2,410,0.05
9053,49,1,2121,0
9054,16,1,2872,0.05
9054,6,1,3871,0
9054,16,2,2872,0.1
9054,12,1,2578,0
9055,57,1,3486,0.05
9055,16,2,2872,0.05
9056,57,1,3486,0.1
9056,14,1,3770,0
9056,33,1,2132,0.1
9056,55,1,4377,0
9057,26,2,438,0
9058,3,1,3882,0.1
9059,12,2,2578,0
9059,39,1,765,0.15
9060,18,1,4405,0
9061,47,1,365,0.2
9062,12,3,2578,0.05
9062,40,1,4298,0
9062,15,2,3944,0.05
9063,14,1,3770,0.2
9064,24,1,2210,0
9064,50,1,4645,0.1
9065,58,1,124,0
9066,33,1,2132,0.2
9066,32,2,2083,0
9066,27,2,2377,0
9067,59,1,954,0
9067,27,1,2377,0.1
9067,4,1,3867,0.15
9068,37,2,189,0
9069,3,3,3882,0.05
9069,19,2,2578,0.1
9069,30,2,3732,0
9070,14,1,3770,0.1
9071,50,1,4645,0.1
9071,36,1,460,0.1
9072,46,1,1604,0.1
9073,52,1,2641,0.05
9073,6,1,3871,0.2
9073,53,1,1408,0
9074,3,1,3882,0.15
9074,12,1,2578,0.15
9075,15,1,3944,0.05
9075,27,1,2377,0.15
9075,30,2,3732,0.05
9076,50,1,4645,0.05
9077,57,1,3486,0
9077,42,1,641,0
9078,7,2,2555,0.05
9078,7,3,2555,0.1
9078,11,1,4549,0.1
9079,16,1,2872,0.05
9079,6,1,3871,0.05
9080,41,1,4560,0.1
9081,46,2,1604,0.1
9081,55,1,4377,0
9082,27,2,2377,0
9082,38,1,976,0
9083,9,2,1527,0.05
9083,21,3,572,0.15
9083,50,1,4645,0.1
9083,21,1,572,0
9084,31,2,3571,0
9085,20,1,4963,0.1
9085,34,1,1026,0.15
9085,32,1,2083,0
9085,18,1,4405,0
9086,30,1,3732,0.1
9087,33,1,2132,0
9087,13,2,283,0.15
9088,15,1,3944,0.15
9089,3,2,3882,0.1
9089,27,1,2377,0
9090,30,1,3732,0
9090,14,1,3770,0
9090,26,1,438,0.05
9090,41,1,4560,0
9091,59,1,954,0
9092,56,1,2279,0
9092,44,1,1674,0
9093,8,1,659,0.05
9094,3,1,3882,0.15
9094,56,1,2279,0
9095,10,2,3960,0.1
9096,57,2,3486,0.1
9096,12,3,2578,0
9097,43,1,2654,0.2
9097,40,1,4298,0
9097,4,3,3867,0.2
9097,38,1,976,0.05
9098,57,1,3486,0
9098,10,1,3960,0
9099,29,1,410,0
9099,25,1,938,0
9100,42,1,641,0.15
9100,4,2,3867,0.2
9100,20,1,4963,0
9101,11,1,4549,0
9101,10,2,3960,0.15
9101,18,1,4405,0.05
9102,56,1,2279,0.2
9103,48,1,4805,0
9104,20,1,4963,0
9104,31,1,3571,0
9105,22,1,131,0
9106,25,1,938,0.05
9107,5,2,207,0.1
9108,51,1,2621,0
9108,4,1,3867,0
9108,41,1,4560,0.05
9109,12,1,2578,0
9109,54,1,273,0.05
9109,51,2,2621,0
9109,8,2,659,0.05
9110,41,2,4560,0.15
9110,32,1,2083,0
9111,8,1,659,0.05
9111,53,1,1408,0.2
9112,53,1,1408,0.15
9112,47,1,365,0
9113,21,1,572,0
9114,15,2,3944,0.1
9114,56,1,2279,0.05
9115,56,1,2279,0.05
9116,27,2,2377,0
9116,14,1,3770,0.05
9117,56,1,2279,0.05
9117,4,1,3867,0
9118,42,1,641,0.05
9118,57,1,3486,0
9119,38,1,976,0
9119,24,1,2210,0.15
9119,47,1,365,0
9120,47,1,365,0.15
9121,43,2,2654,0.1
9121,7,1,2555,0.05
9121,24,2,2210,0.05
9122,22,1,131,0.05
9123,31,1,3571,0.05
9124,20,1,4963,0.1
9125,49,2,2121,0.05
9126,40,1,4298,0.05
9126,15,2,3944,0
9126,40,2,4298,0
9126,28,2,3031,0
9127,24,1,2210,0.1
9128,26,1,438,0
9129,14,1,3770,0.1
9129,20,2,4963,0.1
9130,25,1,938,0.2
9131,20,1,4963,0
9131,11,3,4549,0.1
9132,19,1,2578,0.1
9133,29,1,410,0.05
9134,8,1,659,0.05
9134,40,1,4298,0
9134,55,2,4377,0
9134,53,1,1408,0.1
9135,46,1,1604,0
9135,11,1,4549,0
9136,39,1,765,0.1
9137,43,1,2654,0.1
9137,19,1,2578,0
9138,15,1,3944,0.1
9138,40,2,4298,0
9138,5,1,207,0
9139,14,1,3770,0.05
9139,28,1,3031,0
9140,17,1,1925,0.15
9141,6,1,3871,0
9142,8,1,659,0.05
9142,28,2,3031,0.05
9143,46,3,1604,0.1
9143,13,1,283,0
9144,23,1,2084,0.15
9145,25,1,938,0
9146,60,2,1642,0
9146,36,3,460,0
9147,6,1,3871,0
9147,46,1,1604,0.05
9148,25,2,938,0
9148,30,1,3732,0.1
9149,40,3,4298,0.1
9149,39,2,765,0.1
9149,11,2,4549,0.05
9150,10,1,3960,0.2
9150,33,2,2132,0.1
9150,10,2,3960,0
9150,33,1,2132,0
9151,13,2,283,0
9152,31,1,3571,0.05
9153,40,2,4298,0
9153,33,1,2132,0
9154,12,1,2578,0
9154,44,1,1674,0.05
9155,19,1,2578,0.05
9155,27,2,2377,0
9155,54,1,273,0.05
9156,20,2,4963,0
9156,16,1,2872,0
9156,18,1,4405,0.1
9157,25,1,938,0
9158,52,2,2641,0.05
9159,54,1,273,0.1
9159,28,1,3031,0
9159,16,1,2872,0.1
9159,22,1,131,0.05
9160,11,1,4549,0
9160,24,2,2210,0
9161,41,2,4560,0.05
9162,41,1,4560,0.05
9162,40,2,4298,0
9162,54,2,273,0
9163,36,1,460,0.15
9163,11,1,4549,0
9164,29,1,410,0.1
9164,38,1,976,0
9164,23,1,2084,0
9165,10,2,3960,0
9165,3,2,3882,0.05
9166,57,1,3486,0.1
9166,43,1,2654,0
9167,55,1,4377,0.05
9167,44,1,1674,0.1
9168,25,1,938,0
9168,41,3,4560,0.2
9169,11,3,4549,0.1
9170,36,1,460,0.15
9170,56,1,2279,0.05
9171,52,1,2641,0.05
9172,15,2,3944,0
9173,45,3,1847,0
9174,15,1,3944,0.1
9174,20,1,4963,0.1
9175,1,1,2760,0
9175,10,1,3960,0.15
9175,6,1,3871,0.2
9175,20,2,4963,0
9176,9,1,1527,0.05
9177,21,1,572,0.15
9177,51,2,2621,0.1
9177,7,3,2555,0.1
9177,14,2,3770,0.15
9178,36,1,460,0
9178,25,2,938,0.1
9178,24,1,2210,0
9178,9,2,1527,0
9179,35,3,2084,0.15
9179,23,2,2084,0.1
9179,36,1,460,0
9180,47,1,365,0.1
9181,36,2,460,0.05
9182,54,1,273,0.1
9183,54,1,273,0
9184,3,1,3882,0.05
9184,8,1,659,0.05
9185,10,1,3960,0.1
9186,43,1,2654,0
9186,36,1,460,0.05
9186,60,1,1642,0
9187,24,1,2210,0.05
9187,60,1,1642,0.1
9188,5,2,207,0.2
9188,52,1,2641,0.1
9189,17,1,1925,0.1
9189,19,3,2578,0.05
9190,31,1,3571,0.05
9191,47,1,365,0.05
9192,49,1,2121,0
9192,10,1,3960,0.15
9193,11,2,4549,0.1
9193,7,1,2555,0.1
9194,22,1,131,0.05
9194,1,1,2760,0.15
9195,30,2,3732,0.1
9196,25,1,938,0
9196,27,1,2377,0
9197,22,1,131,0.05
9198,45,1,1847,0.1
9198,6,1,3871,0.1
9198,60,1,1642,0
9198,17,1,1925,0.05
9199,55,2,4377,0
9199,4,1,3867,0.15
9200,7,1,2555,0
9200,29,1,410,0
9201,48,1,4805,0.1
9201,48,1,4805,0.1
9202,56,1,2279,0.05
9203,9,1,1527,0.05
9203,4,1,3867,0.15
9204,22,1,131,0.1
9205,6,3,3871,0
9205,43,1,2654,0
9206,10,2,3960,0.1
9207,9,1,1527,0
9208,28,1,3031,0
9208,55,2,4377,0.05
9209,59,1,954,0
9209,20,1,4963,0.05
9210,7,1,2555,0.1
9211,54,1,273,0.1
9212,53,1,1408,0.05
9212,24,1,2210,0.2
9213,6,1,3871,0.05
9213,5,3,207,0
9213,37,2,189,0.1
9214,45,1,1847,0.1
9215,13,1,283,0.05
9215,34,3,1026,0.05
9215,54,1,273,0
9216,57,2,3486,0.1
9216,7,2,2555,0
9216,41,2,4560,0.1
9217,23,1,2084,0.05
9218,54,1,273,0.05
9218,9,1,1527,0.05
9219,57,1,3486,0.15
9220,4,2,3867,0
9220,18,1,4405,0
9220,22,3,131,0
9221,5,2,207,0.1
9222,13,1,283,0.15
9222,7,3,2555,0.05
9222,19,2,2578,0
9223,39,1,765,0.1
9224,45,1,1847,0.05
9224,1,1,2760,0
9224,28,1,3031,0.1
9225,56,1,2279,0
9225,7,1,2555,0
9226,52,1,2641,0
9227,55,2,4377,0.2
9227,15,3,3944,0.05
9228,53,2,1408,0.05
9228,13,3,283,0.1
9228,13,1,283,0.15
9229,33,1,2132,0.05
9229,23,1,2084,0
9230,17,1,1925,0.2
9230,46,1,1604,0.2
9231,47,1,365,0
9231,56,1,2279,0
9231,31,2,3571,0.15
9232,27,2,2377,0
9232,56,1,2279,0.1
9232,7,2,2555,0.05
9232,33,1,2132,0
9233,28,1,3031,0.1
9233,15,1,3944,0
9234,56,1,2279,0
9235,26,1,438,0.05
9235,54,3,273,0.15
9236,28,1,3031,0.05
9236,59,1,954,0.05
9237,1,1,2760,0
9238,45,1,1847,0.15
9239,16,2,2872,0
9240,23,1,2084,0.1
9240,50,1,4645,0
9241,51,1,2621,0.1
9241,41,3,4560,0
9242,57,1,3486,0.05
9243,41,1,4560,0.05
9244,9,1,1527,0
9244,11,1,4549,0.1
9245,57,1,3486,0.1
9245,12,1,2578,0
9246,35,1,2084,0.1
9246,21,1,572,0
9247,30,1,3732,0
9247,44,1,1674,0
9247,34,2,1026,0.05
9248,7,1,2555,0.05
9249,58,1,124,0.1
9250,12,1,2578,0.15
9251,25,2,938,0.1
9252,9,1,1527,0.05
9252,58,1,124,0.05
9253,59,1,954,0.05
9253,5,1,207,0
9254,48,1,4805,0
9254,39,1,765,0
9255,10,1,3960,0.1
9255,32,1,2083,0
9256,45,1,1847,0
9256,9,1,1527,0.15
9257,57,1,3486,0.2
9257,29,1,410,0
9258,48,1,4805,0
9259,36,1,460,0
9259,37,1,189,0.05
9259,59,2,954,0.15
9260,49,1,2121,0
9261,20,1,4963,0.2
9262,10,1,3960,0
9262,51,1,2621,0.05
9262,43,1,2654,0
9263,11,1,4549,0.15
9264,12,2,2578,0
9264,30,1,3732,0.15
9264,10,1,3960,0.1
9265,26,3,438,0
9266,19,1,2578,0.05
9266,25,1,938,0.05
9266,55,1,4377,0.15
9267,49,1,2121,0
9267,48,1,4805,0
9267,33,1,2132,0.05
9268,26,1,438,0
9269,3,1,3882,0
9270,12,2,2578,0.05
9270,30,1,3732,0
9271,55,1,4377,0.15
9271,43,1,2654,0
9272,44,1,1674,0.1
9272,52,1,2641,0
9273,15,3,3944,0
9273,30,1,3732,0.1
9273,21,2,572,0
9274,60,1,1642,0.15
9274,16,1,2872,0
9275,55,1,4377,0.05
9276,49,1,2121,0.1
9277,25,1,938,0.05
9277,36,1,460,0
9277,5,1,207,0
9278,45,2,1847,0.05
9278,7,2,2555,0.05
9279,57,1,3486,0
9279,9,1,1527,0.2
9279,10,1,3960,0.05
9279,13,1,283,0
9280,20,1,4963,0.05
9281,15,2,3944,0
9281,57,1,3486,0
9282,14,1,3770,0
9282,14,2,3770,0
9282,34,1,1026,0.05
9283,32,1,2083,0.05
9284,56,1,2279,0
9285,16,2,2872,0.15
9285,44,1,1674,0.1
9286,46,1,1604,0.15
9286,60,2,1642,0.1
9286,15,3,3944,0
9287,56,3,2279,0.15
9287,38,3,976,0.1
9287,6,1,3871,0
9288,27,1,2377,0.05
9289,12,2,2578,0.1
9290,50,2,4645,0
9290,54,2,273,0
9290,18,2,4405,0.15
9290,32,1,2083,0.1
9291,1,1,2760,0.1
9292,55,1,4377,0
9292,42,1,641,0.1
9293,39,1,765,0.05
9293,51,2,2621,0.15
9293,28,2,3031,0.1
9294,6,1,3871,0.05
9294,10,1,3960,0
9294,24,1,2210,0
9295,44,1,1674,0
9295,24,1,2210,0.1
9296,13,1,283,0.05
9296,52,1,2641,0
9296,17,2,1925,0.1
9297,39,1,765,0.1
9298,43,1,2654,0.1
9299,54,2,273,0
9299,32,1,2083,0
9300,18,1,4405,0.15
9301,25,1,938,0.15
9302,8,1,659,0.1
9303,28,1,3031,0
9303,52,1,2641,0.1
9303,50,1,4645,0.05
9304,13,2,283,0.1
9304,33,1,2132,0
9304,60,1,1642,0
9305,44,1,1674,0.1
9305,35,1,2084,0
9306,47,1,365,0
9307,35,1,2084,0.05
9307,33,1,2132,0.05
9308,15,1,3944,0
9308,24,2,2210,0
9308,52,1,2641,0.2
9309,6,2,3871,0
9310,55,1,4377,0
9311,30,1,3732,0
9311,19,1,2578,0.05
9312,36,1,460,0.05
9313,50,1,4645,0
9314,34,1,1026,0
9315,48,1,4805,0.15
9316,16,2,2872,0.05
9316,55,1,4377,0.15
9316,8,2,659,0
9317,53,3,1408,0
9317,56,2,2279,0
9317,23,1,2084,0.05
9317,25,2,938,0.05
9318,27,2,2377,0.05
9318,26,1,438,0.05
9319,24,1,2210,0
9319,48,1,4805,0.2
9320,1,1,2760,0.05
9321,14,3,3770,0
9321,1,3,2760,0.15
9322,24,3,2210,0
9323,28,2,3031,0
9324,26,1,438,0
9324,11,1,4549,0.05
9325,57,1,3486,0.1
9326,39,1,765,0.05
9326,47,1,365,0.05
9327,23,1,2084,0.05
9327,13,1,283,0.05
9328,27,2,2377,0
9329,30,3,3732,0.05
9329,39,3,765,0.05
9329,4,2,3867,0
9330,33,1,2132,0.05
9331,19,2,2578,0.2
9331,22,2,131,0
9332,36,1,460,0
9332,59,1,954,0.1
9333,53,1,1408,0
9334,24,1,2210,0.2
9335,10,3,3960,0.1
9336,28,1,3031,0.05
9337,50,1,4645,0.2
9338,44,1,1674,0.2
9338,14,1,3770,0.15
9338,23,2,2084,0
9339,20,1,4963,0.05
9339,50,1,4645,0.15
9339,44,2,1674,0
9339,15,1,3944,0.05
9340,60,1,1642,0.05
9340,11,1,4549,0.1
9341,24,1,2210,0
9341,38,1,976,0.05
9342,55,1,4377,0.15
9342,34,1,1026,0.05
9342,29,1,410,0
9343,3,2,3882,0.05
9343,3,2,3882,0.15
9344,32,2,2083,0
9344,34,1,1026,0
9345,11,1,4549,0
9346,50,1,4645,0
9346,43,3,2654,0.1
9346,24,1,2210,0
9347,52,1,2641,0
9347,56,1,2279,0.1
9347,12,1,2578,0
9347,38,1,976,0.1
9348,38,1,976,0.05
9349,22,1,131,0.2
9349,44,1,1674,0.1
9349,51,1,2621,0.05
9350,50,2,4645,0
9350,31,1,3571,0.05
9350,7,2,2555,0.05
9351,3,2,3882,0
9351,19,1,2578,0.1
9351,30,3,3732,0.1
9352,24,1,2210,0.05
9353,30,1,3732,0.05
9353,57,2,3486,0.2
9354,30,1,3732,0.1
9354,48,1,4805,0
9355,39,1,765,0.1
9355,57,1,3486,0.15
9356,4,1,3867,0
9356,27,1,2377,0
9357,18,1,4405,0.05
9358,47,1,365,0
9358,46,1,1604,0.15
9358,15,1,3944,0.2
9358,4,2,3867,0.15
9359,40,1,4298,0
9359,36,3,460,0.1
9360,19,2,2578,0.1
9361,7,1,2555,0.05
9361,4,1,3867,0.1
9362,18,1,4405,0.05
9363,18,2,4405,0
9363,57,1,3486,0.2
9363,7,1,2555,0.2
9364,17,1,1925,0.05
9364,4,1,3867,0.05
9365,58,1,124,0.1
9365,56,1,2279,0.1
9366,50,1,4645,0
9366,57,1,3486,0
9366,12,1,2578,0
9367,12,2,2578,0.15
9367,10,1,3960,0.1
9367,58,1,124,0.05
9367,26,1,438,0.1
9368,28,1,3031,0.1
9368,56,1,2279,0.15
9369,4,1,3867,0
9369,45,1,1847,0
9370,22,1,131,0.05
9370,26,1,438,0.15
9370,32,1,2083,0.05
9371,37,1,189,0.15
9371,42,1,641,0.1
9371,33,1,2132,0
9372,49,1,2121,0
9373,14,1,3770,0.15
9373,17,1,1925,0
9373,1,1,2760,0.15
9374,12,1,2578,0.2
9374,31,1,3571,0.15
9375,16,1,2872,0
9375,24,1,2210,0.05
9376,36,1,460,0.1
9377,54,1,273,0
9377,48,1,4805,0.2
9378,34,1,1026,0.1
9379,37,1,189,0
9380,30,1,3732,0
9381,59,1,954,0.05
9382,27,1,2377,0.05
9383,56,3,2279,0.1
9383,54,2,273,0
9384,53,1,1408,0.05
9385,4,1,3867,0
9385,53,2,1408,0.1
9385,4,1,3867,0.05
9386,49,1,2121,0
9387,19,2,2578,0.1
9387,6,1,3871,0.1
9388,23,1,2084,0
9389,31,2,3571,0.15
9390,29,2,410,0.05
9390,43,1,2654,0
9390,51,1,2621,0.05
9391,10,1,3960,0
9391,41,1,4560,0.1
9391,54,1,273,0.1
9391,31,1,3571,0.1
9392,9,1,1527,0
9392,42,1,641,0
9392,58,1,124,0.1
9393,33,2,2132,0
9394,9,1,1527,0
9394,44,1,1674,0.1
9395,12,1,2578,0.1
9396,37,1,189,0
9397,12,1,2578,0
9398,24,1,2210,0
9399,16,1,2872,0
9400,39,1,765,0.15
9400,46,1,1604,0.05
9401,46,1,1604,0
9401,21,1,572,0
9402,38,1,976,0.1
9402,19,1,2578,0.05
9403,55,2,4377,0.05
9403,4,1,3867,0.1
9403,8,2,659,0
9403,43,2,2654,0
9404,43,1,2654,0
9404,59,1,954,0
9405,3,1,3882,0.05
9405,27,1,2377,0
9405,20,1,4963,0.15
9406,30,1,3732,0.15
9406,15,2,3944,0.1
9407,44,1,1674,0.05
9408,1,2,2760,0.15
9408,7,2,2555,0.1
9408,9,1,1527,0.05
9408,1,1,2760,0.15
9409,14,1,3770,0.2
9410,51,3,2621,0
9410,7,2,2555,0.05
9411,5,1,207,0
9411,5,1,207,0
9412,13,1,283,0.05
9413,11,2,4549,0.05
9414,36,1,460,0
9414,17,2,1925,0.05
9415,55,1,4377,0.1
9415,41,1,4560,0
9416,1,1,2760,0.05
9417,55,1,4377,0.05
9418,6,1,3871,0.15
9418,20,1,4963,0
9419,25,1,938,0.05
9420,4,1,3867,0.1
9420,2,1,1368,0.05
9421,22,1,131,0
9421,34,1,1026,0.05
9421,23,1,2084,0.15
9422,9,1,1527,0
9422,46,1,1604,0.05
9423,49,1,2121,0.15
9424,26,2,438,0.15
9424,12,1,2578,0
9425,45,2,1847,0.05
9426,18,1,4405,0.05
9426,13,1,283,0
9427,35,2,2084,0.05
9428,10,2,3960,0.05
9428,59,1,954,0
9429,27,1,2377,0.05
9429,29,2,410,0
9429,45,1,1847,0.1
9430,23,1,2084,0
9431,16,3,2872,0.1
9432,4,2,3867,0.15
9432,44,1,1674,0.2
9432,41,1,4560,0
9432,41,1,4560,0.1
9433,33,1,2132,0.05
9434,14,1,3770,0.05
9434,18,1,4405,0
9434,43,1,2654,0
9434,54,1,273,0
9435,24,1,2210,0.1
9436,46,1,1604,0.2
9436,12,1,2578,0
9437,38,3,976,0.1
9438,2,1,1368,0.2
9439,15,1,3944,0.15
9439,6,1,3871,0.1
9439,21,1,572,0.15
9439,54,1,273,0.05
9440,8,2,659,0
9440,14,1,3770,0
9441,52,2,2641,0
9441,57,2,3486,0.2
9441,48,1,4805,0.05
9442,42,1,641,0.15
9443,52,2,2641,0.05
9443,20,1,4963,0.05
9444,24,2,2210,0.1
9444,43,1,2654,0.05
9445,11,1,4549,0.1
9446,33,1,2132,0
9447,48,1,4805,0.1
9448,24,1,2210,0.05
9449,6,2,3871,0.1
9449,31,3,3571,0
9449,16,1,2872,0
9450,30,1,3732,0
9450,11,2,4549,0.1
9450,51,3,2621,0.1
9451,60,1,1642,0.1
9451,5,1,207,0
9452,19,2,2578,0
9453,6,1,3871,0
9453,8,1,659,0.1
9453,50,1,4645,0
9454,36,2,460,0.15
9454,27,1,2377,0.05
9455,28,1,3031,0.15
9456,58,1,124,0.15
9457,59,2,954,0
9457,7,2,2555,0.05
9458,20,1,4963,0.1
9458,24,2,2210,0
9458,34,1,1026,0
9459,53,3,1408,0
9460,20,1,4963,0
9460,19,1,2578,0.1
9460,41,1,4560,0
9461,10,1,3960,0.05
9461,28,2,3031,0
9461,30,1,3732,0.1
9461,60,1,1642,0.15
9462,59,3,954,0.05
9462,43,3,2654,0.2
9462,31,2,3571,0
9462,39,1,765,0
9463,39,1,765,0.05
9463,40,1,4298,0.05
9464,23,1,2084,0
9464,24,3,2210,0.05
9465,29,1,410,0.15
9466,19,3,2578,0.1
9466,3,2,3882,0.1
9466,51,2,2621,0.2
9466,15,1,3944,0
9467,37,1,189,0.2
9468,7,1,2555,0
9468,20,1,4963,0
9469,43,1,2654,0.1
9469,26,3,438,0
9470,42,1,641,0
9471,23,1,2084,0.05
9471,31,1,3571,0.2
9471,55,2,4377,0.1
9471,13,1,283,0.15
9472,43,1,2654,0.05
9472,42,1,641,0.1
9473,14,1,3770,0
9474,31,1,3571,0
9474,13,1,283,0
9474,43,1,2654,0.05
9475,56,3,2279,0.1
9476,14,1,3770,0
9477,54,2,273,0.05
9478,57,1,3486,0
9478,28,2,3031,0
9479,60,1,1642,0
9479,28,1,3031,0
9480,58,1,124,0
9481,21,1,572,0.2
9482,36,1,460,0.05
9482,45,1,1847,0.15
9483,24,1,2210,0.2
9484,6,2,3871,0.1
9485,49,1,2121,0.05
9485,47,1,365,0.15
9486,9,1,1527,0.1
9486,48,1,4805,0
9486,10,1,3960,0
9487,21,1,572,0
9487,23,1,2084,0
9488,2,1,1368,0
9489,29,1,410,0.05
9490,20,2,4963,0.15
9490,49,1,2121,0.15
9491,4,1,3867,0.05
9491,22,1,131,0
9492,37,2,189,0.1
9492,55,1,4377,0.15
9492,16,1,2872,0.15
9493,53,1,1408,0.05
9494,33,1,2132,0.05
9494,10,1,3960,0
9495,29,1,410,0
9495,58,1,124,0
9496,8,1,659,0.05
9497,7,1,2555,0
9498,16,1,2872,0
9498,9,1,1527,0
9499,26,1,438,0
9499,35,1,2084,0.1
9499,38,1,976,0.1
9500,3,1,3882,0
9500,3,1,3882,0
9501,21,1,572,0.1
9501,15,1,3944,0.15
9502,23,1,2084,0.2
9503,29,1,410,0
9503,4,1,3867,0
9503,10,2,3960,0.2
9504,53,1,1408,0.05
9505,6,2,3871,0
9506,21,1,572,0.2
9507,7,2,2555,0.05
9507,4,1,3867,0.05
9508,29,1,410,0.05
9509,29,1,410,0.1
9509,54,1,273,0.1
9510,44,2,1674,0.15
9510,27,3,2377,0.2
9511,15,1,3944,0
9511,56,1,2279,0.1
9511,9,2,1527,0
9512,4,1,3867,0.1
9513,20,1,4963,0.05
9514,57,1,3486,0.05
9515,58,1,124,0
9515,42,1,641,0.05
9516,39,1,765,0
9517,43,2,2654,0.15
9518,24,1,2210,0.05
9519,4,1,3867,0.05
9520,34,1,1026,0
9520,3,1,3882,0.05
9520,28,1,3031,0
9521,18,1,4405,0.15
9521,59,1,954,0.1
9522,9,1,1527,0
9523,30,1,3732,0.1
9523,57,1,3486,0.15
9524,22,1,131,0.15
9525,2,2,1368,0.05
9525,57,1,3486,0.15
9525,9,1,1527,0.15
9526,14,1,3770,0.2
9527,1,1,2760,0.1
9528,39,2,765,0.05
9529,22,1,131,0
9530,16,2,2872,0.05
9530,32,2,2083,0
9531,24,2,2210,0.1
9531,18,1,4405,0.1
9531,41,2,4560,0
9532,14,1,3770,0.2
9532,10,1,3960,0.15
9533,43,1,2654,0.2
9534,60,1,1642,0
9534,59,1,954,0.05
9534,27,2,2377,0
9535,7,1,2555,0
9535,37,1,189,0
9536,15,1,3944,0.15
9536,33,1,2132,0.1
9536,1,2,2760,0.15
9537,7,1,2555,0
9538,31,1,3571,0
9539,50,1,4645,0.1
9540,57,1,3486,0.05
9540,57,1,3486,0
9541,56,1,2279,0
9541,47,1,365,0.05
9542,26,2,438,0
9542,20,1,4963,0.1
9543,3,2,3882,0.05
9543,48,1,4805,0.05
9544,4,2,3867,0
9544,41,2,4560,0
9545,54,1,273,0.1
9545,16,1,2872,0
9546,25,1,938,0
9546,3,1,3882,0.1
9546,60,1,1642,0
9547,41,2,4560,0.15
9548,50,3,4645,0
9548,47,3,365,0
9548,58,1,124,0
9549,49,2,2121,0.1
9549,38,2,976,0
9549,7,1,2555,0.05
9549,54,3,273,0
9550,33,1,2132,0
9550,57,2,3486,0.15
9550,3,1,3882,0.05
9550,13,1,283,0.1
9551,39,2,765,0
9551,7,1,2555,0
9551,36,1,460,0.1
9552,26,2,438,0.1
9552,26,3,438,0.1
9553,5,1,207,0.05
9553,44,1,1674,0.05
9554,51,1,2621,0.05
9554,58,2,124,0
9555,2,1,1368,0.05
9556,57,1,3486,0.1
9556,20,1,4963,0.05
9557,25,1,938,0.1
9558,32,1,2083,0.1
9559,10,2,3960,0.15
9560,56,1,2279,0.05
9560,50,2,4645,0
9561,56,1,2279,0.1
9562,15,1,3944,0
9563,60,1,1642,0
9563,34,2,1026,0.05
9564,58,2,124,0.05
9564,48,3,4805,0.1
9564,57,2,3486,0
9565,54,1,273,0.1
9565,27,1,2377,0.15
9565,15,1,3944,0.1
9566,47,3,365,0
9567,15,1,3944,0
9568,26,2,438,0.05
9569,17,1,1925,0.05
9569,42,1,641,0
9569,55,2,4377,0.05
9570,48,2,4805,0.05
9570,15,1,3944,0
9570,5,2,207,0.05
9571,46,1,1604,0
9572,6,1,3871,0
9573,12,1,2578,0.1
9573,22,2,131,0
9574,10,1,3960,0.1
9574,3,1,3882,0
9575,52,1,2641,0
9575,20,1,4963,0.15
9576,58,1,124,0
9577,16,1,2872,0.05
9577,8,1,659,0
9577,29,1,410,0
9578,6,1,3871,0
9578,48,2,4805,0
9579,13,1,283,0
9579,41,1,4560,0.05
9579,18,1,4405,0.1
9580,12,2,2578,0.1
9580,57,2,3486,0.2
9580,1,1,2760,0.05
9581,40,2,4298,0.05
9581,54,1,273,0.15
9581,27,1,2377,0.1
9582,38,2,976,0.05
9583,11,1,4549,0.1
9584,17,3,1925,0.1
9584,47,2,365,0.1
9585,10,1,3960,0.15
9586,48,1,4805,0.05
9586,12,2,2578,0
9587,49,3,2121,0
9588,18,1,4405,0.05
9589,16,2,2872,0.05
9589,33,3,2132,0.15
9589,6,2,3871,0.05
9590,6,1,3871,0.15
9591,51,2,2621,0.2
9591,8,1,659,0
9591,30,2,3732,0.05
9592,30,1,3732,0.05
9592,49,1,2121,0.15
9592,40,1,4298,0.05
9593,24,2,2210,0.1
9594,12,1,2578,0.2
9595,37,1,189,0.1
9595,43,1,2654,0
9595,23,1,2084,0.05
9595,12,1,2578,0
9596,6,1,3871,0.1
9597,42,1,641,0.05
9598,52,3,2641,0
9598,19,2,2578,0.05
9598,4,1,3867,0.05
9598,38,1,976,0.1
9599,52,1,2641,0
9599,18,2,4405,0.05
9599,29,2,410,0
9600,34,2,1026,0
9600,16,2,2872,0.05
9600,8,3,659,0.1
9601,15,1,3944,0.2
9601,27,1,2377,0
9601,8,2,659,0.1
9602,54,1,273,0.1
9603,8,1,659,0
9604,54,2,273,0
9605,51,1,2621,0.15
9606,23,2,2084,0.05
9607,3,1,3882,0
9607,60,2,1642,0
9607,2,1,1368,0.1
9608,51,3,2621,0.05
9608,57,3,3486,0
9608,23,1,2084,0.15
9609,6,1,3871,0.1
9610,19,1,2578,0.1
9610,29,1,410,0.2
9611,13,1,283,0.2
9612,19,1,2578,0
9612,8,1,659,0
9613,38,3,976,0.1
9613,43,1,2654,0
9613,3,2,3882,0
9614,56,1,2279,0.1
9615,24,1,2210,0
9616,26,1,438,0.15
9616,51,1,2621,0.1
9617,9,1,1527,0
9618,27,1,2377,0.05
9619,33,2,2132,0.05
9619,6,1,3871,0.05
9619,35,1,2084,0
9620,57,2,3486,0.15
9620,46,1,1604,0.1
9621,56,1,2279,0
9621,55,1,4377,0.05
9621,28,2,3031,0
9622,12,1,2578,0.05
9623,48,1,4805,0.15
9623,43,1,2654,0.1
9623,56,1,2279,0.1
9623,59,1,954,0
9624,18,1,4405,0.1
9625,48,2,4805,0
9625,51,1,2621,0.05
9625,10,1,3960,0
9626,44,3,1674,0
9627,44,1,1674,0
9628,15,1,3944,0.1
9628,9,2,1527,0
9628,31,1,3571,0
9629,32,2,2083,0.05
9630,8,1,659,0.1
9630,50,1,4645,0.05
9631,9,2,1527,0
9631,2,2,1368,0.05
9631,38,2,976,0.15
9632,27,2,2377,0.1
9632,24,2,2210,0.05
9633,41,1,4560,0.2
9633,11,1,4549,0.1
9634,10,2,3960,0
9635,56,2,2279,0
9635,16,1,2872,0
9636,17,1,1925,0.1
9636,13,1,283,0
9637,28,1,3031,0.1
9637,3,1,3882,0.15
9638,39,1,765,0
9638,51,1,2621,0.1
9639,46,1,1604,0.05
9639,46,2,1604,0.05
9640,19,1,2578,0.1
9640,15,2,3944,0
9641,16,1,2872,0
9642,14,1,3770,0.05
9642,9,1,1527,0.1
9643,24,1,2210,0
9643,17,2,1925,0.05
9643,30,1,3732,0.1
9644,21,1,572,0
9645,37,2,189,0.1
9646,56,1,2279,0.05
9647,41,2,4560,0.05
9648,43,1,2654,0
9648,17,2,1925,0.1
9649,26,1,438,0.15
9649,55,1,4377,0.1
9650,10,1,3960,0.15
9650,28,2,3031,0
9651,31,1,3571,0.05
9652,58,1,124,0.15
9653,17,1,1925,0.05
9653,2,1,1368,0
9654,30,2,3732,0
9655,50,1,4645,0.1
9655,43,1,2654,0
9656,26,1,438,0.05
9657,8,3,659,0
9657,26,2,438,0.05
9657,56,1,2279,0
9658,41,1,4560,0.05
9659,16,3,2872,0
9659,34,1,1026,0
9659,14,1,3770,0
9660,6,1,3871,0
9660,20,1,4963,0
9661,26,1,438,0.05
9662,26,1,438,0
9663,25,1,938,0.1
9664,57,2,3486,0
9665,56,2,2279,0.05
9665,38,3,976,0.05
9666,22,1,131,0.05
9666,59,1,954,0.1
9667,50,1,4645,0.1
9667,16,1,2872,0.1
9668,56,1,2279,0.15
9669,50,1,4645,0.15
9670,3,1,3882,0.05
9671,59,1,954,0.05
9672,1,1,2760,0.05
9672,14,1,3770,0.1
9673,37,1,189,0
9673,35,3,2084,0.1
9673,20,1,4963,0.05
9674,47,2,365,0.05
9675,43,1,2654,0.1
9676,52,1,2641,0
9676,4,1,3867,0
9677,5,1,207,0.05
9677,7,1,2555,0.05
9678,36,1,460,0
9678,18,2,4405,0
9679,54,2,273,0.1
9680,31,3,3571,0
9681,39,1,765,0
9681,43,1,2654,0.2
9682,5,3,207,0.05
9682,11,1,4549,0.1
9683,27,3,2377,0
9683,18,1,4405,0.15
9684,26,1,438,0.05
9685,6,1,3871,0
9685,27,2,2377,0
9685,18,3,4405,0
9686,3,1,3882,0.1
9687,35,1,2084,0
9687,41,1,4560,0.05
9688,22,1,131,0.1
9689,6,3,3871,0.05
9690,48,1,4805,0.1
9691,27,2,2377,0.05
9691,55,3,4377,0
9692,8,1,659,0.2
9692,57,1,3486,0
9693,55,2,4377,0
9693,20,1,4963,0.1
9694,50,1,4645,0.1
9695,20,2,4963,0.1
9695,18,1,4405,0.05
9695,43,2,2654,0
9695,7,1,2555,0.15
9696,9,1,1527,0.1
9696,10,2,3960,0
9696,22,3,131,0.05
9697,36,1,460,0.1
9697,15,1,3944,0.1
9698,56,1,2279,0
9698,6,1,3871,0
9699,7,1,2555,0
9699,48,1,4805,0
9700,56,2,2279,0
9700,50,1,4645,0
9700,11,1,4549,0
9701,51,3,2621,0
9701,26,1,438,0.05
9701,10,1,3960,0.1
9701,51,1,2621,0
9702,35,1,2084,0
9703,47,1,365,0.05
9704,40,1,4298,0
9705,22,1,131,0.1
9705,27,1,2377,0
9705,50,1,4645,0.15
9706,6,1,3871,0
9707,57,1,3486,0.1
9708,17,1,1925,0.15
9708,26,1,438,0.05
9709,2,1,1368,0.05
9709,40,1,4298,0.1
9710,37,1,189,0
9711,24,1,2210,0
9711,55,2,4377,0
9711,48,1,4805,0.05
9712,51,2,2621,0.1
9712,46,1,1604,0
9713,15,1,3944,0
9713,43,1,2654,0
9714,13,1,283,0
9714,48,1,4805,0.05
9715,60,1,1642,0.1
9715,58,1,124,0
9715,35,2,2084,0.15
9715,8,1,659,0.05
9716,26,1,438,0
9717,1,1,2760,0.1
9718,55,1,4377,0.05
9718,12,3,2578,0
9719,22,1,131,0.15
9719,12,1,2578,0.05
9719,4,1,3867,0
9720,14,1,3770,0.2
9721,15,2,3944,0.2
9721,9,1,1527,0.05
9721,28,2,3031,0
9722,37,1,189,0
9722,59,1,954,0
9723,6,1,3871,0
9724,43,2,2654,0.05
9724,20,1,4963,0.1
9724,6,2,3871,0.2
9725,39,1,765,0.05
9725,24,1,2210,0.05
9726,30,1,3732,0.1
9726,6,1,3871,0
9727,43,1,2654,0.15
9728,19,1,2578,0.05
9729,42,1,641,0.05
9729,35,1,2084,0.05
9730,16,1,2872,0.15
9730,47,1,365,0.05
9730,6,1,3871,0
9731,58,1,124,0.05
9731,45,1,1847,0.15
9732,40,1,4298,0.05
9733,33,1,2132,0
9734,3,1,3882,0.05
9735,21,1,572,0.1
9736,45,1,1847,0.15
9736,24,1,2210,0
9737,1,1,2760,0.1
9738,54,2,273,0
9738,42,1,641,0.15
9738,1,1,2760,0
9738,56,1,2279,0.05
9739,43,1,2654,0
9739,2,3,1368,0.05
9739,33,1,2132,0.05
9739,50,1,4645,0.1
9740,3,1,3882,0
9741,25,1,938,0.1
9741,26,1,438,0.05
9742,19,1,2578,0.1
9742,3,1,3882,0.05
9742,30,1,3732,0.05
9742,5,1,207,0.15
9743,19,2,2578,0
9744,36,1,460,0
9744,52,1,2641,0
9745,14,1,3770,0.1
9746,51,1,2621,0
9747,42,1,641,0
9748,43,1,2654,0
9748,6,1,3871,0.2
9749,19,1,2578,0.1
9750,6,1,3871,0.15
9750,7,1,2555,0.05
9750,4,1,3867,0.05
9750,27,1,2377,0
9751,15,2,3944,0.05
9752,25,1,938,0
9753,18,1,4405,0.05
9754,38,1,976,0
9755,20,1,4963,0.05
9756,43,2,2654,0
9756,47,1,365,0
9757,53,2,1408,0
9757,34,2,1026,0.05
9758,41,1,4560,0
9759,4,2,3867,0.05
9759,55,2,4377,0
9760,17,2,1925,0.05
9761,16,1,2872,0
9762,18,1,4405,0
9762,41,2,4560,0
9763,29,1,410,0.05
9763,52,1,2641,0.05
9763,55,1,4377,0.05
9764,8,1,659,0.2
9764,15,1,3944,0.05
9765,36,1,460,0.15
9765,19,1,2578,0
9766,47,2,365,0
9766,31,1,3571,0.2
9766,31,1,3571,0.05
9767,14,1,3770,0
9767,37,1,189,0
9767,25,1,938,0.15
9768,18,1,4405,0.05
9768,5,1,207,0
9768,29,1,410,0.05
9769,39,1,765,0.1
9770,52,1,2641,0
9770,31,1,3571,0
9771,41,1,4560,0.1
9772,25,1,938,0.05
9772,9,2,1527,0
9773,12,2,2578,0
9774,37,2,189,0.05
9774,54,1,273,0.05
9774,14,2,3770,0
9774,21,1,572,0
9775,32,1,2083,0.15
9776,44,1,1674,0.05
9777,47,1,365,0.05
9778,53,1,1408,0.15
9778,17,1,1925,0.1
9778,28,1,3031,0
9779,10,1,3960,0
9779,44,1,1674,0.15
9780,42,1,641,0
9780,30,1,3732,0.15
9780,30,1,3732,0
9781,19,1,2578,0.1
9781,7,1,2555,0
9781,40,1,4298,0
9782,10,1,3960,0.05
9783,13,1,283,0.05
9784,16,3,2872,0.1
9784,22,2,131,0
9784,30,1,3732,0.05
9784,51,2,2621,0
9785,1,2,2760,0
9786,34,1,1026,0.05
9787,40,1,4298,0.1
9787,8,1,659,0.1
9788,56,1,2279,0
9788,57,1,3486,0.15
9789,14,1,3770,0
9789,16,1,2872,0.05
9790,18,1,4405,0
9790,41,1,4560,0.1
9791,29,1,410,0.15
9792,59,1,954,0
9793,29,3,410,0.05
9794,20,2,4963,0.05
9795,26,1,438,0.1
9795,26,3,438,0.05
9795,4,1,3867,0
9795,7,1,2555,0
9796,36,1,460,0
9797,11,1,4549,0.1
9797,53,2,1408,0
9798,12,3,2578,0.15
9799,32,1,2083,0.05
9799,49,1,2121,0.1
9800,51,1,2621,0.05
9800,50,1,4645,0.05
9800,56,2,2279,0.2
9800,6,1,3871,0
9801,55,2,4377,0.15
9801,58,1,124,0
9802,2,1,1368,0.05
9803,14,1,3770,0.2
9803,20,3,4963,0.05
9803,31,3,3571,0.1
9803,52,2,2641,0
9804,3,2,3882,0
9804,33,1,2132,0.1
9804,20,2,4963,0
9805,57,2,3486,0
9805,43,1,2654,0.05
9805,20,1,4963,0.05
9806,19,1,2578,0
9806,43,3,2654,0
9807,60,1,1642,0
9808,48,1,4805,0.1
9808,42,1,641,0
9809,28,1,3031,0.2
9810,60,1,1642,0.2
9810,6,2,3871,0
9811,56,1,2279,0
9812,9,1,1527,0.15
9812,25,1,938,0.05
9812,47,1,365,0.1
9813,24,1,2210,0.2
9814,56,2,2279,0
9814,60,2,1642,0.2
9815,29,1,410,0
9816,8,1,659,0
9816,43,1,2654,0
9817,3,1,3882,0.15
9817,47,1,365,0.1
9817,51,2,2621,0
9818,10,1,3960,0.05
9818,55,2,4377,0
9819,39,1,765,0.15
9819,34,1,1026,0
9820,18,1,4405,0
9820,52,2,2641,0
9821,59,1,954,0
9821,17,1,1925,0
9822,22,1,131,0
9823,54,1,273,0
9824,33,1,2132,0.15
9825,52,1,2641,0.1
9826,54,1,273,0.05
9826,18,2,4405,0.05
9827,31,2,3571,0.05
9827,25,1,938,0.05
9827,56,2,2279,0.15
9828,23,1,2084,0.15
9828,53,2,1408,0.1
9828,48,2,4805,0.15
9829,32,2,2083,0
9829,18,1,4405,0.1
9830,35,1,2084,0.05
9831,29,1,410,0
9831,11,1,4549,0
9832,38,2,976,0.05
9832,37,2,189,0
9833,24,2,2210,0.1
9833,36,1,460,0.15
9833,56,1,2279,0.05
9834,1,1,2760,0
9834,16,1,2872,0.15
9835,59,2,954,0
9835,8,2,659,0.2
9836,48,1,4805,0.2
9836,44,1,1674,0.2
9837,21,1,572,0.15
9837,16,2,2872,0
9838,30,1,3732,0
9838,10,1,3960,0.05
9838,51,2,2621,0.05
9838,47,2,365,0.05
9839,47,1,365,0.15
9840,41,1,4560,0
9841,52,2,2641,0
9841,58,1,124,0
9842,9,2,1527,0
9842,27,2,2377,0
9843,34,1,1026,0.1
9843,4,2,3867,0.05
9843,18,2,4405,0.15
9844,35,1,2084,0
9845,59,1,954,0.2
9845,16,2,2872,0
9846,35,1,2084,0.1
9846,30,1,3732,0
9847,6,1,3871,0.2
9848,34,1,1026,0.05
9849,16,2,2872,0
9849,14,2,3770,0.05
9849,37,1,189,0.1
9850,27,1,2377,0
9850,28,3,3031,0.05
9850,15,1,3944,0.2
9850,12,1,2578,0.1
9851,40,1,4298,0.05
9852,57,1,3486,0
9852,25,1,938,0
9852,56,1,2279,0
9852,4,1,3867,0
9853,39,1,765,0
9853,22,1,131,0
9854,20,1,4963,0.1
9855,47,1,365,0
9856,24,1,2210,0
9856,57,2,3486,0
9856,41,2,4560,0
9856,43,2,2654,0
9857,15,1,3944,0.15
9857,50,1,4645,0.05
9857,54,1,273,0.1
9858,42,1,641,0.15
9858,44,1,1674,0.2
9859,22,1,131,0
9860,29,1,410,0
9861,5,2,207,0.05
9861,60,1,1642,0
9862,41,1,4560,0.05
9863,19,3,2578,0.1
9863,38,1,976,0
9863,55,2,4377,0
9863,5,1,207,0
9864,48,1,4805,0
9864,59,1,954,0.1
9865,57,1,3486,0
9866,38,1,976,0
9866,12,1,2578,0.1
9866,1,1,2760,0.1
9866,36,1,460,0.05
9867,51,1,2621,0
9867,10,1,3960,0
9868,41,2,4560,0.15
9868,46,2,1604,0
9869,33,1,2132,0
9870,5,1,207,0.05
9870,48,1,4805,0
9871,40,1,4298,0
9871,58,1,124,0
9872,41,2,4560,0
9872,34,1,1026,0.15
9873,4,1,3867,0
9873,6,2,3871,0.2
9873,3,1,3882,0.05
9874,33,1,2132,0.1
9874,22,1,131,0
9875,10,1,3960,0
9876,24,1,2210,0
9877,5,1,207,0.1
9877,49,2,2121,0.15
9878,21,1,572,0
9879,22,3,131,0.15
9880,56,2,2279,0
9881,25,1,938,0
9882,27,1,2377,0
9883,39,1,765,0.15
9884,13,1,283,0
9885,1,1,2760,0
9886,30,1,3732,0
9887,30,1,3732,0.05
9887,8,1,659,0.05
9888,30,1,3732,0.1
9888,1,2,2760,0.1
9889,37,1,189,0.1
9890,15,1,3944,0
9891,52,2,2641,0.1
9892,40,1,4298,0
9892,15,2,3944,0
9893,54,1,273,0
9894,53,1,1408,0
9895,18,1,4405,0.05
9896,51,1,2621,0
9896,26,1,438,0.05
9896,56,1,2279,0.15
9896,49,1,2121,0.05
9897,33,1,2132,0.2
9897,57,1,3486,0.05
9898,17,1,1925,0.2
9899,4,2,3867,0.1
9899,52,2,2641,0
9899,15,1,3944,0
9899,16,3,2872,0.1
9900,9,3,1527,0
9900,50,1,4645,0.05
9900,52,1,2641,0.2
9901,8,1,659,0.15
9901,12,1,2578,0.05
9902,13,2,283,0.1
9902,20,3,4963,0.05
9903,20,1,4963,0.05
9903,15,1,3944,0.05
9903,29,1,410,0
9904,36,2,460,0.05
9904,43,1,2654,0.05
9905,42,1,641,0.05
9905,18,1,4405,0
9906,23,1,2084,0.05
9907,4,1,3867,0
9908,3,1,3882,0
9909,4,1,3867,0.05
9910,7,1,2555,0
9910,4,1,3867,0.2
9911,30,3,3732,0.05
9911,28,1,3031,0
9911,22,1,131,0.05
9912,59,1,954,0.1
9912,7,1,2555,0.1
9913,34,2,1026,0.15
9913,22,2,131,0.15
9913,58,1,124,0
9913,57,1,3486,0
9914,29,2,410,0.1
9914,4,1,3867,0.1
9914,31,1,3571,0.05
9915,27,1,2377,0
9916,3,1,3882,0.1
9917,20,2,4963,0
9918,24,2,2210,0
9918,19,1,2578,0.05
9919,25,2,938,0.05
9919,50,1,4645,0
9920,7,2,2555,0
9920,55,1,4377,0
9920,48,2,4805,0.05
9921,53,3,1408,0
9922,22,1,131,0.05
9923,43,1,2654,0.05
9924,7,1,2555,0
9925,8,1,659,0
9925,41,1,4560,0.05
9926,57,1,3486,0
9927,30,2,3732,0
9928,17,1,1925,0.2
9929,3,1,3882,0.15
9930,16,2,2872,0
9930,30,2,3732,0.05
9931,41,1,4560,0
9932,10,1,3960,0.1
9933,11,1,4549,0
9934,22,1,131,0.1
9935,55,1,4377,0.05
9936,10,1,3960,0.05
9937,5,1,207,0.05
9937,46,1,1604,0.1
9937,25,1,938,0
9938,53,2,1408,0
9939,58,1,124,0.2
9939,46,2,1604,0.1
9939,24,1,2210,0.05
9940,3,1,3882,0.15
9940,24,2,2210,0.1
9940,52,2,2641,0.05
9940,9,1,1527,0.1
9941,18,1,4405,0.05
9941,6,1,3871,0.05
9942,40,1,4298,0.05
9943,19,1,2578,0.2
9943,56,2,2279,0.2
9943,31,1,3571,0.1
9944,23,1,2084,0
9944,39,1,765,0
9944,28,2,3031,0
9945,26,1,438,0.1
9946,56,1,2279,0.15
9947,44,1,1674,0
9948,22,1,131,0.2
9949,25,1,938,0.1
9949,59,1,954,0.1
9950,8,2,659,0
9950,33,1,2132,0
9951,6,2,3871,0.1
9951,6,1,3871,0.1
9952,12,1,2578,0.05
9952,3,1,3882,0
9953,32,1,2083,0.05
9953,51,2,2621,0
9954,48,1,4805,0
9954,20,2,4963,0.1
9955,40,3,4298,0.05
9955,35,1,2084,0.1
9956,24,1,2210,0.1
9956,24,2,2210,0
9956,33,1,2132,0.05
9956,41,1,4560,0
9957,19,1,2578,0
9957,9,1,1527,0.05
9957,33,1,2132,0.15
9958,55,2,4377,0
9958,19,2,2578,0.1
9959,50,1,4645,0
9960,56,2,2279,0.1
9960,19,1,2578,0.15
9961,17,1,1925,0.05
9962,43,1,2654,0.05
9962,22,1,131,0
9962,1,2,2760,0
9963,15,1,3944,0
9964,50,2,4645,0
9964,18,1,4405,0.05
9965,25,1,938,0
9965,31,1,3571,0.05
9965,59,2,954,0
9966,15,1,3944,0.05
9966,6,1,3871,0.1
9967,47,1,365,0.1
9967,47,1,365,0.1
9967,6,1,3871,0.2
9968,8,3,659,0.2
9968,47,1,365,0.15
9969,22,1,131,0.1
9969,12,2,2578,0
9970,24,3,2210,0.15
9970,27,1,2377,0
9971,15,1,3944,0.05
9971,29,2,410,0
9972,47,1,365,0.05
9973,55,2,4377,0
9973,13,1,283,0
9974,33,1,2132,0.05
9975,11,1,4549,0.05
9975,13,1,283,0
9975,55,1,4377,0.05
9975,18,2,4405,0.05
9976,14,1,3770,0
9976,4,1,3867,0
9976,56,1,2279,0
9977,45,2,1847,0.05
9977,49,1,2121,0.1
9978,37,1,189,0.05
9979,14,1,3770,0.1
9979,13,1,283,0.05
9979,43,1,2654,0.05
9980,1,1,2760,0
9981,46,1,1604,0
9981,31,2,3571,0.1
9981,49,2,2121,0
9981,15,2,3944,0
9982,33,2,2132,0
9982,52,1,2641,0.1
9983,51,1,2621,0.05
9984,50,1,4645,0.05
9984,50,1,4645,0
9984,30,1,3732,0.05
9985,33,1,2132,0.05
9985,14,1,3770,0.1
9985,9,1,1527,0.1
9986,35,1,2084,0.15
9986,24,1,2210,0
9986,39,1,765,0
9986,37,2,189,0.2
9987,23,1,2084,0.1
9988,43,1,2654,0.1
9988,38,1,976,0.2
9989,25,1,938,0
9989,26,2,438,0.1
9990,9,1,1527,0
9990,52,2,2641,0.05
9991,55,1,4377,0.15
9992,6,1,3871,0.05
9993,32,1,2083,0
9994,30,1,3732,0.05
9994,59,3,954,0
9995,36,1,460,0.1
9995,50,1,4645,0
9995,58,1,124,0
9996,38,2,976,0
9997,17,1,1925,0
9997,38,2,976,0.05
9998,27,1,2377,0
9999,19,1,2578,0.1
10000,41,2,4560,0.2
10000,54,1,273,0.1
10000,22,1,131,0
10001,54,2,273,0
10001,42,1,641,0.1
10001,15,1,3944,0.15
10002,45,1,1847,0
10003,33,1,2132,0.15
10003,44,1,1674,0.15
10004,30,2,3732,0
10005,9,1,1527,0.15
10006,40,1,4298,0.1
10007,24,1,2210,0
10008,37,1,189,0
10009,22,1,131,0
10009,7,1,2555,0.1
10009,16,1,2872,0.2
10010,40,3,4298,0
10011,9,3,1527,0.15
10012,59,1,954,0
10012,41,1,4560,0.1
10012,52,1,2641,0
10013,38,3,976,0
10013,12,2,2578,0.15
10013,16,1,2872,0
10014,7,2,2555,0
10014,3,1,3882,0.1
10014,18,2,4405,0.15
10015,29,1,410,0.05
10016,12,1,2578,0
10016,32,2,2083,0.1
10016,8,2,659,0.05
10016,54,1,273,0.05
10017,11,1,4549,0
10017,4,1,3867,0.05
10018,28,1,3031,0.05
10018,1,1,2760,0.1
10018,33,2,2132,0
10019,42,1,641,0.1
10020,46,1,1604,0
10020,51,1,2621,0.05
10021,50,1,4645,0
10022,38,1,976,0
10022,59,1,954,0
10023,26,1,438,0.2
10024,14,1,3770,0.15
10024,11,1,4549,0.05
10025,6,1,3871,0.05
10025,58,1,124,0
10025,35,1,2084,0
10026,42,1,641,0.1
10026,20,1,4963,0.1
10027,17,2,1925,0
10028,60,1,1642,0.15
10029,21,1,572,0
10029,23,1,2084,0.05
10030,39,1,765,0.1
10031,51,1,2621,0
10031,23,1,2084,0.2
10032,16,1,2872,0
10033,30,1,3732,0.1
10034,40,2,4298,0.2
10034,11,2,4549,0
10035,52,1,2641,0
10036,14,2,3770,0
10036,55,1,4377,0
10036,2,1,1368,0.1
10036,40,3,4298,0.05
10037,35,1,2084,0
10038,8,1,659,0.15
10038,43,1,2654,0
10039,12,2,2578,0
10039,12,1,2578,0
10039,9,1,1527,0.05
10040,41,1,4560,0
10041,38,1,976,0
10042,49,1,2121,0.05
10042,43,1,2654,0.1
10042,16,1,2872,0.05
10042,39,1,765,0
10043,2,2,1368,0.1
10044,60,1,1642,0
10045,12,1,2578,0.1
10045,14,3,3770,0
10046,52,1,2641,0.2
10046,20,1,4963,0
10046,22,2,131,0.1
10047,18,2,4405,0.1
10048,55,1,4377,0.1
10048,27,2,2377,0.05
10049,43,1,2654,0.05
10050,24,1,2210,0.1
10050,54,1,273,0.2
10050,15,1,3944,0.15
10051,10,1,3960,0.05
10051,20,1,4963,0
10051,36,1,460,0.1
10052,19,1,2578,0.05
10052,4,1,3867,0.1
10053,9,2,1527,0.05
10053,43,1,2654,0.2
10054,25,1,938,0
10055,21,3,572,0
10056,59,1,954,0
10057,19,1,2578,0
10057,3,1,3882,0
10058,3,3,3882,0
10058,20,1,4963,0.1
10059,1,1,2760,0.1
10059,3,1,3882,0
10060,58,1,124,0.1
10060,58,3,124,0.1
10061,22,1,131,0
10062,52,1,2641,0
10062,15,1,3944,0
10062,38,1,976,0.1
10063,18,1,4405,0
10063,52,1,2641,0.1
10064,20,3,4963,0.15
10064,44,1,1674,0.15
10065,33,1,2132,0.15
10066,52,1,2641,0
10067,29,1,410,0
10067,8,1,659,0.1
10068,53,1,1408,0.05
10069,5,1,207,0.1
10069,34,1,1026,0
10070,15,1,3944,0
10071,8,1,659,0
10072,58,2,124,0.1
10072,37,1,189,0.05
10073,13,1,283,0.05
10073,21,2,572,0
10073,14,1,3770,0.1
10074,50,2,4645,0.05
10074,46,1,1604,0.05
10075,24,1,2210,0
10076,34,1,1026,0
10076,22,3,131,0.05
10076,48,1,4805,0.1
10077,49,2,2121,0
10078,14,3,3770,0
10078,20,2,4963,0.1
10079,42,1,641,0
10080,41,2,4560,0.05
10081,23,1,2084,0.1
10082,52,2,2641,0
10082,24,1,2210,0.15
10082,31,1,3571,0.05
10083,7,1,2555,0.05
10083,55,1,4377,0
10083,28,1,3031,0
10084,46,1,1604,0
10085,2,1,1368,0
10085,19,1,2578,0.1
10086,47,1,365,0.15
10086,54,1,273,0.05
10087,43,1,2654,0
10088,48,1,4805,0
10089,52,3,2641,0.1
10090,41,2,4560,0.15
10090,7,1,2555,0.05
10091,41,1,4560,0.05
10091,40,1,4298,0
10092,55,1,4377,0
10092,50,1,4645,0
10093,23,1,2084,0.05
10093,23,1,2084,0.05
10094,34,1,1026,0.05
10095,48,2,4805,0.05
10095,28,1,3031,0
10096,10,1,3960,0.05
10096,37,1,189,0
10096,21,2,572,0.1
10097,60,3,1642,0
10098,47,3,365,0
10098,42,1,641,0
10098,6,1,3871,0
10098,38,1,976,0.1
10099,49,2,2121,0.05
10099,25,1,938,0.1
10100,57,1,3486,0
10100,48,1,4805,0
10101,52,3,2641,0
10102,21,1,572,0
10103,10,2,3960,0
10104,29,1,410,0
10104,25,2,938,0.05
10105,56,2,2279,0
10105,56,1,2279,0.05
10106,10,1,3960,0
10106,57,1,3486,0
10107,9,1,1527,0
10108,50,2,4645,0.05
10108,7,2,2555,0.1
10108,24,1,2210,0.05
10109,32,1,2083,0.2
10109,21,1,572,0
10110,40,1,4298,0
10111,9,1,1527,0
10112,3,3,3882,0
10113,18,1,4405,0.05
10113,20,1,4963,0
10114,25,2,938,0
10115,29,1,410,0
10116,19,1,2578,0.05
10116,13,2,283,0
10116,39,1,765,0.05
10116,40,1,4298,0
10117,4,1,3867,0
10118,4,1,3867,0
10119,4,1,3867,0.05
10119,55,1,4377,0.05
10119,20,1,4963,0.1
10120,43,2,2654,0
10120,28,1,3031,0.1
10120,18,1,4405,0
10121,56,1,2279,0.1
10121,44,2,1674,0.15
10121,14,1,3770,0.15
10121,10,1,3960,0.1
10122,6,3,3871,0.2
10122,6,1,3871,0
10123,55,1,4377,0
10124,7,1,2555,0.15
10124,48,2,4805,0
10125,6,1,3871,0
10125,58,1,124,0
10126,51,1,2621,0
10126,41,1,4560,0.05
10127,44,1,1674,0.1
10127,33,1,2132,0
10128,50,1,4645,0
10128,53,1,1408,0
10129,14,1,3770,0.15
10129,13,3,283,0.1
10129,4,2,3867,0.1
10130,39,1,765,0
10130,27,1,2377,0
10130,49,1,2121,0.15
10131,9,3,1527,0
10131,4,1,3867,0
10131,32,1,2083,0.05
10132,20,1,4963,0
10132,21,1,572,0
10132,35,1,2084,0.05
10133,55,1,4377,0.2
10133,53,1,1408,0.1
10134,19,1,2578,0.15
10134,23,1,2084,0.05
10135,36,1,460,0.1
10136,7,1,2555,0.05
10137,14,1,3770,0.05
10137,11,1,4549,0
10137,39,1,765,0
10138,47,2,365,0.1
10139,41,1,4560,0.05
10139,37,2,189,0.05
10140,11,1,4549,0
10141,14,1,3770,0
10142,24,2,2210,0.05
10142,16,1,2872,0.1
10143,54,2,273,0.05
10144,42,1,641,0.15
10145,1,1,2760,0
10145,23,1,2084,0.15
10145,42,1,641,0.1
10145,58,1,124,0.05
10146,40,1,4298,0
10146,29,1,410,0
10146,57,1,3486,0
10147,42,1,641,0.2
10147,3,1,3882,0.1
10148,26,1,438,0.05
10148,2,1,1368,0.1
10149,12,1,2578,0
10150,51,1,2621,0.05
10151,6,1,3871,0
10151,46,2,1604,0.1
10152,16,1,2872,0.05
10152,33,1,2132,0.2
10153,29,2,410,0
10153,60,1,1642,0
10154,9,1,1527,0
10155,45,1,1847,0.1
10156,48,2,4805,0.15
10156,52,1,2641,0
10156,52,1,2641,0
10157,38,2,976,0
10157,3,2,3882,0.15
10158,6,1,3871,0
10158,11,2,4549,0
10159,15,2,3944,0.1
10159,27,1,2377,0
10159,6,1,3871,0
10160,56,1,2279,0
10160,1,1,2760,0
10161,36,1,460,0.1
10161,16,1,2872,0
10162,4,1,3867,0.05
10162,7,1,2555,0.15
10163,50,1,4645,0.05
10164,15,2,3944,0.15
10164,49,1,2121,0
10165,24,1,2210,0
10166,13,1,283,0.2
10166,20,1,4963,0
10167,20,1,4963,0.05
10167,45,1,1847,0
10168,55,1,4377,0.05
10168,26,2,438,0.1
10169,26,1,438,0
10170,31,1,3571,0.05
10170,12,1,2578,0.05
10170,20,3,4963,0
10171,20,1,4963,0.15
10171,46,1,1604,0.05
10172,28,1,3031,0
10173,25,2,938,0.15
10173,14,1,3770,0
10173,47,1,365,0
10173,20,1,4963,0
10174,56,1,2279,0
10175,49,2,2121,0.1
10175,23,1,2084,0.05
10176,7,1,2555,0
10176,40,1,4298,0
10177,13,2,283,0.15
10177,41,1,4560,0.15
10177,42,1,641,0.1
10178,11,1,4549,0.05
10179,37,1,189,0
10179,14,2,3770,0.05
10179,6,1,3871,0.1
10179,56,1,2279,0
10180,3,1,3882,0
10181,27,2,2377,0
10181,53,1,1408,0.1
10182,38,1,976,0.1
10182,18,1,4405,0.1
10183,49,1,2121,0.1
10183,49,1,2121,0
10183,49,1,2121,0.05
10183,9,1,1527,0.1
10184,30,2,3732,0.1
10184,9,1,1527,0.15
10184,57,1,3486,0
10185,20,1,4963,0
10185,36,1,460,0.1
10185,57,2,3486,0.05
10186,12,1,2578,0.15
10186,15,2,3944,0.1
10186,52,1,2641,0
10187,52,1,2641,0
10187,18,1,4405,0.05
10187,30,1,3732,0
10188,25,2,938,0
10189,43,1,2654,0
10190,58,1,124,0
10191,20,1,4963,0
10192,46,1,1604,0.1
10192,42,1,641,0
10193,15,1,3944,0
10193,47,2,365,0.2
10193,36,1,460,0.1
10194,33,1,2132,0.05
10195,10,2,3960,0.1
10196,23,1,2084,0.1
10196,55,1,4377,0
10196,6,3,3871,0
10197,23,3,2084,0.2
10197,24,1,2210,0.05
10197,20,2,4963,0.05
10198,16,1,2872,0
10199,40,1,4298,0.05
10199,39,2,765,0.2
10200,37,1,189,0
10200,27,1,2377,0.2
10201,30,1,3732,0.05
10201,18,1,4405,0
10202,37,1,189,0.05
10202,11,1,4549,0
10203,25,1,938,0.15
10203,31,1,3571,0.05
10204,57,1,3486,0.1
10205,58,1,124,0
10205,24,1,2210,0
10206,37,1,189,0
10206,22,1,131,0
10207,36,1,460,0.2
10208,40,1,4298,0.05
10209,4,1,3867,0
10209,4,2,3867,0
10209,48,1,4805,0
10210,26,2,438,0.05
10210,47,3,365,0.05
10211,44,1,1674,0
10211,55,1,4377,0.1
10212,7,3,2555,0
10212,54,1,273,0.05
10213,3,1,3882,0
10214,42,1,641,0.1
10214,4,1,3867,0.05
10215,13,1,283,0
10216,34,1,1026,0.05
10217,26,1,438,0
10218,22,1,131,0.15
10218,30,1,3732,0.1
10218,1,1,2760,0.1
10219,30,1,3732,0.1
10220,42,2,641,0
10220,15,1,3944,0.05
10220,14,2,3770,0
10221,55,1,4377,0
10221,57,1,3486,0.1
10221,1,1,2760,0
10222,18,3,4405,0.05
10222,10,1,3960,0.2
10222,10,1,3960,0.05
10222,15,1,3944,0
10223,59,1,954,0
10223,47,2,365,0.05
10224,22,3,131,0.1
10224,52,1,2641,0
10224,5,1,207,0
10225,8,1,659,0
10226,49,2,2121,0.1
10226,17,1,1925,0.1
10226,34,3,1026,0
10226,52,2,2641,0
10227,37,1,189,0
10228,24,1,2210,0.1
10228,5,1,207,0.2
10228,55,1,4377,0.1
10229,19,1,2578,0.2
10229,40,2,4298,0
10229,32,2,2083,0.05
10230,3,1,3882,0
10230,18,1,4405,0.1
10231,50,1,4645,0
10232,41,2,4560,0
10232,16,1,2872,0
10232,24,1,2210,0.15
10233,16,1,2872,0.1
10234,39,1,765,0
10234,12,1,2578,0.2
10235,9,1,1527,0.05
10235,29,1,410,0.1
10236,60,1,1642,0
10237,43,1,2654,0.05
10238,28,1,3031,0
10238,15,1,3944,0.15
10239,13,1,283,0
10240,1,1,2760,0
10241,12,1,2578,0.1
10241,35,1,2084,0.05
10242,13,1,283,0
10243,29,1,410,0.1
10243,39,2,765,0.05
10244,9,2,1527,0
10244,35,1,2084,0
10245,39,2,765,0.15
10246,22,1,131,0
10247,32,1,2083,0.15
10248,48,2,4805,0
10249,40,2,4298,0.05
10250,42,1,641,0
10251,47,1,365,0
10251,52,1,2641,0.1
10252,57,2,3486,0.15
10253,18,1,4405,0.1
10254,37,2,189,0
10254,52,2,2641,0.1
10254,6,1,3871,0
10255,17,1,1925,0.05
10255,34,1,1026,0.05
10256,48,1,4805,0
10256,1,1,2760,0.15
10256,34,1,1026,0.1
10256,27,1,2377,0.1
10257,46,1,1604,0.1
10258,35,1,2084,0
10259,3,3,3882,0.05
10259,55,2,4377,0
10259,37,1,189,0
10260,16,1,2872,0
10261,30,1,3732,0
10262,17,2,1925,0.1
10262,10,1,3960,0
10263,17,1,1925,0.05
10264,51,1,2621,0.15
10264,53,1,1408,0.15
10265,31,2,3571,0.15
10266,3,1,3882,0
10266,21,2,572,0.05
10267,44,1,1674,0
10267,21,1,572,0
10268,31,1,3571,0
10269,41,1,4560,0
10269,59,3,954,0
10269,20,3,4963,0
10270,59,1,954,0
10270,22,2,131,0.15
10271,11,2,4549,0.1
10271,41,2,4560,0
10272,16,2,2872,0.15
10272,56,2,2279,0
10273,20,1,4963,0
10273,37,1,189,0
10273,17,1,1925,0.05
10274,55,1,4377,0.1
10275,48,1,4805,0
10275,54,1,273,0.05
10276,3,1,3882,0.05
10276,16,1,2872,0.1
10277,37,1,189,0.05
10277,55,2,4377,0
10278,18,1,4405,0
10279,21,1,572,0.05
10280,23,1,2084,0.05
10280,55,1,4377,0
10281,37,1,189,0.15
10282,25,1,938,0.1
10282,48,1,4805,0
10282,60,1,1642,0.05
10283,12,1,2578,0
10283,37,1,189,0.1
10283,6,1,3871,0.2
10284,55,2,4377,0
10284,2,1,1368,0
10285,50,1,4645,0
10285,24,1,2210,0.15
10286,36,2,460,0.15
10286,56,1,2279,0
10287,18,1,4405,0.1
10288,26,2,438,0.2
10289,10,1,3960,0
10289,21,1,572,0.1
10290,26,1,438,0
10290,58,1,124,0
10290,28,1,3031,0.15
10291,18,2,4405,0.1
10291,14,1,3770,0
10292,1,1,2760,0
10293,48,1,4805,0.15
10294,16,1,2872,0.05
10294,7,1,2555,0.15
10295,23,1,2084,0
10295,9,1,1527,0
10296,59,3,954,0.05
10296,34,1,1026,0
10296,11,2,4549,0
10297,56,1,2279,0.05
10297,8,1,659,0.05
10298,28,1,3031,0.05
10298,22,2,131,0.1
10298,19,1,2578,0
10299,35,1,2084,0
10299,16,1,2872,0
10299,31,1,3571,0
10300,5,1,207,0.15
10301,16,3,2872,0
10302,53,1,1408,0
10303,34,1,1026,0.15
10304,53,1,1408,0
10305,36,1,460,0.1
10305,15,2,3944,0.15
10306,29,2,410,0.05
10307,1,2,2760,0.05
10307,12,2,2578,0.2
10307,11,1,4549,0.2
10308,52,1,2641,0.15
10308,25,1,938,0
10309,26,1,438,0
10309,38,1,976,0.15
10309,3,1,3882,0
10310,47,1,365,0.05
10311,49,1,2121,0.05
10311,41,1,4560,0.2
10312,30,1,3732,0.05
10312,38,1,976,0
10313,58,1,124,0
10313,34,1,1026,0.05
10314,22,1,131,0.15
10315,59,2,954,0
10315,52,1,2641,0.2
10316,7,1,2555,0.15
10316,24,2,2210,0.1
10316,36,1,460,0.1
10317,16,1,2872,0.05
10317,4,1,3867,0.1
10318,51,1,2621,0
10319,15,2,3944,0
10319,14,1,3770,0.05
10320,18,2,4405,0
10320,13,1,283,0
10321,35,1,2084,0
10322,42,1,641,0
10323,9,1,1527,0
10324,54,2,273,0
10324,32,1,2083,0
10325,7,2,2555,0
10325,52,1,2641,0
10326,15,1,3944,0.05
10327,4,1,3867,0.05
10327,6,1,3871,0.1
10327,39,1,765,0.05
10328,35,1,2084,0.05
10328,2,3,1368,0
10329,38,2,976,0.1
10329,28,3,3031,0.15
10329,56,2,2279,0.05
10330,25,1,938,0.05
10330,54,2,273,0.1
10331,52,2,2641,0
10331,14,2,3770,0
10331,19,3,2578,0
10332,12,1,2578,0.05
10333,11,1,4549,0.05
10334,22,1,131,0
10334,12,1,2578,0.05
10334,36,1,460,0.1
10335,19,1,2578,0
10336,55,1,4377,0.05
10336,16,1,2872,0.05
10336,32,1,2083,0.1
10337,33,2,2132,0.05
10337,39,2,765,0.15
10338,31,1,3571,0.1
10339,59,1,954,0.1
10339,38,1,976,0
10339,6,1,3871,0
10339,48,1,4805,0.2
10340,9,1,1527,0
10340,33,1,2132,0.15
10341,35,1,2084,0
10341,53,2,1408,0
10342,40,1,4298,0.05
10342,46,1,1604,0
10343,31,2,3571,0.05
10343,40,1,4298,0
10343,14,3,3770,0.05
10343,1,1,2760,0.1
10344,57,2,3486,0.15
10345,16,2,2872,0.05
10346,42,2,641,0.05
10346,59,1,954,0
10347,32,1,2083,0.15
10348,23,2,2084,0.1
10348,32,1,2083,0.2
10348,31,1,3571,0.15
10349,30,1,3732,0.1
10349,18,3,4405,0
10349,16,3,2872,0.2
10350,46,2,1604,0
10351,3,1,3882,0.05
10351,49,1,2121,0
10351,19,1,2578,0
10352,57,1,3486,0
10353,9,1,1527,0
10354,25,1,938,0.2
10355,2,1,1368,0.05
10355,47,2,365,0
10356,43,1,2654,0
10356,48,1,4805,0.1
10357,50,3,4645,0
10358,14,1,3770,0.1
10359,43,2,2654,0
10359,4,3,3867,0.05
10360,55,1,4377,0
10360,48,1,4805,0.2
10360,15,1,3944,0
10361,32,3,2083,0.1
10362,14,2,3770,0.15
10363,28,2,3031,0.1
10363,40,1,4298,0.2
10363,57,2,3486,0.1
10364,12,2,2578,0.05
10364,3,2,3882,0
10365,43,1,2654,0.2
10366,14,1,3770,0.1
10367,15,1,3944,0
10368,26,1,438,0.1
10369,54,1,273,0.15
10369,52,3,2641,0
10369,5,2,207,0.2
10370,39,2,765,0.05
10370,33,1,2132,0
10370,5,1,207,0.05
10371,21,1,572,0.05
10371,56,1,2279,0
10371,54,1,273,0.1
10372,20,1,4963,0
10373,3,1,3882,0.05
10373,52,1,2641,0.05
10374,3,3,3882,0
10374,26,2,438,0.2
10374,16,1,2872,0
10375,19,1,2578,0
10375,23,1,2084,0.2
10375,39,1,765,0.1
10376,15,1,3944,0.05
10376,44,1,1674,0.1
10377,44,1,1674,0.15
10377,11,1,4549,0.05
10377,52,1,2641,0.1
10378,4,1,3867,0.1
10379,57,2,3486,0.05
10379,35,1,2084,0.15
10380,4,1,3867,0
10381,14,2,3770,0
10382,15,1,3944,0.1
10383,39,1,765,0.05
10384,23,1,2084,0.15
10385,14,1,3770,0.05
10386,57,2,3486,0
10386,13,2,283,0.05
10386,41,1,4560,0.1
10387,57,2,3486,0.15
10387,24,2,2210,0.2
10388,28,2,3031,0.1
10388,12,2,2578,0.05
10389,14,1,3770,0
10389,8,1,659,0.05
10389,60,2,1642,0.15
10390,8,1,659,0.05
10390,44,1,1674,0
10391,28,1,3031,0
10392,56,1,2279,0
10392,46,1,1604,0
10393,23,2,2084,0.05
10394,34,1,1026,0
10395,25,2,938,0
10395,6,1,3871,0.2
10395,56,2,2279,0
10395,4,1,3867,0.05
10396,59,1,954,0
10396,29,1,410,0
10396,11,1,4549,0.05
10397,59,2,954,0.2
10397,38,1,976,0.05
10398,4,1,3867,0
10399,32,1,2083,0.05
10400,17,1,1925,0.15
10401,17,1,1925,0.1
10402,32,1,2083,0.1
10403,59,1,954,0.15
10403,17,1,1925,0.15
10404,28,2,3031,0.1
10404,15,1,3944,0
10404,20,1,4963,0
10404,44,1,1674,0.15
10405,47,1,365,0.1
10405,49,1,2121,0.1
10405,28,1,3031,0.05
10405,56,1,2279,0.1
10406,3,2,3882,0.15
10406,53,1,1408,0
10406,50,1,4645,0.15
10406,8,1,659,0.05
10407,41,1,4560,0.1
10407,34,1,1026,0
10408,39,1,765,0.1
10408,21,1,572,0.05
10409,27,1,2377,0.1
10410,7,1,2555,0.05
10411,31,1,3571,0.15
10412,45,1,1847,0
10413,1,1,2760,0.1
10413,31,2,3571,0
10413,22,2,131,0
10413,16,1,2872,0
10414,42,2,641,0
10414,16,2,2872,0.05
10414,35,1,2084,0.15
10415,34,1,1026,0
10416,33,1,2132,0
10416,30,1,3732,0.15
10417,26,1,438,0
10417,6,1,3871,0
10418,16,1,2872,0
10418,16,1,2872,0
10419,50,1,4645,0
10420,27,2,2377,0
10420,14,1,3770,0
10420,50,1,4645,0.05
10421,8,1,659,0
10422,13,1,283,0.05
10422,58,1,124,0.05
10422,42,1,641,0.05
10422,40,2,4298,0
10423,14,1,3770,0
10423,33,1,2132,0
10424,46,1,1604,0.15
10424,19,1,2578,0.05
10425,41,1,4560,0
10425,54,1,273,0.05
10426,18,1,4405,0
10426,7,2,2555,0.1
10426,33,2,2132,0.05
10427,11,1,4549,0
10427,7,1,2555,0
10428,22,2,131,0.15
10429,5,1,207,0.1
10430,11,1,4549,0.1
10430,7,1,2555,0
10431,6,2,3871,0
10431,32,1,2083,0.05
10432,20,1,4963,0.15
10433,10,1,3960,0.2
10433,13,2,283,0
10434,18,1,4405,0
10434,33,1,2132,0
10434,30,2,3732,0.05
10435,45,1,1847,0
10436,50,1,4645,0.1
10437,16,1,2872,0.1
10438,32,3,2083,0.15
10438,54,1,273,0.15
10439,24,1,2210,0
10439,31,1,3571,0
10439,15,1,3944,0
10439,52,1,2641,0.05
10440,9,1,1527,0.1
10441,41,1,4560,0.15
10442,53,1,1408,0
10442,41,2,4560,0.15
10443,51,1,2621,0
10443,23,1,2084,0.05
10443,19,2,2578,0
10444,31,2,3571,0.05
10445,59,1,954,0.05
10446,56,1,2279,0.05
10446,3,1,3882,0.05
10447,31,1,3571,0
10447,26,1,438,0
10448,46,1,1604,0.05
10449,52,1,2641,0.05
10449,45,1,1847,0
10450,33,1,2132,0
10450,20,2,4963,0.1
10451,11,1,4549,0.05
10451,6,1,3871,0.1
10451,21,1,572,0
10452,27,1,2377,0.05
10453,14,3,3770,0
10453,47,1,365,0.1
10454,30,1,3732,0.05
10455,34,3,1026,0.1
10455,19,1,2578,0.15
10455,30,1,3732,0.05
10455,11,1,4549,0.1
10456,59,1,954,0.1
10457,16,1,2872,0.15
10458,15,1,3944,0.1
10458,40,1,4298,0.05
10459,23,2,2084,0.1
10460,10,1,3960,0.05
10460,26,1,438,0.05
10461,6,1,3871,0.05
10461,3,1,3882,0.05
10462,10,1,3960,0
10463,39,1,765,0.1
10464,13,1,283,0.1
10464,17,3,1925,0
10464,27,1,2377,0
10465,19,1,2578,0
10466,57,1,3486,0
10466,36,1,460,0.15
10466,42,1,641,0
10466,22,1,131,0.15
10467,14,1,3770,0
10467,7,1,2555,0
10467,16,1,2872,0.05
10468,43,2,2654,0.1
10468,7,1,2555,0.1
10468,1,1,2760,0.1
10469,33,1,2132,0.15
10469,31,1,3571,0
10470,24,3,2210,0.05
10471,2,1,1368,0.15
10471,13,1,283,0.05
10472,44,1,1674,0.15
10472,44,1,1674,0
10472,25,2,938,0.05
10473,12,1,2578,0.05
10474,1,2,2760,0.1
10475,9,1,1527,0.05
10475,25,1,938,0.1
10475,21,1,572,0
10476,44,1,1674,0
10477,19,3,2578,0.05
10477,47,3,365,0.05
10478,56,1,2279,0.05
10478,18,1,4405,0.05
10479,19,1,2578,0.05
10479,49,1,2121,0.15
10480,3,1,3882,0
10480,57,1,3486,0
10480,45,1,1847,0
10480,13,1,283,0.1
10481,45,1,1847,0
10482,17,1,1925,0.05
10483,57,1,3486,0
10483,33,1,2132,0.1
10483,15,1,3944,0.05
10483,2,1,1368,0.1
10484,57,1,3486,0
10484,56,1,2279,0
10485,17,1,1925,0
10486,4,1,3867,0.05
10486,36,1,460,0
10487,49,2,2121,0.05
10487,54,1,273,0.05
10488,17,1,1925,0.1
10488,60,1,1642,0
10489,27,1,2377,0.05
10489,54,1,273,0
10490,19,1,2578,0.15
10490,6,2,3871,0
10490,48,2,4805,0.1
10491,38,1,976,0.1
10491,18,1,4405,0.05
10492,50,1,4645,0.05
10492,28,3,3031,0.05
10492,10,1,3960,0.2
10492,38,2,976,0
10493,4,2,3867,0.1
10493,52,1,2641,0.05
10493,19,2,2578,0.1
10493,52,1,2641,0.15
10494,7,2,2555,0.1
10495,50,1,4645,0
10495,41,1,4560,0.1
10496,60,1,1642,0
10496,46,1,1604,0
10496,14,1,3770,0.05
10496,58,1,124,0
10497,23,1,2084,0
10497,46,1,1604,0
10498,29,1,410,0
10499,17,1,1925,0.05
10500,33,1,2132,0.05
10501,40,1,4298,0
10501,53,1,1408,0.05
10502,51,1,2621,0.05
10502,39,1,765,0
10503,16,1,2872,0.05
10504,50,1,4645,0
10504,56,1,2279,0
10505,46,2,1604,0
10505,45,1,1847,0
10505,19,2,2578,0.1
10506,12,1,2578,0.05
10507,53,1,1408,0.05
10508,6,3,3871,0.05
10508,33,2,2132,0.05
10508,41,1,4560,0.15
10508,15,1,3944,0.05
10509,8,1,659,0.05
10509,38,1,976,0.05
10510,40,2,4298,0.1
10510,22,1,131,0.05
10511,56,2,2279,0
10512,16,2,2872,0.05
10512,18,2,4405,0
10512,19,1,2578,0.1
10513,40,1,4298,0
10513,14,1,3770,0.05
10514,14,1,3770,0.15
10515,23,1,2084,0.15
10515,49,2,2121,0
10515,54,1,273,0.05
10516,20,1,4963,0.05
10517,36,1,460,0
10517,6,2,3871,0
10517,30,1,3732,0.1
10517,19,2,2578,0.15
10518,32,1,2083,0
10518,37,1,189,0
10519,52,1,2641,0.05
10519,22,2,131,0.05
10520,47,1,365,0
10521,41,1,4560,0.15
10522,45,2,1847,0
10523,48,2,4805,0.1
10523,54,1,273,0.1
10524,38,1,976,0.05
10524,33,1,2132,0.1
10525,29,2,410,0.1
10525,18,1,4405,0
10525,50,2,4645,0.2
10526,20,1,4963,0
10526,24,1,2210,0.05
10526,54,2,273,0.05
10527,30,1,3732,0.15
10528,24,1,2210,0.15
10528,16,1,2872,0.05
10529,36,1,460,0.05
10530,55,1,4377,0.15
10530,8,1,659,0.2
10530,1,1,2760,0.1
10531,12,2,2578,0
10531,2,1,1368,0.1
10531,12,1,2578,0.05
10532,58,2,124,0.1
10532,41,1,4560,0.05
10533,21,1,572,0.05
10534,57,1,3486,0.05
10534,7,2,2555,0
10535,53,1,1408,0
10535,1,1,2760,0.05
10536,55,1,4377,0
10536,21,2,572,0
10536,5,1,207,0
10536,5,1,207,0
10537,48,1,4805,0.2
10537,9,1,1527,0.15
10538,26,1,438,0.1
10538,59,1,954,0
10538,56,2,2279,0.05
10538,26,1,438,0
10539,18,1,4405,0.1
10539,59,1,954,0.2
10540,39,1,765,0
10540,50,1,4645,0.15
10540,36,1,460,0.2
10541,7,1,2555,0.15
10542,43,1,2654,0
10542,18,1,4405,0
10543,9,2,1527,0.05
10543,57,1,3486,0
10543,34,1,1026,0.1
10544,6,2,3871,0
10544,40,3,4298,0.05
10545,19,1,2578,0
10545,50,2,4645,0
10545,24,3,2210,0
10546,27,1,2377,0.05
10546,18,1,4405,0.15
10546,36,1,460,0
10547,6,1,3871,0
10547,26,3,438,0.15
10547,23,1,2084,0.05
10548,50,1,4645,0
10549,43,1,2654,0
10550,4,1,3867,0.05
10550,26,1,438,0
10550,47,3,365,0
10550,18,1,4405,0.1
10551,39,1,765,0.1
10551,13,1,283,0
10552,6,1,3871,0.05
10553,39,1,765,0.2
10554,46,1,1604,0.05
10555,20,1,4963,0
10555,47,1,365,0.05
10555,52,1,2641,0
10556,19,1,2578,0.1
10557,4,2,3867,0.1
10557,2,3,1368,0
10557,10,1,3960,0
10558,11,1,4549,0.15
10559,31,1,3571,0
10559,20,1,4963,0.1
10560,33,2,2132,0.05
10560,27,1,2377,0
10560,28,2,3031,0.1
10561,54,1,273,0
10561,53,1,1408,0.15
10561,57,1,3486,0
10562,2,1,1368,0.05
10562,32,1,2083,0
10563,50,1,4645,0.1
10564,14,1,3770,0
10564,20,2,4963,0.15
10564,40,1,4298,0
10565,29,1,410,0.05
10565,56,1,2279,0.05
10566,55,1,4377,0.1
10566,51,1,2621,0.05
10566,58,1,124,0.05
10567,51,1,2621,0.05
10567,40,2,4298,0.2
10568,39,1,765,0
10569,49,1,2121,0.05
10569,2,1,1368,0
10569,33,1,2132,0.1
10570,31,1,3571,0
10571,43,1,2654,0.1
10571,27,2,2377,0.1
10572,28,1,3031,0.1
10572,44,1,1674,0.1
10573,24,1,2210,0.1
10573,55,1,4377,0
10574,11,2,4549,0.1
10574,11,2,4549,0
10574,17,2,1925,0
10575,31,1,3571,0.1
10576,40,2,4298,0
10577,52,1,2641,0
10578,11,1,4549,0.1
10578,21,1,572,0
10579,42,1,641,0.15
10580,14,3,3770,0
10580,57,2,3486,0
10580,60,1,1642,0.05
10581,41,2,4560,0.1
10581,53,1,1408,0.15
10581,16,1,2872,0
10581,33,1,2132,0.05
10582,11,1,4549,0.05
10583,51,1,2621,0.2
10583,12,1,2578,0.15
10583,30,1,3732,0.2
10584,8,1,659,0.1
10585,37,2,189,0
10585,11,1,4549,0
10585,51,1,2621,0.05
10586,41,1,4560,0
10586,4,1,3867,0
10587,58,1,124,0.1
10587,25,1,938,0
10588,10,1,3960,0.1
10589,46,1,1604,0.05
10589,42,1,641,0
10590,59,1,954,0.1
10591,18,1,4405,0.1
10591,18,1,4405,0.1
10592,47,1,365,0
10593,20,2,4963,0.15
10593,1,1,2760,0
10594,47,1,365,0
10594,25,1,938,0.15
10595,52,1,2641,0
10596,30,1,3732,0.1
10596,48,1,4805,0
10597,23,1,2084,0.15
10598,49,1,2121,0.1
10599,21,1,572,0
10599,2,1,1368,0
10599,46,2,1604,0
10599,52,2,2641,0
10600,4,1,3867,0.05
10601,7,1,2555,0.05
10601,53,1,1408,0
10602,32,2,2083,0.05
10603,19,1,2578,0
10603,19,1,2578,0
10603,11,2,4549,0
10604,53,1,1408,0.05
10604,53,1,1408,0.05
10605,7,2,2555,0
10605,48,1,4805,0.05
10606,9,1,1527,0.15
10606,11,1,4549,0.15
10606,25,1,938,0
10607,54,1,273,0.15
10607,26,1,438,0.05
10608,32,2,2083,0
10608,2,1,1368,0
10609,49,1,2121,0
10609,41,1,4560,0.2
10610,33,1,2132,0
10610,3,2,3882,0.15
10611,4,2,3867,0
10612,56,1,2279,0.05
10612,20,1,4963,0.05
10613,6,2,3871,0.15
10613,17,1,1925,0
10613,55,1,4377,0
10613,9,2,1527,0.15
10614,38,1,976,0.1
10615,31,1,3571,0.1
10616,14,2,3770,0.05
10617,44,1,1674,0.1
10617,3,1,3882,0.15
10618,19,3,2578,0
10618,28,1,3031,0.05
10618,52,2,2641,0
10618,19,3,2578,0.1
10619,9,2,1527,0
10619,13,1,283,0
10619,44,1,1674,0
10620,44,1,1674,0
10621,10,1,3960,0.1
10621,18,1,4405,0.1
10622,36,1,460,0.15
10622,33,1,2132,0
10623,49,2,2121,0
10624,12,1,2578,0
10624,55,2,4377,0.15
10625,45,1,1847,0
10626,1,1,2760,0.05
10627,31,1,3571,0.05
10627,31,1,3571,0.05
10628,53,1,1408,0.1
10629,43,1,2654,0
10629,53,1,1408,0.2
10629,20,1,4963,0
10630,49,1,2121,0.1
10631,1,2,2760,0.1
10632,20,1,4963,0
10633,56,1,2279,0.1
10634,40,1,4298,0
10635,42,1,641,0.05
10635,4,1,3867,0.15
10636,23,1,2084,0
10637,44,1,1674,0.05
10637,21,1,572,0
10638,9,1,1527,0
10638,45,1,1847,0.15
10638,53,1,1408,0.05
10638,48,1,4805,0.05
10639,36,1,460,0
10640,49,2,2121,0.05
10641,17,1,1925,0.05
10641,26,1,438,0.1
10642,45,1,1847,0.05
10643,52,1,2641,0
10643,59,2,954,0.15
10644,5,1,207,0.15
10644,59,1,954,0
10644,41,1,4560,0.05
10645,23,1,2084,0.2
10645,58,1,124,0
10646,13,1,283,0.15
10647,47,1,365,0
10648,22,1,131,0.05
10648,1,1,2760,0.1
10649,38,1,976,0.1
10649,33,1,2132,0
10650,3,2,3882,0.05
10650,50,1,4645,0.15
10651,47,1,365,0
10652,60,2,1642,0.15
10652,52,2,2641,0.05
10652,18,1,4405,0
10652,57,2,3486,0.15
10653,23,1,2084,0
10654,4,1,3867,0.15
10654,36,2,460,0.05
10655,22,1,131,0.05
10655,59,2,954,0.05
10656,13,1,283,0.15
10656,43,2,2654,0.1
10657,30,1,3732,0.1
10658,57,1,3486,0.1
10658,24,2,2210,0
10659,21,1,572,0.1
10660,3,1,3882,0.05
10660,33,2,2132,0.05
10661,32,1,2083,0.2
10661,43,1,2654,0
10662,32,1,2083,0.15
10662,38,2,976,0.2
10663,60,1,1642,0
10664,52,2,2641,0.05
10664,56,2,2279,0
10665,14,2,3770,0.15
10665,60,2,1642,0
10665,28,1,3031,0
10665,56,2,2279,0.15
10666,4,1,3867,0.05
10667,43,2,2654,0
10667,29,1,410,0.05
10668,28,1,3031,0
10669,10,1,3960,0.1
10670,12,1,2578,0
10670,57,1,3486,0
10671,56,1,2279,0.15
10672,36,1,460,0.05
10673,6,2,3871,0.05
10674,6,1,3871,0
10675,44,1,1674,0
10676,56,2,2279,0.15
10676,11,1,4549,0
10676,33,3,2132,0
10677,19,1,2578,0
10677,36,2,460,0
10677,31,1,3571,0
10678,4,2,3867,0.05
10679,42,2,641,0.05
10679,52,1,2641,0
10679,1,2,2760,0
10680,29,1,410,0
10680,49,1,2121,0.15
10680,19,1,2578,0
10681,47,1,365,0
10682,2,1,1368,0.15
10683,51,1,2621,0.05
10683,34,1,1026,0.05
10683,44,1,1674,0.05
10684,28,1,3031,0
10685,39,1,765,0.05
10686,26,1,438,0
10687,6,3,3871,0
10687,51,2,2621,0.05
10687,50,2,4645,0.1
10687,1,2,2760,0
10688,37,3,189,0.1
10688,25,2,938,0
10688,29,1,410,0.05
10689,40,1,4298,0
10690,49,1,2121,0.15
10690,1,1,2760,0.1
10691,30,1,3732,0.1
10692,23,1,2084,0.1
10693,22,2,131,0
10694,8,1,659,0.1
10695,12,1,2578,0.1
10695,45,1,1847,0.15
10696,4,1,3867,0.1
10697,55,1,4377,0.05
10697,46,1,1604,0.05
10698,19,3,2578,0
10698,46,1,1604,0.15
10698,37,2,189,0.05
10699,24,2,2210,0
10700,4,2,3867,0.15
10700,44,1,1674,0
10700,53,1,1408,0
10701,22,2,131,0
10701,31,1,3571,0
10702,41,2,4560,0.1
10702,5,2,207,0
10702,35,1,2084,0.1
10703,15,1,3944,0.1
10703,39,1,765,0.05
10703,51,1,2621,0
10703,33,1,2132,0.15
10704,10,2,3960,0
10704,24,1,2210,0.05
10705,1,1,2760,0
10706,48,1,4805,0
10707,48,2,4805,0
10707,57,1,3486,0.05
10707,23,1,2084,0
10708,54,2,273,0.1
10708,35,1,2084,0.05
10709,34,1,1026,0.05
10709,26,1,438,0.1
10710,45,1,1847,0
10710,30,2,3732,0
10710,27,1,2377,0.1
10710,40,1,4298,0.05
10711,40,1,4298,0.05
10711,27,1,2377,0
10712,47,1,365,0.05
10713,11,1,4549,0
10713,35,1,2084,0.05
10714,46,2,1604,0
10714,28,2,3031,0
10714,51,1,2621,0.05
10715,36,1,460,0.15
10715,20,1,4963,0.1
10716,50,1,4645,0.05
10716,35,2,2084,0.05
10717,53,3,1408,0.05
10718,60,1,1642,0.15
10718,1,1,2760,0.05
10718,60,3,1642,0.1
10718,24,1,2210,0.15
10719,29,3,410,0.1
10719,42,1,641,0
10720,20,1,4963,0
10721,40,3,4298,0.15
10722,47,1,365,0.1
10722,43,1,2654,0.1
10723,28,2,3031,0
10723,16,1,2872,0.05
10724,51,3,2621,0.1
10724,10,1,3960,0.05
10724,27,2,2377,0.05
10725,15,1,3944,0
10725,41,3,4560,0.05
10726,60,1,1642,0
10726,7,1,2555,0
10726,1,1,2760,0.2
10726,40,2,4298,0.1
10727,48,1,4805,0
10727,20,1,4963,0
10727,18,2,4405,0
10728,13,1,283,0.1
10728,30,1,3732,0.05
10728,44,1,1674,0
10728,26,1,438,0.2
10729,5,1,207,0.15
10730,58,1,124,0.1
10730,54,2,273,0
10731,12,2,2578,0
10731,26,1,438,0.05
10731,60,1,1642,0
10731,4,1,3867,0
10732,10,1,3960,0.05
10733,30,1,3732,0.1
10733,37,1,189,0
10733,17,1,1925,0.05
10734,22,1,131,0.1
10734,4,1,3867,0
10734,18,1,4405,0.1
10734,10,1,3960,0
10735,9,1,1527,0.1
10735,9,1,1527,0
10736,27,2,2377,0
10736,6,1,3871,0
10737,55,1,4377,0.1
10737,32,2,2083,0
10738,45,1,1847,0
10738,4,1,3867,0
10739,11,2,4549,0.1
10740,44,1,1674,0
10741,37,1,189,0
10741,31,1,3571,0
10741,18,1,4405,0.15
10741,11,1,4549,0.05
10742,22,3,131,0
10742,57,1,3486,0
10743,3,1,3882,0.1
10744,12,2,2578,0
10745,57,2,3486,0.1
10746,38,1,976,0.05
10746,53,1,1408,0.05
10746,42,1,641,0.15
10746,41,1,4560,0.05
10747,58,1,124,0.05
10748,53,1,1408,0.1
10748,47,2,365,0.05
10749,59,1,954,0.05
10750,26,1,438,0
10751,54,3,273,0.2
10751,39,1,765,0.15
10752,16,1,2872,0
10753,24,1,2210,0.05
10753,41,1,4560,0.1
10754,45,2,1847,0
10755,12,1,2578,0.15
10755,15,2,3944,0
10755,55,2,4377,0.1
10756,50,2,4645,0
10757,18,1,4405,0.15
10758,19,1,2578,0
10759,1,1,2760,0
10760,6,1,3871,0.1
10761,4,1,3867,0
10762,33,1,2132,0.05
10762,37,1,189,0
10763,22,2,131,0.1
10764,32,2,2083,0.2
10765,55,1,4377,0
10765,24,1,2210,0.05
10766,29,1,410,0.05
10766,7,1,2555,0.05
10767,16,3,2872,0.05
10767,16,3,2872,0.05
10767,55,2,4377,0
10768,31,2,3571,0.05
10769,49,1,2121,0.05
10769,59,1,954,0
10770,55,2,4377,0
10771,12,1,2578,0
10771,37,1,189,0
10771,33,2,2132,0.15
10771,41,3,4560,0.05
10772,44,1,1674,0.1
10772,4,1,3867,0
10772,59,1,954,0.1
10772,23,2,2084,0
10773,11,1,4549,0.2
10773,16,1,2872,0
10774,19,2,2578,0.05
10774,7,2,2555,0.1
10774,1,3,2760,0.1
10774,6,2,3871,0
10775,57,1,3486,0.05
10776,15,2,3944,0.1
10776,3,1,3882,0.1
10776,40,1,4298,0.2
10777,25,1,938,0
10777,19,1,2578,0
10777,33,1,2132,0.2
10778,33,3,2132,0.05
10779,42,2,641,0
10779,34,1,1026,0
10780,47,1,365,0.05
10781,25,1,938,0.05
10781,36,1,460,0.15
10782,60,1,1642,0
10782,59,1,954,0.1
10783,53,1,1408,0.05
10783,7,1,2555,0
10784,3,3,3882,0
10784,59,1,954,0.1
10785,12,2,2578,0.1
10785,28,1,3031,0.1
10785,51,1,2621,0
10785,55,1,4377,0
10786,31,1,3571,0
10787,29,1,410,0
10787,19,1,2578,0
10787,27,1,2377,0
10788,23,1,2084,0.1
10789,41,1,4560,0
10789,1,1,2760,0
10790,54,1,273,0.1
10791,3,1,3882,0
10792,6,1,3871,0.05
10792,50,1,4645,0.15
10792,11,1,4549,0.2
10792,7,2,2555,0
10793,27,1,2377,0.1
10793,11,1,4549,0
10793,48,2,4805,0.15
10793,33,3,2132,0.1
10794,29,2,410,0
10794,46,2,1604,0.05
10795,13,2,283,0.1
10796,57,1,3486,0
10797,42,1,641,0.05
10798,52,1,2641,0.1
10798,58,1,124,0
10799,39,2,765,0.15
10799,50,1,4645,0
10800,25,1,938,0
10801,21,1,572,0
10801,53,1,1408,0.05
10801,38,1,976,0
10802,52,1,2641,0.2
10803,31,1,3571,0
10803,13,1,283,0.05
10804,49,1,2121,0
10804,27,1,2377,0.05
10804,57,1,3486,0.05
10805,60,1,1642,0.2
10806,15,3,3944,0
10806,41,1,4560,0.2
10806,5,2,207,0.05
10806,11,1,4549,0
10807,29,1,410,0.1
10807,32,1,2083,0
10807,8,1,659,0.1
10808,36,1,460,0.1
10808,59,1,954,0
10808,28,1,3031,0.1
10809,59,1,954,0.1
10809,16,1,2872,0
10809,35,1,2084,0.15
10810,49,1,2121,0.05
10810,49,1,2121,0.05
10811,20,2,4963,0.1
10812,41,1,4560,0.05
10813,2,1,1368,0.1
10814,14,1,3770,0
10814,48,1,4805,0.1
10815,7,1,2555,0
10815,9,1,1527,0.15
10816,54,1,273,0.15
10816,6,1,3871,0
10816,38,1,976,0
10817,21,2,572,0
10818,31,1,3571,0.15
10818,43,1,2654,0.15
10818,30,1,3732,0
10819,20,2,4963,0.05
10819,36,1,460,0
10820,32,2,2083,0.15
10821,52,1,2641,0.05
10822,38,1,976,0
10823,52,1,2641,0
10823,24,2,2210,0.15
10823,15,2,3944,0
10824,3,2,3882,0.1
10825,51,2,2621,0
10825,24,1,2210,0
10826,56,3,2279,0
10826,43,2,2654,0.1
10826,52,2,2641,0
10827,10,1,3960,0
10827,57,2,3486,0.1
10828,32,1,2083,0.05
10828,13,1,283,0.15
10829,57,1,3486,0.05
10829,25,2,938,0.1
10830,41,1,4560,0.15
10831,36,2,460,0.1
10832,17,1,1925,0.05
10833,37,2,189,0.1
10834,20,1,4963,0.1
10834,19,1,2578,0.05
10835,19,3,2578,0.15
10835,15,2,3944,0
10835,7,2,2555,0.05
10835,48,1,4805,0
10836,11,1,4549,0.1
10836,7,1,2555,0.05
10837,15,1,3944,0
10838,57,1,3486,0.05
10838,12,1,2578,0
10839,58,1,124,0
10839,4,1,3867,0.05
10840,11,3,4549,0
10840,25,1,938,0.05
10840,22,2,131,0.05
10841,56,1,2279,0
10841,6,2,3871,0.15
10841,52,1,2641,0.1
10841,1,1,2760,0
10842,5,1,207,0
10843,6,2,3871,0
10843,12,2,2578,0.1
10843,36,1,460,0
10843,59,1,954,0.05
10844,30,1,3732,0.15
10845,12,2,2578,0
10845,26,2,438,0.05
10846,27,1,2377,0.1
10847,33,1,2132,0
10847,21,1,572,0
10848,48,2,4805,0
10848,41,1,4560,0.1
10848,34,1,1026,0
10848,49,1,2121,0.1
10849,8,1,659,0
10849,43,1,2654,0.1
10849,56,1,2279,0
10850,7,1,2555,0
10851,56,1,2279,0.05
10852,6,3,3871,0.15
10852,55,1,4377,0
10852,28,1,3031,0
10853,20,1,4963,0.05
10853,18,3,4405,0
10853,24,1,2210,0.1
10853,42,2,641,0.15
10854,9,1,1527,0
10855,12,1,2578,0.2
10856,1,3,2760,0.2
10857,60,1,1642,0
10857,15,1,3944,0.1
10857,2,2,1368,0
10858,20,1,4963,0.15
10859,29,2,410,0.05
10859,49,1,2121,0.05
10859,19,2,2578,0.05
10860,17,2,1925,0.05
10861,49,1,2121,0.05
10861,18,1,4405,0.15
10861,55,1,4377,0.05
10861,55,1,4377,0
10862,47,1,365,0
10862,54,2,273,0.2
10863,10,1,3960,0
10863,11,2,4549,0.05
10863,51,2,2621,0.05
10864,22,1,131,0
10865,21,1,572,0.05
10865,4,1,3867,0
10866,38,2,976,0
10866,60,1,1642,0
10867,19,1,2578,0.15
10867,4,1,3867,0.15
10868,55,1,4377,0.05
10868,50,1,4645,0
10869,15,1,3944,0.15
10870,21,2,572,0.1
10871,12,1,2578,0
10872,4,1,3867,0
10872,56,1,2279,0.15
10873,28,1,3031,0.1
10873,24,3,2210,0
10873,11,1,4549,0
10874,43,1,2654,0.05
10875,56,1,2279,0
10875,24,1,2210,0
10875,30,1,3732,0.05
10876,7,1,2555,0
10877,6,1,3871,0.05
10877,5,1,207,0.2
10877,5,1,207,0
10878,11,3,4549,0.1
10879,3,2,3882,0
10879,11,3,4549,0.05
10880,24,1,2210,0.05
10881,45,1,1847,0
10881,45,2,1847,0.2
10882,29,1,410,0.1
10882,23,1,2084,0.05
10883,24,3,2210,0.1
10884,48,1,4805,0.05
10885,27,1,2377,0
10885,46,1,1604,0.05
10885,9,1,1527,0.05
10886,9,1,1527,0.05
10886,36,2,460,0.1
10886,28,1,3031,0.1
10887,49,2,2121,0.15
10888,33,1,2132,0.05
10888,4,2,3867,0.1
10888,55,1,4377,0.05
10889,45,1,1847,0
10890,51,2,2621,0
10890,14,1,3770,0.15
10890,31,1,3571,0.15
10891,11,1,4549,0
10891,14,1,3770,0.1
10891,56,2,2279,0
10892,53,2,1408,0
10893,9,1,1527,0
10894,10,1,3960,0.05
10895,43,1,2654,0
10896,59,1,954,0.1
10897,9,1,1527,0.1
10898,16,1,2872,0.05
10899,10,2,3960,0
10899,41,1,4560,0.05
10899,34,2,1026,0.05
10899,33,2,2132,0
10900,10,1,3960,0
10900,51,1,2621,0
10901,13,1,283,0
10902,34,1,1026,0.2
10902,30,3,3732,0.1
10902,59,1,954,0.2
10903,3,1,3882,0
10903,16,1,2872,0.2
10903,43,1,2654,0.1
10904,7,1,2555,0.1
10904,12,1,2578,0
10904,12,2,2578,0.05
10905,12,1,2578,0.1
10905,40,2,4298,0
10905,19,3,2578,0.05
10905,30,3,3732,0
10906,12,1,2578,0.1
10906,59,1,954,0
10907,30,1,3732,0
10907,20,1,4963,0
10908,33,2,2132,0.15
10908,23,2,2084,0
10908,26,1,438,0.05
10908,55,2,4377,0.1
10909,4,1,3867,0
10910,30,1,3732,0.1
10910,12,1,2578,0.05
10910,34,3,1026,0.15
10911,22,1,131,0
10912,34,1,1026,0.05
10913,43,2,2654,0.05
10913,37,1,189,0.05
10914,25,1,938,0
10915,27,1,2377,0
10915,46,1,1604,0
10916,6,1,3871,0.1
10916,27,1,2377,0.05
10916,56,1,2279,0
10917,53,1,1408,0.05
10918,26,1,438,0.1
10918,7,1,2555,0
10919,10,1,3960,0.1
10920,59,3,954,0
10921,20,1,4963,0.1
10921,47,1,365,0
10922,30,1,3732,0.15
10923,49,1,2121,0.1
10923,44,1,1674,0.2
10924,25,2,938,0.15
10924,54,2,273,0.05
10925,59,2,954,0.1
10925,60,1,1642,0.1
10925,7,2,2555,0.05
10926,5,1,207,0
10926,1,2,2760,0.05
10926,12,1,2578,0.05
10926,12,1,2578,0.1
10927,28,1,3031,0.1
10928,21,1,572,0.05
10928,47,1,365,0.05
10928,56,1,2279,0.1
10929,16,1,2872,0.05
10930,13,1,283,0
10930,60,1,1642,0
10931,33,1,2132,0
10931,43,1,2654,0.1
10931,54,1,273,0
10932,57,2,3486,0
10932,47,1,365,0.05
10933,19,1,2578,0.05
10933,23,1,2084,0.1
10934,15,1,3944,0.15
10935,56,1,2279,0
10935,15,1,3944,0.05
10936,37,1,189,0.05
10936,24,1,2210,0.15
10937,44,1,1674,0
10937,51,1,2621,0.05
10938,34,2,1026,0
10939,53,2,1408,0.15
10939,57,1,3486,0
10940,54,1,273,0
10941,31,1,3571,0
10942,1,3,2760,0
10943,18,1,4405,0.1
10944,8,1,659,0.05
10944,30,1,3732,0.05
10945,18,1,4405,0
10945,57,1,3486,0
10946,37,2,189,0.1
10946,56,1,2279,0.1
10947,56,1,2279,0.15
10947,55,1,4377,0.05
10947,35,1,2084,0.1
10947,36,1,460,0
10948,28,1,3031,0.05
10948,32,2,2083,0
10949,11,2,4549,0
10949,36,2,460,0
10950,33,2,2132,0.05
10950,11,1,4549,0.05
10951,19,2,2578,0
10952,45,1,1847,0
10952,22,1,131,0.2
10953,31,1,3571,0.05
10953,18,1,4405,0.2
10954,14,1,3770,0.05
10955,30,1,3732,0
10955,16,3,2872,0.1
10955,7,1,2555,0.1
10956,30,1,3732,0.2
10957,48,1,4805,0
10957,22,1,131,0.15
10958,19,1,2578,0.1
10959,16,1,2872,0.1
10960,22,1,131,0
10961,24,1,2210,0.15
10961,38,1,976,0.05
10962,26,1,438,0
10963,25,1,938,0
10963,54,1,273,0.1
10964,20,1,4963,0
10965,28,1,3031,0
10965,16,1,2872,0
10966,6,3,3871,0
10966,7,1,2555,0
10967,15,2,3944,0.2
10967,11,1,4549,0.05
10967,41,1,4560,0
10968,45,1,1847,0.1
10968,42,1,641,0
10969,4,1,3867,0.1
10970,38,1,976,0.1
10970,55,1,4377,0.15
10971,51,1,2621,0.05
10971,40,1,4298,0
10971,5,2,207,0.2
10972,26,2,438,0
10972,51,3,2621,0.2
10972,3,1,3882,0
10973,48,1,4805,0.05
10974,10,1,3960,0.15
10974,31,1,3571,0.2
10974,30,1,3732,0.1
10974,36,2,460,0.05
10975,21,2,572,0.1
10975,39,1,765,0
10976,51,3,2621,0.1
10976,48,1,4805,0.15
10976,44,3,1674,0.05
10977,53,1,1408,0.05
10978,26,1,438,0.1
10979,36,1,460,0
10979,44,1,1674,0.1
10979,60,1,1642,0
10980,43,1,2654,0.15
10980,24,1,2210,0
10980,11,1,4549,0.05
10980,14,2,3770,0.05
10981,48,1,4805,0.1
10982,25,1,938,0.1
10983,27,1,2377,0.1
10983,41,1,4560,0.05
10984,17,1,1925,0.05
10984,12,1,2578,0
10984,56,1,2279,0.1
10984,11,1,4549,0.15
10985,29,2,410,0.1
10986,45,1,1847,0
10986,10,1,3960,0.1
10987,3,1,3882,0.2
10988,29,1,410,0.2
10988,12,2,2578,0.05
10988,4,2,3867,0.15
10989,35,1,2084,0.05
10989,59,1,954,0.05
10990,2,1,1368,0.05
10991,39,2,765,0
10992,48,1,4805,0
10993,48,3,4805,0.15
10993,30,1,3732,0.05
10994,43,1,2654,0.15
10995,16,1,2872,0
10995,7,1,2555,0.05
10996,13,1,283,0.1
10996,36,3,460,0
10997,6,2,3871,0.2
10997,31,1,3571,0.15
10997,6,1,3871,0
10998,17,1,1925,0
10999,19,1,2578,0
11000,43,1,2654,0.05
11000,35,3,2084,0.05
11001,59,1,954,0
11001,21,1,572,0.2
11001,57,1,3486,0
11002,50,2,4645,0.05
11003,44,1,1674,0.05
11004,46,1,1604,0.05
11004,39,1,765,0.1
11004,40,1,4298,0.1
11005,18,1,4405,0.15
11005,20,1,4963,0
11006,32,1,2083,0.15
11006,8,1,659,0.05
11006,20,1,4963,0.1
11006,8,1,659,0.1
11007,14,1,3770,0
11007,33,1,2132,0.1
11008,49,1,2121,0
11009,41,1,4560,0.1
11010,20,1,4963,0.05
11010,49,1,2121,0.1
11010,7,1,2555,0.2
11011,11,2,4549,0
11012,57,3,3486,0
11013,52,1,2641,0.2
11013,25,1,938,0.05
11014,43,1,2654,0.05
11014,14,2,3770,0.1
11014,28,3,3031,0
11015,29,1,410,0
11016,44,1,1674,0.2
11017,1,1,2760,0.05
11017,39,3,765,0.05
11017,47,1,365,0.05
11018,25,1,938,0.05
11018,19,2,2578,0
11018,38,1,976,0
11019,25,2,938,0
11020,46,1,1604,0.1
11021,18,1,4405,0.05
11021,7,2,2555,0
11021,51,2,2621,0
11021,1,1,2760,0
11022,15,2,3944,0.05
11023,8,1,659,0.15
11024,2,2,1368,0.05
11024,47,1,365,0.2
11025,36,2,460,0
11025,34,1,1026,0
11025,55,1,4377,0
11025,36,1,460,0.1
11026,1,1,2760,0.1
11026,37,1,189,0
11026,42,2,641,0
11027,5,1,207,0.1
11027,27,1,2377,0.1
11028,28,1,3031,0.1
11028,3,1,3882,0.15
11029,33,1,2132,0
11029,55,1,4377,0.1
11029,46,2,1604,0
11030,17,1,1925,0
11030,30,1,3732,0.1
11031,2,1,1368,0
11031,30,1,3732,0.05
11032,15,1,3944,0.1
11033,41,1,4560,0
11034,46,1,1604,0.1
11034,14,1,3770,0.15
11035,38,1,976,0.1
11035,34,1,1026,0.15
11036,35,1,2084,0.1
11037,15,1,3944,0.15
11037,51,3,2621,0.05
11037,36,1,460,0
11038,54,1,273,0.15
11039,6,2,3871,0.1
11039,28,1,3031,0
11040,37,1,189,0
11040,56,1,2279,0
11041,5,1,207,0.1
11042,36,1,460,0
11042,8,2,659,0
11042,21,1,572,0.15
11043,41,3,4560,0.15
11043,12,1,2578,0.05
11043,23,1,2084,0
11044,43,1,2654,0.1
11044,30,2,3732,0
11045,20,1,4963,0.05
11046,13,1,283,0
11046,25,1,938,0
11047,56,1,2279,0.15
11047,49,1,2121,0
11048,19,1,2578,0.1
11048,39,2,765,0
11049,3,1,3882,0.05
11050,53,1,1408,0
11050,54,1,273,0
11051,60,2,1642,0.05
11051,1,1,2760,0
11051,48,1,4805,0
11052,28,1,3031,0.05
11052,31,1,3571,0
11053,9,1,1527,0.05
11053,24,1,2210,0.15
11054,43,1,2654,0.1
11055,1,1,2760,0.2
11055,54,1,273,0
11056,18,1,4405,0.05
11056,56,1,2279,0
11057,50,2,4645,0.05
11057,26,1,438,0
11057,43,1,2654,0
11057,29,1,410,0
11058,10,1,3960,0
11059,9,3,1527,0.1
11059,38,2,976,0
11060,55,2,4377,0.1
11060,1,1,2760,0.15
11061,3,1,3882,0
11062,7,2,2555,0
11063,8,1,659,0.1
11064,14,1,3770,0
11065,12,1,2578,0.05
11065,55,1,4377,0.2
11066,60,2,1642,0.15
11066,32,1,2083,0
11066,14,1,3770,0.2
11066,20,1,4963,0.05
11067,11,1,4549,0.15
11068,27,1,2377,0
11068,44,3,1674,0
11069,12,1,2578,0
11070,7,1,2555,0.05
11071,49,1,2121,0.1
11071,21,1,572,0.15
11072,17,1,1925,0
11072,45,3,1847,0
11072,12,2,2578,0.05
11072,29,1,410,0.2
11073,18,1,4405,0
11073,51,1,2621,0.05
11073,51,1,2621,0.1
11073,2,1,1368,0
11074,35,2,2084,0
11075,19,1,2578,0
11076,60,2,1642,0.15
11076,48,2,4805,0.05
11077,57,1,3486,0
11077,19,1,2578,0.05
11078,34,1,1026,0
11079,11,1,4549,0
11079,39,3,765,0
11080,14,1,3770,0.05
11080,24,2,2210,0.2
11081,40,1,4298,0.1
11081,43,3,2654,0
11082,20,1,4963,0.1
11083,60,2,1642,0.05
11083,3,1,3882,0
11084,19,2,2578,0.15
11084,31,1,3571,0.15
11084,15,1,3944,0.05
11085,31,3,3571,0.1
11085,41,1,4560,0.05
11086,37,1,189,0.05
11086,8,1,659,0
11086,45,1,1847,0.15
11087,10,1,3960,0.1
11088,20,1,4963,0
11089,21,1,572,0.05
11089,47,2,365,0
11090,44,1,1674,0
11090,3,1,3882,0.05
11091,43,1,2654,0
11092,30,1,3732,0
11092,7,1,2555,0
11092,20,1,4963,0.1
11093,12,1,2578,0
11093,19,2,2578,0.05
11093,33,2,2132,0
11093,48,1,4805,0.1
11094,35,1,2084,0.1
11094,50,1,4645,0
11095,36,1,460,0
11095,39,2,765,0.05
11095,43,2,2654,0
11095,2,1,1368,0.15
11096,36,1,460,0
11097,14,1,3770,0
11097,41,1,4560,0.05
11097,27,1,2377,0.05
11098,30,2,3732,0.05
11098,54,1,273,0.15
11098,30,1,3732,0.15
11099,24,2,2210,0.05
11099,41,2,4560,0.1
11100,3,1,3882,0
11100,26,2,438,0.15
11100,59,1,954,0.05
11101,28,1,3031,0.05
11101,6,1,3871,0.05
11101,51,1,2621,0.1
11102,3,1,3882,0.05
11103,44,1,1674,0
11103,22,1,131,0.15
11104,24,1,2210,0.05
11104,44,1,1674,0
11105,19,2,2578,0.05
11105,44,1,1674,0
11105,18,1,4405,0
11106,18,1,4405,0.05
11106,31,1,3571,0
11107,39,1,765,0.05
11107,30,1,3732,0.1
11108,29,1,410,0.1
11108,8,1,659,0
11109,33,1,2132,0.05
11110,40,1,4298,0
11111,47,1,365,0.1
11112,60,1,1642,0.05
11113,6,1,3871,0.05
11114,4,1,3867,0.1
11114,55,2,4377,0
11115,14,1,3770,0.05
11115,56,1,2279,0.05
11115,49,1,2121,0.05
11115,19,1,2578,0
11116,25,1,938,0
11116,49,1,2121,0.1
11117,12,2,2578,0.1
11118,39,1,765,0
11118,5,1,207,0.1
11118,9,1,1527,0.1
11119,11,1,4549,0.05
11120,33,1,2132,0
11120,39,1,765,0.05
11120,41,1,4560,0
11120,3,1,3882,0.15
11121,11,1,4549,0.05
11122,4,1,3867,0.05
11122,47,2,365,0.05
11122,25,1,938,0.05
11123,42,1,641,0
11124,4,1,3867,0
11124,56,1,2279,0
11125,48,1,4805,0
11125,55,2,4377,0.1
11125,16,1,2872,0
11126,42,1,641,0.1
11127,4,1,3867,0
11128,56,3,2279,0.1
11129,43,1,2654,0
11130,52,1,2641,0.05
11130,53,2,1408,0
11130,52,1,2641,0.15
11131,49,1,2121,0.15
11132,20,2,4963,0.1
11133,39,2,765,0
11133,3,1,3882,0
11133,54,1,273,0.05
11134,7,1,2555,0.15
11135,32,1,2083,0.05
11135,27,1,2377,0.2
11136,24,2,2210,0
11137,45,1,1847,0.05
11137,8,1,659,0
11137,2,2,1368,0.1
11137,18,2,4405,0
11138,13,1,283,0
11139,14,1,3770,0
11139,33,1,2132,0.05
11140,3,2,3882,0.15
11140,42,1,641,0.05
11141,52,1,2641,0.05
11142,40,1,4298,0
11143,7,1,2555,0.05
11143,14,1,3770,0.2
11144,45,2,1847,0
11145,59,1,954,0
11146,59,1,954,0.05
11146,5,1,207,0
11146,51,3,2621,0
11146,60,2,1642,0
11147,1,1,2760,0.15
11148,27,1,2377,0
11149,41,2,4560,0.15
11150,36,1,460,0.1
11151,55,1,4377,0.05
11151,52,2,2641,0.15
11151,7,1,2555,0.15
11151,18,1,4405,0
11152,6,1,3871,0.05
11152,13,1,283,0
11153,41,1,4560,0.05
11154,12,1,2578,0
11154,24,1,2210,0
11155,51,2,2621,0.1
11155,32,1,2083,0
11155,54,2,273,0
11155,20,1,4963,0.05
11156,30,1,3732,0
11157,29,2,410,0.15
11158,6,1,3871,0.1
11158,16,2,2872,0.15
11159,43,1,2654,0
11160,10,1,3960,0.05
11160,49,2,2121,0
11161,6,1,3871,0.05
11161,28,1,3031,0
11162,56,1,2279,0
11162,34,2,1026,0.05
11163,60,3,1642,0.2
11163,36,1,460,0
11163,16,1,2872,0.1
11164,11,1,4549,0.1
11164,7,2,2555,0.1
11164,37,1,189,0
11164,43,3,2654,0.05
11165,26,1,438,0
11165,39,1,765,0.1
11166,13,1,283,0
11167,23,1,2084,0.05
11168,28,1,3031,0
11169,6,2,3871,0.05
11169,54,1,273,0
11169,11,1,4549,0
11170,24,1,2210,0.1
11170,30,1,3732,0
11171,59,1,954,0.2
11172,13,1,283,0.05
11173,17,3,1925,0.05
11174,31,1,3571,0
11175,34,1,1026,0
11175,19,2,2578,0
11176,28,1,3031,0.1
11176,1,1,2760,0
11176,2,1,1368,0.15
11177,37,1,189,0.05
11178,44,1,1674,0
11179,2,1,1368,0.2
11180,55,1,4377,0.2
11181,14,1,3770,0.15
11182,37,1,189,0
11183,51,1,2621,0.05
11183,45,1,1847,0
11183,54,1,273,0
11184,10,2,3960,0.05
11185,47,1,365,0.05
11186,11,2,4549,0.05
11187,17,1,1925,0
11188,21,1,572,0.1
11189,17,1,1925,0.05
11190,29,1,410,0
11190,36,2,460,0
11191,32,1,2083,0
11192,17,2,1925,0.05
11193,4,1,3867,0.1
11193,24,2,2210,0
11193,34,2,1026,0.05
11194,24,2,2210,0
11194,40,1,4298,0.1
11194,49,2,2121,0.1
11195,53,1,1408,0.05
11196,58,1,124,0.2
11196,43,1,2654,0.05
11197,37,2,189,0.05
11197,27,1,2377,0.15
11198,22,1,131,0.05
11199,8,1,659,0.05
11199,59,1,954,0.15
11199,50,1,4645,0.1
11200,11,1,4549,0
11200,17,2,1925,0.05
11201,26,1,438,0.15
11201,38,1,976,0.1
11202,38,1,976,0.15
11202,56,1,2279,0.15
11203,51,1,2621,0.1
11203,46,2,1604,0.2
11203,25,1,938,0.05
11203,53,1,1408,0.1
11204,5,1,207,0.1
11205,31,1,3571,0.1
11205,57,2,3486,0.05
11205,59,3,954,0.1
11205,13,1,283,0
11206,40,1,4298,0
11206,44,1,1674,0.05
11207,22,1,131,0
11207,6,2,3871,0
11208,41,1,4560,0
11208,19,1,2578,0.05
11208,39,1,765,0.1
11209,17,1,1925,0.05
11210,43,1,2654,0
11211,47,1,365,0
11212,56,1,2279,0
11212,33,2,2132,0.1
11213,42,1,641,0.1
11214,31,3,3571,0.1
11214,60,2,1642,0
11215,32,1,2083,0.2
11215,20,2,4963,0
11215,57,1,3486,0.05
11216,30,1,3732,0.15
11216,23,1,2084,0.2
11217,2,1,1368,0.05
11217,28,3,3031,0
11217,57,1,3486,0.15
11218,4,1,3867,0
11218,36,1,460,0.05
11218,24,1,2210,0
11219,51,3,2621,0.05
11219,5,1,207,0
11220,59,1,954,0
11220,34,1,1026,0
11220,21,1,572,0
11220,44,1,1674,0
11221,59,1,954,0
11221,5,1,207,0.1
11221,4,1,3867,0.2
11221,28,1,3031,0.2
11222,54,1,273,0
11222,28,1,3031,0.05
11223,5,1,207,0.15
11224,23,1,2084,0.1
11224,16,1,2872,0
11225,41,2,4560,0
11226,52,2,2641,0.05
11227,5,1,207,0
11227,34,1,1026,0.05
11228,35,1,2084,0
11229,1,1,2760,0.15
11230,58,1,124,0
11230,3,3,3882,0.05
11231,1,1,2760,0.1
11231,45,1,1847,0.1
11232,11,1,4549,0
11233,1,1,2760,0
11233,1,1,2760,0
11234,11,1,4549,0
11235,12,1,2578,0
11235,30,1,3732,0
11236,59,2,954,0.1
11237,19,1,2578,0.1
11238,42,2,641,0.1
11238,6,2,3871,0
11239,11,2,4549,0.15
11239,43,1,2654,0.05
11239,16,2,2872,0
11240,19,1,2578,0.1
11241,7,1,2555,0
11241,27,2,2377,0
11242,41,1,4560,0
11243,7,2,2555,0
11244,4,1,3867,0.05
11244,34,1,1026,0.05
11245,46,1,1604,0.1
11246,24,1,2210,0.1
11246,24,1,2210,0.1
11247,6,1,3871,0.1
11247,53,1,1408,0
11248,60,2,1642,0.1
11248,17,1,1925,0
11249,32,1,2083,0.05
11250,15,2,3944,0
11250,2,2,1368,0
11250,30,2,3732,0.2
11251,46,1,1604,0.1
11252,27,1,2377,0.05
11253,16,1,2872,0.1
11254,44,1,1674,0
11254,46,2,1604,0
11255,18,1,4405,0.15
11256,24,3,2210,0.05
11256,40,1,4298,0
11257,36,1,460,0
11257,31,2,3571,0
11257,15,1,3944,0.15
11257,23,1,2084,0.05
11258,6,1,3871,0.05
11258,2,1,1368,0.1
11259,49,1,2121,0
11260,30,1,3732,0
11260,60,1,1642,0.1
11261,25,1,938,0
11261,12,1,2578,0
11262,56,1,2279,0.05
11262,38,1,976,0.05
11262,3,1,3882,0
11262,23,1,2084,0
11263,4,1,3867,0.1
11264,51,3,2621,0.1
11264,3,1,3882,0.15
11264,56,1,2279,0
11265,22,2,131,0.05
11265,37,1,189,0
11266,24,1,2210,0.05
11267,44,1,1674,0.1
11267,15,2,3944,0.1
11268,14,1,3770,0.1
11269,18,1,4405,0.2
11269,60,2,1642,0.05
11269,40,2,4298,0
11269,29,1,410,0.1
11270,10,2,3960,0.1
11271,60,1,1642,0.1
11271,11,2,4549,0.1
11271,8,1,659,0.05
11271,46,2,1604,0.05
11272,51,2,2621,0.15
11272,51,3,2621,0.1
11273,20,2,4963,0
11273,51,2,2621,0
11273,14,3,3770,0.15
11273,35,1,2084,0.05
11274,52,1,2641,0.15
11275,27,1,2377,0.1
11276,35,1,2084,0
11276,57,1,3486,0.05
11277,46,1,1604,0
11277,27,2,2377,0.2
11277,23,1,2084,0
11278,58,1,124,0.2
11278,23,1,2084,0.1
11279,27,1,2377,0
11280,36,1,460,0
11280,60,2,1642,0.05
11280,41,1,4560,0.05
11281,15,1,3944,0.1
11281,21,1,572,0.05
11282,34,1,1026,0
11282,48,1,4805,0.1
11283,21,1,572,0.05
11283,44,3,1674,0.15
11283,55,1,4377,0
11284,55,1,4377,0
11285,19,1,2578,0
11286,57,1,3486,0
11286,10,2,3960,0.05
11287,18,1,4405,0.2
11288,9,1,1527,0
11289,1,1,2760,0.05
11289,17,2,1925,0.2
11290,12,1,2578,0
11290,50,2,4645,0
11290,35,3,2084,0.1
11291,47,1,365,0.15
11291,8,1,659,0.1
11292,8,1,659,0.2
11292,60,1,1642,0
11293,16,1,2872,0.05
11293,9,2,1527,0.15
11294,35,1,2084,0
11295,46,1,1604,0
11295,42,1,641,0
11296,53,3,1408,0.05
11296,41,2,4560,0
11297,47,1,365,0.05
11298,11,1,4549,0
11298,58,1,124,0.15
11299,10,2,3960,0.05
11300,4,2,3867,0
11300,45,2,1847,0.05
11300,34,1,1026,0
11300,33,1,2132,0.2
11301,24,1,2210,0.05
11302,21,1,572,0
11303,35,1,2084,0
11303,32,3,2083,0.15
11303,33,1,2132,0
11304,22,2,131,0
11304,1,3,2760,0.1
11304,16,1,2872,0.1
11305,11,1,4549,0
11305,35,1,2084,0.15
11305,32,1,2083,0.1
11306,30,3,3732,0.1
11306,33,2,2132,0.05
11306,50,1,4645,0
11307,60,1,1642,0
11308,40,1,4298,0.2
11308,41,1,4560,0
11309,55,2,4377,0.1
11310,30,1,3732,0
11310,42,1,641,0.05
11311,39,1,765,0.05
11311,54,1,273,0.05
11311,49,1,2121,0.1
11312,3,1,3882,0.05
11312,44,1,1674,0.1
11312,35,1,2084,0
11313,56,1,2279,0.1
11314,23,1,2084,0
11314,24,1,2210,0.1
11315,39,1,765,0
11316,47,1,365,0
11317,11,2,4549,0.05
11317,30,3,3732,0
11318,55,1,4377,0
11318,52,1,2641,0
11318,38,1,976,0
11318,19,1,2578,0.1
11319,14,1,3770,0.1
11319,45,1,1847,0
11320,59,2,954,0
11320,20,1,4963,0
11321,51,1,2621,0.1
11321,59,1,954,0.2
11322,25,1,938,0
11322,19,1,2578,0.1
11322,25,1,938,0.1
11323,6,1,3871,0.05
11323,22,2,131,0
11324,4,1,3867,0.1
11324,29,2,410,0.05
11324,59,1,954,0.1
11325,57,1,3486,0.05
11326,44,1,1674,0.05
11327,33,1,2132,0.1
11328,27,1,2377,0.15
11328,38,1,976,0.1
11329,48,1,4805,0.05
11330,57,1,3486,0.1
11331,57,1,3486,0
11331,18,1,4405,0.15
11332,16,1,2872,0.2
11332,15,1,3944,0.1
11332,6,1,3871,0
11333,26,1,438,0
11334,37,1,189,0.05
11334,49,2,2121,0.1
11334,9,1,1527,0
11335,32,1,2083,0.1
11335,19,3,2578,0
11336,38,1,976,0.05
11336,8,2,659,0.15
11337,28,1,3031,0.05
11337,12,1,2578,0.1
11338,21,1,572,0
11339,8,1,659,0.05
11340,11,1,4549,0.15
11341,49,3,2121,0.05
11342,48,1,4805,0.1
11343,34,1,1026,0.2
11344,39,1,765,0.05
11345,58,1,124,0.05
11345,21,1,572,0.05
11346,6,1,3871,0
11346,27,1,2377,0
11347,40,1,4298,0.05
11348,46,1,1604,0.15
11348,44,1,1674,0
11349,38,2,976,0.1
11349,35,1,2084,0
11350,42,1,641,0.15
11350,25,1,938,0
11351,9,1,1527,0
11351,12,3,2578,0.1
11352,24,1,2210,0.05
11352,51,1,2621,0.05
11353,16,1,2872,0.05
11353,38,1,976,0.1
11354,55,2,4377,0.1
11354,49,1,2121,0.2
11355,16,1,2872,0
11356,55,1,4377,0.1
11357,36,2,460,0.15
11357,32,1,2083,0.15
11357,37,1,189,0.1
11358,12,1,2578,0.1
11358,22,1,131,0
11359,9,2,1527,0.1
11359,29,1,410,0.05
11360,57,2,3486,0.05
11361,45,2,1847,0.05
11361,55,2,4377,0.1
11361,30,2,3732,0.05
11361,31,1,3571,0
11362,22,1,131,0.1
11362,6,1,3871,0
11362,29,1,410,0.05
11362,40,1,4298,0.15
11363,40,2,4298,0.15
11363,6,2,3871,0
11363,52,1,2641,0.15
11363,20,2,4963,0.05
11364,12,1,2578,0.05
11364,49,2,2121,0
11365,22,1,131,0.05
11366,22,1,131,0.2
11367,55,1,4377,0.05
11367,50,2,4645,0.1
11368,4,1,3867,0
11368,57,1,3486,0.1
11369,7,1,2555,0.15
11370,6,1,3871,0.1
11370,48,1,4805,0.05
11370,43,1,2654,0
11371,48,1,4805,0.05
11371,21,1,572,0
11371,56,3,2279,0
11372,28,1,3031,0.05
11373,32,1,2083,0.1
11373,16,1,2872,0
11373,48,1,4805,0.15
11374,28,1,3031,0.05
11374,41,2,4560,0
11374,12,1,2578,0.05
11375,17,1,1925,0.15
11376,8,1,659,0
11376,41,2,4560,0
11377,17,1,1925,0.15
11378,11,1,4549,0.05
11378,10,1,3960,0
11378,30,1,3732,0.1
11379,36,1,460,0.1
11379,19,2,2578,0.05
11380,37,1,189,0.1
11381,24,1,2210,0.15
11382,52,1,2641,0
11382,25,1,938,0.15
11383,41,2,4560,0
11383,33,1,2132,0
11383,7,1,2555,0.05
11383,56,1,2279,0.1
11384,47,1,365,0
11385,45,1,1847,0
11385,40,1,4298,0.1
11385,14,1,3770,0
11386,31,1,3571,0.05
11387,53,1,1408,0
11387,18,1,4405,0
11388,6,1,3871,0.1
11388,35,1,2084,0.05
11389,27,1,2377,0
11390,21,2,572,0.1
11390,8,2,659,0.2
11391,54,1,273,0
11391,13,1,283,0
11392,19,1,2578,0.15
11392,54,1,273,0.2
11393,28,3,3031,0.1
11393,4,1,3867,0.1
11393,18,3,4405,0.05
11394,7,1,2555,0
11394,4,1,3867,0
11395,34,1,1026,0
11395,57,1,3486,0
11396,40,1,4298,0
11397,2,2,1368,0.05
11398,10,2,3960,0.15
11398,18,1,4405,0
11399,3,1,3882,0.05
11399,13,1,283,0.15
11400,29,1,410,0.2
11400,26,1,438,0.15
11401,59,1,954,0.05
11402,45,1,1847,0.2
11402,12,1,2578,0.1
11402,41,1,4560,0.15
11402,1,1,2760,0.1
11403,22,1,131,0.15
11404,49,1,2121,0.05
11404,26,1,438,0.1
11404,10,1,3960,0.1
11405,10,3,3960,0.15
11406,50,2,4645,0.05
11406,19,1,2578,0
11406,15,2,3944,0
11406,23,2,2084,0.05
11407,53,2,1408,0
11408,12,1,2578,0.1
11409,1,2,2760,0.1
11409,20,1,4963,0.15
11409,18,1,4405,0.15
11410,38,2,976,0.05
11410,46,1,1604,0
11410,31,2,3571,0.15
11410,25,1,938,0.05
11411,10,1,3960,0.1
11412,9,1,1527,0
11413,57,1,3486,0
11414,39,2,765,0.15
11414,39,2,765,0.05
11414,10,1,3960,0.05
11414,48,1,4805,0
11415,2,2,1368,0.1
11415,53,1,1408,0
11415,22,2,131,0
11416,21,2,572,0.1
11417,7,2,2555,0
11418,46,1,1604,0.1
11418,14,1,3770,0
11419,50,2,4645,0
11419,32,2,2083,0.1
11419,17,1,1925,0
11420,59,2,954,0.15
11420,1,1,2760,0
11420,20,1,4963,0.2
11421,10,1,3960,0.1
11422,57,1,3486,0.15
11422,14,3,3770,0.05
11422,53,2,1408,0.1
11422,45,1,1847,0
11423,52,1,2641,0
11423,13,1,283,0.05
11424,43,1,2654,0.05
11424,48,1,4805,0.2
11425,25,1,938,0
11426,10,1,3960,0.15
11426,47,1,365,0
11427,18,1,4405,0.1
11428,60,1,1642,0.1
11429,25,1,938,0.05
11430,48,2,4805,0
11431,55,1,4377,0.05
11431,40,3,4298,0.1
11431,50,1,4645,0.05
11432,60,1,1642,0.1
11432,24,1,2210,0.15
11432,10,1,3960,0.1
11433,40,1,4298,0.1
11434,59,1,954,0.15
11434,12,3,2578,0.1
11434,30,1,3732,0.05
11435,26,1,438,0
11436,26,1,438,0
11437,12,1,2578,0.1
11438,21,1,572,0
11439,27,1,2377,0.1
11439,36,1,460,0.05
11440,59,1,954,0.05
11441,3,1,3882,0
11442,40,1,4298,0.05
11442,55,1,4377,0.1
11442,53,1,1408,0.1
11442,6,2,3871,0.15
11443,4,2,3867,0
11443,6,1,3871,0.15
11443,3,1,3882,0
11444,36,1,460,0
11445,56,1,2279,0.15
11446,54,2,273,0
11446,44,1,1674,0.1
11446,48,1,4805,0
11447,44,1,1674,0.15
11448,58,2,124,0
11449,12,1,2578,0.05
11449,11,1,4549,0.2
11450,52,1,2641,0
11451,46,1,1604,0.05
11452,27,2,2377,0.15
11452,11,1,4549,0
11453,11,1,4549,0.05
11453,44,1,1674,0
11454,45,1,1847,0.05
11455,5,1,207,0.05
11455,32,1,2083,0
11456,8,2,659,0.1
11457,27,2,2377,0.05
11457,50,3,4645,0.05
11458,39,1,765,0.05
11459,24,1,2210,0.05
11459,43,1,2654,0.2
11460,39,1,765,0.05
11461,51,1,2621,0.1
11462,27,1,2377,0.1
11463,18,1,4405,0.1
11463,37,1,189,0
11463,49,1,2121,0.15
11464,5,1,207,0.1
11464,12,2,2578,0
11465,28,1,3031,0.1
11466,32,1,2083,0.1
11466,5,1,207,0.1
11466,23,1,2084,0
11467,32,1,2083,0.05
11467,10,1,3960,0
11468,28,1,3031,0.05
11469,6,1,3871,0.15
11469,16,2,2872,0.05
11470,12,1,2578,0.05
11470,25,1,938,0.2
11470,10,1,3960,0
11471,44,1,1674,0
11472,23,1,2084,0.2
11473,57,1,3486,0.05
11473,1,3,2760,0.05
11474,58,1,124,0.1
11475,60,1,1642,0.1
11475,42,1,641,0
11476,16,1,2872,0.05
11477,54,3,273,0
11478,38,1,976,0
11478,12,1,2578,0.05
11478,15,1,3944,0.05
11478,42,1,641,0.15
11479,7,2,2555,0
11480,46,1,1604,0.1
11481,29,3,410,0
11482,22,1,131,0.15
11483,9,1,1527,0
11483,54,1,273,0.05
11484,12,1,2578,0
11484,33,1,2132,0.1
11485,49,1,2121,0.15
11485,14,1,3770,0.05
11486,34,1,1026,0
11487,59,1,954,0
11487,5,1,207,0.05
11488,53,1,1408,0
11489,37,1,189,0
11489,48,1,4805,0.2
11490,38,1,976,0.1
11491,23,1,2084,0.15
11491,57,1,3486,0.15
11492,60,1,1642,0
11493,18,1,4405,0.15
11493,12,1,2578,0
11494,24,1,2210,0.15
11494,8,1,659,0.05
11494,17,3,1925,0
11495,40,1,4298,0
11495,59,1,954,0.1
11496,50,1,4645,0.1
11496,6,2,3871,0
11497,2,1,1368,0.05
11498,18,2,4405,0.05
11498,1,1,2760,0.05
11498,14,2,3770,0.1
11499,1,1,2760,0
11499,37,2,189,0
11500,14,1,3770,0.05
11501,53,1,1408,0
11502,32,1,2083,0
11502,28,2,3031,0.1
11503,56,1,2279,0
11503,6,1,3871,0.1
11504,35,1,2084,0.15
11504,53,3,1408,0.2
11505,4,1,3867,0.05
11505,10,1,3960,0
11506,33,1,2132,0.05
11507,19,1,2578,0.05
11507,41,1,4560,0.1
11507,40,1,4298,0.05
11507,52,1,2641,0.15
11508,40,1,4298,0.05
11508,6,1,3871,0
11508,57,1,3486,0
11508,4,2,3867,0
11509,21,1,572,0.1
11510,15,1,3944,0.2
11511,33,1,2132,0.15
11511,28,2,3031,0
11512,34,1,1026,0
11512,59,1,954,0.1
11512,19,1,2578,0
11513,12,1,2578,0
11513,56,1,2279,0
11513,28,1,3031,0.1
11513,10,3,3960,0
11514,12,2,2578,0
11514,12,2,2578,0
11515,59,1,954,0.1
11515,32,1,2083,0
11515,53,1,1408,0.1
11515,59,2,954,0.05
11516,33,1,2132,0.05
11516,38,1,976,0.05
11516,40,2,4298,0.05
11517,33,2,2132,0
11518,24,1,2210,0.1
11518,31,1,3571,0.15
11518,55,2,4377,0
11519,44,1,1674,0.05
11519,42,1,641,0.1
11520,40,1,4298,0
11521,49,2,2121,0.1
11521,38,1,976,0
11522,6,2,3871,0
11522,52,2,2641,0.05
11523,47,1,365,0
11523,26,1,438,0.1
11524,23,1,2084,0.15
11524,24,1,2210,0
11524,10,1,3960,0.1
11524,31,2,3571,0.1
11525,40,2,4298,0
11526,53,1,1408,0
11526,11,1,4549,0.05
11527,14,1,3770,0
11528,54,1,273,0.1
11528,24,2,2210,0
11528,53,1,1408,0.05
11529,15,1,3944,0
11529,14,1,3770,0
11530,7,2,2555,0.05
11531,43,2,2654,0.1
11531,43,3,2654,0.05
11531,11,2,4549,0
11532,41,1,4560,0.15
11532,26,1,438,0.1
11532,12,2,2578,0.1
11532,15,1,3944,0.1
11533,11,1,4549,0
11533,23,1,2084,0.05
11533,34,2,1026,0.1
11534,60,3,1642,0.2
11534,6,2,3871,0
11534,3,1,3882,0
11535,22,1,131,0
11536,36,1,460,0
11537,52,1,2641,0.05
11538,58,1,124,0
11539,39,1,765,0.05
11540,54,2,273,0.05
11540,17,2,1925,0.1
11541,43,1,2654,0.05
11542,12,2,2578,0.1
11542,51,1,2621,0.2
11543,55,1,4377,0.05
11543,3,1,3882,0.2
11544,50,1,4645,0.05
11544,16,3,2872,0.05
11545,47,1,365,0.05
11545,55,1,4377,0
11545,51,2,2621,0.05
11545,18,1,4405,0.15
11546,3,3,3882,0.05
11546,47,1,365,0.05
11547,4,2,3867,0.1
11547,40,1,4298,0
11548,27,3,2377,0.05
11549,20,1,4963,0
11550,50,1,4645,0.1
11551,13,1,283,0.1
11551,15,1,3944,0.05
11552,6,1,3871,0.1
11553,15,1,3944,0
11554,59,1,954,0.15
11554,18,1,4405,0.1
11554,14,1,3770,0
11555,41,2,4560,0.1
11555,51,1,2621,0.05
11555,1,2,2760,0.05
11556,16,1,2872,0
11556,6,1,3871,0.1
11556,31,2,3571,0
11556,30,3,3732,0.05
11557,13,1,283,0.2
11557,37,1,189,0
11558,22,1,131,0.15
11558,24,1,2210,0.05
11559,26,1,438,0
11559,60,1,1642,0.05
11559,38,1,976,0.05
11560,6,1,3871,0.05
11561,9,1,1527,0.15
11562,26,1,438,0.05
11562,13,1,283,0.1
11562,25,1,938,0
11562,27,1,2377,0
11563,7,2,2555,0
11563,44,1,1674,0.05
11564,57,1,3486,0
11564,30,1,3732,0.1
11565,1,1,2760,0
11566,8,2,659,0.15
11566,59,1,954,0.1
11567,42,1,641,0.05
11567,51,2,2621,0.1
11568,3,1,3882,0.15
11568,11,1,4549,0.05
11568,15,2,3944,0
11568,21,2,572,0.05
11569,32,2,2083,0.15
11570,39,1,765,0.05
11571,53,1,1408,0
11571,19,1,2578,0.05
11571,34,1,1026,0
11571,12,3,2578,0
11572,43,1,2654,0.05
11572,2,1,1368,0.05
11573,37,2,189,0.2
11574,3,1,3882,0
11575,31,1,3571,0
11575,12,1,2578,0.1
11575,19,1,2578,0.05
11576,13,1,283,0
11576,44,2,1674,0
11577,33,3,2132,0.1
11577,4,1,3867,0.1
11577,56,1,2279,0
11578,29,1,410,0.05
11579,45,1,1847,0.1
11580,7,2,2555,0.05
11581,20,1,4963,0
11582,58,3,124,0.05
11582,51,1,2621,0
11583,34,1,1026,0.05
11584,47,1,365,0.1
11585,22,2,131,0.05
11585,14,1,3770,0.1
11586,36,1,460,0.2
11586,10,1,3960,0
11586,48,3,4805,0
11586,15,1,3944,0.1
11587,8,1,659,0
11587,1,1,2760,0.1
11588,31,1,3571,0.1
11588,50,1,4645,0.1
11589,57,1,3486,0.15
11589,47,1,365,0.15
11590,15,2,3944,0.1
11590,32,1,2083,0.1
11591,18,1,4405,0.05
11592,4,1,3867,0.05
11592,32,1,2083,0.2
11592,14,2,3770,0.1
11592,48,2,4805,0
11593,16,1,2872,0.05
11594,16,1,2872,0.05
11595,59,1,954,0
11596,31,2,3571,0.05
11596,5,1,207,0
11596,42,1,641,0
11597,42,2,641,0
11597,39,1,765,0.05
11598,29,1,410,0.2
11599,26,1,438,0
11600,41,1,4560,0
11600,40,1,4298,0
11601,33,3,2132,0
11601,29,1,410,0.1
11602,47,1,365,0.05
11603,15,1,3944,0
11603,26,1,438,0.1
11603,22,1,131,0.05
11604,52,1,2641,0
11604,45,2,1847,0.15
11604,13,1,283,0.05
11605,41,1,4560,0
11605,15,1,3944,0
11606,12,1,2578,0
11607,4,1,3867,0.15
11608,20,1,4963,0
11609,60,1,1642,0
11609,4,1,3867,0.05
11609,40,3,4298,0
11609,30,1,3732,0.1
11610,5,2,207,0.05
11611,5,2,207,0.05
11611,6,1,3871,0
11612,57,2,3486,0
11612,49,1,2121,0
11613,40,1,4298,0.2
11614,56,1,2279,0.05
11615,35,1,2084,0.05
11615,5,2,207,0.05
11615,43,1,2654,0
11615,48,3,4805,0
11616,26,1,438,0.05
11616,39,1,765,0.1
11617,47,1,365,0.1
11617,60,1,1642,0.05
11617,14,1,3770,0.05
11618,3,3,3882,0
11619,56,2,2279,0.15
11620,12,2,2578,0
11620,39,2,765,0.2
11621,6,1,3871,0.15
11621,43,1,2654,0.15
11622,40,1,4298,0
11622,48,1,4805,0
11623,13,1,283,0.05
11624,21,1,572,0
11625,22,1,131,0.05
11626,15,1,3944,0.1
11627,13,1,283,0
11628,55,1,4377,0
11629,39,1,765,0
11630,35,1,2084,0
11630,5,1,207,0
11630,27,1,2377,0.15
11631,16,1,2872,0.15
11631,55,1,4377,0.05
11631,56,1,2279,0.05
11632,19,1,2578,0
11633,37,1,189,0
11633,53,1,1408,0.05
11633,5,2,207,0.05
11634,60,1,1642,0.05
11635,39,1,765,0
11636,9,2,1527,0
11637,6,1,3871,0.05
11637,11,2,4549,0.1
11638,37,1,189,0.1
11638,19,1,2578,0.05
11638,50,3,4645,0.1
11639,9,1,1527,0.1
11639,20,1,4963,0.2
11640,13,1,283,0.05
11641,14,1,3770,0
11641,28,1,3031,0
11641,55,1,4377,0.15
11641,54,1,273,0.1
11642,41,1,4560,0.05
11643,48,1,4805,0
11643,57,1,3486,0.1
11644,19,1,2578,0
11645,60,1,1642,0
11645,38,1,976,0
11646,33,2,2132,0.1
11646,42,1,641,0.1
11646,1,1,2760,0.05
11647,58,1,124,0.15
11647,4,1,3867,0
11648,21,1,572,0.1
11648,15,1,3944,0.1
11648,33,1,2132,0.05
11649,7,1,2555,0
11650,52,1,2641,0
11651,29,1,410,0
11651,53,2,1408,0.05
11652,18,1,4405,0.05
11652,33,2,2132,0
11652,41,1,4560,0.05
11653,29,1,410,0
11653,28,1,3031,0
11654,39,1,765,0.15
11654,42,1,641,0.1
11654,14,1,3770,0
11655,15,1,3944,0
11655,28,1,3031,0
11656,30,1,3732,0.05
11657,37,2,189,0.1
11657,28,2,3031,0
11658,34,1,1026,0.15
11659,27,1,2377,0.1
11659,24,1,2210,0.15
11660,55,1,4377,0.05
11661,44,1,1674,0.15
11661,44,2,1674,0.1
11661,7,1,2555,0.05
11662,52,1,2641,0
11662,10,1,3960,0.15
11662,42,1,641,0
11663,10,2,3960,0.15
11663,16,2,2872,0.15
11663,57,1,3486,0
11664,59,1,954,0.05
11664,22,2,131,0.15
11665,50,1,4645,0
11665,19,1,2578,0.15
11665,46,1,1604,0
11665,41,1,4560,0.1
11666,3,1,3882,0.1
11667,29,1,410,0.1
11667,42,2,641,0.05
11667,41,1,4560,0.1
11667,42,1,641,0.05
11668,24,2,2210,0.05
11668,49,2,2121,0
11668,11,1,4549,0.2
11668,3,1,3882,0.05
11669,58,2,124,0.05
11669,1,1,2760,0
11669,11,1,4549,0
11670,24,1,2210,0.1
11670,56,1,2279,0.15
11670,18,2,4405,0.05
11670,27,1,2377,0
11671,57,1,3486,0.05
11671,60,1,1642,0.1
11671,7,2,2555,0.15
11672,16,1,2872,0.05
11672,23,1,2084,0.15
11673,43,1,2654,0
11673,48,1,4805,0.05
11673,52,1,2641,0
11673,15,1,3944,0
11674,37,2,189,0
11674,28,2,3031,0
11675,20,1,4963,0
11676,28,1,3031,0
11676,41,1,4560,0
11677,24,1,2210,0.05
11678,30,2,3732,0.05
11679,14,1,3770,0.15
11680,34,1,1026,0
11680,30,2,3732,0.1
11680,23,1,2084,0.05
11681,35,1,2084,0.05
11681,40,1,4298,0.1
11681,15,1,3944,0
11682,7,2,2555,0
11683,38,1,976,0.05
11683,13,1,283,0.15
11683,58,1,124,0.05
11683,33,1,2132,0.05
11684,8,1,659,0.1
11685,17,1,1925,0.15
11686,14,2,3770,0.05
11686,7,1,2555,0.1
11686,51,1,2621,0.1
11687,21,1,572,0.15
11688,21,1,572,0.05
11689,34,1,1026,0
11689,31,1,3571,0.15
11690,28,1,3031,0
11691,56,1,2279,0
11691,40,3,4298,0.15
11691,1,3,2760,0.15
11692,34,2,1026,0.1
11692,24,1,2210,0.15
11692,35,1,2084,0
11693,51,2,2621,0.05
11694,27,1,2377,0
11694,42,1,641,0.05
11694,57,1,3486,0
11695,44,1,1674,0
11696,51,1,2621,0.2
11696,30,2,3732,0.05
11696,20,1,4963,0.1
11696,26,2,438,0.15
11697,26,1,438,0
11698,22,3,131,0.05
11699,9,1,1527,0
11699,58,2,124,0.05
11700,9,1,1527,0
11701,49,1,2121,0.1
11701,45,1,1847,0
11701,58,1,124,0.1
11702,57,1,3486,0
11702,34,1,1026,0.1
11702,31,1,3571,0
11703,3,1,3882,0
11704,7,2,2555,0
11705,4,1,3867,0.1
11705,17,1,1925,0.1
11706,8,1,659,0.2
11707,35,1,2084,0.05
11707,18,3,4405,0.1
11708,28,2,3031,0
11708,35,2,2084,0
11708,11,1,4549,0.15
11709,37,1,189,0
11710,4,1,3867,0.05
11710,24,1,2210,0
11711,56,2,2279,0.1
11711,11,1,4549,0
11712,56,1,2279,0
11712,27,2,2377,0.05
11712,50,1,4645,0
11713,13,1,283,0.05
11714,17,1,1925,0
11714,17,1,1925,0.2
11714,47,1,365,0.1
11715,36,2,460,0.15
11716,21,1,572,0.05
11717,28,1,3031,0.15
11718,4,1,3867,0.1
11719,3,1,3882,0.05
11720,24,1,2210,0
11720,5,1,207,0
11721,41,1,4560,0
11722,11,1,4549,0.05
11722,52,2,2641,0.05
11722,36,1,460,0.05
11723,47,2,365,0.1
11724,13,1,283,0.1
11724,30,2,3732,0
11724,48,1,4805,0.1
11724,28,1,3031,0.1
11725,4,1,3867,0
11726,57,1,3486,0.05
11727,41,1,4560,0.2
11727,7,2,2555,0
11728,36,1,460,0.05
11728,48,1,4805,0.1
11729,7,1,2555,0
11729,23,2,2084,0
11730,54,1,273,0.05
11731,26,1,438,0
11732,14,1,3770,0
11732,60,1,1642,0.05
11732,34,1,1026,0.1
11732,4,1,3867,0
11733,3,3,3882,0.1
11734,48,1,4805,0.1
11734,1,2,2760,0.05
11734,15,1,3944,0
11735,11,1,4549,0
11736,21,1,572,0.2
11736,30,1,3732,0.2
11737,45,1,1847,0.05
11737,4,2,3867,0
11738,24,1,2210,0
11739,3,1,3882,0.15
11739,5,1,207,0.05
11740,34,2,1026,0.1
11740,26,1,438,0.05
11741,9,1,1527,0
11742,18,1,4405,0
11742,40,2,4298,0
11743,40,1,4298,0
11743,19,2,2578,0
11744,40,1,4298,0.05
11744,48,1,4805,0.05
11745,45,2,1847,0
11745,52,2,2641,0.05
11745,50,1,4645,0
11745,43,1,2654,0
11746,11,1,4549,0.1
11746,2,3,1368,0.15
11746,14,2,3770,0
11747,24,2,2210,0.1
11747,42,2,641,0.05
11747,4,1,3867,0.15
11748,3,1,3882,0
11748,38,1,976,0.2
11749,7,2,2555,0
11749,32,2,2083,0
11750,39,1,765,0
11750,7,2,2555,0.05
11751,22,1,131,0
11752,35,1,2084,0
11753,19,1,2578,0
11753,35,1,2084,0.05
11754,4,1,3867,0.2
11754,4,1,3867,0
11754,20,1,4963,0.15
11755,33,3,2132,0
11756,16,1,2872,0.1
11757,47,2,365,0.05
11757,22,1,131,0.1
11758,42,1,641,0.1
11758,25,1,938,0.1
11758,27,1,2377,0
11759,8,1,659,0.1
11760,46,1,1604,0
11761,6,1,3871,0.1
11761,30,2,3732,0.1
11761,20,1,4963,0
11762,58,1,124,0.1
11763,8,2,659,0
11763,8,1,659,0
11763,18,1,4405,0.05
11764,52,1,2641,0.1
11765,15,1,3944,0.05
11765,48,2,4805,0.15
11765,56,1,2279,0
11766,44,1,1674,0.1
11767,40,1,4298,0
11768,14,1,3770,0
11769,29,2,410,0.1
11770,49,1,2121,0.15
11770,23,1,2084,0
11770,25,1,938,0.05
11770,14,1,3770,0
11771,58,1,124,0.1
11771,54,1,273,0.05
11771,29,1,410,0.05
11772,42,1,641,0.2
11773,15,1,3944,0.1
11774,20,1,4963,0
11775,39,1,765,0.05
11775,15,1,3944,0
11776,1,1,2760,0.15
11776,56,1,2279,0.05
11777,7,1,2555,0.05
11778,28,1,3031,0.05
11778,50,1,4645,0.15
11778,30,1,3732,0
11778,9,1,1527,0.1
11779,37,1,189,0
11779,22,1,131,0.05
11780,51,1,2621,0
11780,19,1,2578,0.1
11780,49,1,2121,0.05
11781,50,2,4645,0
11781,30,1,3732,0.1
11781,14,1,3770,0
11781,16,2,2872,0.05
11782,28,1,3031,0.2
11782,17,2,1925,0
11782,41,1,4560,0
11783,15,1,3944,0.05
11784,33,1,2132,0.05
11784,42,2,641,0.15
11784,7,1,2555,0.05
11785,16,1,2872,0
11786,40,1,4298,0.05
11786,3,2,3882,0
11786,14,1,3770,0.1
11786,45,1,1847,0.15
11787,26,1,438,0.05
11787,12,1,2578,0.15
11787,45,1,1847,0
11788,12,1,2578,0
11788,44,1,1674,0.1
11789,38,3,976,0.05
11789,35,2,2084,0.1
11790,18,1,4405,0.05
11790,16,2,2872,0.05
11791,14,1,3770,0
11791,20,2,4963,0
11791,57,1,3486,0
11792,57,1,3486,0
11792,41,1,4560,0
11792,58,1,124,0.05
11793,15,1,3944,0.2
11793,37,1,189,0.15
11794,39,1,765,0.15
11795,17,2,1925,0
11795,7,1,2555,0.05
11796,6,1,3871,0.1
11796,1,3,2760,0
11797,37,3,189,0.05
11797,43,1,2654,0
11798,25,1,938,0.1
11799,53,2,1408,0
11800,8,2,659,0
11800,44,2,1674,0
11801,44,1,1674,0.1
11801,58,1,124,0.2
11802,6,2,3871,0.2
11802,44,1,1674,0.15
11803,22,1,131,0.2
11803,40,1,4298,0
11804,55,2,4377,0.05
11804,39,1,765,0.15
11805,20,3,4963,0.05
11805,48,1,4805,0
11805,2,1,1368,0.1
11805,20,2,4963,0
11806,26,1,438,0.05
11807,17,1,1925,0.15
11807,42,1,641,0.1
11808,35,1,2084,0.1
11809,60,1,1642,0
11810,57,1,3486,0
11810,34,3,1026,0
11810,25,1,938,0.05
11811,17,1,1925,0
11811,28,1,3031,0
11812,4,1,3867,0.1
11813,18,1,4405,0
11813,34,1,1026,0
11814,1,1,2760,0
11815,24,3,2210,0.15
11816,54,1,273,0
11816,21,1,572,0
11817,21,1,572,0
11818,20,1,4963,0
11818,26,1,438,0.1
11819,53,1,1408,0.1
11820,3,1,3882,0
11820,44,1,1674,0.1
11820,2,2,1368,0.2
11820,13,2,283,0.05
11821,4,1,3867,0.15
11822,25,1,938,0.1
11823,55,2,4377,0.05
11823,19,2,2578,0.1
11823,56,2,2279,0.2
11823,52,2,2641,0.05
11824,19,1,2578,0
11824,19,1,2578,0.2
11824,16,1,2872,0
11824,30,1,3732,0.1
11825,53,1,1408,0.05
11826,54,1,273,0.05
11827,40,2,4298,0
11828,48,1,4805,0.1
11828,46,2,1604,0.05
11829,60,1,1642,0
11829,53,1,1408,0.1
11830,11,1,4549,0
11831,33,1,2132,0.1
11831,12,1,2578,0.05
11832,7,1,2555,0.1
11832,41,1,4560,0.2
11833,19,1,2578,0.05
11833,30,2,3732,0.05
11834,28,1,3031,0.2
11834,4,1,3867,0
11834,59,1,954,0.05
11835,15,2,3944,0
11835,48,3,4805,0.1
11836,56,1,2279,0.15
11836,4,1,3867,0
11836,1,2,2760,0.05
11837,30,1,3732,0
11838,34,1,1026,0.1
11839,25,2,938,0
11839,3,1,3882,0.05
11840,42,1,641,0.15
11840,23,1,2084,0
11841,43,1,2654,0
11841,45,1,1847,0.05
11842,13,3,283,0.05
11842,11,2,4549,0
11842,14,1,3770,0.1
11842,31,1,3571,0.15
11843,30,1,3732,0
11843,41,1,4560,0
11843,29,1,410,0.1
11844,49,2,2121,0
11844,17,1,1925,0.15
11845,41,3,4560,0
11845,16,3,2872,0.05
11845,20,1,4963,0.05
11845,10,2,3960,0.05
11846,9,1,1527,0.05
11847,37,2,189,0.05
11847,47,1,365,0.15
11848,34,2,1026,0.05
11848,33,1,2132,0.15
11848,44,1,1674,0.1
11849,30,1,3732,0.15
11849,17,1,1925,0
11850,36,1,460,0.1
11851,5,1,207,0.05
11852,18,2,4405,0
11853,22,1,131,0
11854,38,1,976,0
11855,8,1,659,0
11855,38,3,976,0.1
11855,51,1,2621,0
11856,51,2,2621,0
11856,30,1,3732,0.1
11857,21,1,572,0
11858,46,1,1604,0
11859,17,1,1925,0.05
11859,11,1,4549,0.1
11860,2,3,1368,0.2
11860,7,1,2555,0.1
11860,4,1,3867,0.15
11860,19,1,2578,0.05
11861,45,1,1847,0.1
11861,50,1,4645,0.15
11862,33,1,2132,0
11862,56,2,2279,0.1
11863,39,2,765,0
11863,12,3,2578,0.1
11863,10,2,3960,0.05
11864,31,1,3571,0.05
11865,18,1,4405,0
11866,29,2,410,0
11867,4,2,3867,0.05
11867,26,1,438,0.05
11868,18,2,4405,0.05
11868,30,2,3732,0
11868,4,1,3867,0
11869,6,1,3871,0.15
11870,19,2,2578,0
11870,16,3,2872,0.1
11870,57,1,3486,0.1
11870,27,2,2377,0.1
11871,54,1,273,0
11872,58,1,124,0
11873,54,1,273,0.05
11873,25,1,938,0.2
11873,51,1,2621,0
11873,22,2,131,0.05
11874,3,1,3882,0.05
11875,5,3,207,0
11875,11,1,4549,0
11876,27,1,2377,0.05
11877,46,3,1604,0
11877,9,2,1527,0
11877,31,1,3571,0
11877,7,1,2555,0.2
11878,10,1,3960,0
11879,22,1,131,0.15
11879,13,1,283,0.05
11879,47,1,365,0.15
11880,51,1,2621,0.2
11881,46,1,1604,0.15
11881,15,1,3944,0.1
11881,11,1,4549,0.1
11882,27,1,2377,0.1
11882,3,2,3882,0.05
11882,40,1,4298,0.2
11883,33,2,2132,0.05
11884,25,2,938,0.05
11885,51,1,2621,0.05
11885,30,1,3732,0
11886,53,2,1408,0
11886,48,1,4805,0.15
11887,23,1,2084,0.15
11887,51,1,2621,0
11888,56,1,2279,0.2
11889,58,1,124,0.05
11890,51,1,2621,0
11890,33,1,2132,0
11891,9,1,1527,0
11892,25,1,938,0
11893,46,1,1604,0.1
11893,19,1,2578,0.15
11893,15,1,3944,0.2
11894,11,3,4549,0.1
11894,5,1,207,0.1
11894,5,1,207,0.1
11895,18,1,4405,0
11896,42,1,641,0.05
11896,2,1,1368,0.1
11897,16,1,2872,0.2
11897,6,2,3871,0.05
11897,10,1,3960,0.05
11898,26,2,438,0.05
11899,8,1,659,0.1
11900,47,1,365,0.15
11900,12,1,2578,0.05
11901,3,1,3882,0
11901,13,1,283,0.1
11902,16,1,2872,0
11903,23,1,2084,0.05
11903,57,1,3486,0
11904,57,2,3486,0.1
11904,7,2,2555,0.1
11905,34,1,1026,0.1
11905,10,1,3960,0.05
11905,48,1,4805,0
11906,24,1,2210,0
11907,29,1,410,0
11907,47,1,365,0
11907,17,1,1925,0
11908,20,1,4963,0
11909,24,2,2210,0
11910,55,2,4377,0
11911,52,1,2641,0.1
11911,5,1,207,0.1
11912,54,2,273,0
11913,54,1,273,0
11914,24,1,2210,0.1
11914,41,1,4560,0
11914,44,1,1674,0.1
11915,60,1,1642,0
11916,7,3,2555,0
11917,37,1,189,0
11917,8,1,659,0
11918,28,1,3031,0.2
11918,13,2,283,0
11919,26,1,438,0
11919,53,1,1408,0.1
11919,27,2,2377,0
11920,23,2,2084,0.1
11921,55,1,4377,0.1
11921,30,1,3732,0
11921,39,1,765,0.15
11922,10,1,3960,0.1
11922,27,1,2377,0.1
11922,33,1,2132,0.15
11923,56,1,2279,0.2
11924,5,1,207,0
11925,46,1,1604,0.1
11925,43,1,2654,0
11925,52,1,2641,0
11926,14,2,3770,0.15
11927,51,1,2621,0
11927,31,2,3571,0.1
11928,51,2,2621,0.05
11928,20,1,4963,0.1
11929,34,1,1026,0.1
11930,2,2,1368,0.05
11930,39,2,765,0
11931,6,1,3871,0
11931,14,1,3770,0.05
11932,59,1,954,0.15
11932,57,1,3486,0
11932,47,1,365,0.05
11933,35,1,2084,0
11934,44,2,1674,0
11935,22,1,131,0
11936,53,1,1408,0
11936,3,1,3882,0
11937,16,2,2872,0.1
11937,28,1,3031,0
11937,19,1,2578,0.15
11938,10,1,3960,0.05
11939,26,2,438,0.05
11940,1,1,2760,0.1
11941,22,1,131,0.05
11942,56,1,2279,0
11942,12,3,2578,0.1
11942,15,1,3944,0.05
11942,33,1,2132,0
11943,44,1,1674,0
11944,19,1,2578,0.1
11944,43,1,2654,0.1
11945,3,1,3882,0
11946,47,1,365,0.1
11947,29,1,410,0
11947,15,1,3944,0.05
11948,56,1,2279,0.1
11949,11,2,4549,0
11949,14,1,3770,0.05
11949,6,1,3871,0.05
11950,55,1,4377,0.05
11950,35,1,2084,0.05
11951,22,1,131,0.05
11952,27,1,2377,0.1
11953,49,1,2121,0.05
11954,35,1,2084,0.15
11954,34,1,1026,0
11955,52,2,2641,0
11955,1,2,2760,0
11955,7,1,2555,0.05
11955,3,1,3882,0
11956,47,2,365,0.05
11956,2,1,1368,0
11956,55,1,4377,0
11957,37,1,189,0.15
11957,15,2,3944,0.15
11957,53,1,1408,0
11958,56,1,2279,0.1
11958,33,2,2132,0.1
11959,40,2,4298,0.05
11960,21,2,572,0.1
11961,29,1,410,0.05
11962,60,1,1642,0.2
11962,29,1,410,0.05
11963,26,1,438,0
11963,38,1,976,0.1
11964,47,2,365,0.05
11965,10,1,3960,0
11966,22,1,131,0.05
11966,41,3,4560,0.1
11966,17,1,1925,0.05
11967,13,3,283,0
11967,54,2,273,0
11968,33,1,2132,0
11969,60,1,1642,0.05
11970,47,2,365,0.1
11970,10,1,3960,0.15
11971,1,1,2760,0.05
11971,30,1,3732,0.05
11972,4,1,3867,0.05
11972,18,1,4405,0.1
11973,55,1,4377,0.2
11974,38,1,976,0
11974,41,1,4560,0
11975,60,1,1642,0
11975,24,1,2210,0.1
11976,24,1,2210,0.15
11977,57,1,3486,0
11978,58,1,124,0
11978,53,1,1408,0
11979,36,2,460,0.2
11980,48,1,4805,0.15
11981,14,1,3770,0
11981,22,1,131,0
11982,11,1,4549,0.1
11982,22,2,131,0.1
11983,3,1,3882,0
11983,59,1,954,0
11984,48,2,4805,0
11984,43,1,2654,0.15
11985,52,2,2641,0.05
11985,15,1,3944,0
11985,56,1,2279,0
11985,18,1,4405,0
11986,10,1,3960,0.1
11987,1,1,2760,0.05
11987,10,1,3960,0.2
11987,48,1,4805,0
11988,54,1,273,0.05
11988,27,1,2377,0
11989,52,1,2641,0.05
11989,1,1,2760,0
11990,43,1,2654,0
11990,38,1,976,0.1
11990,43,1,2654,0
11991,43,1,2654,0
11991,14,1,3770,0.05
11992,31,1,3571,0.1
11992,38,1,976,0.1
11992,26,1,438,0.1
11993,41,1,4560,0.1
11993,17,1,1925,0
11994,24,1,2210,0.1
11995,41,1,4560,0.05
11995,12,3,2578,0.15
11996,25,1,938,0
11997,30,2,3732,0
11997,51,3,2621,0.05
11997,48,1,4805,0
11998,14,3,3770,0.1
11998,55,2,4377,0.1
11998,58,2,124,0.05
11999,26,1,438,0
12000,15,1,3944,0.05
12001,52,3,2641,0.05
12001,7,2,2555,0.05
12001,40,1,4298,0
12001,10,2,3960,0.15
12002,49,1,2121,0
12002,24,1,2210,0
12002,60,1,1642,0
12002,18,2,4405,0.15
12003,51,1,2621,0.15
12004,36,1,460,0.05
12004,8,2,659,0.05
12004,42,1,641,0.15
12004,59,1,954,0
12005,6,1,3871,0
12006,21,1,572,0
12007,33,2,2132,0.1
12008,19,1,2578,0.05
12009,54,1,273,0
12009,55,1,4377,0.15
12009,47,1,365,0
12010,15,1,3944,0
12010,52,1,2641,0
12010,55,1,4377,0.05
12011,22,1,131,0.15
12011,33,1,2132,0.1
12012,5,1,207,0.05
12013,18,1,4405,0
12013,58,1,124,0.05
12014,25,1,938,0.15
12015,6,1,3871,0
12015,24,2,2210,0.05
12015,51,1,2621,0.05
12016,17,2,1925,0.05
12016,58,1,124,0.05
12016,30,1,3732,0.05
12016,60,2,1642,0
12017,39,1,765,0.05
12018,19,1,2578,0.15
12019,25,1,938,0.15
12019,60,1,1642,0
12020,20,3,4963,0.2
12020,19,1,2578,0
12021,54,2,273,0.15
12021,60,1,1642,0
12022,15,3,3944,0
12022,6,1,3871,0.05
12022,60,1,1642,0.05
12023,59,1,954,0
12024,52,1,2641,0.1
12024,1,1,2760,0
12025,31,1,3571,0.2
12025,32,1,2083,0
12025,49,2,2121,0
12026,9,1,1527,0.1
12026,10,2,3960,0.1
12026,43,1,2654,0
12027,7,1,2555,0.15
12028,60,3,1642,0.05
12028,16,1,2872,0
12028,33,2,2132,0
12028,59,1,954,0.1
12029,50,1,4645,0.05
12029,11,1,4549,0
12029,7,1,2555,0
12030,26,2,438,0
12031,46,2,1604,0.05
12032,28,2,3031,0.05
12032,17,1,1925,0.05
12032,30,1,3732,0.2
12033,51,3,2621,0
12033,32,2,2083,0.05
12034,23,1,2084,0
12034,20,1,4963,0.05
12035,43,1,2654,0.15
12035,45,1,1847,0
12035,50,1,4645,0.05
12035,28,1,3031,0.05
12036,22,1,131,0.05
12036,20,1,4963,0
12036,10,1,3960,0.05
12037,17,1,1925,0.1
12037,10,1,3960,0
12038,17,2,1925,0.05
12038,14,1,3770,0
12039,60,1,1642,0.05
12040,2,1,1368,0.05
12040,36,1,460,0.1
12040,24,1,2210,0
12041,2,1,1368,0.05
12041,8,1,659,0
12042,45,1,1847,0.1
12043,40,3,4298,0
12043,1,1,2760,0.05
12043,40,3,4298,0
12044,31,1,3571,0
12044,43,1,2654,0
12045,43,1,2654,0.1
12045,12,1,2578,0
12046,12,1,2578,0.05
12047,29,1,410,0
12047,36,1,460,0.2
12048,49,1,2121,0
12049,28,1,3031,0.15
12049,14,1,3770,0.2
12050,56,1,2279,0.15
12050,60,1,1642,0
12051,20,2,4963,0
12051,44,2,1674,0.05
12051,18,2,4405,0.1
12052,16,1,2872,0.1
12053,48,3,4805,0
12054,58,1,124,0
12054,53,1,1408,0.1
12055,56,1,2279,0.05
12055,21,1,572,0.1
12056,39,1,765,0.1
12056,48,1,4805,0.05
12057,48,1,4805,0
12058,19,1,2578,0
12058,12,2,2578,0.05
12058,20,1,4963,0.1
12059,2,1,1368,0.15
12059,47,1,365,0
12059,19,1,2578,0
12060,11,1,4549,0.05
12061,51,1,2621,0
12061,40,1,4298,0
12062,51,1,2621,0.15
12063,20,1,4963,0.1
12063,40,2,4298,0.15
12064,6,1,3871,0
12064,27,2,2377,0.05
12064,51,2,2621,0.15
12065,40,2,4298,0.1
12066,54,1,273,0
12067,32,1,2083,0.05
12067,20,2,4963,0.1
12068,5,1,207,0
12068,2,1,1368,0.05
12068,35,1,2084,0
12069,44,1,1674,0.05
12069,46,2,1604,0.1
12069,7,1,2555,0
12069,18,1,4405,0
12070,51,1,2621,0.15
12071,36,1,460,0.1
12071,13,1,283,0.05
12072,6,1,3871,0
12073,3,1,3882,0.05
12074,56,1,2279,0
12075,12,1,2578,0.1
12076,4,1,3867,0.05
12076,55,1,4377,0.1
12076,1,2,2760,0.1
12076,14,2,3770,0.1
12077,28,1,3031,0.1
12077,6,2,3871,0.05
12078,52,3,2641,0
12079,24,1,2210,0.1
12080,26,1,438,0
12080,46,1,1604,0.1
12081,41,3,4560,0.05
12081,48,1,4805,0.05
12082,45,1,1847,0.05
12083,25,1,938,0
12083,59,2,954,0.1
12084,1,1,2760,0.15
12084,27,3,2377,0.15
12085,21,1,572,0.15
12085,51,1,2621,0.15
12086,22,1,131,0
12086,18,2,4405,0.1
12087,8,2,659,0
12088,13,1,283,0.05
12088,39,1,765,0
12089,40,1,4298,0.1
12090,14,1,3770,0
12090,54,1,273,0.15
12090,19,1,2578,0.1
12090,3,3,3882,0.1
12091,10,2,3960,0.05
12091,56,2,2279,0.05
12091,50,1,4645,0
12091,49,1,2121,0
12092,12,1,2578,0.15
12093,8,1,659,0.1
12093,27,1,2377,0.1
12094,14,1,3770,0.1
12095,7,1,2555,0
12095,44,1,1674,0.05
12095,18,1,4405,0.05
12096,14,1,3770,0
12097,57,1,3486,0.05
12098,21,1,572,0.1
12098,36,1,460,0
12099,47,1,365,0.05
12100,2,2,1368,0
12100,6,1,3871,0.05
12101,28,2,3031,0.05
12101,27,2,2377,0.05
12102,58,1,124,0
12102,37,1,189,0
12103,14,1,3770,0
12103,17,2,1925,0.05
12103,51,1,2621,0.2
12104,22,1,131,0
12104,50,2,4645,0.05
12104,58,1,124,0.1
12105,6,1,3871,0
12106,50,1,4645,0.05
12107,9,1,1527,0.1
12107,50,1,4645,0.1
12108,12,1,2578,0
12108,53,1,1408,0.2
12109,50,1,4645,0
12109,9,1,1527,0
12110,1,1,2760,0.05
12110,58,2,124,0
12110,9,1,1527,0.05
12111,51,1,2621,0.1
12112,5,1,207,0.15
12113,25,2,938,0.1
12113,32,1,2083,0.1
12114,51,1,2621,0.15
12114,33,1,2132,0
12115,41,1,4560,0.05
12116,25,1,938,0.2
12116,6,2,3871,0.15
12117,23,2,2084,0
12118,51,2,2621,0.05
12118,55,1,4377,0
12119,37,1,189,0.1
12119,1,2,2760,0.1
12120,3,1,3882,0.2
12120,18,1,4405,0.15
12121,19,1,2578,0
12122,52,2,2641,0
12122,59,1,954,0
12122,2,1,1368,0.05
12122,18,2,4405,0.1
12123,54,1,273,0.05
12123,19,1,2578,0.05
12124,9,1,1527,0.05
12124,11,1,4549,0
12124,16,1,2872,0.05
12124,7,1,2555,0
12125,56,2,2279,0
12126,12,1,2578,0
12126,51,1,2621,0.05
12127,6,1,3871,0
12127,19,1,2578,0.2
12127,29,1,410,0.05
12127,23,2,2084,0.05
12128,37,1,189,0.1
12129,4,2,3867,0
12129,46,2,1604,0
12130,52,1,2641,0.05
12130,53,2,1408,0
12130,7,2,2555,0.05
12131,46,3,1604,0.1
12131,43,1,2654,0.15
12132,46,1,1604,0.15
12132,60,2,1642,0.05
12132,4,1,3867,0.1
12133,58,1,124,0
12134,53,3,1408,0.05
12135,20,1,4963,0
12136,14,3,3770,0
12136,13,1,283,0
12137,38,1,976,0.15
12138,29,1,410,0.2
12138,35,1,2084,0.05
12138,24,1,2210,0
12139,37,1,189,0.1
12140,22,2,131,0.1
12140,52,1,2641,0.15
12140,32,1,2083,0.1
12141,54,1,273,0
12141,18,1,4405,0
12142,30,1,3732,0.1
12142,37,1,189,0.2
12142,23,1,2084,0
12142,15,1,3944,0
12143,19,1,2578,0
12144,23,1,2084,0.05
12144,37,1,189,0.05
12144,35,1,2084,0
12145,46,1,1604,0.2
12145,54,1,273,0.1
12146,54,1,273,0
12146,26,1,438,0
12147,45,1,1847,0.1
12147,19,2,2578,0.05
12147,31,2,3571,0
12148,7,1,2555,0
12149,33,2,2132,0.1
12150,30,2,3732,0.1
12151,33,1,2132,0
12152,7,1,2555,0.1
12152,34,1,1026,0.05
12152,4,1,3867,0.05
12153,56,1,2279,0.1
12153,11,1,4549,0.1
12153,21,1,572,0.15
12154,28,1,3031,0.15
12155,45,1,1847,0
12156,27,1,2377,0
12157,23,1,2084,0.15
12157,39,1,765,0.15
12158,55,1,4377,0.05
12158,19,3,2578,0.05
12159,20,2,4963,0.1
12159,40,2,4298,0
12159,25,1,938,0
12160,55,1,4377,0.05
12161,47,1,365,0.15
12162,33,2,2132,0
12163,15,2,3944,0.05
12163,20,2,4963,0.15
12164,12,1,2578,0.1
12164,6,2,3871,0.05
12165,20,1,4963,0
12165,17,1,1925,0.15
12166,7,1,2555,0
12167,15,3,3944,0
12167,28,1,3031,0
12168,39,1,765,0.15
12169,1,2,2760,0
12170,43,3,2654,0.2
12171,9,2,1527,0
12172,14,1,3770,0.05
12172,6,2,3871,0.2
12173,46,1,1604,0
12174,20,1,4963,0
12174,27,1,2377,0.05
12175,8,1,659,0.1
12176,37,1,189,0.15
12177,42,1,641,0.05
12177,53,1,1408,0.1
12177,41,2,4560,0.05
12178,28,1,3031,0.05
12178,16,2,2872,0.05
12179,27,2,2377,0.1
12180,3,1,3882,0
12181,48,1,4805,0
12181,16,1,2872,0.05
12181,41,1,4560,0
12181,27,1,2377,0
12182,1,1,2760,0.1
12182,48,1,4805,0.05
12182,1,2,2760,0.1
12183,54,1,273,0.05
12183,11,1,4549,0.1
12184,10,2,3960,0
12185,10,2,3960,0.05
12186,28,1,3031,0
12186,34,1,1026,0.1
12186,51,1,2621,0
12187,39,1,765,0.15
12188,25,1,938,0
12189,37,1,189,0
12189,57,1,3486,0.05
12190,13,1,283,0.1
12190,21,1,572,0.15
12191,47,1,365,0.05
12192,12,1,2578,0.2
12193,33,1,2132,0
12194,52,1,2641,0.05
12195,45,1,1847,0
12195,20,2,4963,0
12196,1,1,2760,0
12197,45,1,1847,0.1
12197,46,1,1604,0
12197,40,1,4298,0.1
12198,19,1,2578,0.05
12198,19,1,2578,0
12198,46,1,1604,0.2
12199,28,1,3031,0.05
12199,52,1,2641,0.05
12199,19,2,2578,0
12200,15,3,3944,0.05
12201,19,1,2578,0.15
12201,55,1,4377,0
12201,19,3,2578,0.05
12202,7,1,2555,0
12202,56,2,2279,0
12202,51,1,2621,0
12203,24,1,2210,0.1
12203,21,1,572,0
12203,39,1,765,0.05
12204,46,3,1604,0.05
12205,34,1,1026,0.05
12206,31,1,3571,0.2
12206,30,1,3732,0.1
12207,1,2,2760,0.1
12207,57,1,3486,0.15
12207,51,1,2621,0
12208,40,2,4298,0.2
12208,29,1,410,0
12208,16,1,2872,0.05
12209,5,1,207,0
12209,57,1,3486,0.1
12209,37,1,189,0.1
12210,59,1,954,0
12211,30,1,3732,0
12212,16,1,2872,0
12213,5,1,207,0
12213,4,1,3867,0
12214,12,1,2578,0.1
12214,35,1,2084,0.15
12214,57,1,3486,0
12215,60,1,1642,0
12215,25,2,938,0.1
12216,14,1,3770,0
12216,19,1,2578,0.2
12216,20,3,4963,0
12217,10,1,3960,0
12217,16,1,2872,0.05
12218,60,2,1642,0.1
12218,10,1,3960,0.05
12218,50,1,4645,0.1
12219,18,1,4405,0.1
12220,23,1,2084,0.15
12221,34,1,1026,0.05
12221,49,1,2121,0.05
12222,8,1,659,0
12223,42,1,641,0.15
12224,41,1,4560,0
12225,16,1,2872,0.05
12226,57,2,3486,0.1
12226,50,1,4645,0
12227,56,2,2279,0
12227,16,1,2872,0
12227,59,1,954,0.05
12227,27,1,2377,0.1
12228,2,1,1368,0.15
12229,50,1,4645,0.05
12230,5,2,207,0.2
12230,11,1,4549,0.05
12230,32,1,2083,0.05
12230,3,1,3882,0.2
12231,7,1,2555,0.05
12231,37,1,189,0
12232,12,2,2578,0.1
12233,33,3,2132,0.05
12233,6,1,3871,0.05
12233,22,2,131,0.05
12233,48,2,4805,0.05
12234,49,1,2121,0
12234,7,2,2555,0.05
12235,40,1,4298,0.1
12235,47,1,365,0.15
12236,54,1,273,0.05
12237,54,1,273,0.05
12238,40,2,4298,0
12239,7,1,2555,0.1
12239,50,1,4645,0.05
12240,42,1,641,0.15
12240,37,1,189,0
12241,56,1,2279,0
12242,17,1,1925,0
12242,29,1,410,0.05
12243,41,1,4560,0.15
12243,23,1,2084,0
12243,1,3,2760,0
12243,30,2,3732,0.05
12244,48,1,4805,0.1
12245,33,1,2132,0.15
12246,40,1,4298,0
12247,12,1,2578,0.15
12247,25,1,938,0
12248,33,1,2132,0.05
12248,20,1,4963,0
12249,11,2,4549,0.1
12250,35,1,2084,0.1
12251,16,1,2872,0.05
12251,6,1,3871,0
12252,49,2,2121,0
12253,55,1,4377,0
12253,21,1,572,0.1
12254,24,1,2210,0
12254,14,1,3770,0
12255,8,2,659,0
12256,13,1,283,0.05
12257,1,1,2760,0.1
12257,51,1,2621,0.1
12258,47,1,365,0
12259,41,2,4560,0
12260,11,3,4549,0
12261,57,1,3486,0
12262,39,3,765,0.05
12262,11,1,4549,0
12263,58,1,124,0.2
12264,3,2,3882,0.15
12264,5,1,207,0.1
12265,6,1,3871,0.1
12266,24,2,2210,0.05
12267,6,1,3871,0.1
12267,39,1,765,0.05
12267,53,1,1408,0.05
12267,49,2,2121,0.1
12268,26,1,438,0.1
12268,40,1,4298,0
12269,50,1,4645,0.05
12269,33,1,2132,0
12270,20,2,4963,0
12270,20,3,4963,0
12271,35,1,2084,0.1
12271,60,1,1642,0.1
12272,27,3,2377,0.2
12272,57,2,3486,0.05
12273,50,2,4645,0
12273,27,1,2377,0
12273,1,1,2760,0
12273,40,1,4298,0.1
12274,35,1,2084,0
12275,50,2,4645,0
12276,48,1,4805,0.05
12277,21,1,572,0.05
12277,15,1,3944,0.1
12277,12,1,2578,0.15
12278,54,1,273,0
12279,38,1,976,0.05
12280,3,1,3882,0.1
12280,21,2,572,0
12281,40,1,4298,0
12282,32,1,2083,0.2
12282,10,3,3960,0
12283,46,1,1604,0.05
12284,27,1,2377,0.1
12284,39,1,765,0
12284,55,1,4377,0
12285,43,1,2654,0.05
12285,49,1,2121,0
12286,23,2,2084,0.15
12286,11,1,4549,0.1
12287,11,2,4549,0
12287,58,1,124,0.1
12288,19,1,2578,0.2
12289,35,1,2084,0
12289,46,2,1604,0
12290,18,1,4405,0.1
12290,22,2,131,0.1
12290,39,1,765,0
12290,36,2,460,0.1
12291,28,2,3031,0.05
12291,43,1,2654,0.1
12291,18,2,4405,0.15
12292,11,1,4549,0.1
12292,50,2,4645,0
12293,57,1,3486,0.05
12294,57,1,3486,0
12294,2,1,1368,0
12294,28,3,3031,0.05
12294,15,1,3944,0.1
12295,24,1,2210,0.05
12295,8,1,659,0
12296,11,1,4549,0
12296,22,1,131,0
12296,56,1,2279,0.1
12296,16,2,2872,0.2
12297,6,1,3871,0.05
12298,48,1,4805,0
12299,20,2,4963,0.2
12300,12,1,2578,0.05
12300,15,1,3944,0.1
12301,39,1,765,0.05
12301,34,1,1026,0
12301,40,1,4298,0
12302,41,1,4560,0
12302,29,1,410,0.05
12302,37,1,189,0
12302,32,1,2083,0.2
12303,41,1,4560,0.15
12304,11,1,4549,0.05
12304,58,1,124,0.05
12305,29,3,410,0
12306,24,1,2210,0.1
12306,9,1,1527,0.05
12307,48,1,4805,0
12308,48,1,4805,0.05
12308,1,1,2760,0
12309,40,1,4298,0.05
12310,46,1,1604,0.05
12310,56,1,2279,0
12311,56,1,2279,0
12311,48,1,4805,0.1
12312,15,1,3944,0
12312,14,3,3770,0.05
12312,28,3,3031,0.05
12312,29,1,410,0
12313,15,1,3944,0.05
12313,1,1,2760,0.1
12314,19,1,2578,0
12314,17,1,1925,0.1
12315,52,1,2641,0.15
12315,26,1,438,0.1
12315,56,1,2279,0
12316,51,1,2621,0.2
12316,15,1,3944,0.05
12316,31,2,3571,0.05
12316,4,3,3867,0.1
12317,30,1,3732,0.05
12318,33,2,2132,0.1
12318,54,1,273,0
12319,17,1,1925,0
12319,16,2,2872,0.1
12320,56,2,2279,0.1
12320,28,2,3031,0.1
12320,11,1,4549,0
12321,1,1,2760,0.05
12321,52,1,2641,0.2
12321,56,1,2279,0
12322,51,1,2621,0
12323,53,2,1408,0.2
12324,46,1,1604,0
12325,40,1,4298,0
12325,51,1,2621,0.05
12326,39,1,765,0
12326,28,1,3031,0.1
12327,12,1,2578,0
12328,7,1,2555,0.05
12328,58,1,124,0.1
12328,39,1,765,0.05
12329,11,1,4549,0
12329,51,1,2621,0.1
12330,6,1,3871,0
12330,57,1,3486,0.05
12330,32,1,2083,0.05
12330,59,1,954,0.1
12331,24,1,2210,0.1
12331,58,1,124,0.05
12332,27,3,2377,0.15
12332,44,3,1674,0.1
12333,24,1,2210,0
12333,38,1,976,0
12333,15,3,3944,0.15
12334,55,1,4377,0.05
12334,35,1,2084,0.15
12334,44,1,1674,0.05
12334,56,1,2279,0.1
12335,48,3,4805,0.05
12335,15,1,3944,0
12336,58,1,124,0.2
12337,20,1,4963,0
12338,52,1,2641,0.15
12338,57,2,3486,0.1
12338,5,2,207,0.15
12339,38,1,976,0.1
12340,41,2,4560,0.05
12340,32,2,2083,0.15
12340,58,1,124,0
12340,29,1,410,0
12341,14,1,3770,0.05
12341,18,1,4405,0.2
12341,36,2,460,0.1
12342,37,1,189,0.05
12343,55,1,4377,0
12343,12,1,2578,0
12343,56,1,2279,0.05
12344,30,2,3732,0
12344,28,1,3031,0.15
12345,40,1,4298,0.05
12345,46,1,1604,0.2
12345,38,2,976,0.05
12345,25,1,938,0.05
12346,1,1,2760,0.2
12346,30,1,3732,0.05
12347,12,2,2578,0.05
12347,16,2,2872,0.1
12348,60,1,1642,0
12348,20,1,4963,0.15
12349,48,1,4805,0
12350,7,1,2555,0
12350,7,1,2555,0.1
12350,1,2,2760,0
12351,42,1,641,0.05
12352,30,1,3732,0
12352,27,1,2377,0.1
12353,18,1,4405,0
12353,28,1,3031,0.15
12353,1,1,2760,0.1
12354,52,1,2641,0
12355,37,1,189,0
12355,28,2,3031,0.05
12356,15,1,3944,0
12357,22,1,131,0
12358,7,2,2555,0.05
12358,19,1,2578,0
12358,12,2,2578,0.05
12359,2,2,1368,0.05
12360,10,1,3960,0
12361,43,1,2654,0.1
12361,3,1,3882,0.1
12362,56,1,2279,0.1
12362,51,3,2621,0
12363,11,1,4549,0.2
12363,23,2,2084,0.05
12364,16,1,2872,0
12364,13,1,283,0.05
12365,5,1,207,0
12365,44,1,1674,0.15
12366,19,1,2578,0
12366,46,1,1604,0
12367,53,1,1408,0.1
12368,38,1,976,0
12369,24,1,2210,0.05
12369,29,2,410,0.15
12369,43,2,2654,0
12369,60,2,1642,0
12370,41,1,4560,0
12371,25,1,938,0
12372,29,1,410,0
12373,59,1,954,0.1
12374,33,3,2132,0.1
12374,11,1,4549,0.05
12375,27,1,2377,0
12375,52,1,2641,0
12376,8,1,659,0.1
12377,13,1,283,0
12377,57,1,3486,0
12377,43,1,2654,0
12378,3,2,3882,0.15
12379,4,1,3867,0
12379,10,1,3960,0
12379,56,2,2279,0.1
12380,10,1,3960,0.15
12381,5,1,207,0.1
12382,48,1,4805,0.15
12382,54,1,273,0.05
12383,48,1,4805,0
12384,46,1,1604,0.15
12385,44,2,1674,0
12385,39,2,765,0.15
12386,25,2,938,0.1
12387,6,1,3871,0.1
12387,5,1,207,0.15
12388,11,1,4549,0.1
12389,45,1,1847,0
12389,21,2,572,0
12389,47,2,365,0
12390,60,2,1642,0.05
12390,30,1,3732,0
12391,6,2,3871,0.15
12391,55,2,4377,0
12391,52,1,2641,0.05
12392,55,1,4377,0.05
12393,53,1,1408,0
12394,45,1,1847,0.05
12395,17,2,1925,0
12395,57,1,3486,0.15
12396,56,1,2279,0.15
12396,23,2,2084,0
12397,38,2,976,0
12397,18,1,4405,0
12398,20,1,4963,0
12399,18,1,4405,0.15
12399,35,2,2084,0
12400,55,1,4377,0.15
12400,13,1,283,0.15
12401,13,1,283,0.1
12401,6,1,3871,0
12402,29,2,410,0.05
12403,4,1,3867,0.1
12404,35,1,2084,0
12404,42,1,641,0
12405,29,1,410,0.1
12405,8,1,659,0
12406,30,1,3732,0
12407,58,2,124,0.1
12408,19,1,2578,0
12408,51,2,2621,0.05
12408,12,2,2578,0
12408,30,1,3732,0.05
12409,27,1,2377,0
12409,18,2,4405,0.1
12409,15,1,3944,0.1
12410,39,1,765,0.1
12411,48,2,4805,0.05
12412,51,2,2621,0
12413,18,1,4405,0.05
12413,37,1,189,0
12414,47,1,365,0
12415,1,1,2760,0.1
12416,13,1,283,0
12416,40,1,4298,0.05
12417,16,1,2872,0.05
12417,42,1,641,0
12418,29,1,410,0
12418,48,1,4805,0
12419,34,1,1026,0.1
12420,34,2,1026,0
12421,27,1,2377,0
12421,20,2,4963,0.15
12422,19,2,2578,0.1
12422,35,1,2084,0.05
12422,12,1,2578,0.15
12423,20,1,4963,0
12423,1,1,2760,0.15
12423,5,1,207,0
12424,56,2,2279,0
12424,33,2,2132,0.05
12425,53,1,1408,0.05
12425,30,1,3732,0.1
12425,60,1,1642,0.15
12426,56,1,2279,0
12426,39,1,765,0
12427,6,2,3871,0.05
12427,25,2,938,0.1
12427,29,1,410,0
12428,10,2,3960,0.15
12429,42,1,641,0
12430,47,1,365,0
12431,39,1,765,0.05
12431,52,1,2641,0.1
12432,26,3,438,0.05
12433,53,1,1408,0.1
12434,43,1,2654,0
12435,36,1,460,0.1
12436,31,2,3571,0.1
12436,24,1,2210,0
12436,1,2,2760,0
12437,36,1,460,0
12437,1,1,2760,0.05
12438,5,2,207,0
12439,3,1,3882,0.1
12439,42,1,641,0.1
12440,11,1,4549,0.05
12441,29,1,410,0.1
12441,16,1,2872,0.1
12441,54,2,273,0.05
12441,18,1,4405,0.1
12442,43,2,2654,0.15
12442,48,2,4805,0.2
12443,37,2,189,0
12443,57,2,3486,0.05
12444,39,2,765,0.05
12444,19,2,2578,0
12445,35,2,2084,0.1
12445,37,1,189,0
12446,25,2,938,0.1
12446,4,1,3867,0.05
12446,40,1,4298,0.05
12447,2,2,1368,0.2
12447,32,2,2083,0.15
12447,53,2,1408,0.1
12447,26,2,438,0.1
12448,38,1,976,0
12448,33,1,2132,0
12448,48,1,4805,0.05
12448,3,1,3882,0.1
12449,27,1,2377,0.05
12449,9,2,1527,0
12449,46,2,1604,0.05
12449,57,2,3486,0.2
12450,4,2,3867,0.05
12451,35,1,2084,0
12451,49,1,2121,0.05
12451,34,1,1026,0
12452,48,1,4805,0.1
12453,29,1,410,0.05
12454,10,1,3960,0.05
12454,32,1,2083,0.15
12455,37,1,189,0
12456,39,2,765,0.1
12457,39,2,765,0
12457,3,2,3882,0
12457,37,1,189,0.1
12458,8,1,659,0.05
12458,42,2,641,0.05
12459,37,1,189,0.05
12460,42,1,641,0.05
12460,42,1,641,0
12461,24,2,2210,0
12461,50,2,4645,0
12461,28,1,3031,0.2
12462,52,1,2641,0.15
12462,54,1,273,0
12462,57,1,3486,0.15
12463,34,1,1026,0.05
12463,59,1,954,0.15
12463,51,1,2621,0
12464,54,1,273,0
12464,56,2,2279,0
12465,36,1,460,0.15
12466,38,2,976,0.1
12466,59,1,954,0
12467,30,1,3732,0
12467,38,1,976,0.2
12468,28,1,3031,0.1
12469,20,1,4963,0
12469,24,1,2210,0.05
12470,37,1,189,0.15
12470,14,2,3770,0.1
12471,5,1,207,0.05
12471,56,1,2279,0.1
12471,12,1,2578,0
12472,50,3,4645,0.05
12473,14,2,3770,0.2
12473,34,2,1026,0
12473,44,2,1674,0.1
12474,33,1,2132,0
12474,50,2,4645,0
12474,20,1,4963,0.1
12475,36,1,460,0
12475,18,2,4405,0.05
12475,28,1,3031,0
12476,22,1,131,0.1
12476,55,1,4377,0.2
12476,25,1,938,0.1
12476,14,2,3770,0
12477,51,1,2621,0
12477,30,1,3732,0.1
12477,51,1,2621,0.15
12477,3,3,3882,0.05
12478,8,1,659,0
12478,52,1,2641,0.05
12479,24,1,2210,0.1
12479,47,1,365,0
12479,31,2,3571,0
12479,47,1,365,0.1
12480,34,1,1026,0.1
12481,3,1,3882,0
12482,38,1,976,0.05
12482,40,2,4298,0
12483,54,1,273,0.15
12483,16,2,2872,0
12484,26,1,438,0
12484,23,1,2084,0.2
12485,12,1,2578,0
12485,58,1,124,0.1
12486,45,1,1847,0
12487,20,1,4963,0.15
12487,30,2,3732,0.1
12488,47,1,365,0
12489,15,1,3944,0.05
12489,42,1,641,0.1
12489,27,1,2377,0.1
12490,52,1,2641,0.15
12490,10,1,3960,0.1
12491,5,2,207,0.05
12492,48,1,4805,0
12492,24,1,2210,0
12493,22,2,131,0.1
12493,43,1,2654,0.05
12494,21,2,572,0
12495,33,1,2132,0.05
12495,34,1,1026,0
12495,1,1,2760,0.15
12496,34,2,1026,0.05
12497,9,2,1527,0
12498,59,1,954,0.15
12499,16,2,2872,0.1
12499,4,2,3867,0.2
12499,10,2,3960,0.05
12500,51,1,2621,0.2
12500,55,2,4377,0.05
12500,55,1,4377,0.1
12501,4,1,3867,0
12502,45,2,1847,0.1
12503,28,1,3031,0
12503,17,1,1925,0
12504,8,1,659,0.1
12505,60,1,1642,0
12506,55,1,4377,0.05
12506,54,1,273,0.05
12506,27,1,2377,0.05
12507,34,1,1026,0.05
12507,49,1,2121,0.05
12507,25,1,938,0.1
12508,41,1,4560,0
12509,18,1,4405,0
12510,47,1,365,0
12510,10,1,3960,0.15
12511,6,2,3871,0.15
12511,12,1,2578,0.05
12511,11,1,4549,0
12512,1,1,2760,0.05
12512,4,1,3867,0.1
12513,12,1,2578,0
12514,30,1,3732,0.05
12514,12,1,2578,0.1
12514,33,1,2132,0
12515,11,2,4549,0.05
12515,47,1,365,0
12516,13,2,283,0
12517,16,1,2872,0
12517,30,1,3732,0
12517,24,1,2210,0.15
12517,3,1,3882,0
12518,1,1,2760,0.15
12519,40,1,4298,0.15
12519,32,1,2083,0
12520,28,1,3031,0.1
12520,47,2,365,0
12520,57,1,3486,0
12520,8,1,659,0.05
12521,1,1,2760,0
12521,14,2,3770,0
12521,7,1,2555,0.1
12522,20,1,4963,0
12522,54,2,273,0
12522,23,2,2084,0.05
12523,41,1,4560,0
12524,34,1,1026,0.1
12525,20,1,4963,0
12526,25,1,938,0.05
12526,50,2,4645,0.1
12526,30,2,3732,0.15
12527,42,1,641,0.1
12527,13,1,283,0
12528,1,1,2760,0.1
12528,38,2,976,0.15
12528,4,1,3867,0.1
12529,7,1,2555,0.05
12530,33,1,2132,0
12530,25,1,938,0
12531,23,1,2084,0.15
12531,15,1,3944,0
12532,31,1,3571,0.05
12532,30,1,3732,0
12532,29,2,410,0
12532,5,1,207,0.05
12533,36,1,460,0.1
12534,15,2,3944,0.05
12535,12,2,2578,0.05
12535,13,2,283,0
12536,9,1,1527,0.05
12536,22,1,131,0
12537,43,1,2654,0.1
12537,22,2,131,0.05
12537,60,1,1642,0.05
12538,12,3,2578,0.1
12539,34,1,1026,0.1
12539,30,1,3732,0.1
12540,5,1,207,0
12540,17,1,1925,0
12541,5,1,207,0
12541,55,2,4377,0
12542,30,1,3732,0.2
12542,2,1,1368,0
12543,24,1,2210,0.05
12544,18,1,4405,0.05
12545,33,3,2132,0
12545,50,1,4645,0
12546,38,1,976,0.15
12546,11,1,4549,0.05
12547,34,1,1026,0.1
12548,48,1,4805,0.1
12549,21,1,572,0.1
12549,46,1,1604,0
12549,7,2,2555,0.05
12550,33,1,2132,0.1
12551,29,1,410,0.1
12551,25,1,938,0.1
12552,30,1,3732,0
12552,10,1,3960,0.05
12552,48,1,4805,0
12553,52,1,2641,0.15
12553,34,1,1026,0.05
12553,43,1,2654,0.1
12553,43,1,2654,0
12554,18,2,4405,0.1
12554,14,1,3770,0.1
12555,28,1,3031,0.1
12555,12,1,2578,0.1
12556,25,2,938,0.15
12557,35,2,2084,0
12557,40,1,4298,0
12558,59,1,954,0
12558,46,1,1604,0
12559,20,2,4963,0.05
12559,31,2,3571,0.1
12559,50,1,4645,0
12560,4,1,3867,0
12560,41,2,4560,0.15
12561,58,1,124,0
12561,29,1,410,0
12562,7,1,2555,0
12562,9,1,1527,0.1
12563,47,1,365,0
12563,50,1,4645,0.1
12564,12,1,2578,0.1
12565,57,1,3486,0
12566,15,2,3944,0.05
12566,26,1,438,0
12567,10,1,3960,0.05
12568,22,1,131,0.05
12568,53,2,1408,0.15
12569,34,1,1026,0.05
12569,17,1,1925,0
12569,37,1,189,0
12570,40,1,4298,0.15
12570,41,1,4560,0.15
12570,3,2,3882,0.05
12571,6,1,3871,0.15
12571,15,1,3944,0.05
12572,27,1,2377,0
12572,48,1,4805,0
12573,59,1,954,0
12574,16,1,2872,0
12574,27,1,2377,0
12575,49,1,2121,0
12575,49,1,2121,0.2
12575,59,1,954,0
12576,24,1,2210,0.2
12577,46,1,1604,0.1
12577,15,1,3944,0.1
12578,29,1,410,0
12578,52,1,2641,0.05
12579,25,1,938,0.1
12579,42,1,641,0
12579,37,2,189,0.1
12579,52,1,2641,0
12580,46,1,1604,0.15
12581,18,1,4405,0.2
12581,18,1,4405,0
12581,19,1,2578,0
12582,14,1,3770,0
12583,51,1,2621,0.05
12584,31,1,3571,0.15
12584,13,1,283,0.2
12585,48,1,4805,0
12586,18,2,4405,0.1
12586,18,3,4405,0
12587,40,1,4298,0.05
12587,25,2,938,0.05
12587,24,1,2210,0.05
12588,11,1,4549,0.1
12588,34,1,1026,0
12589,53,2,1408,0.1
12590,55,1,4377,0.2
12590,15,1,3944,0
12591,55,1,4377,0
12591,23,1,2084,0.05
12592,24,1,2210,0
12593,4,2,3867,0.15
12594,4,1,3867,0
12594,24,2,2210,0.1
12595,40,1,4298,0
12595,12,1,2578,0.05
12596,49,1,2121,0
12596,50,1,4645,0.2
12596,60,1,1642,0
12597,16,2,2872,0.2
12597,20,1,4963,0.05
12597,6,1,3871,0.1
12597,57,2,3486,0.05
12598,58,1,124,0.05
12599,28,3,3031,0
12599,52,1,2641,0.1
12600,29,1,410,0.15
12600,40,2,4298,0.15
12601,35,1,2084,0.15
12602,41,3,4560,0.15
12602,16,1,2872,0.1
12603,56,2,2279,0
12603,7,1,2555,0
12604,10,1,3960,0.05
12605,23,1,2084,0
12605,4,2,3867,0.1
12605,33,1,2132,0.1
12606,40,1,4298,0
12606,56,1,2279,0.1
12607,37,1,189,0.05
12607,34,2,1026,0.05
12607,50,2,4645,0.1
12607,40,1,4298,0
12608,14,1,3770,0
12609,20,1,4963,0
12609,51,1,2621,0.05
12609,30,2,3732,0.1
12610,5,1,207,0
12611,18,3,4405,0.05
12611,41,1,4560,0
12612,48,1,4805,0
12612,59,1,954,0.05
12613,43,3,2654,0.1
12613,40,3,4298,0
12613,1,1,2760,0.05
12614,31,1,3571,0.1
12615,31,1,3571,0.05
12615,54,1,273,0
12615,30,1,3732,0.1
12616,13,1,283,0
12617,20,1,4963,0.05
12617,12,1,2578,0.15
12618,6,1,3871,0
12618,3,1,3882,0
12619,1,3,2760,0.05
12619,52,2,2641,0
12619,57,1,3486,0.05
12620,28,1,3031,0
12620,52,2,2641,0
12621,17,1,1925,0
12622,46,1,1604,0.05
12622,48,1,4805,0.2
12622,50,2,4645,0
12623,47,1,365,0.15
12623,14,1,3770,0
12624,9,1,1527,0
12624,40,1,4298,0.1
12625,59,1,954,0.05
12626,7,1,2555,0
12626,33,2,2132,0.05
12627,27,2,2377,0.05
12627,3,1,3882,0.05
12628,50,2,4645,0.2
12629,29,1,410,0
12630,10,1,3960,0.05
12630,43,1,2654,0.05
12631,38,1,976,0.15
12631,59,1,954,0.05
12632,3,1,3882,0
12633,26,2,438,0
12634,17,1,1925,0
12635,44,1,1674,0.1
12636,1,1,2760,0
12636,54,1,273,0
12637,17,1,1925,0.1
12637,2,1,1368,0.1
12638,17,1,1925,0
12638,23,3,2084,0.2
12639,33,1,2132,0.1
12640,20,2,4963,0.1
12640,7,2,2555,0.05
12640,52,1,2641,0
12641,57,1,3486,0
12641,59,1,954,0.05
12642,6,2,3871,0
12642,52,1,2641,0.15
12642,19,1,2578,0.1
12643,36,1,460,0.05
12643,52,1,2641,0.05
12643,55,1,4377,0.1
12644,37,1,189,0.05
12644,23,2,2084,0.05
12645,8,1,659,0
12646,42,2,641,0.15
12646,19,1,2578,0
12646,39,1,765,0
12647,25,1,938,0.05
12647,6,1,3871,0.15
12647,4,2,3867,0.15
12648,17,1,1925,0
12649,15,1,3944,0.1
12649,32,2,2083,0.05
12649,3,1,3882,0
12650,1,1,2760,0.05
12650,1,2,2760,0.15
12651,26,1,438,0
12652,58,1,124,0
12653,5,1,207,0
12653,54,1,273,0
12654,3,2,3882,0.05
12655,52,2,2641,0.1
12656,21,3,572,0
12656,46,1,1604,0
12657,41,1,4560,0
12658,8,1,659,0.15
12658,53,2,1408,0
12659,28,3,3031,0
12659,57,1,3486,0.15
12660,46,1,1604,0
12661,40,1,4298,0
12661,24,2,2210,0.05
12661,19,3,2578,0.2
12661,24,1,2210,0.1
12662,19,1,2578,0.1
12662,60,1,1642,0.15
12662,38,1,976,0.05
12663,34,1,1026,0
12663,50,1,4645,0.1
12664,29,1,410,0.1
12665,27,1,2377,0
12666,32,1,2083,0
12666,50,1,4645,0.1
12667,11,1,4549,0
12667,36,1,460,0.05
12668,20,1,4963,0
12668,58,1,124,0
12669,22,1,131,0.2
12669,49,1,2121,0
12670,36,1,460,0
12671,16,2,2872,0
12671,33,1,2132,0
12671,59,1,954,0.1
12671,43,1,2654,0.05
12672,18,1,4405,0
12673,35,1,2084,0
12674,15,3,3944,0
12675,14,1,3770,0
12675,57,1,3486,0
12676,36,2,460,0.05
12676,55,1,4377,0.1
12677,21,1,572,0
12678,15,1,3944,0
12679,9,2,1527,0.15
12680,59,1,954,0.05
12681,25,1,938,0
12682,55,1,4377,0.05
12682,42,1,641,0
12682,13,1,283,0
12683,59,1,954,0
12683,36,2,460,0
12683,54,1,273,0.05
12684,32,1,2083,0.05
12684,55,1,4377,0
12684,2,2,1368,0
12684,7,2,2555,0.05
12685,43,1,2654,0.1
12685,18,1,4405,0
12686,1,1,2760,0.05
12686,5,1,207,0.05
12687,16,1,2872,0
12688,6,2,3871,0.05
12688,56,1,2279,0
12688,44,1,1674,0
12689,51,1,2621,0
12690,13,1,283,0.05
12690,22,2,131,0.05
12691,35,1,2084,0
12692,20,1,4963,0.2
12693,2,1,1368,0.05
12693,52,1,2641,0
12693,29,1,410,0.05
12693,8,1,659,0.2
12694,12,1,2578,0.05
12694,60,1,1642,0.05
12694,50,1,4645,0
12695,30,1,3732,0
12695,51,2,2621,0.1
12695,31,1,3571,0
12696,44,1,1674,0.1
12696,12,1,2578,0.15
12697,6,1,3871,0.2
12697,16,1,2872,0
12697,46,3,1604,0.05
12698,55,1,4377,0
12698,52,3,2641,0
12698,52,1,2641,0
12699,33,1,2132,0
12699,6,1,3871,0.1
12700,23,1,2084,0
12700,49,1,2121,0
12701,44,1,1674,0
12702,41,1,4560,0.05
12702,39,1,765,0
12702,56,1,2279,0.05
12702,56,1,2279,0.1
12703,11,1,4549,0
12703,56,2,2279,0.15
12704,41,1,4560,0
12704,24,2,2210,0
12704,15,2,3944,0.15
12705,58,1,124,0
12705,49,1,2121,0
12705,42,1,641,0
12706,32,1,2083,0
12707,20,2,4963,0
12708,60,1,1642,0.05
12708,13,1,283,0
12709,55,1,4377,0
12710,27,1,2377,0.05
12711,33,1,2132,0.1
12712,38,1,976,0
12712,8,1,659,0
12713,8,2,659,0.05
12713,46,2,1604,0.1
12714,50,2,4645,0
12714,31,1,3571,0.05
12715,7,1,2555,0
12715,11,1,4549,0.05
12716,29,1,410,0
12716,15,1,3944,0
12716,17,1,1925,0
12717,10,1,3960,0
12717,55,1,4377,0.2
12717,43,1,2654,0.05
12717,54,1,273,0.1
12718,14,1,3770,0.1
12719,34,1,1026,0
12719,26,1,438,0
12720,28,1,3031,0.05
12720,7,1,2555,0.05
12720,19,2,2578,0.05
12721,18,2,4405,0.1
12721,50,1,4645,0.05
12722,54,2,273,0.1
12722,30,1,3732,0.15
12723,56,1,2279,0.05
12723,27,1,2377,0.2
12724,33,2,2132,0.05
12725,50,2,4645,0
12725,27,2,2377,0.1
12725,36,1,460,0
12725,1,3,2760,0.05
12726,32,1,2083,0
12726,56,1,2279,0.05
12726,6,1,3871,0.05
12727,44,1,1674,0.1
12727,4,1,3867,0.05
12728,59,1,954,0
12728,60,1,1642,0
12728,7,1,2555,0
12728,54,1,273,0.05
12729,5,2,207,0.2
12729,45,1,1847,0
12729,24,1,2210,0
12730,41,1,4560,0
12731,41,1,4560,0.15
12731,52,1,2641,0.05
12732,43,1,2654,0.2
12732,57,3,3486,0.1
12732,29,2,410,0.05
12733,4,1,3867,0
12733,44,1,1674,0
12734,14,2,3770,0.1
12735,50,1,4645,0.2
12735,30,2,3732,0
12735,7,2,2555,0.15
12735,56,1,2279,0.05
12736,35,1,2084,0.05
12737,46,1,1604,0
12737,55,2,4377,0.05
12738,52,1,2641,0.1
12738,50,1,4645,0
12739,39,1,765,0.05
12740,22,3,131,0
12741,27,1,2377,0
12742,10,2,3960,0
12742,14,1,3770,0
12743,46,1,1604,0
12744,5,2,207,0.05
12745,34,1,1026,0.1
12745,4,2,3867,0
12746,30,1,3732,0
12746,40,1,4298,0.2
12746,6,1,3871,0.1
12746,40,2,4298,0.1
12747,22,1,131,0
12748,38,1,976,0
12749,31,1,3571,0
12749,36,1,460,0.1
12750,41,1,4560,0.15
12751,37,3,189,0
12752,46,1,1604,0.05
12753,36,1,460,0.05
12754,11,1,4549,0
12755,40,1,4298,0
12756,60,1,1642,0.1
12756,50,1,4645,0.05
12757,20,2,4963,0.05
12757,6,1,3871,0
12757,46,3,1604,0
12758,25,1,938,0.15
12759,42,1,641,0.1
12759,39,1,765,0.05
12759,36,1,460,0
12760,55,1,4377,0
12761,47,1,365,0.05
12761,38,2,976,0
12762,22,2,131,0
12762,18,1,4405,0.15
12763,21,1,572,0.05
12764,56,1,2279,0.1
12765,19,3,2578,0
12766,23,1,2084,0.05
12767,17,1,1925,0
12767,57,1,3486,0.15
12768,52,1,2641,0
12769,12,2,2578,0.05
12769,49,1,2121,0.05
12770,14,1,3770,0
12770,1,1,2760,0
12771,44,1,1674,0
12772,57,1,3486,0.1
12773,4,1,3867,0
12773,28,2,3031,0.05
12773,34,1,1026,0.05
12774,11,1,4549,0.15
12775,39,1,765,0.1
12775,22,1,131,0.1
12776,49,1,2121,0.05
12776,18,2,4405,0.05
12776,42,1,641,0
12777,1,1,2760,0.05
12777,48,1,4805,0.05
12778,59,2,954,0.1
12778,18,1,4405,0.15
12778,20,2,4963,0.1
12778,7,2,2555,0
12779,15,1,3944,0.05
12780,13,1,283,0.05
12781,57,1,3486,0.05
12782,31,1,3571,0
12782,4,1,3867,0
12782,16,1,2872,0.05
12783,47,1,365,0
12784,1,2,2760,0.15
12784,20,2,4963,0.05
12785,12,1,2578,0.05
12785,37,1,189,0
12785,36,1,460,0.05
12786,5,1,207,0.2
12786,47,1,365,0.1
12787,24,1,2210,0.05
12788,27,2,2377,0.15
12788,12,2,2578,0.05
12789,49,1,2121,0.15
12790,50,1,4645,0.1
12790,59,1,954,0
12790,44,1,1674,0
12791,38,2,976,0.05
12791,60,1,1642,0
12792,33,1,2132,0.05
12793,56,2,2279,0.2
12793,53,3,1408,0.05
12794,34,1,1026,0
12795,46,1,1604,0
12796,8,1,659,0.1
12796,12,1,2578,0
12797,4,1,3867,0.1
12798,50,1,4645,0.05
12799,21,1,572,0.05
12799,60,1,1642,0
12799,57,1,3486,0.1
12800,41,3,4560,0.1
12801,34,1,1026,0.1
12802,12,1,2578,0
12802,21,1,572,0.1
12803,57,1,3486,0.15
12803,29,2,410,0
12803,49,1,2121,0.05
12804,19,1,2578,0.1
12804,3,1,3882,0.05
12804,27,1,2377,0.05
12805,4,1,3867,0
12805,55,3,4377,0
12805,10,2,3960,0
12806,25,1,938,0
12806,24,1,2210,0.1
12807,39,1,765,0.1
12808,44,2,1674,0
12809,59,1,954,0.2
12810,40,1,4298,0
12810,10,1,3960,0
12811,45,1,1847,0
12812,6,1,3871,0
12813,36,1,460,0
12813,35,1,2084,0.15
12813,47,1,365,0
12814,11,1,4549,0.2
12814,34,1,1026,0
12815,16,2,2872,0.05
12815,13,2,283,0.05
12816,24,1,2210,0
12817,5,1,207,0
12817,34,2,1026,0.15
12818,35,1,2084,0
12819,40,1,4298,0
12819,2,1,1368,0
12819,30,1,3732,0.1
12820,3,1,3882,0.1
12820,6,1,3871,0.05
12820,19,1,2578,0
12821,14,1,3770,0.05
12822,7,1,2555,0.2
12822,32,1,2083,0.1
12823,55,3,4377,0.1
12823,1,1,2760,0.1
12824,2,1,1368,0
12824,48,1,4805,0.05
12825,32,1,2083,0.05
12825,15,1,3944,0.1
12825,57,2,3486,0.05
12826,4,1,3867,0.05
12827,26,2,438,0
12828,46,1,1604,0
12829,57,1,3486,0
12830,49,1,2121,0.15
12830,59,1,954,0
12831,54,1,273,0.15
12831,53,1,1408,0.15
12831,35,1,2084,0.1
12832,24,2,2210,0.1
12832,42,2,641,0
12833,23,2,2084,0.1
12833,39,1,765,0.1
12834,32,1,2083,0
12835,1,1,2760,0
12835,24,1,2210,0.05
12836,33,2,2132,0.15
12837,52,1,2641,0.1
12838,29,1,410,0
12839,41,1,4560,0
12840,47,1,365,0.15
12840,35,1,2084,0
12841,56,1,2279,0
12842,60,1,1642,0
12842,50,1,4645,0.05
12843,20,1,4963,0
12843,40,1,4298,0
12844,21,1,572,0
12844,47,1,365,0.05
12844,46,1,1604,0.15
12844,40,1,4298,0.1
12845,6,1,3871,0
12845,55,1,4377,0.05
12846,19,1,2578,0.05
12846,40,1,4298,0.1
12847,22,1,131,0
12847,20,1,4963,0.15
12848,49,2,2121,0.1
12848,26,1,438,0
12849,53,2,1408,0
12849,27,2,2377,0
12850,20,1,4963,0
12850,58,1,124,0.2
12851,17,2,1925,0
12851,28,1,3031,0.2
12851,51,2,2621,0
12851,56,1,2279,0
12852,38,1,976,0
12852,24,1,2210,0
12853,28,1,3031,0.2
12853,56,1,2279,0
12854,58,2,124,0.05
12855,25,1,938,0
12855,41,1,4560,0.1
12855,15,2,3944,0.05
12855,47,1,365,0.1
12856,55,1,4377,0
12856,53,1,1408,0.1
12857,50,2,4645,0
12857,41,1,4560,0
12857,10,1,3960,0
12857,27,1,2377,0.2
12858,34,1,1026,0
12859,26,1,438,0.1
12860,9,3,1527,0.1
12860,57,1,3486,0
12860,5,2,207,0
12861,1,2,2760,0.05
12861,49,1,2121,0.1
12861,30,1,3732,0
12862,52,1,2641,0.1
12863,56,1,2279,0.05
12863,57,1,3486,0.1
12864,59,1,954,0.15
12865,26,3,438,0.05
12865,57,2,3486,0.15
12866,41,1,4560,0.05
12866,24,1,2210,0.1
12867,42,1,641,0.05
12868,58,1,124,0.1
12868,27,1,2377,0
12869,28,1,3031,0
12870,43,2,2654,0
12870,34,3,1026,0.1
12871,40,1,4298,0.05
12871,60,1,1642,0.05
12872,40,1,4298,0
12872,24,1,2210,0
12872,48,1,4805,0.05
12873,44,1,1674,0.1
12873,58,1,124,0
12874,42,1,641,0.05
12875,45,1,1847,0
12876,56,1,2279,0.15
12876,45,1,1847,0.2
12877,60,1,1642,0
12878,50,1,4645,0.1
12878,60,2,1642,0.1
12879,47,1,365,0.05
12880,23,1,2084,0.05
12881,12,1,2578,0.15
12881,13,1,283,0.1
12882,40,2,4298,0.1
12883,27,2,2377,0
12883,48,2,4805,0
12883,19,2,2578,0.15
12883,12,1,2578,0
12884,25,1,938,0.15
12885,5,1,207,0.2
12886,34,1,1026,0.05
12886,35,1,2084,0
12887,27,1,2377,0.05
12887,43,1,2654,0.1
12888,15,1,3944,0.05
12889,57,1,3486,0.05
12889,23,1,2084,0.1
12890,4,1,3867,0
12891,2,1,1368,0.15
12892,40,1,4298,0
12892,49,1,2121,0.15
12892,17,1,1925,0.1
12893,58,1,124,0.1
12894,12,1,2578,0.1
12895,42,1,641,0
12895,28,1,3031,0
12896,20,1,4963,0
12897,60,1,1642,0.05
12898,56,1,2279,0
12898,5,1,207,0.05
12899,29,1,410,0
12900,23,1,2084,0
12900,47,1,365,0.05
12901,50,1,4645,0.05
12901,41,3,4560,0.1
12901,24,1,2210,0
12902,41,2,4560,0.05
12902,20,1,4963,0.05
12902,50,1,4645,0.05
12903,10,1,3960,0.1
12903,36,1,460,0.05
12904,49,1,2121,0
12905,18,1,4405,0
12905,46,1,1604,0
12905,34,2,1026,0.15
12906,59,1,954,0.2
12906,44,1,1674,0.05
12906,6,1,3871,0
12907,43,1,2654,0.05
12908,22,1,131,0
12908,58,1,124,0.05
12908,51,1,2621,0
12909,4,1,3867,0.05
12910,12,1,2578,0
12911,59,3,954,0.1
12912,45,1,1847,0.1
12913,26,1,438,0
12914,38,1,976,0.05
12915,35,1,2084,0.1
12916,6,1,3871,0
12916,57,1,3486,0
12916,11,1,4549,0.1
12917,24,1,2210,0.1
12917,41,1,4560,0.1
12917,57,1,3486,0
12917,14,2,3770,0
12918,51,1,2621,0.1
12919,33,1,2132,0
12920,27,1,2377,0.05
12920,55,1,4377,0.05
12920,49,1,2121,0.1
12921,32,3,2083,0
12921,40,1,4298,0
12921,43,2,2654,0
12922,55,1,4377,0.05
12923,59,1,954,0.05
12923,28,3,3031,0.1
12924,50,3,4645,0.2
12924,29,2,410,0.05
12925,56,1,2279,0.15
12926,57,1,3486,0
12926,51,1,2621,0
12926,44,1,1674,0.05
12927,10,1,3960,0.15
12928,18,2,4405,0
12929,38,1,976,0.15
12930,55,1,4377,0
12931,22,1,131,0
12932,35,1,2084,0
12932,16,3,2872,0
12933,35,1,2084,0.1
12933,56,2,2279,0.1
12933,22,1,131,0.15
12934,1,1,2760,0
12935,44,1,1674,0.1
12935,59,1,954,0.15
12936,48,1,4805,0.15
12937,56,1,2279,0.1
12938,14,1,3770,0.1
12938,12,1,2578,0
12938,41,2,4560,0
12939,20,1,4963,0.2
12940,31,1,3571,0
12940,52,1,2641,0.05
12940,16,1,2872,0.1
12941,55,1,4377,0
12941,57,1,3486,0.1
12941,19,3,2578,0
12941,6,1,3871,0.15
12942,22,1,131,0.05
12943,27,1,2377,0.1
12944,34,1,1026,0
12944,57,1,3486,0.05
12945,10,1,3960,0.15
12945,21,1,572,0.1
12946,30,1,3732,0.05
12947,11,1,4549,0
12947,9,1,1527,0.05
12947,1,1,2760,0
12948,11,1,4549,0.1
12949,50,1,4645,0.1
12949,12,1,2578,0
12950,28,1,3031,0.05
12950,28,1,3031,0.1
12951,28,1,3031,0.05
12951,9,1,1527,0.05
12952,25,1,938,0.1
12953,30,1,3732,0
12953,32,2,2083,0.1
12954,16,1,2872,0
12955,42,1,641,0
12956,12,1,2578,0
12957,56,1,2279,0.2
12958,19,2,2578,0.05
12959,3,2,3882,0
12960,54,1,273,0
12960,2,1,1368,0.05
12960,26,1,438,0.2
12961,19,1,2578,0.05
12961,39,1,765,0
12961,45,1,1847,0.1
12962,28,1,3031,0
12962,41,3,4560,0
12962,3,2,3882,0
12963,55,1,4377,0.1
12963,14,1,3770,0.05
12963,11,1,4549,0
12964,5,1,207,0
12965,18,1,4405,0.1
12966,59,1,954,0.15
12967,12,1,2578,0
12968,35,1,2084,0.05
12968,17,1,1925,0
12969,55,1,4377,0.2
12970,12,2,2578,0.05
12970,1,2,2760,0.15
12970,31,1,3571,0
12971,15,2,3944,0.15
12971,5,1,207,0.05
12972,9,1,1527,0.1
12972,53,3,1408,0
12972,21,1,572,0.05
12973,31,1,3571,0.2
12974,34,1,1026,0.05
12975,54,1,273,0
12975,14,1,3770,0.1
12976,30,1,3732,0
12976,4,1,3867,0
12976,3,1,3882,0.15
12976,3,1,3882,0
12977,59,1,954,0.05
12978,30,1,3732,0.05
12979,30,2,3732,0.1
12979,56,1,2279,0.1
12980,18,1,4405,0.05
12980,43,3,2654,0
12980,33,1,2132,0
12980,50,1,4645,0
12981,39,1,765,0.05
12981,43,1,2654,0
12982,5,2,207,0.05
12982,56,1,2279,0.05
12983,33,1,2132,0.1
12983,52,1,2641,0.1
12983,30,2,3732,0
12984,28,1,3031,0
12985,59,1,954,0.1
12986,7,1,2555,0
12987,43,1,2654,0.1
12988,41,1,4560,0.1
12988,26,1,438,0.05
12988,48,1,4805,0.1
12989,4,1,3867,0
12989,13,1,283,0.1
12990,31,1,3571,0
12990,32,1,2083,0
12990,23,1,2084,0.15
12991,33,1,2132,0.1
12991,49,1,2121,0
12992,40,1,4298,0.1
12992,10,2,3960,0
12993,43,2,2654,0.15
12994,56,1,2279,0.15
12995,47,1,365,0.05
12996,27,1,2377,0.05
12997,11,1,4549,0.05
12998,41,1,4560,0
12998,28,1,3031,0.1
12998,16,2,2872,0
12999,19,2,2578,0.2
13000,18,2,4405,0.1
13000,1,2,2760,0.15
13000,20,1,4963,0.1
13000,60,3,1642,0.05
13001,40,3,4298,0.05
13001,31,3,3571,0.1
13002,38,1,976,0
13002,45,1,1847,0
13003,44,1,1674,0
13003,25,1,938,0
13003,56,1,2279,0
13004,5,1,207,0.05
13004,2,3,1368,0.05
13005,14,3,3770,0.15
13005,14,1,3770,0.05
13005,14,1,3770,0
13006,56,1,2279,0.15
13006,50,1,4645,0
13006,36,3,460,0
13007,32,2,2083,0.15
13007,41,1,4560,0.2
13007,12,1,2578,0.05
13008,27,1,2377,0.05
13008,12,1,2578,0
13008,15,1,3944,0
13008,48,1,4805,0
13009,6,1,3871,0
13009,15,1,3944,0.2
13009,51,1,2621,0
13010,38,1,976,0.1
13010,4,1,3867,0
13011,40,1,4298,0.1
13011,50,1,4645,0.05
13011,40,1,4298,0
13012,50,1,4645,0.1
13012,56,1,2279,0.05
13012,22,2,131,0
13013,11,1,4549,0
13014,49,1,2121,0
13015,54,1,273,0.2
13016,35,1,2084,0.1
13017,11,1,4549,0
13017,6,3,3871,0
13017,41,3,4560,0.1
13018,11,2,4549,0
13019,51,1,2621,0.1
13020,13,2,283,0
13020,50,1,4645,0.05
13021,9,3,1527,0
13021,25,3,938,0.1
13022,3,1,3882,0
13022,12,2,2578,0.15
13022,3,2,3882,0
13022,10,2,3960,0
13023,7,1,2555,0
13024,26,2,438,0.15
13025,5,1,207,0.05
13026,44,1,1674,0
13027,24,2,2210,0
13028,14,1,3770,0
13029,53,2,1408,0.1
13030,8,1,659,0.1
13031,12,2,2578,0.15
13032,28,1,3031,0
13032,38,1,976,0.05
13033,7,2,2555,0
13034,30,1,3732,0.05
13034,38,1,976,0.15
13035,46,1,1604,0.15
13035,13,1,283,0
13036,1,1,2760,0.05
13036,36,1,460,0
13037,8,1,659,0
13037,34,2,1026,0
13038,8,3,659,0.15
13038,51,1,2621,0
13038,40,2,4298,0.05
13039,34,1,1026,0
13040,33,1,2132,0
13041,48,2,4805,0
13042,31,1,3571,0
13042,4,3,3867,0
13043,1,1,2760,0
13044,52,2,2641,0.15
13045,47,1,365,0.05
13045,24,1,2210,0.05
13046,2,1,1368,0
13047,10,3,3960,0.05
13047,58,1,124,0
13047,40,2,4298,0
13048,16,1,2872,0.05
13049,48,2,4805,0.05
13049,36,1,460,0.15
13050,44,1,1674,0
13051,22,1,131,0.1
13051,1,1,2760,0.1
13052,40,1,4298,0.1
13053,48,1,4805,0
13053,25,2,938,0.1
13054,9,1,1527,0.1
13055,30,1,3732,0.15
13055,12,1,2578,0.1
13056,4,1,3867,0
13057,37,1,189,0.1
13058,49,1,2121,0.05
13058,5,1,207,0
13059,43,1,2654,0
13059,40,1,4298,0.05
13060,44,3,1674,0.1
13061,46,1,1604,0.1
13062,19,1,2578,0.1
13062,53,1,1408,0
13062,15,1,3944,0
13063,10,1,3960,0
13063,17,1,1925,0.05
13063,24,1,2210,0.2
13063,57,2,3486,0.05
13064,38,2,976,0.2
13064,15,1,3944,0.1
13065,22,1,131,0.15
13066,51,3,2621,0
13067,32,1,2083,0
13068,36,2,460,0.05
13069,59,1,954,0.15
13069,18,1,4405,0
13070,15,2,3944,0.05
13070,30,1,3732,0.1
13071,49,1,2121,0
13071,40,3,4298,0
13072,45,1,1847,0.1
13072,29,1,410,0
13072,45,1,1847,0.15
13073,59,1,954,0
13073,8,1,659,0.15
13074,14,1,3770,0.15
13074,16,1,2872,0
13074,12,1,2578,0.05
13075,3,1,3882,0.05
13075,52,3,2641,0.05
13075,16,2,2872,0.15
13076,34,1,1026,0.1
13076,15,1,3944,0.15
13076,50,2,4645,0.05
13077,14,1,3770,0.05
13077,10,1,3960,0.1
13078,52,2,2641,0.1
13078,40,1,4298,0.05
13079,4,1,3867,0.15
13079,18,1,4405,0
13079,33,1,2132,0.05
13079,47,1,365,0.2
13080,55,1,4377,0.2
13080,58,1,124,0
13080,16,1,2872,0.15
13081,25,1,938,0
13082,52,1,2641,0
13083,60,1,1642,0.1
13084,56,1,2279,0.05
13084,18,1,4405,0.15
13084,19,3,2578,0.15
13084,27,1,2377,0.05
13085,55,1,4377,0
13086,41,1,4560,0.05
13086,34,1,1026,0.15
13086,28,1,3031,0
13087,33,1,2132,0.1
13088,39,1,765,0.05
13088,53,2,1408,0.15
13089,57,2,3486,0.05
13090,18,1,4405,0
13090,4,1,3867,0.05
13090,46,1,1604,0
13091,1,2,2760,0.1
13091,24,1,2210,0.15
13091,12,3,2578,0.05
13092,4,1,3867,0
13092,10,2,3960,0.2
13093,12,1,2578,0
13093,11,2,4549,0
13093,11,2,4549,0
13094,5,2,207,0
13095,19,1,2578,0
13095,15,1,3944,0.1
13096,36,1,460,0
13097,14,1,3770,0.2
13098,52,1,2641,0
13099,14,1,3770,0.05
13100,14,1,3770,0.05
13100,10,1,3960,0.1
13101,20,3,4963,0
13101,11,2,4549,0
13101,54,2,273,0
13101,33,1,2132,0.05
13102,7,1,2555,0.1
13102,60,2,1642,0.05
13102,15,2,3944,0.05
13103,51,1,2621,0
13103,41,1,4560,0.05
13103,21,1,572,0.2
13103,33,1,2132,0.05
13104,58,1,124,0
13104,60,1,1642,0.15
13104,31,1,3571,0.15
13105,6,1,3871,0.15
13105,33,1,2132,0
13106,12,1,2578,0.15
13106,16,1,2872,0
13106,14,2,3770,0.05
13107,31,1,3571,0.1
13107,10,2,3960,0.05
13107,15,1,3944,0
13108,22,1,131,0.05
13108,28,1,3031,0.05
13108,44,2,1674,0.1
13108,46,2,1604,0.1
13109,25,1,938,0.15
13109,41,1,4560,0.1
13110,6,1,3871,0
13110,52,3,2641,0.15
13111,3,2,3882,0.1
13111,9,1,1527,0.1
13111,34,1,1026,0
13112,45,1,1847,0
13113,10,3,3960,0.1
13113,7,1,2555,0.15
13113,40,2,4298,0.1
13114,48,1,4805,0
13114,43,1,2654,0.1
13114,10,1,3960,0.1
13115,53,2,1408,0
13115,31,2,3571,0
13115,37,2,189,0
13115,48,1,4805,0
13116,16,2,2872,0.05
13117,9,1,1527,0
13117,41,1,4560,0.05
13118,51,1,2621,0.05
13119,53,1,1408,0.05
13119,24,2,2210,0.05
13120,39,2,765,0.15
13120,57,3,3486,0.2
13121,60,2,1642,0
13122,45,1,1847,0.05
13122,37,1,189,0.1
13123,18,2,4405,0.15
13123,60,1,1642,0
13124,7,1,2555,0.1
13124,5,2,207,0.1
13124,31,1,3571,0
13125,30,1,3732,0.1
13125,7,1,2555,0
13126,2,1,1368,0.05
13127,2,3,1368,0.1
13128,9,1,1527,0.2
13128,54,1,273,0.05
13129,31,1,3571,0
13130,39,2,765,0
13131,44,1,1674,0
13132,57,1,3486,0
13132,40,1,4298,0
13133,16,1,2872,0.05
13134,15,1,3944,0.05
13134,15,2,3944,0
13134,16,1,2872,0.05
13134,31,1,3571,0.05
13135,14,1,3770,0
13136,19,1,2578,0
13136,14,1,3770,0.1
13136,58,1,124,0
13136,59,1,954,0.1
13137,48,1,4805,0
13138,24,1,2210,0.15
13139,53,1,1408,0
13139,59,1,954,0.1
13140,15,1,3944,0.05
13141,17,2,1925,0
13141,2,2,1368,0.05
13141,15,1,3944,0.05
13142,56,2,2279,0.05
13142,37,3,189,0
13142,29,3,410,0
13143,37,1,189,0.1
13144,50,1,4645,0.1
13145,14,1,3770,0
13146,27,1,2377,0
13147,39,1,765,0
13147,37,1,189,0
13147,28,2,3031,0.05
13148,14,1,3770,0.05
13148,52,1,2641,0.1
13149,17,1,1925,0.15
13150,30,1,3732,0
13151,49,2,2121,0
13151,31,2,3571,0.05
13151,43,1,2654,0
13151,11,1,4549,0.1
13152,50,1,4645,0.1
13153,18,1,4405,0.15
13153,39,1,765,0.05
13154,30,1,3732,0.1
13155,33,1,2132,0.2
13155,26,1,438,0.05
13156,1,2,2760,0.15
13157,18,1,4405,0
13158,35,1,2084,0.1
13159,19,1,2578,0.1
13160,58,1,124,0
13160,26,1,438,0.05
13161,6,1,3871,0.15
13161,11,1,4549,0.15
13162,47,1,365,0
13162,24,1,2210,0
13163,21,1,572,0
13163,25,2,938,0
13163,11,1,4549,0.1
13164,38,2,976,0.05
13165,49,1,2121,0.1
13166,44,3,1674,0.05
13167,57,1,3486,0.15
13168,57,1,3486,0
13169,39,1,765,0.05
13170,20,1,4963,0.05
13171,8,1,659,0.05
13171,33,2,2132,0.05
13171,30,1,3732,0.05
13171,42,1,641,0.1
13172,26,2,438,0
13173,17,1,1925,0
13174,10,1,3960,0.05
13174,13,1,283,0.05
13174,12,1,2578,0
13175,51,1,2621,0
13175,14,1,3770,0.05
13176,49,1,2121,0
13176,31,1,3571,0
13176,14,2,3770,0.05
13177,26,1,438,0.15
13177,10,2,3960,0
13178,35,1,2084,0
13179,30,1,3732,0.05
13180,47,1,365,0.15
13181,15,2,3944,0
13182,54,1,273,0.05
13183,12,1,2578,0.1
13184,47,1,365,0.05
13185,10,1,3960,0
13185,28,1,3031,0
13186,41,1,4560,0.1
13186,11,1,4549,0.1
13186,9,1,1527,0
13186,9,1,1527,0.1
13187,1,1,2760,0.05
13188,32,1,2083,0.05
13188,46,2,1604,0.05
13188,28,1,3031,0
13189,7,1,2555,0.05
13190,9,1,1527,0
13190,12,1,2578,0
13191,21,1,572,0.05
13192,47,2,365,0
13192,47,1,365,0
13192,12,1,2578,0.15
13192,16,1,2872,0.1
13193,18,2,4405,0
13194,45,1,1847,0
13195,52,1,2641,0.1
13196,4,1,3867,0
13196,3,2,3882,0.1
13196,1,1,2760,0
13197,41,2,4560,0.15
13197,59,1,954,0
13198,34,1,1026,0.1
13198,53,1,1408,0
13199,56,1,2279,0.1
13200,57,1,3486,0.15
13200,31,1,3571,0
13201,47,1,365,0.1
13201,55,1,4377,0
13202,21,1,572,0
13202,42,1,641,0.05
13202,30,1,3732,0.1
13203,43,1,2654,0.05
13204,36,1,460,0.15
13204,56,1,2279,0
13204,47,2,365,0.05
13204,21,1,572,0.1
13205,4,1,3867,0.15
13206,53,2,1408,0.1
13207,1,2,2760,0.15
13207,19,1,2578,0.05
13207,31,1,3571,0
13208,24,2,2210,0
13209,30,1,3732,0
13209,40,1,4298,0
13210,29,1,410,0.05
13211,42,1,641,0.15
13211,7,1,2555,0.1
13211,24,1,2210,0
13211,40,1,4298,0
13212,41,2,4560,0.05
13213,53,1,1408,0.2
13213,16,1,2872,0
13214,50,1,4645,0.15
13215,17,1,1925,0.2
13216,55,1,4377,0.1
13216,40,1,4298,0.05
13217,55,3,4377,0.1
13218,7,3,2555,0
13218,11,2,4549,0
13219,29,1,410,0.15
13219,28,1,3031,0
13220,27,1,2377,0.1
13220,59,1,954,0.05
13221,38,1,976,0
13222,26,2,438,0.05
13223,37,1,189,0
13224,40,1,4298,0.05
13225,55,1,4377,0
13225,31,1,3571,0
13226,18,1,4405,0
13226,3,1,3882,0
13226,42,1,641,0.05
13226,56,1,2279,0
13227,9,2,1527,0.1
13227,47,2,365,0
13228,60,2,1642,0.15
13228,24,1,2210,0
13229,22,1,131,0.15
13230,20,1,4963,0
13230,50,2,4645,0.05
13230,19,1,2578,0
13230,11,2,4549,0.2
13231,3,1,3882,0
13231,57,1,3486,0.05
13232,24,1,2210,0.15
13233,56,1,2279,0.05
13234,52,1,2641,0.05
13234,13,1,283,0
13235,19,3,2578,0.1
13235,57,2,3486,0.05
13235,56,1,2279,0.1
13236,2,1,1368,0
13237,9,1,1527,0.15
13238,19,1,2578,0.1
13239,27,1,2377,0
13239,33,1,2132,0.1
13240,8,1,659,0
13240,27,1,2377,0
13240,39,1,765,0.05
13241,48,1,4805,0
13242,25,2,938,0
13242,13,1,283,0.2
13243,2,1,1368,0
13243,11,1,4549,0.1
13244,41,1,4560,0.05
13244,58,1,124,0.05
13245,30,1,3732,0
13245,48,1,4805,0
13246,7,1,2555,0
13246,47,1,365,0
13247,60,1,1642,0.15
13247,25,1,938,0
13247,41,1,4560,0.15
13248,4,2,3867,0
13249,44,1,1674,0.05
13249,26,1,438,0.05
13250,46,1,1604,0.15
13251,43,1,2654,0
13252,13,1,283,0.05
13253,18,2,4405,0.1
13253,42,2,641,0.05
13253,44,2,1674,0
13254,30,2,3732,0.1
13254,48,1,4805,0
13255,11,1,4549,0.05
13256,2,2,1368,0.05
13256,51,1,2621,0
13256,37,1,189,0
13257,1,1,2760,0
13257,4,1,3867,0.05
13258,60,1,1642,0.1
13259,32,2,2083,0
13259,25,1,938,0
13260,16,1,2872,0
13260,55,1,4377,0.2
13260,60,1,1642,0.1
13260,37,2,189,0
13261,28,2,3031,0
13261,4,1,3867,0.1
13262,8,1,659,0.2
13262,9,1,1527,0.05
13263,54,2,273,0
13263,37,1,189,0
13263,53,1,1408,0.15
13264,55,1,4377,0
13264,47,1,365,0.2
13264,7,2,2555,0.2
13265,31,1,3571,0.1
13265,43,2,2654,0
13265,18,1,4405,0.1
13265,3,3,3882,0
13266,8,1,659,0.05
13267,32,1,2083,0
13268,24,3,2210,0
13268,32,1,2083,0
13269,47,1,365,0
13269,48,1,4805,0.1
13269,60,1,1642,0.1
13270,26,1,438,0
13271,35,2,2084,0
13271,36,1,460,0.1
13272,60,1,1642,0
13273,47,2,365,0.05
13273,34,1,1026,0
13274,56,2,2279,0.2
13274,4,3,3867,0
13275,23,1,2084,0
13276,16,1,2872,0.05
13276,13,1,283,0.15
13277,6,1,3871,0.15
13277,12,1,2578,0.1
13278,6,1,3871,0
13279,11,3,4549,0.05
13280,21,1,572,0.05
13281,11,1,4549,0
13281,51,2,2621,0
13281,60,1,1642,0.1
13282,26,1,438,0.1
13282,25,1,938,0.05
13282,7,2,2555,0.1
13283,32,2,2083,0
13284,51,2,2621,0.15
13284,10,1,3960,0
13284,55,2,4377,0.2
13285,45,1,1847,0.15
13285,17,2,1925,0.15
13286,27,2,2377,0.05
13286,30,1,3732,0.05
13287,9,1,1527,0
13287,55,1,4377,0
13287,32,1,2083,0.15
13288,9,1,1527,0.1
13288,57,1,3486,0
13288,11,2,4549,0.1
13289,29,1,410,0.05
13289,57,1,3486,0
13290,1,1,2760,0.1
13291,16,1,2872,0
13291,55,1,4377,0.1
13291,10,1,3960,0.1
13292,3,1,3882,0
13293,48,2,4805,0.1
13293,19,1,2578,0.05
13293,39,3,765,0.15
13293,38,3,976,0
13294,34,1,1026,0.1
13294,29,1,410,0
13295,44,1,1674,0.05
13295,4,2,3867,0.1
13296,27,1,2377,0.1
13296,14,1,3770,0
13297,22,2,131,0
13298,48,2,4805,0
13299,40,1,4298,0.1
13299,52,1,2641,0
13299,14,1,3770,0.1
13300,15,1,3944,0.15
13300,14,1,3770,0
13301,28,1,3031,0
13302,53,1,1408,0
13303,29,2,410,0
13304,34,3,1026,0.05
13305,55,1,4377,0.15
13306,6,1,3871,0
13307,11,2,4549,0.2
13307,57,1,3486,0.2
13307,11,3,4549,0
13308,1,2,2760,0
13309,59,1,954,0
13309,52,1,2641,0.1
13310,25,1,938,0.15
13311,24,1,2210,0
13311,35,1,2084,0
13312,56,2,2279,0.05
13312,25,2,938,0.15
13313,8,1,659,0
13314,21,1,572,0.1
13315,17,1,1925,0
13315,51,1,2621,0.05
13315,49,2,2121,0
13316,10,1,3960,0
13317,5,2,207,0.1
13318,57,2,3486,0.1
13318,53,1,1408,0
13318,34,1,1026,0.1
13319,2,1,1368,0.1
13319,18,1,4405,0.1
13319,27,1,2377,0
13320,1,1,2760,0
13320,10,2,3960,0.05
13321,25,1,938,0.1
13321,5,2,207,0.05
13322,42,2,641,0.05
13323,32,2,2083,0.2
13324,36,1,460,0.15
13324,25,1,938,0
13325,8,1,659,0.05
13326,30,1,3732,0
13326,53,1,1408,0.1
13326,5,1,207,0
13327,24,1,2210,0.1
13328,16,1,2872,0.1
13328,30,2,3732,0.1
13328,33,3,2132,0
13328,50,3,4645,0.05
13329,41,1,4560,0
13330,7,2,2555,0
13330,11,3,4549,0
13330,7,1,2555,0.1
13331,46,1,1604,0
13331,29,1,410,0
13331,21,1,572,0
13332,28,1,3031,0
13333,23,1,2084,0.05
13334,14,1,3770,0
13334,45,2,1847,0.1
13334,11,1,4549,0.2
13335,32,1,2083,0.1
13336,55,1,4377,0
13336,57,1,3486,0.2
13337,45,2,1847,0.15
13338,49,1,2121,0
13338,56,1,2279,0.2
13339,31,1,3571,0
13340,4,1,3867,0.05
13341,12,1,2578,0
13341,34,1,1026,0
13342,43,1,2654,0
13343,28,2,3031,0.05
13343,3,2,3882,0.05
13343,4,2,3867,0
13344,47,1,365,0
13344,14,2,3770,0
13345,28,1,3031,0
13345,44,1,1674,0
13345,47,2,365,0.15
13346,26,1,438,0
13347,32,1,2083,0.05
13347,18,1,4405,0
13347,1,1,2760,0
13347,41,1,4560,0.15
13348,41,2,4560,0.1
13348,41,2,4560,0.05
13348,19,2,2578,0.05
13349,42,1,641,0.1
13350,9,1,1527,0.1
13351,31,1,3571,0.2
13351,59,1,954,0.05
13352,22,1,131,0.1
13352,40,2,4298,0.05
13353,8,1,659,0
13353,54,2,273,0
13354,37,1,189,0.05
13354,35,2,2084,0.1
13355,44,1,1674,0.1
13356,56,2,2279,0
13357,18,2,4405,0.1
13357,3,1,3882,0.1
13358,51,2,2621,0
13359,13,1,283,0.05
13359,27,1,2377,0.1
13359,21,1,572,0.05
13360,41,1,4560,0.05
13361,49,1,2121,0.1
13361,7,1,2555,0.05
13362,47,1,365,0.05
13362,38,1,976,0
13363,32,2,2083,0.2
13363,15,1,3944,0
13364,27,1,2377,0
13364,30,2,3732,0.05
13364,57,2,3486,0
13364,19,1,2578,0
13365,48,1,4805,0.05
13366,28,1,3031,0.05
13367,7,2,2555,0
13367,2,1,1368,0
13367,22,1,131,0
13368,48,1,4805,0.1
13368,24,1,2210,0.1
13368,44,1,1674,0
13368,19,1,2578,0
13369,51,1,2621,0.2
13369,10,1,3960,0
13369,42,1,641,0.1
13369,46,1,1604,0.1
13370,9,2,1527,0.05
13370,20,2,4963,0.05
13371,34,1,1026,0.05
13371,30,1,3732,0
13372,17,1,1925,0
13373,12,1,2578,0
13373,27,1,2377,0.05
13374,4,3,3867,0.05
13374,14,1,3770,0.05
13374,11,1,4549,0
13374,52,1,2641,0
13375,29,1,410,0.05
13375,22,1,131,0
13376,49,1,2121,0
13376,41,1,4560,0
13377,13,2,283,0
13377,28,1,3031,0
13377,30,3,3732,0.05
13377,48,1,4805,0.2
13378,31,2,3571,0.15
13378,43,1,2654,0.15
13378,50,1,4645,0.05
13378,45,1,1847,0.05
13379,44,2,1674,0.1
13379,38,2,976,0
13380,2,3,1368,0.05
13380,18,1,4405,0
13380,19,1,2578,0.05
13381,50,1,4645,0
13381,49,1,2121,0
13382,58,1,124,0.05
13383,59,1,954,0.1
13383,20,3,4963,0
13384,29,2,410,0
13384,48,3,4805,0.05
13384,51,1,2621,0.05
13385,44,1,1674,0
13385,55,2,4377,0
13386,55,2,4377,0
13386,24,2,2210,0.2
13387,27,1,2377,0
13387,16,1,2872,0.05
13388,46,1,1604,0.15
13389,31,1,3571,0.15
13389,58,1,124,0
13389,2,1,1368,0.1
13390,41,1,4560,0.1
13391,10,1,3960,0
13392,35,1,2084,0.05
13392,34,1,1026,0
13393,43,1,2654,0.1
13393,17,1,1925,0
13393,34,2,1026,0
13394,31,1,3571,0
13395,22,1,131,0.05
13396,28,2,3031,0
13396,49,1,2121,0.2
13397,59,2,954,0
13398,39,1,765,0
13399,8,1,659,0.1
13400,16,1,2872,0
13401,50,1,4645,0.05
13402,58,1,124,0
13403,16,2,2872,0.15
13403,4,1,3867,0.1
13403,56,1,2279,0
13403,30,1,3732,0.15
13404,45,1,1847,0.05
13405,43,3,2654,0
13405,43,1,2654,0
13406,23,1,2084,0
13407,30,2,3732,0
13407,10,1,3960,0
13407,32,1,2083,0.15
13407,41,1,4560,0.05
13408,32,1,2083,0
13409,36,1,460,0.1
13409,18,1,4405,0
13410,9,1,1527,0
13411,14,1,3770,0
13411,46,1,1604,0.05
13411,4,1,3867,0.05
13412,10,1,3960,0.1
13412,17,1,1925,0
13412,58,1,124,0
13413,15,1,3944,0.05
13413,8,1,659,0.2
13414,33,1,2132,0.05
13414,33,1,2132,0.2
13414,33,1,2132,0.1
13414,24,1,2210,0.05
13415,60,2,1642,0.1
13415,20,1,4963,0
13415,31,1,3571,0
13416,41,2,4560,0.1
13416,12,1,2578,0
13417,17,1,1925,0.15
13418,59,1,954,0.15
13419,41,1,4560,0
13419,56,1,2279,0.15
13420,52,1,2641,0
13420,41,1,4560,0.05
13421,48,2,4805,0.05
13421,43,1,2654,0
13421,11,1,4549,0
13421,26,1,438,0.1
13422,14,1,3770,0.05
13422,57,1,3486,0.05
13422,48,1,4805,0.05
13423,1,2,2760,0.1
13423,25,3,938,0.15
13423,52,1,2641,0.05
13424,36,1,460,0.05
13424,51,1,2621,0
13425,47,1,365,0
13426,13,2,283,0.1
13426,25,1,938,0.05
13427,57,1,3486,0
13428,14,1,3770,0.1
13428,13,1,283,0.1
13428,56,1,2279,0.15
13428,33,1,2132,0
13429,30,1,3732,0
13430,57,1,3486,0
13431,15,2,3944,0
13431,14,1,3770,0
13432,36,1,460,0
13432,49,1,2121,0.1
13433,24,1,2210,0
13433,4,1,3867,0
13434,41,1,4560,0
13434,39,1,765,0.1
13435,43,1,2654,0
13435,2,1,1368,0.05
13436,3,1,3882,0.15
13437,45,1,1847,0
13437,41,1,4560,0
13438,4,1,3867,0.1
13439,41,3,4560,0
13439,57,1,3486,0
13440,34,1,1026,0.1
13441,11,1,4549,0
13442,18,1,4405,0
13443,4,1,3867,0
13444,58,1,124,0
13444,42,1,641,0.1
13445,45,2,1847,0
13445,45,1,1847,0
13445,32,1,2083,0
13446,34,2,1026,0
13446,55,1,4377,0
13446,15,2,3944,0.1
13446,20,1,4963,0.15
13447,1,1,2760,0
13447,44,1,1674,0.2
13448,4,3,3867,0.15
13448,42,1,641,0.05
13448,54,1,273,0
13448,11,1,4549,0.1
13449,4,1,3867,0
13450,33,1,2132,0.05
13450,10,1,3960,0.05
13451,15,2,3944,0
13451,11,2,4549,0
13451,34,1,1026,0
13452,41,1,4560,0
13453,11,1,4549,0.1
13453,5,2,207,0.05
13454,44,1,1674,0
13454,37,1,189,0
13455,34,1,1026,0.1
13455,23,1,2084,0
13456,15,1,3944,0
13456,29,1,410,0.1
13457,40,2,4298,0
13457,3,1,3882,0.1
13457,7,1,2555,0.15
13458,18,1,4405,0.05
13458,29,1,410,0
13458,54,2,273,0
13458,1,1,2760,0.15
13459,10,1,3960,0.05
13460,36,1,460,0.15
13460,51,3,2621,0.1
13460,45,1,1847,0.05
13461,22,1,131,0.05
13461,21,1,572,0.05
13462,37,2,189,0
13462,58,2,124,0.05
13463,18,1,4405,0
13464,45,1,1847,0
13464,41,2,4560,0.2
13464,15,1,3944,0.05
13465,50,2,4645,0
13465,31,2,3571,0.05
13465,10,2,3960,0
13466,28,1,3031,0
13467,49,1,2121,0.1
13467,35,1,2084,0
13468,1,2,2760,0
13468,27,1,2377,0
13469,30,1,3732,0.05
13469,22,1,131,0.1
13469,20,1,4963,0.05
13470,14,2,3770,0
13470,10,1,3960,0.2
13470,35,1,2084,0.1
13471,10,2,3960,0
13471,21,2,572,0.05
13471,25,1,938,0.15
13472,4,2,3867,0
13472,30,1,3732,0.05
13473,46,1,1604,0
13473,38,1,976,0.15
13474,37,1,189,0.05
13475,5,1,207,0
13475,54,1,273,0
13475,53,1,1408,0.05
13476,53,1,1408,0.1
13477,35,1,2084,0.1
13477,37,1,189,0
13478,25,2,938,0
13479,24,1,2210,0
13479,25,1,938,0.05
13479,48,2,4805,0.1
13480,10,1,3960,0
13480,32,1,2083,0.15
13481,24,1,2210,0
13482,30,1,3732,0.1
13483,48,1,4805,0.05
13483,30,1,3732,0.1
13483,55,1,4377,0.05
13484,2,1,1368,0
13485,17,2,1925,0
13485,26,1,438,0
13485,40,3,4298,0
13485,25,1,938,0
13486,52,1,2641,0.1
13486,7,1,2555,0.1
13486,52,2,2641,0.05
13487,56,1,2279,0.05
13487,1,1,2760,0.05
13487,30,1,3732,0.05
13487,51,1,2621,0.15
13488,25,2,938,0
13488,1,1,2760,0.05
13489,42,1,641,0.05
13489,43,1,2654,0
13490,51,2,2621,0.1
13491,52,1,2641,0
13491,10,1,3960,0
13491,48,3,4805,0
13491,31,1,3571,0
13492,39,1,765,0.05
13492,4,1,3867,0
13493,38,1,976,0
13494,3,2,3882,0.05
13495,6,1,3871,0.15
13496,3,2,3882,0
13496,30,1,3732,0
13497,21,1,572,0.1
13498,18,2,4405,0
13498,54,1,273,0
13499,18,1,4405,0.15
13500,17,1,1925,0.05
13501,53,1,1408,0
13502,38,2,976,0
13502,56,1,2279,0
13503,19,1,2578,0
13504,7,1,2555,0.05
13505,3,1,3882,0
13505,17,1,1925,0.05
13505,1,1,2760,0
13505,32,1,2083,0
13506,13,1,283,0
13507,57,1,3486,0
13507,5,1,207,0
13507,28,1,3031,0
13508,54,1,273,0.05
13508,47,1,365,0.2
13509,33,1,2132,0
13510,11,1,4549,0
13511,60,2,1642,0.2
13511,30,1,3732,0
13511,19,1,2578,0.15
13511,43,2,2654,0.1
13512,42,2,641,0.05
13512,7,2,2555,0
13513,26,2,438,0
13513,25,1,938,0.05
13514,39,1,765,0.2
13514,16,3,2872,0.15
13515,51,1,2621,0.05
13516,38,2,976,0.05
13517,12,1,2578,0
13518,56,1,2279,0.05
13519,6,1,3871,0.1
13520,35,1,2084,0
13520,12,1,2578,0.1
13520,6,2,3871,0.05
13521,58,2,124,0
13521,42,1,641,0
13521,15,1,3944,0
13522,7,1,2555,0
13522,9,2,1527,0
13523,56,1,2279,0
13523,30,2,3732,0
13524,41,1,4560,0.05
13524,53,1,1408,0
13525,9,1,1527,0
13526,58,1,124,0.15
13526,13,1,283,0
13527,38,1,976,0.15
13527,25,3,938,0
13528,16,1,2872,0.1
13528,43,1,2654,0
13529,42,3,641,0
13529,60,2,1642,0.1
13529,25,1,938,0
13530,60,1,1642,0.05
13531,30,1,3732,0.1
13531,56,1,2279,0
13532,57,1,3486,0.05
13533,54,1,273,0.1
13533,52,2,2641,0.1
13534,31,1,3571,0.05
13534,22,1,131,0.15
13534,34,2,1026,0.05
13534,52,1,2641,0.05
13535,51,1,2621,0.1
13535,30,1,3732,0
13536,57,1,3486,0.05
13536,12,1,2578,0.2
13536,10,3,3960,0
13537,50,1,4645,0
13537,44,1,1674,0
13538,2,1,1368,0
13539,46,2,1604,0.05
13540,56,1,2279,0
13541,27,2,2377,0
13541,49,1,2121,0.2
13541,46,1,1604,0.15
13542,55,2,4377,0.1
13542,52,1,2641,0
13543,6,1,3871,0.15
13544,16,1,2872,0
13544,5,1,207,0
13545,51,1,2621,0.2
13546,31,2,3571,0.1
13547,43,2,2654,0
13547,24,2,2210,0
13547,34,1,1026,0
13547,31,1,3571,0
13548,15,1,3944,0
13549,59,1,954,0.05
13550,45,1,1847,0.2
13550,51,1,2621,0.05
13551,52,2,2641,0
13551,10,1,3960,0
13552,28,1,3031,0
13552,59,1,954,0
13553,22,1,131,0.05
13554,58,1,124,0.1
13554,52,1,2641,0.1
13555,38,3,976,0.1
13556,35,1,2084,0.05
13556,53,1,1408,0.05
13557,59,1,954,0.05
13558,54,1,273,0.05
13559,28,1,3031,0
13560,39,1,765,0.05
13560,21,1,572,0.1
13561,7,1,2555,0.1
13561,29,1,410,0
13562,50,1,4645,0.05
13562,51,1,2621,0.1
13563,25,1,938,0.1
13563,28,1,3031,0
13563,35,1,2084,0.15
13563,41,1,4560,0.2
13564,7,1,2555,0.05
13564,50,2,4645,0
13565,51,1,2621,0
13566,8,1,659,0
13567,36,1,460,0
13567,43,1,2654,0.15
13568,56,1,2279,0.05
13568,60,1,1642,0
13568,50,1,4645,0.1
13568,16,1,2872,0
13569,8,2,659,0.1
13570,57,1,3486,0.1
13570,11,1,4549,0.05
13570,9,1,1527,0
13570,35,1,2084,0
13571,57,1,3486,0.2
13571,3,1,3882,0
13572,40,1,4298,0
13572,24,1,2210,0.1
13573,39,1,765,0.05
13573,7,1,2555,0.05
13573,7,1,2555,0.1
13574,8,1,659,0.05
13574,10,2,3960,0.05
13575,20,1,4963,0
13575,27,1,2377,0.05
13576,56,1,2279,0
13576,50,1,4645,0.05
13577,60,1,1642,0
13577,34,1,1026,0.2
13577,11,1,4549,0
13578,3,2,3882,0.1
13578,14,1,3770,0.05
13578,14,1,3770,0.05
13578,4,3,3867,0.05
13579,58,1,124,0.1
13580,41,2,4560,0
13580,34,3,1026,0.05
13581,45,1,1847,0
13581,23,1,2084,0
13582,33,1,2132,0.1
13583,44,1,1674,0.2
13583,19,1,2578,0.05
13583,23,1,2084,0
13583,31,2,3571,0
13584,12,1,2578,0.1
13585,41,1,4560,0.1
13586,53,1,1408,0.1
13587,12,1,2578,0.05
13587,34,1,1026,0
13588,40,2,4298,0
13588,30,1,3732,0.05
13589,5,1,207,0.05
13590,22,1,131,0
13591,8,1,659,0.05
13592,55,1,4377,0.05
13593,33,2,2132,0.2
13594,4,1,3867,0.1
13594,26,1,438,0.1
13594,4,1,3867,0.15
13594,16,1,2872,0.15
13595,33,1,2132,0
13596,57,2,3486,0.1
13596,11,2,4549,0.05
13597,29,1,410,0
13597,41,1,4560,0
13598,50,1,4645,0
13598,24,2,2210,0.05
13599,31,1,3571,0
13600,10,1,3960,0
13600,32,1,2083,0.05
13600,22,1,131,0.1
13601,2,1,1368,0
13601,14,1,3770,0
13601,54,1,273,0.1
13601,23,1,2084,0.05
13602,41,1,4560,0.05
13602,16,1,2872,0
13602,16,1,2872,0.1
13602,2,1,1368,0.05
13603,42,1,641,0
13603,51,1,2621,0.05
13603,16,1,2872,0
13604,13,1,283,0.05
13605,4,2,3867,0.05
13605,54,1,273,0.1
13606,16,1,2872,0.1
13606,29,2,410,0
13607,31,1,3571,0.05
13607,23,1,2084,0.15
13608,4,2,3867,0.05
13609,58,3,124,0.05
13609,28,1,3031,0
13610,31,2,3571,0.15
13610,27,1,2377,0.1
13611,19,2,2578,0.05
13611,1,2,2760,0.15
13612,33,1,2132,0
13612,42,1,641,0.1
13613,24,2,2210,0
13613,60,1,1642,0
13613,3,3,3882,0.2
13613,25,1,938,0
13614,50,2,4645,0.1
13614,41,1,4560,0.05
13614,7,1,2555,0
13615,43,1,2654,0
13616,18,1,4405,0.05
13617,20,1,4963,0.05
13618,28,1,3031,0.1
13619,38,1,976,0
13619,7,1,2555,0.1
13620,23,1,2084,0
13620,49,1,2121,0
13620,24,1,2210,0.1
13620,17,1,1925,0.05
13621,39,1,765,0
13621,49,1,2121,0.05
13621,26,1,438,0.1
13622,11,2,4549,0.1
13623,7,3,2555,0
13623,57,2,3486,0.1
13623,54,1,273,0
13624,5,2,207,0.1
13624,4,1,3867,0.15
13624,37,1,189,0.1
13625,2,1,1368,0.1
13626,29,1,410,0.05
13627,57,1,3486,0.05
13627,32,1,2083,0
13627,52,1,2641,0.05
13627,39,1,765,0
13628,42,1,641,0
13629,31,2,3571,0.1
13629,43,2,2654,0.1
13630,46,1,1604,0.2
13631,3,1,3882,0.1
13632,40,1,4298,0.1
13633,12,3,2578,0
13633,3,1,3882,0
13633,33,1,2132,0.05
13634,48,2,4805,0.15
13634,39,1,765,0
13635,55,1,4377,0
13635,44,1,1674,0
13636,44,2,1674,0
13636,21,1,572,0
13636,60,1,1642,0.05
13637,40,1,4298,0
13638,5,2,207,0
13639,31,1,3571,0.05
13639,3,1,3882,0.1
13639,37,1,189,0.1
13639,25,2,938,0.05
13640,2,1,1368,0.05
13640,29,3,410,0
13641,39,1,765,0.1
13641,55,1,4377,0.1
13642,28,1,3031,0
13642,44,1,1674,0.1
13643,21,1,572,0
13644,22,1,131,0.05
13644,22,1,131,0
13645,50,1,4645,0.2
13645,41,2,4560,0
13645,43,2,2654,0.1
13646,9,1,1527,0.2
13647,1,2,2760,0
13647,55,1,4377,0.2
13647,10,2,3960,0.05
13648,40,1,4298,0
13648,50,1,4645,0.1
13648,32,2,2083,0.05
13648,31,1,3571,0.05
13649,24,1,2210,0
13650,25,2,938,0.15
13650,14,1,3770,0
13651,16,1,2872,0.15
13652,16,1,2872,0
13652,10,2,3960,0
13653,50,1,4645,0
13653,36,1,460,0.05
13653,29,1,410,0.05
13654,3,1,3882,0.05
13654,5,2,207,0.1
13654,31,1,3571,0.1
13655,57,1,3486,0.1
13656,14,1,3770,0.05
13656,37,1,189,0.05
13656,54,1,273,0.05
13657,46,1,1604,0.05
13658,58,2,124,0.1
13659,28,1,3031,0
13660,48,1,4805,0
13660,11,3,4549,0
13660,27,3,2377,0.05
13660,13,2,283,0.05
13661,19,1,2578,0.2
13661,33,1,2132,0.15
13662,56,2,2279,0
13663,15,1,3944,0
13663,53,1,1408,0.05
13663,13,1,283,0.05
13663,58,1,124,0.1
13664,24,1,2210,0.05
13665,31,3,3571,0
13665,33,2,2132,0.05
13666,58,1,124,0
13667,12,1,2578,0.15
13668,12,1,2578,0
13668,41,1,4560,0.1
13668,15,2,3944,0.05
13668,55,1,4377,0.1
13669,33,2,2132,0.1
13669,25,1,938,0
13670,38,1,976,0.15
13671,26,2,438,0.05
13672,13,1,283,0.05
13673,2,1,1368,0.1
13673,14,1,3770,0.05
13673,15,1,3944,0
13674,6,2,3871,0.15
13674,1,1,2760,0
13674,10,1,3960,0.1
13675,38,2,976,0
13676,36,1,460,0.1
13676,9,1,1527,0
13677,2,1,1368,0.15
13677,7,3,2555,0.15
13678,47,1,365,0.1
13679,31,1,3571,0
13680,37,1,189,0
13680,29,2,410,0.1
13681,16,1,2872,0
13681,39,1,765,0.1
13681,35,1,2084,0
13681,12,1,2578,0.15
13682,40,1,4298,0.05
13683,3,2,3882,0
13683,10,1,3960,0.05
13684,15,1,3944,0
13685,11,1,4549,0.05
13686,12,1,2578,0.05
13687,18,1,4405,0.15
13688,54,1,273,0.05
13688,33,2,2132,0.1
13688,25,1,938,0
13689,21,1,572,0.05
13689,3,1,3882,0.1
13689,26,2,438,0.1
13689,20,3,4963,0.15
13690,50,1,4645,0
13690,43,1,2654,0.1
13691,9,1,1527,0.05
13691,44,1,1674,0.15
13692,33,1,2132,0.15
13692,55,1,4377,0
13693,21,1,572,0
13694,1,1,2760,0.2
13695,43,1,2654,0.05
13696,4,1,3867,0.1
13696,56,1,2279,0.15
13697,14,2,3770,0.05
13697,19,2,2578,0
13698,27,1,2377,0
13698,45,1,1847,0
13699,20,1,4963,0.15
13699,4,2,3867,0
13700,35,2,2084,0.1
13701,50,1,4645,0.05
13702,6,1,3871,0.05
13703,11,1,4549,0.1
13704,7,1,2555,0.05
13705,34,1,1026,0.1
13705,9,1,1527,0.15
13706,58,1,124,0.1
13706,55,1,4377,0
13707,16,1,2872,0
13707,22,2,131,0
13708,18,1,4405,0.05
13708,27,1,2377,0
13709,24,1,2210,0.05
13709,37,1,189,0.05
13710,51,1,2621,0.05
13710,46,2,1604,0
13711,12,3,2578,0
13711,52,3,2641,0.1
13711,33,3,2132,0
13711,43,3,2654,0
13712,35,2,2084,0.1
13712,5,1,207,0
13713,59,1,954,0.1
13713,41,1,4560,0.05
13713,4,2,3867,0
13714,43,1,2654,0.05
13714,17,1,1925,0
13714,27,1,2377,0
13714,22,1,131,0.1
13715,5,1,207,0.1
13715,22,2,131,0
13716,23,2,2084,0
13717,60,1,1642,0.05
13718,27,1,2377,0.15
13718,10,1,3960,0
13719,22,1,131,0.15
13720,40,2,4298,0.2
13720,36,1,460,0.15
13721,21,1,572,0
13721,33,1,2132,0.05
13721,11,1,4549,0.05
13722,56,2,2279,0.05
13723,51,2,2621,0.05
13723,29,1,410,0
13724,53,1,1408,0.05
13725,38,1,976,0
13726,16,1,2872,0
13727,54,1,273,0.15
13727,18,1,4405,0
13728,10,2,3960,0.15
13728,56,1,2279,0
13728,33,1,2132,0.05
13729,34,1,1026,0.1
13730,25,2,938,0.05
13731,10,1,3960,0.05
13732,31,1,3571,0.15
13732,51,1,2621,0
13732,26,1,438,0
13733,50,2,4645,0
13734,51,1,2621,0.05
13735,35,1,2084,0
13736,7,1,2555,0.1
13737,22,1,131,0.1
13738,24,2,2210,0.15
13739,54,1,273,0
13740,56,1,2279,0
13740,1,1,2760,0.05
13741,1,1,2760,0
13742,29,1,410,0.05
13742,3,2,3882,0
13742,30,1,3732,0.1
13743,34,1,1026,0
13743,8,1,659,0.05
13744,36,1,460,0.05
13744,32,1,2083,0.05
13744,53,1,1408,0.15
13745,4,1,3867,0
13745,40,1,4298,0.1
13745,21,1,572,0.2
13746,1,1,2760,0.15
13746,23,1,2084,0
13747,52,1,2641,0.15
13747,34,1,1026,0.05
13747,50,1,4645,0
13747,13,1,283,0
13748,58,1,124,0
13748,24,1,2210,0
13749,7,1,2555,0.05
13749,12,1,2578,0
13750,50,1,4645,0
13750,58,1,124,0.05
13751,29,1,410,0
13751,21,1,572,0.1
13752,4,1,3867,0.05
13752,20,1,4963,0.05
13752,60,1,1642,0
13753,45,2,1847,0.15
13753,43,1,2654,0.2
13753,7,1,2555,0.1
13754,21,1,572,0.05
13755,30,1,3732,0.1
13755,24,1,2210,0
13756,29,1,410,0.1
13757,19,1,2578,0.05
13757,58,2,124,0
13757,6,2,3871,0
13758,58,1,124,0.05
13758,10,1,3960,0.1
13759,54,1,273,0.05
13760,47,1,365,0.1
13760,58,1,124,0.05
13760,4,1,3867,0
13760,14,1,3770,0.05
13761,52,1,2641,0
13762,13,1,283,0.1
13762,36,1,460,0.05
13763,30,3,3732,0.05
13763,24,2,2210,0.05
13763,3,1,3882,0
13763,4,1,3867,0.05
13764,43,1,2654,0
13765,26,1,438,0
13765,22,1,131,0.1
13766,27,1,2377,0.05
13766,19,1,2578,0
13767,39,2,765,0.1
13767,30,1,3732,0.1
13767,41,1,4560,0.05
13768,50,1,4645,0
13769,16,1,2872,0.1
13770,57,1,3486,0
13770,32,1,2083,0.15
13771,3,1,3882,0.05
13771,43,1,2654,0.15
13772,13,1,283,0.1
13772,53,1,1408,0.15
13773,21,1,572,0.05
13773,49,1,2121,0.1
13773,31,1,3571,0.1
13774,36,1,460,0
13774,9,1,1527,0.1
13774,15,1,3944,0.1
13775,42,1,641,0
13776,31,1,3571,0
13777,11,1,4549,0.05
13777,58,1,124,0
13778,29,1,410,0
13778,28,1,3031,0.05
13778,55,1,4377,0
13779,36,1,460,0.05
13779,46,1,1604,0.1
13780,22,3,131,0.05
13780,46,1,1604,0.05
13781,53,1,1408,0.05
13782,13,1,283,0.15
13783,57,1,3486,0
13783,32,2,2083,0
13784,58,1,124,0.15
13785,7,1,2555,0
13786,50,1,4645,0.1
13787,24,1,2210,0.1
13788,48,1,4805,0.1
13788,26,1,438,0
13789,33,1,2132,0
13789,54,2,273,0.1
13790,16,1,2872,0
13790,42,1,641,0
13790,50,1,4645,0.15
13791,22,1,131,0.1
13792,12,1,2578,0.15
13792,41,2,4560,0.15
13793,43,2,2654,0.1
13793,20,1,4963,0.05
13793,17,1,1925,0.1
13794,29,2,410,0.05
13794,1,1,2760,0.2
13795,60,2,1642,0.05
13796,33,1,2132,0
13797,46,1,1604,0.2
13797,34,1,1026,0.1
13798,33,1,2132,0
13798,25,1,938,0.1
13798,39,1,765,0.1
13799,38,1,976,0
13799,31,1,3571,0
13799,21,1,572,0.05
13799,50,1,4645,0
13800,51,2,2621,0.15
13801,25,3,938,0.05
13802,7,2,2555,0
13802,35,3,2084,0
13802,43,1,2654,0
13802,51,1,2621,0
13803,44,1,1674,0
13803,57,1,3486,0.05
13804,9,1,1527,0.15
13805,27,1,2377,0.1
13806,37,1,189,0
13807,2,2,1368,0
13807,50,1,4645,0.1
13808,7,1,2555,0
13808,38,1,976,0.1
13808,43,1,2654,0
13809,42,3,641,0
13809,13,1,283,0
13810,52,1,2641,0.05
13810,24,2,2210,0.1
13810,51,1,2621,0.15
13811,38,1,976,0
13812,35,2,2084,0.1
13812,17,1,1925,0.1
13812,42,2,641,0
13813,54,1,273,0.1
13814,16,1,2872,0.1
13815,30,1,3732,0.05
13815,54,1,273,0
13816,23,1,2084,0
13816,31,1,3571,0
13817,53,1,1408,0
13817,20,1,4963,0
13817,28,1,3031,0.1
13817,25,1,938,0
13818,7,1,2555,0.2
13818,14,1,3770,0.05
13819,53,1,1408,0.05
13820,39,3,765,0
13820,30,1,3732,0.15
13821,7,1,2555,0.05
13822,1,2,2760,0
13822,10,2,3960,0
13822,14,1,3770,0
13823,4,1,3867,0.1
13823,10,1,3960,0.1
13824,26,1,438,0.15
13824,46,1,1604,0.05
13825,36,1,460,0.05
13825,21,1,572,0
13826,25,1,938,0
13827,42,1,641,0.1
13828,12,1,2578,0.05
13829,5,1,207,0
13830,36,2,460,0
13831,16,1,2872,0.05
13831,20,2,4963,0.1
13831,27,3,2377,0.15
13831,14,1,3770,0.05
13832,3,1,3882,0.1
13833,59,1,954,0.05
13833,14,2,3770,0
13833,30,2,3732,0.2
13834,48,1,4805,0
13834,28,2,3031,0.05
13834,40,1,4298,0.05
13835,40,1,4298,0
13835,30,1,3732,0
13836,1,1,2760,0
13836,31,1,3571,0.1
13837,47,1,365,0
13837,36,1,460,0.1
13838,12,1,2578,0.15
13839,31,1,3571,0.05
13840,43,1,2654,0.15
13841,5,1,207,0.1
13841,23,1,2084,0
13842,33,1,2132,0.05
13842,21,1,572,0.15
13843,27,1,2377,0.15
13843,56,1,2279,0
13844,5,1,207,0.05
13844,56,1,2279,0
13844,1,1,2760,0.2
13845,30,2,3732,0.1
13845,46,1,1604,0
13846,6,2,3871,0
13847,11,1,4549,0.05
13847,32,1,2083,0
13848,28,1,3031,0.05
13848,27,1,2377,0.05
13849,36,2,460,0.05
13850,22,1,131,0.1
13850,27,1,2377,0
13850,16,1,2872,0
13851,7,2,2555,0
13851,32,1,2083,0
13852,51,2,2621,0.05
13852,33,1,2132,0.05
13853,6,1,3871,0.1
13854,21,1,572,0.15
13855,4,1,3867,0
13856,52,2,2641,0.05
13857,9,2,1527,0.15
13858,35,1,2084,0.05
13858,1,2,2760,0.15
13858,58,1,124,0
13859,30,1,3732,0.1
13860,36,2,460,0
13861,7,1,2555,0.1
13861,39,1,765,0.05
13861,42,1,641,0.1
13862,33,1,2132,0.1
13862,36,1,460,0.05
13863,22,1,131,0
13864,24,1,2210,0
13865,18,2,4405,0.05
13866,7,2,2555,0.05
13867,37,2,189,0.05
13867,17,1,1925,0.15
13868,20,1,4963,0
13869,10,1,3960,0
13870,1,1,2760,0
13870,20,2,4963,0
13870,48,3,4805,0.2
13871,4,2,3867,0.15
13871,18,1,4405,0.1
13872,9,1,1527,0
13873,20,2,4963,0.15
13873,49,2,2121,0
13873,4,1,3867,0.1
13873,1,2,2760,0
13874,5,1,207,0.05
13875,20,2,4963,0.05
13875,52,1,2641,0
13876,6,1,3871,0.1
13877,15,1,3944,0.05
13877,30,1,3732,0.15
13878,53,1,1408,0.1
13879,25,2,938,0
13879,40,1,4298,0.05
13879,23,2,2084,0.05
13880,5,1,207,0.15
13880,44,1,1674,0.15
13880,30,1,3732,0.05
13881,39,1,765,0
13881,37,1,189,0.1
13882,35,1,2084,0.15
13883,58,1,124,0.05
13883,45,2,1847,0
13884,20,2,4963,0.05
13885,5,1,207,0.05
13886,8,1,659,0
13886,55,1,4377,0.2
13887,11,1,4549,0
13888,48,1,4805,0
13888,41,2,4560,0.1
13888,15,2,3944,0.05
13888,12,1,2578,0.15
13889,24,1,2210,0.15
13889,21,2,572,0.05
13889,21,1,572,0.05
13890,22,1,131,0.2
13891,49,1,2121,0
13891,28,1,3031,0.15
13891,36,3,460,0.05
13892,48,1,4805,0.1
13892,21,1,572,0.2
13893,16,1,2872,0
13893,1,3,2760,0
13893,18,1,4405,0.05
13894,46,1,1604,0
13894,51,1,2621,0.1
13894,25,1,938,0
13895,28,3,3031,0
13895,3,1,3882,0.1
13896,51,1,2621,0
13896,38,1,976,0
13897,30,1,3732,0
13897,47,1,365,0.05
13898,50,2,4645,0.05
13899,36,1,460,0
13899,29,1,410,0.1
13900,54,2,273,0.15
13901,35,1,2084,0.15
13901,6,1,3871,0.05
13901,56,1,2279,0
13902,46,1,1604,0
13902,60,1,1642,0
13902,16,2,2872,0.05
13903,28,2,3031,0.05
13903,14,2,3770,0.05
13904,51,1,2621,0.15
13904,34,1,1026,0.15
13905,29,1,410,0.1
13905,52,1,2641,0.15
13905,9,1,1527,0.05
13906,41,1,4560,0.2
13906,52,1,2641,0.05
13907,7,1,2555,0
13907,15,2,3944,0
13907,35,2,2084,0.1
13908,41,1,4560,0.1
13908,50,1,4645,0
13908,47,1,365,0.05
13909,5,2,207,0
13910,24,1,2210,0.15
13910,32,1,2083,0
13911,50,1,4645,0
13912,26,2,438,0
13913,57,1,3486,0
13914,43,1,2654,0
13914,9,3,1527,0
13915,35,2,2084,0
13915,20,2,4963,0
13916,1,1,2760,0.05
13917,27,1,2377,0
13918,12,1,2578,0.2
13919,23,1,2084,0
13919,9,1,1527,0
13920,17,1,1925,0
13920,10,1,3960,0.05
13921,1,1,2760,0
13921,19,2,2578,0.15
13921,11,1,4549,0.05
13921,41,1,4560,0
13922,33,1,2132,0
13922,39,1,765,0
13923,7,1,2555,0.2
13924,47,1,365,0.1
13924,22,1,131,0.1
13924,48,1,4805,0.15
13925,16,1,2872,0.15
13925,20,2,4963,0.15
13925,38,1,976,0.05
13925,27,1,2377,0
13926,53,1,1408,0.05
13927,46,2,1604,0.1
13927,47,1,365,0
13928,42,1,641,0
13928,43,2,2654,0
13929,26,1,438,0.05
13929,60,2,1642,0
13930,31,1,3571,0.15
13930,28,1,3031,0.1
13931,39,1,765,0.05
13932,29,1,410,0.1
13933,46,1,1604,0
13933,60,1,1642,0.1
13934,15,1,3944,0.15
13934,22,2,131,0
13935,60,2,1642,0
13935,29,1,410,0
13935,58,1,124,0
13936,21,1,572,0.2
13936,14,2,3770,0.05
13937,59,1,954,0.2
13937,40,2,4298,0
13938,28,2,3031,0.05
13939,27,1,2377,0.05
13939,48,1,4805,0
13939,15,3,3944,0
13940,19,1,2578,0.2
13940,34,1,1026,0
13941,34,1,1026,0.05
13942,20,1,4963,0
13942,4,1,3867,0.05
13942,6,2,3871,0
13942,4,2,3867,0.05
13943,50,3,4645,0
13943,27,1,2377,0
13944,16,1,2872,0.05
13945,5,1,207,0
13945,44,2,1674,0
13946,42,2,641,0.1
13947,50,1,4645,0
13947,51,1,2621,0.05
13947,53,1,1408,0.05
13947,31,1,3571,0
13948,51,2,2621,0
13948,50,1,4645,0.1
13948,19,1,2578,0.15
13949,39,1,765,0.05
13949,56,1,2279,0
13949,37,1,189,0
13950,19,1,2578,0.15
13951,26,2,438,0.15
13952,3,1,3882,0
13953,29,2,410,0.05
13954,24,1,2210,0
13954,26,1,438,0
13954,47,1,365,0
13955,50,1,4645,0.05
13955,34,1,1026,0.15
13955,27,1,2377,0.1
13955,54,1,273,0.05
13956,55,2,4377,0.15
13956,39,1,765,0
13956,54,2,273,0
13957,50,1,4645,0.1
13957,3,1,3882,0
13958,49,1,2121,0.05
13958,12,1,2578,0
13959,33,1,2132,0
13960,13,1,283,0
13960,56,1,2279,0.1
13960,16,1,2872,0
13960,50,2,4645,0.05
13961,31,1,3571,0
13961,11,1,4549,0.2
13962,31,1,3571,0.1
13963,55,1,4377,0
13963,53,1,1408,0.1
13964,60,1,1642,0
13965,39,1,765,0.1
13966,32,1,2083,0.05
13967,2,1,1368,0
13967,40,1,4298,0
13968,20,1,4963,0.05
13969,47,1,365,0.1
13969,42,2,641,0.1
13970,37,1,189,0
13970,12,3,2578,0.05
13971,18,1,4405,0
13972,16,1,2872,0.05
13973,29,1,410,0.1
13973,21,1,572,0
13974,13,1,283,0.05
13974,42,1,641,0
13975,29,1,410,0
13976,25,2,938,0.1
13976,43,1,2654,0
13977,41,2,4560,0.05
13977,9,1,1527,0.15
13978,31,1,3571,0
13979,34,2,1026,0.1
13979,11,1,4549,0
13980,6,1,3871,0.15
13980,30,2,3732,0.1
13980,36,1,460,0
13981,45,1,1847,0.05
13982,58,2,124,0.1
13982,55,1,4377,0.15
13982,52,2,2641,0.1
13982,33,1,2132,0.15
13983,20,1,4963,0
13984,44,1,1674,0.2
13984,39,1,765,0.1
13984,27,1,2377,0.1
13985,12,1,2578,0
13985,48,1,4805,0
13985,43,1,2654,0
13986,20,1,4963,0.05
13986,33,1,2132,0.05
13986,51,1,2621,0.05
13987,3,2,3882,0.1
13987,33,1,2132,0.1
13987,30,1,3732,0.05
13987,31,1,3571,0
13988,22,1,131,0.05
13988,50,2,4645,0.15
13988,50,1,4645,0.2
13989,18,1,4405,0.1
13989,42,1,641,0
13990,10,1,3960,0
13991,23,1,2084,0.05
13991,11,1,4549,0
13992,27,2,2377,0.05
13992,16,1,2872,0.05
13992,33,3,2132,0
13993,17,1,1925,0.05
13994,13,1,283,0
13994,28,3,3031,0
13995,2,1,1368,0.1
13996,58,2,124,0.1
13996,26,1,438,0
13996,2,1,1368,0
13996,40,1,4298,0.05
13997,17,1,1925,0.15
13998,47,2,365,0
13999,37,1,189,0
14000,3,1,3882,0.15
14001,14,1,3770,0.1
14002,18,1,4405,0.1
14002,14,2,3770,0
14002,6,1,3871,0.1
14002,27,2,2377,0.15
14003,46,1,1604,0.05
14003,57,1,3486,0
14004,25,2,938,0.05
14005,1,2,2760,0
14006,37,1,189,0
14007,45,1,1847,0.05
14008,48,1,4805,0.05
14009,29,1,410,0.05
14009,6,1,3871,0
14009,41,2,4560,0
14010,1,1,2760,0.05
14010,7,1,2555,0
14010,50,1,4645,0
14011,41,1,4560,0.1
14011,40,1,4298,0.05
14012,52,1,2641,0.05
14012,10,1,3960,0
14013,57,1,3486,0
14014,2,1,1368,0.05
14014,18,1,4405,0.05
14015,41,1,4560,0
14015,55,1,4377,0
14015,2,1,1368,0
14016,11,1,4549,0
14017,46,1,1604,0.1
14018,60,1,1642,0.1
14019,57,1,3486,0
14020,41,2,4560,0.2
14020,22,1,131,0
14021,24,1,2210,0.1
14022,3,1,3882,0
14022,4,2,3867,0
14022,21,1,572,0
14023,49,1,2121,0.2
14023,10,2,3960,0
14024,11,1,4549,0.05
14024,59,2,954,0.05
14025,1,2,2760,0
14026,14,1,3770,0
14027,19,1,2578,0.05
14027,25,1,938,0
14028,35,1,2084,0
14029,4,1,3867,0.05
14029,4,1,3867,0
14030,29,1,410,0
14031,43,1,2654,0.05
14032,50,3,4645,0
14033,4,1,3867,0
14034,10,1,3960,0
14034,3,1,3882,0.05
14035,23,3,2084,0
14035,53,2,1408,0.1
14035,14,1,3770,0.1
14035,53,1,1408,0.05
14036,18,1,4405,0.1
14036,2,1,1368,0
14037,45,1,1847,0
14037,35,1,2084,0
14037,37,1,189,0
14038,29,1,410,0
14039,28,3,3031,0.1
14040,19,1,2578,0
14040,18,1,4405,0.1
14040,28,3,3031,0
14041,27,1,2377,0.05
14041,18,2,4405,0.05
14042,10,2,3960,0.05
14043,52,1,2641,0.1
14043,20,1,4963,0
14044,27,2,2377,0.2
14045,40,1,4298,0
14045,21,1,572,0
14045,46,1,1604,0.05
14046,35,2,2084,0.1
14046,59,1,954,0
14047,21,1,572,0.1
14047,33,1,2132,0.05
14047,14,1,3770,0.1
14048,32,1,2083,0
14048,11,1,4549,0.1
14049,20,1,4963,0.2
14050,52,1,2641,0
14050,32,1,2083,0
14051,43,1,2654,0
14051,44,1,1674,0.1
14051,17,1,1925,0.05
14052,53,1,1408,0
14053,49,1,2121,0.05
14053,18,1,4405,0
14054,19,1,2578,0
14055,48,1,4805,0.2
14055,18,1,4405,0.2
14055,51,2,2621,0.05
14055,30,2,3732,0.05
14056,3,1,3882,0
14056,49,2,2121,0.2
14057,22,2,131,0
14058,6,1,3871,0.1
14059,18,1,4405,0.05
14059,28,2,3031,0.2
14059,11,2,4549,0
14060,40,1,4298,0
14060,20,2,4963,0.05
14060,50,2,4645,0.05
14061,51,1,2621,0
14062,42,1,641,0.1
14063,18,1,4405,0
14063,31,1,3571,0.15
14063,40,1,4298,0
14064,16,1,2872,0.15
14064,48,3,4805,0.2
14065,42,1,641,0
14065,13,1,283,0
14065,60,1,1642,0.1
14066,45,2,1847,0.15
14066,3,1,3882,0
14067,49,1,2121,0.15
14067,40,1,4298,0.05
14067,16,1,2872,0.05
14068,36,1,460,0.05
14069,41,1,4560,0
14070,9,1,1527,0.1
14071,24,1,2210,0.1
14071,24,1,2210,0.1
14071,49,1,2121,0.2
14071,56,1,2279,0
14072,29,1,410,0.05
14073,1,1,2760,0.15
14073,32,1,2083,0
14074,39,1,765,0
14075,56,1,2279,0.2
14076,55,1,4377,0
14076,3,2,3882,0
14077,15,1,3944,0.05
14077,21,1,572,0.1
14077,33,1,2132,0
14078,20,1,4963,0
14079,41,1,4560,0
14079,50,1,4645,0
14079,44,1,1674,0.05
14079,48,1,4805,0.15
14080,3,3,3882,0
14080,30,1,3732,0.1
14081,36,1,460,0
14082,50,1,4645,0.15
14082,25,1,938,0.1
14083,56,1,2279,0.15
14083,29,1,410,0
14084,31,2,3571,0
14085,1,1,2760,0.05
14085,10,1,3960,0
14086,3,1,3882,0.05
14086,4,1,3867,0
14086,39,2,765,0
14087,12,1,2578,0
14088,24,1,2210,0
14089,36,1,460,0
14090,58,2,124,0.05
14090,10,1,3960,0.1
14090,52,2,2641,0
14090,1,3,2760,0
14091,3,1,3882,0
14091,50,1,4645,0
14092,50,1,4645,0
14093,50,1,4645,0
14093,43,2,2654,0
14093,26,2,438,0
14093,33,1,2132,0.05
14094,54,2,273,0.05
14094,59,1,954,0.15
14095,16,1,2872,0.2
14095,20,1,4963,0
14095,18,1,4405,0
14096,6,1,3871,0
14096,57,2,3486,0.1
14097,50,1,4645,0.15
14097,35,2,2084,0.1
14097,34,1,1026,0
14098,16,1,2872,0.05
14098,30,1,3732,0.1
14099,35,1,2084,0.1
14099,19,2,2578,0
14100,52,1,2641,0.15
14100,47,1,365,0
14101,43,1,2654,0
14101,58,1,124,0.05
14102,43,1,2654,0.1
14102,14,2,3770,0
14103,54,2,273,0.1
14104,45,1,1847,0
14105,30,2,3732,0
14105,7,3,2555,0.05
14106,18,2,4405,0.1
14107,30,1,3732,0.1
14107,6,1,3871,0.2
14107,53,2,1408,0.1
14107,12,1,2578,0
14108,5,1,207,0.1
14109,27,1,2377,0.05
14109,29,2,410,0.05
14109,12,1,2578,0
14110,26,1,438,0.2
14111,15,1,3944,0.1
14111,12,2,2578,0.05
14112,50,1,4645,0
14112,15,1,3944,0
14113,46,1,1604,0.15
14113,42,1,641,0
14114,12,2,2578,0
14114,30,1,3732,0.15
14114,23,2,2084,0
14115,24,1,2210,0
14116,27,1,2377,0.1
14116,18,3,4405,0.15
14116,56,1,2279,0
14117,7,1,2555,0.05
14117,14,1,3770,0.15
14118,58,2,124,0
14118,49,1,2121,0
14118,38,1,976,0
14118,13,1,283,0
14119,16,1,2872,0.15
14120,2,1,1368,0
14121,23,1,2084,0
14121,36,1,460,0.05
14122,11,1,4549,0.2
14123,40,1,4298,0
14123,40,1,4298,0.15
14123,51,1,2621,0
14124,46,1,1604,0
14124,40,1,4298,0.05
14124,56,2,2279,0.05
14125,53,1,1408,0.2
14126,43,1,2654,0
14127,3,1,3882,0.05
14128,56,1,2279,0.15
14128,39,1,765,0.05
14129,13,1,283,0
14130,24,1,2210,0.05
14130,9,1,1527,0.05
14130,10,1,3960,0
14130,6,2,3871,0.1
14131,4,1,3867,0
14131,15,1,3944,0.1
14132,57,1,3486,0
14132,43,1,2654,0
14133,8,2,659,0
14133,43,1,2654,0.2
14134,27,1,2377,0.05
14135,1,2,2760,0.15
14135,14,1,3770,0.05
14135,11,1,4549,0.1
14136,4,1,3867,0.15
14136,11,1,4549,0
14137,48,2,4805,0.05
14137,3,1,3882,0
14138,52,1,2641,0.05
14139,6,1,3871,0.05
14139,16,1,2872,0.1
14140,17,1,1925,0
14140,16,1,2872,0.15
14140,33,1,2132,0.05
14140,22,1,131,0
14141,46,1,1604,0
14141,20,1,4963,0.1
14141,35,1,2084,0.1
14142,30,2,3732,0
14142,31,2,3571,0.05
14143,31,2,3571,0.05
14143,29,2,410,0
14143,15,1,3944,0.05
14143,27,2,2377,0.05
14144,24,2,2210,0.1
14144,38,2,976,0
14145,52,1,2641,0
14145,59,2,954,0.2
14146,51,1,2621,0
14147,59,1,954,0
14147,30,1,3732,0.05
14148,46,1,1604,0.05
14148,54,1,273,0.05
14149,59,2,954,0
14149,14,2,3770,0
14149,19,2,2578,0.05
14150,22,1,131,0.05
14151,31,1,3571,0.1
14152,15,1,3944,0.05
14152,42,1,641,0
14153,4,2,3867,0
14153,18,2,4405,0
14153,3,1,3882,0.2
14153,19,3,2578,0.05
14154,46,1,1604,0.1
14154,30,2,3732,0
14154,19,3,2578,0.1
14154,19,2,2578,0.05
14155,19,1,2578,0
14156,15,1,3944,0
14156,59,1,954,0.05
14157,6,2,3871,0
14157,54,1,273,0.2
14158,48,1,4805,0.05
14159,57,1,3486,0.05
14160,24,1,2210,0
14161,38,1,976,0.05
14161,36,1,460,0.05
14162,49,1,2121,0
14162,31,1,3571,0.05
14163,25,1,938,0.05
14164,57,1,3486,0.15
14164,15,1,3944,0
14165,21,1,572,0.2
14165,15,1,3944,0
14166,37,1,189,0
14166,55,1,4377,0.1
14166,24,1,2210,0
14167,16,1,2872,0.1
14167,27,1,2377,0
14168,9,1,1527,0.1
14169,56,1,2279,0
14170,3,1,3882,0
14171,39,1,765,0
14172,4,3,3867,0.05
14172,26,1,438,0
14172,58,1,124,0.1
14173,20,1,4963,0.05
14173,48,1,4805,0.2
14174,4,2,3867,0.1
14174,3,2,3882,0
14174,11,1,4549,0.1
14174,59,1,954,0.15
14175,52,1,2641,0.2
14176,14,1,3770,0.05
14176,47,2,365,0.15
14176,40,1,4298,0.05
14177,17,1,1925,0.2
14178,32,1,2083,0
14179,4,2,3867,0.05
14179,30,1,3732,0.15
14180,26,1,438,0
14180,19,3,2578,0.15
14181,51,1,2621,0.05
14181,45,1,1847,0
14182,8,1,659,0.2
14182,15,1,3944,0
14182,19,1,2578,0.1
14182,15,1,3944,0
14183,6,1,3871,0
14184,14,1,3770,0
14184,41,1,4560,0
14185,12,1,2578,0
14185,7,1,2555,0.15
14186,20,3,4963,0.15
14186,28,3,3031,0
14186,17,1,1925,0.1
14187,15,1,3944,0
14188,39,1,765,0.15
14188,6,1,3871,0.1
14189,14,1,3770,0.1
14190,45,1,1847,0
14191,60,2,1642,0
14191,1,1,2760,0.15
14191,19,1,2578,0.05
14191,52,1,2641,0
14192,15,3,3944,0
14193,4,1,3867,0.1
14193,26,2,438,0
14194,34,1,1026,0
14194,59,1,954,0
14195,10,1,3960,0.1
14195,20,2,4963,0.05
14196,4,2,3867,0
14196,57,3,3486,0.15
14197,37,2,189,0.05
14197,6,1,3871,0.1
14198,45,1,1847,0.05
14199,55,3,4377,0
14199,14,1,3770,0.1
14199,12,2,2578,0.1
14199,7,2,2555,0
14200,55,1,4377,0.1
14201,4,1,3867,0
14202,30,1,3732,0.15
14202,6,2,3871,0
14203,56,1,2279,0.1
14204,43,1,2654,0
14205,9,1,1527,0
14205,46,2,1604,0
14206,57,1,3486,0
14206,29,1,410,0
14207,49,1,2121,0
14207,22,1,131,0.1
14208,30,1,3732,0.1
14209,41,2,4560,0.1
14209,20,2,4963,0.05
14210,42,2,641,0.05
14210,58,1,124,0
14211,35,1,2084,0
14212,29,2,410,0.05
14213,26,1,438,0
14214,23,1,2084,0.1
14215,42,1,641,0
14216,33,1,2132,0.05
14216,53,1,1408,0
14216,51,1,2621,0
14216,3,2,3882,0.05
14217,47,1,365,0.2
14217,13,1,283,0
14217,17,1,1925,0.05
14218,51,1,2621,0.15
14218,49,1,2121,0
14219,34,1,1026,0
14219,42,1,641,0
14220,3,1,3882,0.05
14220,52,1,2641,0.15
14220,40,1,4298,0.15
14220,23,1,2084,0.2
14221,28,2,3031,0.05
14221,45,1,1847,0
14222,30,1,3732,0.1
14223,44,1,1674,0.2
14224,12,1,2578,0.05
14225,13,2,283,0.05
14226,59,1,954,0
14227,16,1,2872,0
14227,51,3,2621,0.05
14227,6,1,3871,0
14227,16,2,2872,0.1
14228,20,2,4963,0.05
14228,33,3,2132,0.15
14229,50,1,4645,0.1
14229,49,1,2121,0.05
14229,26,1,438,0.05
14229,2,2,1368,0
14230,51,3,2621,0
14231,7,2,2555,0.05
14231,46,2,1604,0
14232,4,1,3867,0.1
14232,17,1,1925,0
14233,33,1,2132,0
14234,19,1,2578,0
14234,57,1,3486,0.1
14235,41,1,4560,0.05
14235,32,1,2083,0.05
14236,11,1,4549,0.05
14237,32,1,2083,0
14237,26,1,438,0.05
14238,2,2,1368,0
14238,32,1,2083,0
14238,47,1,365,0.05
14238,2,1,1368,0.05
14239,46,2,1604,0
14239,42,1,641,0.2
14240,54,1,273,0.05
14240,58,1,124,0
14240,12,2,2578,0.05
14241,25,1,938,0.1
14241,56,1,2279,0.05
14241,10,3,3960,0.05
14242,35,1,2084,0
14242,50,2,4645,0.1
14243,47,1,365,0
14244,37,1,189,0
14245,12,1,2578,0.15
14245,31,1,3571,0.1
14246,3,2,3882,0
14246,43,1,2654,0.1
14246,31,1,3571,0
14247,39,1,765,0
14247,49,1,2121,0
14248,27,1,2377,0
14248,56,1,2279,0
14249,15,2,3944,0.05
14249,24,1,2210,0.15
14249,15,1,3944,0
14249,6,1,3871,0.1
14250,49,2,2121,0
14250,51,1,2621,0.1
14251,3,1,3882,0
14251,10,2,3960,0.15
14252,1,1,2760,0.05
14252,47,2,365,0.05
14253,42,1,641,0
14254,33,1,2132,0.15
14255,46,1,1604,0
14255,23,1,2084,0
14256,48,2,4805,0
14257,39,1,765,0.05
14258,4,1,3867,0.05
14258,33,2,2132,0.1
14259,39,1,765,0.05
14259,52,1,2641,0.05
14260,37,1,189,0.1
14260,43,1,2654,0
14261,40,1,4298,0
14262,4,1,3867,0.05
14263,35,2,2084,0
14264,16,1,2872,0.05
14264,54,1,273,0.05
14264,34,1,1026,0
14265,46,3,1604,0
14266,21,1,572,0.05
14267,60,2,1642,0.15
14267,31,1,3571,0.1
14267,14,1,3770,0
14267,51,1,2621,0.05
14268,40,1,4298,0.15
14268,37,1,189,0.1
14268,21,1,572,0.15
14269,15,1,3944,0.1
14269,4,3,3867,0
14269,11,2,4549,0.05
14269,3,2,3882,0
14270,11,1,4549,0.1
14270,39,1,765,0.05
14270,56,1,2279,0
14271,18,1,4405,0.05
14272,31,1,3571,0.05
14273,38,1,976,0
14273,45,1,1847,0.1
14274,8,1,659,0.1
14274,2,1,1368,0.1
14274,60,2,1642,0.15
14274,57,1,3486,0.15
14275,14,1,3770,0.1
14276,31,1,3571,0.2
14276,42,1,641,0
14276,4,1,3867,0
14277,18,2,4405,0
14278,48,1,4805,0.1
14278,59,1,954,0.05
14278,42,1,641,0.1
14279,22,1,131,0
14280,39,1,765,0
14280,33,1,2132,0.1
14281,31,2,3571,0.1
14281,56,1,2279,0.1
14281,48,1,4805,0
14282,42,3,641,0.1
14282,7,1,2555,0.05
14283,56,1,2279,0
14284,60,2,1642,0.15
14285,30,1,3732,0.05
14285,42,1,641,0.15
14286,54,1,273,0.05
14286,22,1,131,0
14287,31,1,3571,0.05
14288,35,1,2084,0.1
14288,24,1,2210,0
14289,8,1,659,0.05
14289,35,1,2084,0
14290,23,1,2084,0.2
14291,12,1,2578,0
14291,21,1,572,0.1
14291,38,1,976,0.05
14292,7,1,2555,0.1
14293,53,2,1408,0
14293,7,1,2555,0.05
14294,19,1,2578,0.1
14294,11,1,4549,0
14294,51,1,2621,0.15
14294,33,2,2132,0.15
14295,15,1,3944,0
14296,32,1,2083,0
14297,26,1,438,0
14298,22,1,131,0
14299,19,1,2578,0.1
14299,43,1,2654,0.2
14300,59,1,954,0.05
14300,16,1,2872,0.1
14300,15,2,3944,0.05
14301,24,1,2210,0.05
14301,24,1,2210,0.05
14301,36,1,460,0.15
14302,44,1,1674,0.05
14302,34,1,1026,0
14302,50,1,4645,0.15
14303,41,1,4560,0
14304,56,1,2279,0
14305,12,3,2578,0
14306,15,1,3944,0
14307,9,1,1527,0.05
14307,32,1,2083,0.1
14307,57,1,3486,0.1
14308,28,1,3031,0
14308,38,1,976,0
14309,20,1,4963,0
14309,1,1,2760,0.1
14310,3,1,3882,0.2
14310,32,1,2083,0.1
14311,26,2,438,0
14311,15,1,3944,0
14312,26,1,438,0.15
14312,52,3,2641,0.15
14313,5,1,207,0
14313,49,1,2121,0.1
14313,24,1,2210,0.1
14314,21,1,572,0
14315,12,1,2578,0.05
14316,25,3,938,0
14316,10,1,3960,0
14317,43,2,2654,0
14317,39,1,765,0.1
14317,9,1,1527,0
14318,49,2,2121,0
14319,43,1,2654,0.15
14319,19,1,2578,0.1
14320,38,1,976,0.1
14320,17,2,1925,0
14321,6,1,3871,0.05
14321,49,1,2121,0.1
14322,58,1,124,0
14322,23,1,2084,0.05
14322,23,2,2084,0.05
14323,57,1,3486,0.1
14324,15,1,3944,0
14324,21,1,572,0
14325,50,1,4645,0
14325,37,1,189,0.1
14325,55,1,4377,0.05
14326,46,1,1604,0.1
14326,57,1,3486,0.05
14326,9,1,1527,0.2
14326,15,1,3944,0
14327,58,1,124,0
14327,45,1,1847,0.05
14327,57,1,3486,0.1
14327,1,2,2760,0
14328,52,1,2641,0.1
14329,22,1,131,0.05
14329,3,1,3882,0.1
14330,38,2,976,0
14331,38,1,976,0
14332,15,2,3944,0
14333,17,2,1925,0.1
14333,57,1,3486,0
14334,26,2,438,0.15
14334,23,1,2084,0.05
14335,31,2,3571,0
14335,17,1,1925,0
14336,33,1,2132,0
14336,49,1,2121,0
14337,60,1,1642,0
14337,53,1,1408,0.05
14337,17,1,1925,0
14338,51,1,2621,0.1
14339,11,2,4549,0.1
14339,3,2,3882,0.1
14340,36,1,460,0.05
14341,25,1,938,0
14341,35,1,2084,0.05
14342,41,1,4560,0.1
14342,10,1,3960,0.05
14343,17,1,1925,0.15
14343,46,3,1604,0
14344,55,2,4377,0.1
14345,39,1,765,0
14345,11,1,4549,0
14345,29,2,410,0.05
14345,25,2,938,0.05
14346,31,1,3571,0.1
14347,44,1,1674,0.15
14347,17,1,1925,0
14347,59,1,954,0.05
14348,52,1,2641,0.05
14348,57,1,3486,0
14348,44,1,1674,0.1
14349,41,1,4560,0.05
14350,5,2,207,0.05
14350,46,2,1604,0.1
14350,41,1,4560,0
14351,19,2,2578,0
14351,31,1,3571,0
14352,19,1,2578,0
14353,28,1,3031,0
14354,35,2,2084,0.05
14355,13,1,283,0.05
14356,2,1,1368,0
14357,54,1,273,0
14357,43,3,2654,0
14357,11,1,4549,0
14358,54,1,273,0
14358,45,1,1847,0.1
14359,5,1,207,0.15
14359,2,1,1368,0
14360,41,1,4560,0.05
14361,18,1,4405,0
14362,4,1,3867,0
14362,36,1,460,0
14363,18,1,4405,0.05
14364,60,1,1642,0.15
14364,25,1,938,0
14364,50,1,4645,0.1
14365,2,1,1368,0
14366,6,1,3871,0
14367,34,1,1026,0.1
14368,20,1,4963,0.1
14369,30,1,3732,0
14369,44,1,1674,0.15
14370,40,1,4298,0.05
14370,28,3,3031,0.15
14371,40,1,4298,0.15
14371,15,1,3944,0
14372,17,1,1925,0
14373,50,1,4645,0.05
14374,28,3,3031,0.05
14375,16,2,2872,0.15
14376,18,1,4405,0.05
14377,32,1,2083,0.1
14377,6,1,3871,0.05
14377,20,1,4963,0
14378,53,2,1408,0.2
14379,33,2,2132,0
14379,50,2,4645,0.15
14380,27,1,2377,0
14380,27,1,2377,0.05
14380,11,1,4549,0.15
14381,7,2,2555,0.2
14381,12,2,2578,0.05
14381,57,1,3486,0
14382,43,1,2654,0.05
14382,19,1,2578,0.05
14383,4,1,3867,0.05
14384,47,1,365,0
14384,59,3,954,0
14385,41,2,4560,0
14386,36,1,460,0
14386,21,1,572,0
14387,57,1,3486,0.1
14388,4,1,3867,0.05
14388,30,1,3732,0.1
14388,44,1,1674,0
14388,6,2,3871,0.1
14389,40,1,4298,0
14389,10,3,3960,0.1
14389,35,1,2084,0
14389,26,1,438,0
14390,10,1,3960,0.05
14390,48,3,4805,0
14391,40,1,4298,0
14392,28,2,3031,0
14393,54,1,273,0.1
14394,12,1,2578,0
14395,7,1,2555,0
14395,36,1,460,0.1
14396,41,1,4560,0.05
14396,5,1,207,0.05
14397,50,2,4645,0.15
14397,18,1,4405,0.15
14398,1,1,2760,0
14398,38,1,976,0.05
14399,57,1,3486,0
14399,22,1,131,0
14399,35,2,2084,0.1
14400,14,2,3770,0.05
14400,32,1,2083,0.05
14401,25,1,938,0.1
14401,13,1,283,0.05
14402,2,1,1368,0.2
14402,43,1,2654,0.05
14402,25,2,938,0
14402,39,2,765,0
14403,20,2,4963,0.2
14403,4,2,3867,0
14404,17,1,1925,0.05
14404,57,1,3486,0
14405,22,1,131,0.1
14406,9,1,1527,0.15
14407,21,1,572,0
14407,50,1,4645,0
14407,11,1,4549,0.05
14408,25,1,938,0.15
14408,25,2,938,0.15
14408,3,1,3882,0
14409,50,1,4645,0.1
14410,16,1,2872,0.15
14410,25,1,938,0.15
14410,12,1,2578,0.1
14411,3,1,3882,0
14411,1,1,2760,0.05
14411,1,1,2760,0
14412,26,1,438,0
14413,31,3,3571,0.1
14413,15,1,3944,0.05
14414,23,1,2084,0.1
14415,16,2,2872,0
14416,60,1,1642,0.1
14417,60,2,1642,0
14417,7,1,2555,0
14417,27,2,2377,0.1
14418,52,1,2641,0
14418,32,1,2083,0
14419,20,1,4963,0
14419,43,1,2654,0.05
14420,53,1,1408,0.1
14420,13,1,283,0.05
14421,43,1,2654,0
14422,35,1,2084,0
14422,52,1,2641,0.05
14423,25,1,938,0.05
14424,26,1,438,0.1
14424,52,2,2641,0.1
14425,27,1,2377,0.2
14425,41,1,4560,0.2
14425,10,1,3960,0.1
14425,47,1,365,0.05
14426,15,1,3944,0.1
14426,42,1,641,0
14426,41,2,4560,0
14427,50,1,4645,0.1
14427,59,2,954,0
14428,31,2,3571,0.1
14429,23,1,2084,0
14429,49,1,2121,0.05
14430,29,1,410,0
14431,5,1,207,0
14431,15,1,3944,0.15
14431,46,1,1604,0.05
14431,31,1,3571,0
14432,4,1,3867,0
14432,57,1,3486,0.15
14432,41,1,4560,0
14433,58,1,124,0
14434,2,1,1368,0.05
14435,10,1,3960,0.1
14436,7,1,2555,0.1
14437,10,2,3960,0
14438,17,1,1925,0
14438,53,2,1408,0.1
14439,46,1,1604,0.15
14439,52,2,2641,0.05
14440,59,1,954,0.05
14441,37,1,189,0.05
14442,12,2,2578,0.05
14443,15,1,3944,0
14443,48,1,4805,0.1
14443,58,1,124,0.1
14444,41,1,4560,0.05
14445,47,1,365,0.05
14445,22,2,131,0.05
14446,53,1,1408,0
14446,52,1,2641,0
14446,31,1,3571,0
14447,10,1,3960,0.15
14448,52,2,2641,0
14448,19,1,2578,0.1
14449,57,1,3486,0
14450,19,2,2578,0.1
14450,56,2,2279,0
14451,30,3,3732,0.15
14451,34,1,1026,0
14452,5,1,207,0.2
14453,59,1,954,0.1
14454,15,1,3944,0.1
14454,41,1,4560,0.15
14454,32,1,2083,0.05
14455,40,2,4298,0
14455,4,1,3867,0.15
14455,42,1,641,0
14456,14,1,3770,0.05
14457,58,1,124,0
14458,33,1,2132,0
14459,1,1,2760,0.15
14459,3,1,3882,0.1
14460,56,1,2279,0.1
14460,35,3,2084,0.05
14461,50,1,4645,0
14461,40,2,4298,0
14462,47,2,365,0.05
14462,32,2,2083,0.05
14462,39,1,765,0
14463,16,1,2872,0.05
14463,1,1,2760,0
14463,16,1,2872,0.15
14464,27,2,2377,0
14464,14,1,3770,0.05
14465,25,2,938,0.05
14465,48,1,4805,0
14465,2,1,1368,0
14466,13,1,283,0.05
14467,33,1,2132,0.05
14467,34,1,1026,0.05
14468,1,1,2760,0.1
14468,4,1,3867,0
14468,41,1,4560,0
14469,39,1,765,0
14469,43,2,2654,0
14470,12,1,2578,0.1
14471,51,1,2621,0
14471,50,1,4645,0.1
14472,47,2,365,0
14472,39,1,765,0.05
14473,58,2,124,0.05
14473,36,1,460,0
14474,10,1,3960,0.05
14474,21,1,572,0.1
14475,4,2,3867,0
14475,45,3,1847,0.05
14475,57,2,3486,0.15
14476,3,1,3882,0.1
14477,30,2,3732,0
14477,29,1,410,0.15
14477,55,1,4377,0.15
14478,28,3,3031,0.05
14478,33,2,2132,0.05
14478,22,3,131,0.1
14478,60,1,1642,0
14479,41,1,4560,0
14480,19,1,2578,0.05
14480,19,1,2578,0
14481,48,1,4805,0.05
14481,46,3,1604,0.1
14482,21,1,572,0.15
14482,36,1,460,0.15
14482,17,1,1925,0
14483,5,1,207,0.15
14483,7,1,2555,0
14483,3,2,3882,0.15
14484,9,1,1527,0.15
14485,30,1,3732,0
14485,60,1,1642,0
14486,5,1,207,0.1
14486,48,1,4805,0.2
14487,20,1,4963,0
14488,31,1,3571,0
14488,59,3,954,0.1
14488,50,1,4645,0
14489,51,1,2621,0
14490,13,2,283,0
14491,30,1,3732,0.05
14491,17,1,1925,0.2
14492,17,1,1925,0
14493,2,1,1368,0
14494,3,2,3882,0.05
14494,3,1,3882,0.15
14494,19,2,2578,0
14495,3,1,3882,0.05
14496,22,1,131,0.1
14497,58,1,124,0.1
14497,59,1,954,0
14497,30,1,3732,0.05
14498,51,3,2621,0.05
14498,24,1,2210,0.05
14499,9,1,1527,0.2
14499,2,1,1368,0.15
14499,47,1,365,0
14500,7,1,2555,0
14500,50,1,4645,0.1
14500,41,2,4560,0.05
14501,30,1,3732,0.05
14501,17,3,1925,0.05
14502,39,1,765,0.05
14503,9,1,1527,0.05
14504,55,1,4377,0.05
14504,6,3,3871,0.1
14505,30,1,3732,0
14506,23,1,2084,0.1
14507,19,3,2578,0
14507,5,2,207,0.05
14507,1,2,2760,0
14507,57,2,3486,0.1
14508,4,1,3867,0
14508,28,1,3031,0.1
14508,3,1,3882,0.1
14509,27,1,2377,0
14509,12,1,2578,0.2
14509,15,1,3944,0.1
14510,15,1,3944,0
14510,6,1,3871,0.05
14510,41,3,4560,0
14511,17,1,1925,0.05
14511,11,2,4549,0.1
14512,15,1,3944,0
14513,36,1,460,0
14514,10,1,3960,0.05
14515,54,1,273,0.15
14516,55,1,4377,0.1
14516,44,1,1674,0
14516,9,1,1527,0.05
14517,43,1,2654,0
14518,37,1,189,0.1
14519,16,1,2872,0
14520,8,1,659,0.1
14521,39,1,765,0
14522,20,1,4963,0.05
14523,41,2,4560,0.2
14524,38,1,976,0.1
14524,36,3,460,0
14525,24,1,2210,0.05
14525,20,1,4963,0
14525,31,3,3571,0.1
14526,27,1,2377,0.1
14527,14,1,3770,0
14528,57,2,3486,0.05
14529,16,2,2872,0.05
14530,47,1,365,0
14530,33,1,2132,0
14530,7,1,2555,0.1
14531,50,1,4645,0
14531,20,2,4963,0
14531,7,1,2555,0
14531,22,3,131,0
14532,31,1,3571,0
14533,36,1,460,0
14533,48,1,4805,0.05
14534,31,2,3571,0.2
14534,51,1,2621,0.05
14534,19,1,2578,0.1
14535,9,1,1527,0.05
14536,59,1,954,0.15
14537,9,1,1527,0.05
14537,3,1,3882,0.1
14538,25,1,938,0
14538,54,1,273,0
14539,5,1,207,0
14540,54,1,273,0
14541,28,1,3031,0.05
14542,49,1,2121,0.1
14542,15,1,3944,0.15
14543,17,1,1925,0
14544,23,1,2084,0.1
14544,43,1,2654,0
14545,34,2,1026,0.05
14545,24,1,2210,0.1
14546,32,1,2083,0
14546,50,3,4645,0
14547,7,2,2555,0
14547,31,1,3571,0
14548,45,1,1847,0
14549,31,1,3571,0.05
14550,8,1,659,0
14551,42,1,641,0.05
14551,33,1,2132,0
14552,29,1,410,0
14552,48,2,4805,0.2
14553,23,1,2084,0.05
14554,23,1,2084,0.1
14554,50,1,4645,0
14554,60,1,1642,0
14555,14,3,3770,0.2
14555,5,1,207,0
14556,47,1,365,0
14556,54,1,273,0.15
14557,18,1,4405,0.15
14557,22,2,131,0.05
14557,31,1,3571,0.05
14557,20,1,4963,0
14558,31,1,3571,0
14559,58,1,124,0.05
14559,23,1,2084,0.1
14560,17,1,1925,0
14561,20,1,4963,0
14561,32,1,2083,0
14561,19,2,2578,0.05
14561,2,1,1368,0.05
14562,6,1,3871,0.05
14563,59,1,954,0.1
14563,42,1,641,0.2
14563,37,2,189,0
14564,42,1,641,0.15
14564,59,1,954,0.05
14565,40,1,4298,0
14565,27,1,2377,0
14566,19,2,2578,0.15
14567,26,1,438,0
14568,16,1,2872,0
14569,59,1,954,0
14570,3,2,3882,0.1
14570,11,1,4549,0.05
14570,1,3,2760,0.05
14571,32,1,2083,0.1
14571,58,2,124,0
14571,31,2,3571,0
14571,31,3,3571,0.2
14572,40,1,4298,0
14572,40,1,4298,0.05
14573,43,3,2654,0
14574,51,1,2621,0.1
14574,44,2,1674,0
14575,50,1,4645,0
14575,26,2,438,0.15
14575,15,1,3944,0
14576,28,1,3031,0
14576,41,3,4560,0.05
14576,57,1,3486,0
14577,35,2,2084,0.15
14578,35,1,2084,0.05
14578,18,3,4405,0
14578,18,2,4405,0.05
14579,24,1,2210,0.05
14579,56,2,2279,0.1
14579,52,1,2641,0.05
14580,11,1,4549,0.15
14581,33,3,2132,0
14581,41,3,4560,0
14582,16,1,2872,0.15
14582,40,1,4298,0.1
14583,28,2,3031,0.2
14583,40,1,4298,0
14584,12,1,2578,0
14584,12,1,2578,0
14584,58,1,124,0
14585,43,1,2654,0.15
14585,16,2,2872,0.15
14586,43,1,2654,0.1
14586,34,1,1026,0
14587,24,1,2210,0.05
14588,15,1,3944,0.15
14589,48,1,4805,0.05
14590,18,1,4405,0
14590,44,1,1674,0
14590,8,1,659,0.05
14590,35,1,2084,0.05
14591,4,3,3867,0
14591,16,1,2872,0.2
14591,6,1,3871,0
14592,35,1,2084,0.15
14593,59,1,954,0.05
14593,5,2,207,0
14594,33,3,2132,0
14594,54,1,273,0.1
14595,12,1,2578,0.15
14595,40,1,4298,0.05
14596,60,1,1642,0.05
14596,40,2,4298,0.05
14597,48,2,4805,0
14597,14,2,3770,0.05
14598,15,3,3944,0.1
14599,1,1,2760,0.05
14599,39,1,765,0
14600,30,2,3732,0.05
14601,52,2,2641,0.1
14601,33,2,2132,0.05
14602,34,1,1026,0
14602,32,1,2083,0.15
14602,7,1,2555,0.1
14603,21,1,572,0
14603,50,1,4645,0
14604,25,1,938,0
14604,30,2,3732,0.1
14604,48,1,4805,0.1
14604,11,1,4549,0.05
14605,17,1,1925,0
14605,60,1,1642,0.05
14605,7,2,2555,0
14606,54,1,273,0
14607,35,1,2084,0.05
14607,19,1,2578,0.05
14607,57,1,3486,0.1
14607,54,1,273,0.05
14608,15,1,3944,0
14609,25,1,938,0
14609,56,1,2279,0
14609,34,1,1026,0
14610,41,1,4560,0
14610,40,1,4298,0.15
14610,33,1,2132,0
14610,55,1,4377,0
14611,46,1,1604,0.05
14612,3,2,3882,0.05
14612,15,3,3944,0
14612,56,1,2279,0.1
14612,43,1,2654,0.05
14613,31,1,3571,0.1
14613,22,1,131,0
14613,58,1,124,0.15
14614,14,1,3770,0
14614,25,1,938,0
14615,8,1,659,0
14616,46,1,1604,0.1
14617,15,1,3944,0.1
14617,50,1,4645,0
14618,56,1,2279,0
14618,51,1,2621,0.1
14618,22,1,131,0.15
14619,21,1,572,0.2
14620,25,1,938,0
14620,49,1,2121,0.05
14620,52,3,2641,0.1
14621,15,1,3944,0.05
14622,26,1,438,0.15
14623,9,1,1527,0.2
14623,40,2,4298,0.05
14624,33,2,2132,0
14624,17,1,1925,0
14625,11,1,4549,0.1
14625,9,1,1527,0.05
14625,9,2,1527,0
14626,59,1,954,0.1
14627,11,1,4549,0
14627,8,2,659,0.15
14627,4,1,3867,0
14627,23,1,2084,0
14628,59,1,954,0.1
14628,60,1,1642,0.05
14629,27,1,2377,0.1
14629,46,1,1604,0.05
14629,9,1,1527,0.1
14630,60,1,1642,0.05
14630,6,1,3871,0.1
14631,37,1,189,0.05
14631,56,1,2279,0
14632,25,1,938,0
14633,24,3,2210,0.1
14634,9,1,1527,0.15
14634,27,1,2377,0
14635,30,1,3732,0.05
14636,34,1,1026,0.2
14637,15,1,3944,0
14638,48,3,4805,0.05
14638,3,2,3882,0
14639,26,1,438,0.1
14639,37,2,189,0
14639,7,1,2555,0.15
14640,52,2,2641,0.1
14640,37,2,189,0.1
14640,31,1,3571,0.05
14641,55,1,4377,0
14641,30,1,3732,0.1
14642,47,1,365,0.05
14642,7,3,2555,0.15
14642,22,2,131,0.05
14643,13,1,283,0
14643,1,1,2760,0
14644,10,1,3960,0.1
14644,38,1,976,0.05
14644,6,2,3871,0.1
14645,14,1,3770,0
14645,32,1,2083,0
14646,45,1,1847,0.15
14647,33,1,2132,0
14647,49,1,2121,0
14648,52,1,2641,0.15
14649,31,1,3571,0.05
14650,31,1,3571,0
14651,17,1,1925,0.1
14651,12,1,2578,0
14652,23,1,2084,0.05
14652,43,2,2654,0
14653,23,1,2084,0.1
14653,58,3,124,0.1
14654,15,2,3944,0.15
14654,30,1,3732,0.2
14654,25,3,938,0.05
14654,42,1,641,0.1
14655,33,2,2132,0.1
14655,6,1,3871,0.05
14655,19,2,2578,0
14655,54,1,273,0.05
14656,21,1,572,0.05
14657,11,1,4549,0.05
14657,7,2,2555,0
14657,55,1,4377,0
14658,14,1,3770,0.1
14658,38,1,976,0
14659,51,1,2621,0
14660,38,1,976,0
14660,6,1,3871,0.05
14661,25,1,938,0.1
14661,26,1,438,0.15
14662,25,1,938,0
14662,9,1,1527,0.1
14663,3,1,3882,0.05
14664,31,1,3571,0
14665,1,1,2760,0.05
14665,3,1,3882,0
14665,14,2,3770,0
14666,17,2,1925,0.05
14666,14,1,3770,0
14666,48,1,4805,0.1
14666,26,2,438,0.05
14667,51,2,2621,0.1
14667,56,1,2279,0.05
14667,37,1,189,0.1
14668,44,1,1674,0.05
14668,14,1,3770,0
14669,52,2,2641,0
14669,48,1,4805,0.1
14669,57,2,3486,0
14670,31,2,3571,0
14671,33,1,2132,0.2
14671,51,1,2621,0
14672,22,1,131,0
14673,39,1,765,0.1
14674,9,1,1527,0
14675,6,2,3871,0.05
14676,37,1,189,0.05
14677,48,2,4805,0.1
14677,40,1,4298,0.15
14677,57,3,3486,0
14677,55,1,4377,0.2
14678,1,1,2760,0
14679,21,1,572,0
14680,51,1,2621,0
14680,10,3,3960,0
14680,19,3,2578,0.15
14680,3,3,3882,0.1
14681,52,1,2641,0
14682,30,1,3732,0.1
14683,26,1,438,0.1
14684,6,2,3871,0.05
14685,6,2,3871,0
14686,20,1,4963,0
14687,51,2,2621,0
14687,29,1,410,0.05
14688,58,1,124,0.05
14689,43,1,2654,0.1
14689,34,2,1026,0.1
14690,29,1,410,0.05
14691,35,1,2084,0.05
14692,32,1,2083,0.05
14693,4,1,3867,0
14694,46,1,1604,0.15
14695,33,1,2132,0
14696,28,1,3031,0
14697,28,2,3031,0
14697,57,1,3486,0.1
14697,48,1,4805,0
14697,10,1,3960,0
14698,23,1,2084,0.1
14699,57,1,3486,0
14700,19,1,2578,0.05
14700,59,1,954,0
14701,38,1,976,0.1
14702,21,1,572,0.05
14702,52,1,2641,0.1
14703,20,1,4963,0
14704,53,2,1408,0.05
14704,31,2,3571,0.05
14704,44,1,1674,0.15
14705,5,1,207,0.1
14705,27,2,2377,0.1
14706,11,1,4549,0.1
14707,26,2,438,0.05
14708,20,1,4963,0
14708,21,1,572,0
14709,16,1,2872,0.05
14709,23,1,2084,0
14710,45,2,1847,0.15
14710,14,1,3770,0.05
14711,31,1,3571,0.05
14711,37,1,189,0.1
14712,9,1,1527,0
14712,55,1,4377,0.1
14712,38,1,976,0.1
14713,44,1,1674,0
14713,50,1,4645,0
14713,25,1,938,0.05
14714,51,1,2621,0.15
14714,56,1,2279,0.1
14715,47,1,365,0.1
14716,11,3,4549,0.2
14716,57,1,3486,0.05
14716,20,2,4963,0.05
14717,21,2,572,0.15
14717,59,1,954,0.15
14717,43,1,2654,0.05
14718,35,1,2084,0.15
14718,40,1,4298,0
14719,56,1,2279,0
14720,3,1,3882,0.2
14720,31,1,3571,0
14720,33,3,2132,0.1
14720,11,2,4549,0.1
14721,19,1,2578,0
14722,10,1,3960,0
14722,57,1,3486,0
14723,45,2,1847,0
14723,30,1,3732,0
14724,24,1,2210,0
14725,40,1,4298,0.15
14726,12,1,2578,0
14726,1,1,2760,0.15
14727,55,1,4377,0.1
14727,13,1,283,0
14728,20,2,4963,0.1
14729,18,1,4405,0.15
14730,3,1,3882,0
14730,24,1,2210,0.1
14731,39,1,765,0
14732,41,2,4560,0
14732,28,1,3031,0.05
14732,3,2,3882,0.05
14733,13,1,283,0.05
14733,43,1,2654,0
14734,48,1,4805,0.05
14734,50,1,4645,0.05
14734,25,3,938,0.15
14735,58,2,124,0.05
14735,12,3,2578,0
14735,15,2,3944,0.1
14736,53,1,1408,0
14736,60,1,1642,0
14737,46,1,1604,0.1
14738,46,1,1604,0
14739,43,1,2654,0
14740,27,1,2377,0.1
14740,21,1,572,0.15
14741,34,1,1026,0
14741,48,1,4805,0
14741,12,1,2578,0.15
14742,12,2,2578,0
14742,51,1,2621,0
14743,46,1,1604,0.05
14743,59,1,954,0
14744,55,1,4377,0
14745,25,1,938,0.15
14746,50,1,4645,0
14746,41,2,4560,0
14746,51,1,2621,0.05
14746,28,2,3031,0.05
14747,1,3,2760,0
14748,50,1,4645,0
14748,48,1,4805,0
14749,8,1,659,0
14749,42,1,641,0.05
14749,55,1,4377,0.1
14750,24,1,2210,0.15
14750,25,1,938,0.05
14751,23,3,2084,0.2
14751,18,1,4405,0.1
14751,10,2,3960,0.1
14752,26,1,438,0.1
14753,10,3,3960,0
14754,14,1,3770,0
14754,29,1,410,0
14755,14,1,3770,0.05
14755,46,1,1604,0.05
14755,11,1,4549,0
14756,41,1,4560,0.1
14757,16,1,2872,0.05
14758,6,2,3871,0
14758,5,2,207,0.05
14759,23,1,2084,0.1
14760,8,1,659,0.2
14761,12,2,2578,0
14761,37,1,189,0.05
14761,43,1,2654,0.1
14761,60,1,1642,0.05
14762,60,1,1642,0
14762,34,1,1026,0.1
14763,29,1,410,0.1
14764,28,1,3031,0
14764,12,1,2578,0
14764,27,2,2377,0.05
14764,8,1,659,0
14765,10,3,3960,0.1
14765,14,3,3770,0.1
14765,10,1,3960,0.15
14766,16,2,2872,0.1
14767,46,1,1604,0.05
14768,19,1,2578,0.05
14768,25,1,938,0.15
14768,13,2,283,0.05
14769,33,1,2132,0.05
14769,35,1,2084,0
14769,13,1,283,0
14769,57,2,3486,0
14770,33,1,2132,0
14770,49,1,2121,0.2
14771,32,1,2083,0.1
14771,6,1,3871,0
14771,46,1,1604,0
14772,38,1,976,0
14772,22,1,131,0.15
14773,1,1,2760,0.05
14774,24,1,2210,0.05
14774,29,1,410,0
14774,18,3,4405,0.15
14774,15,2,3944,0.1
14775,51,2,2621,0.1
14775,12,1,2578,0.1
14775,3,1,3882,0.05
14776,10,1,3960,0.1
14777,52,3,2641,0
14777,10,1,3960,0.05
14777,3,3,3882,0.05
14778,23,1,2084,0
14779,42,2,641,0
14779,33,2,2132,0
14780,6,2,3871,0.2
14780,28,1,3031,0.1
14780,39,1,765,0.05
14781,19,2,2578,0
14781,49,1,2121,0.1
14782,40,1,4298,0.1
14782,51,1,2621,0
14783,47,1,365,0.15
14783,31,1,3571,0.05
14783,28,2,3031,0
14784,41,1,4560,0.1
14784,54,1,273,0.2
14784,37,2,189,0.05
14785,39,1,765,0
14785,13,1,283,0.1
14785,16,2,2872,0
14786,31,2,3571,0.05
14786,39,1,765,0
14787,31,1,3571,0
14788,4,1,3867,0.2
14788,30,1,3732,0
14788,50,1,4645,0.1
14789,8,1,659,0.2
14790,41,1,4560,0
14790,22,2,131,0.05
14791,34,2,1026,0.1
14791,23,3,2084,0
14791,2,1,1368,0.1
14792,29,1,410,0.1
14793,18,1,4405,0.05
14793,40,1,4298,0.15
14793,39,1,765,0
14794,8,1,659,0.1
14795,56,1,2279,0.1
14796,3,1,3882,0
14796,30,2,3732,0.15
14796,52,1,2641,0.15
14797,29,1,410,0
14797,58,1,124,0.05
14797,36,1,460,0
14798,57,2,3486,0
14799,48,2,4805,0.05
14799,59,1,954,0.05
14800,45,1,1847,0.1
14800,47,1,365,0.05
14801,57,1,3486,0.1
14802,21,2,572,0.15
14802,7,2,2555,0
14802,43,1,2654,0.05
14803,55,1,4377,0.05
14803,29,2,410,0.05
14804,29,2,410,0.15
14804,48,1,4805,0
14804,28,1,3031,0.2
14805,20,1,4963,0.1
14806,14,1,3770,0
14807,3,1,3882,0.05
14807,60,1,1642,0
14807,27,1,2377,0
14808,3,1,3882,0
14808,37,2,189,0
14808,32,1,2083,0.1
14808,40,1,4298,0.1
14809,7,1,2555,0
14810,40,2,4298,0.1
14810,19,1,2578,0.05
14811,14,3,3770,0
14812,55,1,4377,0.1
14813,14,1,3770,0.15
14813,32,1,2083,0.1
14813,52,1,2641,0
14814,57,1,3486,0.1
14815,33,1,2132,0
14816,36,2,460,0.15
14817,58,1,124,0.1
14817,38,2,976,0
14817,31,1,3571,0
14818,4,1,3867,0.1
14819,22,1,131,0.2
14820,59,1,954,0.05
14821,48,2,4805,0.05
14821,12,1,2578,0.05
14821,18,2,4405,0
14822,3,2,3882,0
14822,18,1,4405,0.1
14823,1,1,2760,0.05
14824,22,1,131,0.05
14825,16,1,2872,0
14825,17,1,1925,0.2
14825,18,1,4405,0.1
14826,44,3,1674,0.05
14826,13,3,283,0.2
14826,33,2,2132,0.1
14827,27,1,2377,0.1
14828,53,1,1408,0.05
14829,19,1,2578,0.05
14830,56,1,2279,0
14830,50,1,4645,0.2
14830,3,1,3882,0.1
14831,9,1,1527,0.05
14831,2,1,1368,0
14832,57,1,3486,0.1
14832,25,1,938,0
14833,31,1,3571,0
14833,42,1,641,0.15
14834,5,1,207,0.2
14834,14,1,3770,0
14835,12,1,2578,0
14836,8,2,659,0.05
14836,4,2,3867,0
14837,50,2,4645,0.1
14838,26,2,438,0.2
14838,36,1,460,0
14838,17,2,1925,0.1
14839,19,1,2578,0.05
14840,27,1,2377,0
14840,2,1,1368,0.05
14841,12,1,2578,0
14842,13,1,283,0
14842,4,1,3867,0
14843,39,1,765,0.1
14843,30,1,3732,0
14844,15,1,3944,0
14845,53,1,1408,0.2
14846,1,1,2760,0.05
14846,32,1,2083,0.1
14846,5,1,207,0
14846,38,1,976,0
14847,48,1,4805,0
14847,47,2,365,0
14847,21,1,572,0
14848,36,1,460,0.05
14848,30,1,3732,0
14848,38,1,976,0.05
14849,6,1,3871,0.15
14849,9,1,1527,0.2
14850,24,1,2210,0.05
14850,40,2,4298,0.05
14851,46,1,1604,0.15
14852,48,1,4805,0.1
14853,41,2,4560,0
14853,53,1,1408,0
14853,14,1,3770,0.05
14853,22,1,131,0
14854,14,1,3770,0.1
14854,16,1,2872,0.15
14854,55,3,4377,0.05
14854,38,2,976,0.15
14855,32,1,2083,0.05
14855,27,2,2377,0
14856,35,1,2084,0
14856,1,1,2760,0.1
14856,55,1,4377,0.1
14857,22,1,131,0.1
14858,28,1,3031,0
14858,3,1,3882,0.1
14859,51,1,2621,0.05
14860,18,1,4405,0.2
14860,52,2,2641,0
14860,10,2,3960,0.05
14861,34,1,1026,0.1
14861,21,1,572,0.2
14861,41,2,4560,0.1
14862,23,1,2084,0.15
14862,55,1,4377,0.05
14863,34,1,1026,0
14863,40,1,4298,0.1
14863,45,1,1847,0
14864,57,1,3486,0.05
14864,8,1,659,0
14865,8,1,659,0.05
14865,36,1,460,0
14866,16,2,2872,0.05
14866,12,1,2578,0.1
14867,42,1,641,0.1
14867,28,1,3031,0.05
14868,1,3,2760,0.1
14869,55,1,4377,0.05
14870,50,1,4645,0.15
14870,49,1,2121,0
14870,16,2,2872,0
14871,43,2,2654,0
14871,4,1,3867,0.15
14872,1,2,2760,0.05
14872,33,1,2132,0
14873,50,2,4645,0.05
14873,57,1,3486,0
14874,29,1,410,0
14875,30,1,3732,0
14875,49,1,2121,0.1
14876,57,1,3486,0
14876,52,1,2641,0.1
14876,11,2,4549,0.1
14877,9,1,1527,0.1
14877,7,1,2555,0.05
14877,49,3,2121,0.1
14878,49,1,2121,0.05
14879,11,1,4549,0.15
14879,33,1,2132,0
14879,58,2,124,0
14880,33,1,2132,0.1
14880,50,2,4645,0.15
14881,47,1,365,0
14882,27,1,2377,0.2
14882,14,3,3770,0
14882,40,1,4298,0.05
14883,12,1,2578,0.05
14883,33,1,2132,0.05
14883,15,1,3944,0.2
14884,48,1,4805,0.05
14885,55,1,4377,0.1
14885,14,3,3770,0.15
14886,30,1,3732,0
14886,10,1,3960,0.15
14887,22,1,131,0.05
14887,3,1,3882,0
14887,38,2,976,0
14888,20,3,4963,0.05
14888,12,3,2578,0.05
14888,51,2,2621,0
14888,1,2,2760,0.1
14889,14,1,3770,0.15
14890,7,1,2555,0.2
14891,10,1,3960,0.05
14891,11,1,4549,0.1
14891,41,1,4560,0
14892,18,2,4405,0.05
14892,43,3,2654,0.1
14892,57,2,3486,0.05
14893,36,3,460,0.05
14894,31,1,3571,0.1
14894,28,2,3031,0.05
14894,7,1,2555,0
14895,38,1,976,0.05
14896,38,1,976,0
14896,34,3,1026,0.15
14897,33,1,2132,0.1
14897,1,1,2760,0.1
14898,55,3,4377,0.1
14898,28,1,3031,0.05
14898,40,2,4298,0.05
14899,37,1,189,0.05
14900,29,1,410,0.1
14900,45,1,1847,0.15
14900,1,1,2760,0.05
14901,57,1,3486,0
14902,55,1,4377,0
14902,21,1,572,0
14903,58,1,124,0
14903,11,1,4549,0
14904,9,1,1527,0
14905,40,2,4298,0.15
14906,55,2,4377,0.1
14907,8,1,659,0.05
14908,14,1,3770,0.1
14909,32,1,2083,0.1
14909,51,2,2621,0.15
14909,6,1,3871,0.05
14909,2,1,1368,0
14910,14,2,3770,0
14910,48,1,4805,0
14911,17,1,1925,0.05
14912,8,2,659,0
14913,50,1,4645,0.05
14913,48,3,4805,0
14914,60,1,1642,0.15
14914,2,1,1368,0.1
14915,59,2,954,0.1
14916,31,1,3571,0.1
14917,41,3,4560,0
14918,31,1,3571,0.05
14918,50,2,4645,0.1
14918,17,1,1925,0.05
14919,15,1,3944,0.15
14920,51,1,2621,0
14921,7,1,2555,0
14921,14,1,3770,0
14921,56,1,2279,0.05
14922,15,2,3944,0
14922,4,2,3867,0.2
14923,60,1,1642,0.1
14923,45,1,1847,0
14923,3,1,3882,0.1
14924,13,1,283,0
14924,23,1,2084,0.1
14925,1,1,2760,0
14925,15,2,3944,0.05
14925,14,1,3770,0.2
14925,59,2,954,0
14926,37,3,189,0
14927,50,1,4645,0
14927,8,1,659,0.05
14928,14,1,3770,0.05
14929,43,1,2654,0
14930,3,1,3882,0
14930,14,2,3770,0
14930,11,1,4549,0.1
14931,36,1,460,0
14932,44,1,1674,0
14933,24,1,2210,0.05
14934,45,1,1847,0
14935,48,1,4805,0.15
14935,51,2,2621,0
14935,58,3,124,0
14936,15,1,3944,0
14937,15,1,3944,0
14937,45,1,1847,0.1
14938,15,3,3944,0
14939,40,2,4298,0
14939,1,1,2760,0
14940,31,1,3571,0
14940,18,1,4405,0
14940,43,2,2654,0.1
14940,51,1,2621,0.2
14941,49,2,2121,0
14941,48,1,4805,0.05
14941,1,2,2760,0.05
14942,39,1,765,0.15
14943,26,1,438,0
14943,27,1,2377,0.1
14944,38,2,976,0.05
14944,56,2,2279,0.15
14945,55,1,4377,0.15
14946,20,1,4963,0
14947,2,3,1368,0
14947,57,1,3486,0.1
14947,52,1,2641,0.05
14948,34,1,1026,0.15
14949,29,2,410,0
14950,50,1,4645,0
14951,54,3,273,0.15
14951,31,1,3571,0
14952,27,1,2377,0.05
14953,40,2,4298,0.1
14953,48,1,4805,0.05
14953,15,1,3944,0.1
14953,16,2,2872,0.15
14954,29,2,410,0
14954,50,1,4645,0.1
14955,14,3,3770,0
14955,50,2,4645,0
14956,27,1,2377,0.1
14956,36,1,460,0.05
14957,52,1,2641,0
14957,35,1,2084,0.1
14958,6,2,3871,0
14958,4,2,3867,0.05
14959,48,2,4805,0
14959,4,2,3867,0.15
14959,15,1,3944,0.05
14960,54,2,273,0
14960,29,1,410,0.05
14960,20,1,4963,0
14961,49,1,2121,0
14962,31,1,3571,0.2
14963,52,1,2641,0.2
14964,53,1,1408,0
14964,44,2,1674,0
14964,31,2,3571,0
14965,35,1,2084,0
14965,35,1,2084,0
14966,20,1,4963,0
14967,36,1,460,0
14968,41,3,4560,0.1
14968,30,1,3732,0.1
14969,55,1,4377,0.15
14969,12,3,2578,0
14969,28,1,3031,0.1
14970,39,1,765,0.05
14970,22,1,131,0.2
14971,23,1,2084,0.1
14972,33,2,2132,0.05
14972,4,1,3867,0.1
14973,19,2,2578,0.05
14973,6,1,3871,0
14973,24,1,2210,0
14974,47,2,365,0
14975,19,3,2578,0
14975,24,1,2210,0
14975,6,1,3871,0
14975,52,2,2641,0
14976,48,1,4805,0.05
14976,11,2,4549,0.1
14977,46,2,1604,0
14977,43,2,2654,0.1
14977,1,2,2760,0.1
14978,45,1,1847,0.1
14978,22,1,131,0.1
14979,57,1,3486,0.05
14979,36,2,460,0.05
14980,25,2,938,0
14980,34,2,1026,0
14980,9,1,1527,0.05
14981,19,1,2578,0
14982,44,1,1674,0.1
14982,57,1,3486,0.05
14983,41,1,4560,0.1
14983,35,2,2084,0.05
14983,15,2,3944,0
14983,28,1,3031,0.1
14984,11,1,4549,0.1
14984,19,2,2578,0.1
14985,7,1,2555,0
14986,55,1,4377,0.15
14986,11,1,4549,0
14987,39,1,765,0.05
14987,14,1,3770,0.1
14988,55,2,4377,0.1
14988,10,1,3960,0
14988,33,2,2132,0.15
14989,43,2,2654,0.2
14989,10,1,3960,0
14989,2,1,1368,0
14990,41,1,4560,0
14990,50,1,4645,0.15
14990,2,1,1368,0.1
14990,52,1,2641,0.05
14991,27,1,2377,0.05
14992,40,1,4298,0
14992,42,1,641,0
14993,52,1,2641,0.05
14993,50,2,4645,0.05
14993,55,1,4377,0
14994,47,1,365,0.05
14994,36,1,460,0
14994,11,1,4549,0.05
14995,23,1,2084,0.05
14996,52,1,2641,0
14996,31,2,3571,0.15
14996,40,1,4298,0.05
14997,23,2,2084,0
14998,6,2,3871,0.05
14998,3,3,3882,0
14998,50,2,4645,0.1
14999,11,1,4549,0.05
14999,42,2,641,0
15000,31,1,3571,0.15
15000,27,1,2377,0.15
15001,15,1,3944,0
15002,11,1,4549,0
15003,51,3,2621,0
15003,60,1,1642,0
15004,33,1,2132,0
15005,37,1,189,0.1
15006,46,1,1604,0.1
15006,25,1,938,0
15006,11,1,4549,0.15
15007,39,1,765,0.1
15007,18,2,4405,0.15
15008,35,1,2084,0
15008,60,1,1642,0.05
15009,60,1,1642,0.2
15010,20,1,4963,0.05
15010,29,1,410,0
15010,47,1,365,0.15
15011,46,1,1604,0.2
15012,24,1,2210,0.05
15013,54,1,273,0
15013,1,1,2760,0.05
15013,14,1,3770,0.1
15014,12,1,2578,0.1
15014,42,1,641,0.05
15015,33,3,2132,0.1
15015,51,1,2621,0.2
15016,32,1,2083,0.1
15017,31,1,3571,0
15017,49,1,2121,0.1
15018,18,1,4405,0
15018,30,2,3732,0
15019,25,2,938,0
15020,3,2,3882,0.05
15021,5,1,207,0.05
15022,56,1,2279,0
15023,39,1,765,0.1
15024,10,2,3960,0
15024,43,1,2654,0.05
15024,41,1,4560,0
15024,12,2,2578,0.1
15025,43,1,2654,0.15
15025,10,2,3960,0
15025,42,1,641,0.15
15026,29,1,410,0
15027,57,1,3486,0
15027,30,1,3732,0
15027,12,1,2578,0
15028,20,2,4963,0
15028,48,1,4805,0
15029,39,1,765,0.1
15029,38,2,976,0.05
15030,13,2,283,0.15
15030,14,1,3770,0.1
15031,32,1,2083,0
15031,28,2,3031,0
15031,3,2,3882,0
15032,34,1,1026,0.05
15032,44,1,1674,0
15033,28,1,3031,0
15033,27,1,2377,0.05
15033,17,1,1925,0.15
15034,1,2,2760,0
15034,38,1,976,0
15035,40,1,4298,0.1
15036,42,1,641,0
15037,43,1,2654,0
15038,36,1,460,0
15039,19,1,2578,0
15039,33,1,2132,0.1
15039,28,3,3031,0.05
15040,1,1,2760,0.05
15040,26,1,438,0.05
15041,24,1,2210,0
15041,3,1,3882,0
15042,57,1,3486,0.1
15043,18,2,4405,0.15
15043,14,1,3770,0
15043,13,1,283,0.05
15044,53,1,1408,0
15044,18,3,4405,0.1
15045,7,2,2555,0
15045,1,1,2760,0.05
15045,14,2,3770,0.2
15046,18,1,4405,0.05
15046,40,1,4298,0.05
15046,15,1,3944,0.1
15047,50,1,4645,0
15047,16,2,2872,0
15048,29,1,410,0.05
15049,5,1,207,0.15
15049,55,1,4377,0
15050,46,2,1604,0.05
15051,24,1,2210,0.05
15052,57,3,3486,0
15052,50,1,4645,0
15052,27,1,2377,0
15053,5,1,207,0
15053,32,1,2083,0
15054,35,3,2084,0
15054,14,1,3770,0.05
15055,27,1,2377,0
15055,46,2,1604,0.15
15056,51,1,2621,0
15056,10,1,3960,0.15
15056,20,2,4963,0.15
15056,33,1,2132,0
15057,53,1,1408,0.1
15058,42,1,641,0.05
15059,36,2,460,0.05
15059,51,1,2621,0
15060,47,1,365,0
15060,6,1,3871,0.05
15061,57,2,3486,0
15061,3,1,3882,0.1
15062,27,1,2377,0.05
15063,45,1,1847,0
15063,27,1,2377,0.1
15064,60,1,1642,0.15
15065,52,2,2641,0.05
15065,9,1,1527,0
15066,7,2,2555,0
15067,15,1,3944,0.1
15068,18,1,4405,0
15068,49,3,2121,0
15068,36,3,460,0
15069,57,1,3486,0.15
15070,1,1,2760,0.1
15070,16,1,2872,0.15
15070,48,2,4805,0
15070,7,1,2555,0.05
15071,26,2,438,0
15072,20,1,4963,0.1
15072,23,1,2084,0
15073,59,2,954,0.05
15073,52,1,2641,0.1
15074,35,2,2084,0.2
15075,6,1,3871,0
15075,17,1,1925,0
15076,32,1,2083,0
15076,59,1,954,0
15076,18,1,4405,0
15077,52,2,2641,0
15077,30,1,3732,0.2
15077,48,1,4805,0.15
15078,57,1,3486,0.15
15078,22,1,131,0
15079,7,1,2555,0.05
15079,3,1,3882,0.15
15080,3,1,3882,0.05
15080,1,1,2760,0.05
15080,29,1,410,0.05
15081,2,1,1368,0
15081,52,2,2641,0.15
15081,24,1,2210,0
15082,47,1,365,0.05
15082,1,1,2760,0
15082,23,1,2084,0.05
15083,11,1,4549,0
15083,28,1,3031,0.1
15083,45,1,1847,0.15
15084,51,1,2621,0.05
15085,59,1,954,0.05
15085,58,1,124,0
15086,39,2,765,0.05
15086,9,1,1527,0.1
15087,1,1,2760,0.05
15088,9,2,1527,0.05
15089,49,1,2121,0
15090,41,1,4560,0.1
15090,33,1,2132,0.05
15091,28,1,3031,0.1
15091,49,1,2121,0.05
15092,4,2,3867,0.05
15092,15,1,3944,0.05
15093,59,1,954,0
15093,48,1,4805,0.1
15094,19,1,2578,0.15
15094,52,2,2641,0.1
15095,44,1,1674,0
15096,16,1,2872,0
15096,22,1,131,0
15097,7,1,2555,0.1
15098,34,1,1026,0
15098,14,2,3770,0.05
15098,51,1,2621,0
15099,9,1,1527,0
15100,34,2,1026,0.05
15100,3,2,3882,0.1
15101,2,3,1368,0
15101,47,1,365,0
15102,17,1,1925,0.05
15103,6,2,3871,0
15103,47,1,365,0.1
15103,50,3,4645,0
15104,6,1,3871,0.15
15104,46,1,1604,0.1
15105,33,2,2132,0
15105,46,2,1604,0.05
15106,10,2,3960,0.05
15107,22,1,131,0.1
15107,35,1,2084,0.05
15108,30,2,3732,0.05
15108,44,2,1674,0.05
15109,19,1,2578,0
15110,29,2,410,0.05
15110,18,1,4405,0.05
15111,49,1,2121,0.1
15112,38,1,976,0.1
15112,20,1,4963,0
15112,42,1,641,0
15113,20,2,4963,0
15114,49,1,2121,0.05
15114,31,1,3571,0.05
15115,6,1,3871,0.1
15115,3,2,3882,0.05
15115,33,1,2132,0.1
15116,20,1,4963,0.1
15117,11,1,4549,0.1
15117,51,2,2621,0.05
15118,51,1,2621,0.1
15118,30,2,3732,0.1
15118,30,2,3732,0.1
15119,35,2,2084,0.05
15120,30,1,3732,0.05
15120,30,1,3732,0.1
15120,34,1,1026,0
15120,1,2,2760,0.15
15121,42,1,641,0.05
15122,16,2,2872,0
15123,12,1,2578,0
15123,14,2,3770,0.05
15124,56,2,2279,0
15124,9,1,1527,0
15125,53,1,1408,0
15125,48,1,4805,0
15125,45,3,1847,0
15125,51,2,2621,0.1
15126,23,1,2084,0.2
15126,43,1,2654,0
15127,41,2,4560,0.1
15127,40,1,4298,0.1
15127,19,1,2578,0.1
15128,44,1,1674,0.05
15128,50,1,4645,0
15128,18,1,4405,0.15
15128,4,2,3867,0
15129,3,1,3882,0
15129,53,1,1408,0.05
15129,13,1,283,0
15130,16,1,2872,0.1
15130,55,2,4377,0
15130,51,1,2621,0
15131,17,2,1925,0
15132,2,2,1368,0.05
15132,52,2,2641,0.2
15132,10,3,3960,0
15132,48,1,4805,0
15133,5,2,207,0
15133,5,1,207,0.15
15134,45,1,1847,0.05
15134,2,1,1368,0
15135,30,1,3732,0
15135,49,1,2121,0.05
15136,32,1,2083,0.15
15137,26,1,438,0.1
15137,23,1,2084,0.05
15137,41,1,4560,0
15138,45,2,1847,0
15139,5,1,207,0.05
15139,37,1,189,0.15
15140,40,1,4298,0
15140,35,1,2084,0.05
15141,13,1,283,0.15
15142,60,1,1642,0
15143,41,1,4560,0.05
15144,9,1,1527,0.05
15144,49,1,2121,0.15
15144,5,1,207,0
15145,39,2,765,0.05
15146,44,2,1674,0
15147,2,1,1368,0.1
15148,31,2,3571,0
15148,13,1,283,0.1
15148,16,2,2872,0
15149,48,1,4805,0
15150,28,1,3031,0.05
15150,49,1,2121,0
15150,2,1,1368,0.1
15150,14,3,3770,0
15151,56,1,2279,0.1
15151,17,1,1925,0.05
15151,38,1,976,0
15151,6,1,3871,0.15
15152,8,1,659,0
15152,39,1,765,0.05
15152,17,1,1925,0.1
15152,34,1,1026,0
15153,38,1,976,0
15153,12,2,2578,0
15153,30,1,3732,0
15154,29,1,410,0.1
15154,21,3,572,0.2
15155,55,1,4377,0.1
15156,39,1,765,0.1
15156,58,1,124,0
15157,3,1,3882,0
15157,4,1,3867,0.1
15158,21,1,572,0.05
15159,11,1,4549,0.05
15159,60,1,1642,0
15160,29,1,410,0.05
15160,12,1,2578,0
15161,32,1,2083,0
15162,10,1,3960,0
15162,52,1,2641,0.2
15162,56,1,2279,0
15163,23,1,2084,0.1
15164,24,1,2210,0
15165,55,2,4377,0.2
15165,24,1,2210,0.05
15166,2,1,1368,0.1
15166,45,1,1847,0.1
15167,24,1,2210,0.15
15167,31,2,3571,0.1
15167,27,1,2377,0.1
15167,16,2,2872,0.05
15168,41,2,4560,0.15
15168,2,1,1368,0.1
15168,23,1,2084,0.15
15168,49,2,2121,0
15169,37,2,189,0
15170,53,1,1408,0
15171,16,3,2872,0
15172,5,1,207,0.05
15172,49,1,2121,0
15172,1,1,2760,0
15173,50,1,4645,0.1
15174,23,1,2084,0
15175,53,1,1408,0
15175,13,1,283,0.15
15175,1,2,2760,0
15176,13,1,283,0
15177,3,2,3882,0
15177,30,1,3732,0
15178,35,1,2084,0.15
15178,56,1,2279,0
15178,59,1,954,0
15179,10,1,3960,0
15180,40,2,4298,0
15180,45,2,1847,0
15181,43,1,2654,0.1
15182,1,2,2760,0.1
15183,41,2,4560,0.05
15183,40,1,4298,0
15184,58,1,124,0
15185,59,1,954,0
15186,28,2,3031,0.1
15186,17,3,1925,0
15186,30,1,3732,0.1
15187,15,1,3944,0.05
15187,20,1,4963,0.1
15188,4,1,3867,0
15189,60,2,1642,0
15189,48,1,4805,0.05
15189,55,1,4377,0
15190,33,2,2132,0
15190,58,1,124,0
15191,55,1,4377,0.1
15191,3,2,3882,0.15
15192,32,1,2083,0
15193,3,1,3882,0.05
15193,43,2,2654,0.05
15193,7,1,2555,0.1
15193,57,2,3486,0
15194,44,1,1674,0.05
15194,36,1,460,0
15194,2,1,1368,0.05
15195,56,1,2279,0.1
15195,54,2,273,0
15195,2,1,1368,0.05
15195,10,1,3960,0
15196,27,1,2377,0.1
15196,46,1,1604,0
15197,55,1,4377,0
15197,7,1,2555,0.15
15197,28,3,3031,0.05
15198,47,1,365,0.05
15199,13,1,283,0.1
15200,10,1,3960,0.15
15201,59,1,954,0
15201,55,2,4377,0.1
15202,11,2,4549,0.15
15202,35,2,2084,0
15202,27,2,2377,0.05
15203,35,1,2084,0
15203,5,1,207,0
15203,47,1,365,0
15204,53,1,1408,0.05
15205,6,1,3871,0.1
15205,40,1,4298,0.05
15206,50,1,4645,0.05
15206,6,1,3871,0.1
15207,54,1,273,0
15207,11,1,4549,0
15208,21,1,572,0
15208,43,1,2654,0
15208,34,2,1026,0
15209,34,1,1026,0.05
15210,19,1,2578,0
15211,31,3,3571,0.05
15211,45,2,1847,0
15211,33,2,2132,0.05
15211,2,2,1368,0.1
15212,14,2,3770,0.05
15212,7,2,2555,0
15212,4,1,3867,0
15212,44,2,1674,0.05
15213,25,2,938,0.2
15213,59,1,954,0.1
15214,30,1,3732,0
15215,51,3,2621,0
15215,45,1,1847,0.15
15215,15,1,3944,0
15216,14,2,3770,0.05
15216,8,1,659,0.2
15217,36,1,460,0
15218,36,3,460,0.1
15218,33,2,2132,0
15219,41,2,4560,0
15219,52,1,2641,0.05
15219,6,1,3871,0
15220,60,1,1642,0.1
15220,56,1,2279,0.15
15221,52,1,2641,0
15221,12,1,2578,0.1
15222,24,2,2210,0
15222,9,1,1527,0.15
15222,47,1,365,0.2
15223,55,2,4377,0
15223,44,2,1674,0.2
15223,24,2,2210,0
15224,2,2,1368,0
15224,15,1,3944,0
15224,11,1,4549,0.2
15225,47,2,365,0.05
15226,27,1,2377,0
15226,11,2,4549,0
15226,15,2,3944,0.1
15226,1,3,2760,0.15
15227,28,1,3031,0.15
15228,59,1,954,0
15228,53,2,1408,0.1
15229,60,1,1642,0
15230,49,1,2121,0.1
15231,11,2,4549,0
15232,15,1,3944,0
15233,48,1,4805,0.1
15234,53,1,1408,0.05
15235,52,1,2641,0.05
15236,26,1,438,0.2
15237,21,1,572,0.05
15237,1,1,2760,0.05
15237,41,1,4560,0
15238,45,1,1847,0.05
15238,19,1,2578,0
15239,3,1,3882,0
15239,5,1,207,0
15240,20,1,4963,0.05
15240,4,2,3867,0
15241,47,1,365,0.15
15242,7,1,2555,0.05
15242,29,1,410,0.05
15242,20,1,4963,0.05
15243,43,1,2654,0.2
15243,21,1,572,0
15244,44,1,1674,0.05
15245,5,1,207,0.05
15245,58,1,124,0.05
15246,9,1,1527,0
15246,8,1,659,0.05
15246,23,1,2084,0
15247,7,1,2555,0.05
15247,29,1,410,0.05
15248,2,1,1368,0.05
15249,57,1,3486,0.05
15250,46,1,1604,0.2
15251,46,1,1604,0.1
15251,39,2,765,0
15252,33,1,2132,0.1
15253,52,1,2641,0
15253,17,1,1925,0.15
15254,27,1,2377,0.05
15254,23,1,2084,0
15255,33,1,2132,0.1
15255,15,1,3944,0
15256,42,1,641,0
15257,22,1,131,0.05
15258,15,1,3944,0
15259,39,1,765,0
15259,54,1,273,0
15260,37,1,189,0
15261,22,1,131,0
15261,15,1,3944,0.15
15262,23,1,2084,0.1
15262,10,1,3960,0.2
15263,59,1,954,0
15263,25,1,938,0.15
15264,15,1,3944,0.05
15264,6,1,3871,0
15265,51,1,2621,0.1
15266,37,1,189,0.05
15267,48,1,4805,0.1
15268,57,1,3486,0.1
15268,56,1,2279,0.1
15269,28,1,3031,0
15270,13,1,283,0.15
15270,16,1,2872,0.05
15270,22,1,131,0.1
15271,22,1,131,0.05
15272,28,1,3031,0
15272,47,2,365,0.05
15272,28,1,3031,0
15272,24,1,2210,0
15273,32,1,2083,0.05
15273,32,1,2083,0
15273,8,1,659,0.05
15273,38,1,976,0.05
15274,44,1,1674,0.05
15275,24,1,2210,0
15276,23,1,2084,0
15276,15,2,3944,0.05
15277,5,1,207,0
15278,45,1,1847,0.15
15279,33,1,2132,0.1
15280,20,1,4963,0
15281,2,1,1368,0
15281,22,1,131,0.05
15282,53,1,1408,0.1
15282,42,1,641,0.1
15283,4,2,3867,0.1
15283,40,2,4298,0.2
15284,11,1,4549,0
15285,59,1,954,0.05
15285,16,1,2872,0.05
15286,36,1,460,0
15286,32,2,2083,0.15
15287,30,1,3732,0.1
15288,1,1,2760,0.05
15288,3,1,3882,0
15288,54,1,273,0
15289,26,1,438,0.05
15290,32,1,2083,0
15291,11,2,4549,0
15291,12,1,2578,0
15292,49,2,2121,0.05
15293,5,2,207,0
15293,16,1,2872,0.1
15294,35,1,2084,0
15294,59,1,954,0.05
15295,31,1,3571,0.05
15296,23,1,2084,0.05
15296,13,2,283,0.1
15297,42,2,641,0.2
15298,1,1,2760,0
15298,22,1,131,0.1
15298,22,2,131,0.1
15298,48,1,4805,0.1
15299,28,3,3031,0
15299,40,1,4298,0
15299,30,1,3732,0.1
15300,4,1,3867,0.05
15301,9,1,1527,0
15302,21,1,572,0.15
15303,42,2,641,0.15
15304,59,1,954,0.1
15305,57,1,3486,0.05
15306,47,1,365,0
15306,32,1,2083,0
15306,44,1,1674,0.2
15307,25,2,938,0.1
15307,36,2,460,0
15307,32,1,2083,0.1
15308,29,1,410,0.1
15308,35,2,2084,0
15309,10,1,3960,0
15310,28,1,3031,0.1
15311,25,1,938,0.1
15311,9,1,1527,0
15312,31,1,3571,0.05
15312,53,1,1408,0.05
15313,40,1,4298,0.05
15313,31,2,3571,0.05
15314,51,1,2621,0
15314,36,3,460,0.15
15315,2,1,1368,0
15316,44,1,1674,0
15317,58,1,124,0
15317,28,1,3031,0.05
15317,54,1,273,0
15318,4,1,3867,0.1
15318,27,2,2377,0
15319,35,3,2084,0.1
15319,12,1,2578,0
15319,53,1,1408,0
15320,10,1,3960,0.05
15321,47,1,365,0
15321,54,1,273,0.15
15322,35,1,2084,0
15322,9,1,1527,0
15323,59,2,954,0
15324,2,1,1368,0.05
15324,15,1,3944,0
15325,15,2,3944,0
15325,55,2,4377,0.15
15326,41,1,4560,0.1
15326,31,2,3571,0.05
15327,43,1,2654,0
15328,27,1,2377,0
15328,41,1,4560,0
15328,16,1,2872,0.05
15328,11,1,4549,0
15329,28,1,3031,0
15329,21,1,572,0.2
15330,33,1,2132,0
15331,23,1,2084,0.2
15332,6,1,3871,0.15
15333,56,1,2279,0
15333,2,2,1368,0
15334,39,2,765,0
15335,41,2,4560,0.1
15336,14,1,3770,0.15
15336,28,1,3031,0
15337,17,1,1925,0.05
15337,12,1,2578,0.15
15338,47,1,365,0
15339,8,1,659,0.05
15339,9,1,1527,0.1
15340,6,2,3871,0.05
15340,7,1,2555,0.2
15341,8,1,659,0.05
15342,59,1,954,0.05
15342,42,1,641,0
15343,46,1,1604,0
15344,8,1,659,0
15344,34,1,1026,0.1
15344,7,1,2555,0.05
15345,51,2,2621,0.15
15346,31,1,3571,0.05
15347,35,1,2084,0.05
15348,29,1,410,0
15349,45,1,1847,0.05
15349,17,2,1925,0.15
15350,24,1,2210,0.05
15350,52,2,2641,0.05
15351,27,1,2377,0.05
15351,28,1,3031,0.1
15351,53,1,1408,0
15352,2,2,1368,0.15
15353,47,2,365,0.05
15354,16,1,2872,0
15354,42,1,641,0
15355,41,1,4560,0.1
15356,19,1,2578,0.1
15357,51,1,2621,0.2
15358,9,2,1527,0.05
15359,4,1,3867,0.05
15359,58,1,124,0
15360,28,1,3031,0
15361,9,1,1527,0.05
15361,33,2,2132,0.05
15362,2,1,1368,0.05
15362,16,1,2872,0.1
15363,16,1,2872,0.05
15363,29,2,410,0
15363,17,1,1925,0.1
15364,3,2,3882,0.05
15364,22,1,131,0.1
15364,32,1,2083,0.05
15365,44,1,1674,0.1
15365,42,1,641,0.15
15366,43,2,2654,0.1
15366,45,1,1847,0.1
15366,49,1,2121,0.15
15367,27,2,2377,0.2
15368,2,2,1368,0.05
15368,39,1,765,0.05
15369,39,1,765,0
15370,41,1,4560,0.1
15371,22,3,131,0
15371,26,1,438,0.1
15372,1,2,2760,0
15373,16,2,2872,0.15
15373,28,1,3031,0.1
15374,49,1,2121,0.05
15374,21,1,572,0
15375,31,1,3571,0.1
15375,13,2,283,0.05
15375,53,1,1408,0.05
15376,52,1,2641,0
15377,23,1,2084,0.1
15378,2,1,1368,0.05
15378,48,1,4805,0.05
15378,2,1,1368,0
15379,58,1,124,0
15380,14,1,3770,0
15380,54,1,273,0.2
15380,7,1,2555,0
15381,2,2,1368,0.1
15381,53,3,1408,0.1
15382,9,1,1527,0
15382,46,1,1604,0
15383,13,1,283,0.05
15383,51,1,2621,0.1
15384,3,1,3882,0
15385,37,1,189,0.05
15386,16,1,2872,0.05
15386,56,1,2279,0.05
15387,48,1,4805,0.05
15387,1,1,2760,0.05
15388,40,1,4298,0
15388,41,1,4560,0
15388,10,1,3960,0.15
15389,45,1,1847,0
15389,2,1,1368,0.2
15389,56,1,2279,0.1
15390,51,1,2621,0
15390,40,1,4298,0.05
15390,6,1,3871,0
15390,56,1,2279,0.1
15391,51,1,2621,0.1
15391,45,1,1847,0.2
15392,28,2,3031,0
15392,1,1,2760,0.05
15393,60,1,1642,0.1
15394,43,1,2654,0
15394,20,2,4963,0.05
15395,36,1,460,0.05
15395,16,1,2872,0.05
15396,38,1,976,0
15396,26,1,438,0.1
15396,55,1,4377,0.05
15397,21,3,572,0.2
15398,10,3,3960,0
15399,42,1,641,0.05
15400,52,1,2641,0
15400,24,1,2210,0
15400,4,1,3867,0.1
15401,19,1,2578,0
15401,18,1,4405,0.15
15402,11,1,4549,0
15402,36,2,460,0.2
15402,6,2,3871,0.1
15402,43,1,2654,0.1
15403,57,2,3486,0
15403,47,1,365,0.05
15403,32,2,2083,0
15404,19,2,2578,0.05
15404,40,1,4298,0
15404,11,1,4549,0.05
15404,40,1,4298,0.1
15405,24,3,2210,0.1
15406,11,1,4549,0
15407,14,2,3770,0.1
15408,10,1,3960,0.05
15408,48,1,4805,0
15408,48,1,4805,0.05
15409,46,2,1604,0.05
15410,32,1,2083,0
15410,37,2,189,0
15411,27,1,2377,0
15411,41,1,4560,0
15412,30,1,3732,0
15413,46,1,1604,0.15
15413,43,1,2654,0.1
15413,1,2,2760,0
15414,31,2,3571,0.15
15414,49,1,2121,0.1
15415,6,1,3871,0
15415,19,1,2578,0.1
15416,24,3,2210,0.05
15416,55,1,4377,0.05
15417,52,2,2641,0.2
15417,34,1,1026,0
15418,59,1,954,0
15419,60,1,1642,0.05
15420,43,2,2654,0
15421,33,1,2132,0
15422,1,1,2760,0.05
15423,18,1,4405,0.05
15424,10,1,3960,0
15425,14,1,3770,0.1
15426,57,1,3486,0.1
15426,31,1,3571,0.15
15427,59,1,954,0.05
15427,14,1,3770,0.1
15428,18,1,4405,0
15429,39,1,765,0
15429,39,1,765,0.1
15429,9,1,1527,0
15430,60,1,1642,0.05
15431,41,1,4560,0
15432,12,1,2578,0
15432,24,1,2210,0.1
15432,56,1,2279,0
15433,51,1,2621,0.1
15433,39,1,765,0
15433,14,2,3770,0
15434,36,1,460,0.1
15434,14,3,3770,0
15434,6,1,3871,0
15435,3,1,3882,0
15436,57,2,3486,0.05
15437,6,2,3871,0
15438,41,1,4560,0
15439,10,1,3960,0.05
15440,53,1,1408,0.1
15440,52,1,2641,0.2
15441,45,1,1847,0.2
15442,38,3,976,0
15443,47,2,365,0.1
15443,49,1,2121,0.1
15443,15,1,3944,0
15443,7,1,2555,0
15444,55,1,4377,0.1
15444,59,1,954,0.2
15445,51,2,2621,0
15445,40,2,4298,0.1
15446,37,1,189,0.05
15447,9,1,1527,0.15
15447,23,1,2084,0.1
15448,48,1,4805,0.1
15448,28,1,3031,0.05
15448,31,1,3571,0
15449,48,1,4805,0
15449,7,1,2555,0.1
15449,9,1,1527,0.05
15450,29,1,410,0
15450,59,1,954,0.2
15451,14,1,3770,0.15
15452,17,1,1925,0.2
15452,14,2,3770,0.1
15452,14,2,3770,0
15453,48,1,4805,0.05
15454,60,3,1642,0.05
15454,12,2,2578,0.05
15454,39,1,765,0.05
15455,10,1,3960,0.1
15455,54,1,273,0
15455,26,1,438,0
15456,44,1,1674,0.1
15456,16,1,2872,0.05
15457,43,3,2654,0
15457,19,2,2578,0
15458,36,1,460,0
15458,45,2,1847,0
15459,31,1,3571,0.05
15459,55,1,4377,0.05
15460,14,2,3770,0
15461,30,1,3732,0.05
15462,29,1,410,0.05
15462,1,1,2760,0.15
15463,41,1,4560,0.05
15463,55,1,4377,0
15464,52,1,2641,0.1
15464,11,3,4549,0
15464,11,1,4549,0.1
15465,9,1,1527,0
15466,57,2,3486,0
15466,15,1,3944,0
15467,7,2,2555,0
15467,31,1,3571,0
15468,45,1,1847,0.05
15468,2,1,1368,0.2
15469,24,3,2210,0.05
15469,6,1,3871,0
15469,54,3,273,0
15470,7,1,2555,0
15471,18,1,4405,0.1
15472,20,2,4963,0.15
15472,46,2,1604,0.15
15472,14,1,3770,0
15473,2,1,1368,0.1
15473,20,2,4963,0.15
15473,47,1,365,0
15473,19,1,2578,0
15474,16,1,2872,0
15474,15,1,3944,0.15
15475,31,1,3571,0.05
15476,54,2,273,0.05
15476,11,1,4549,0.15
15477,17,1,1925,0.05
15477,18,1,4405,0
15478,59,1,954,0
15478,43,1,2654,0
15479,22,1,131,0
15479,52,1,2641,0
15480,32,2,2083,0.1
15480,15,1,3944,0.05
15480,8,1,659,0
15481,31,2,3571,0.05
15481,51,1,2621,0.1
15482,10,1,3960,0.05
15483,27,1,2377,0
15483,21,2,572,0.1
15484,16,2,2872,0.05
15484,21,1,572,0.05
15485,41,1,4560,0.15
15485,52,1,2641,0.2
15486,15,2,3944,0.2
15486,59,1,954,0.15
15487,20,1,4963,0
15487,6,3,3871,0.1
15488,49,1,2121,0.15
15489,13,1,283,0.1
15490,34,1,1026,0.05
15490,34,1,1026,0.05
15490,43,1,2654,0.15
15490,27,1,2377,0.1
15491,23,1,2084,0
15492,13,2,283,0.1
15492,24,1,2210,0.05
15492,11,1,4549,0
15493,40,1,4298,0.05
15494,13,1,283,0
15495,31,1,3571,0
15496,12,1,2578,0.1
15496,15,2,3944,0.05
15497,59,1,954,0.1
15498,10,1,3960,0
15498,19,1,2578,0.1
15499,16,3,2872,0.15
15500,50,1,4645,0
15501,3,1,3882,0.05
15502,42,1,641,0.05
15503,38,1,976,0.2
15503,13,1,283,0
15504,56,1,2279,0.05
15504,16,1,2872,0
15504,56,2,2279,0.1
15505,56,1,2279,0
15506,37,1,189,0.1
15506,8,1,659,0.1
15506,3,1,3882,0
15507,1,1,2760,0.05
15507,43,1,2654,0.05
15507,14,2,3770,0.1
15508,15,1,3944,0.1
15508,37,1,189,0.2
15509,16,1,2872,0.1
15509,25,1,938,0
15510,49,3,2121,0.15
15511,47,2,365,0.05
15511,1,1,2760,0.1
15512,48,1,4805,0
15513,17,1,1925,0.05
15513,58,1,124,0
15514,58,1,124,0
15515,8,1,659,0
15516,12,2,2578,0.1
15516,1,2,2760,0.05
15517,31,1,3571,0.05
15518,16,1,2872,0.05
15519,13,1,283,0.2
15520,33,1,2132,0.1
15520,6,1,3871,0
15520,49,2,2121,0.05
15521,36,1,460,0
15521,30,2,3732,0.15
15522,8,1,659,0.05
15522,27,1,2377,0.2
15523,3,2,3882,0.05
15523,39,1,765,0.05
15523,3,1,3882,0.05
15524,16,1,2872,0
15524,48,1,4805,0.1
15524,46,2,1604,0
15525,50,2,4645,0
15525,57,2,3486,0
15526,52,1,2641,0
15526,11,2,4549,0.2
15526,45,1,1847,0
15527,21,1,572,0.05
15527,57,1,3486,0.15
15528,31,1,3571,0
15529,43,2,2654,0
15530,56,2,2279,0.05
15530,59,2,954,0.1
15530,57,1,3486,0.05
15531,52,1,2641,0.1
15532,56,2,2279,0
15533,54,1,273,0
15533,42,2,641,0.15
15533,17,1,1925,0.2
15534,7,1,2555,0.05
15535,34,1,1026,0
15536,45,1,1847,0.15
15536,50,1,4645,0.1
15536,12,1,2578,0.2
15536,38,1,976,0
15537,42,1,641,0.1
15537,55,1,4377,0.1
15538,50,1,4645,0
15539,6,3,3871,0
15539,40,2,4298,0.05
15540,47,1,365,0
15541,29,1,410,0
15541,9,1,1527,0
15541,20,1,4963,0
15542,22,1,131,0.05
15543,60,1,1642,0.15
15544,38,1,976,0.1
15544,28,1,3031,0.1
15544,40,1,4298,0
15544,50,1,4645,0
15545,45,1,1847,0
15545,53,1,1408,0.05
15545,45,1,1847,0.05
15546,4,1,3867,0
15547,25,1,938,0.2
15547,8,1,659,0.2
15548,37,2,189,0
15548,23,1,2084,0.1
15548,54,1,273,0.05
15548,54,2,273,0.05
15549,48,1,4805,0.15
15550,14,1,3770,0
15551,48,1,4805,0.2
15552,46,2,1604,0.15
15552,9,3,1527,0.1
15552,50,1,4645,0
15553,41,1,4560,0.15
15553,33,2,2132,0.05
15554,4,2,3867,0.05
15554,31,2,3571,0.15
15554,19,2,2578,0
15554,1,2,2760,0.1
15555,56,1,2279,0.2
15555,32,1,2083,0
15555,10,1,3960,0.05
15555,48,2,4805,0
15556,43,1,2654,0.05
15557,24,1,2210,0
15558,48,1,4805,0.15
15559,32,1,2083,0.05
15559,28,1,3031,0.05
15559,43,3,2654,0.05
15559,14,1,3770,0.05
15560,57,1,3486,0.2
15561,31,1,3571,0.1
15562,21,1,572,0.05
15562,29,2,410,0.05
15563,25,2,938,0.15
15564,60,1,1642,0.05
15565,56,1,2279,0.2
15566,36,1,460,0
15567,15,1,3944,0.05
15567,3,1,3882,0.05
15568,8,1,659,0.05
15569,37,1,189,0
15569,18,1,4405,0
15570,9,1,1527,0.15
15571,45,1,1847,0
15572,55,2,4377,0
15573,27,2,2377,0.05
15574,47,1,365,0.1
15574,27,1,2377,0.05
15574,39,1,765,0
15575,3,2,3882,0.2
15576,29,1,410,0
15577,25,1,938,0.15
15577,17,1,1925,0.05
15578,41,1,4560,0
15579,13,1,283,0
15580,37,2,189,0.15
15580,28,1,3031,0.1
15580,44,1,1674,0.15
15581,51,1,2621,0
15582,29,1,410,0.05
15583,52,1,2641,0
15584,20,1,4963,0
15585,32,1,2083,0
15586,23,1,2084,0
15587,53,1,1408,0
15588,57,1,3486,0
15588,7,1,2555,0
15589,48,2,4805,0
15589,33,1,2132,0.2
15589,15,2,3944,0
15589,50,1,4645,0.1
15590,3,1,3882,0.1
15590,21,1,572,0.05
15591,7,1,2555,0
15592,52,1,2641,0
15593,15,1,3944,0
15594,41,2,4560,0.05
15595,55,1,4377,0.05
15595,13,1,283,0
15596,32,1,2083,0
15596,32,1,2083,0.05
15597,25,1,938,0.2
15598,3,1,3882,0
15598,19,1,2578,0.05
15599,47,2,365,0.15
15599,27,1,2377,0
15599,39,2,765,0
15600,45,1,1847,0.05
15600,5,2,207,0.2
15601,53,1,1408,0
15602,32,1,2083,0.05
15602,53,1,1408,0
15602,33,1,2132,0
15602,15,1,3944,0
15603,5,1,207,0
15603,4,2,3867,0
15604,46,1,1604,0
15604,27,1,2377,0.1
15605,4,3,3867,0
15605,11,3,4549,0.15
15605,31,1,3571,0.1
15606,15,1,3944,0.1
15606,4,1,3867,0
15607,11,1,4549,0
15608,53,1,1408,0
15608,50,1,4645,0.05
15608,36,1,460,0.1
15609,7,2,2555,0.05
15609,31,2,3571,0.05
15610,45,1,1847,0.1
15611,14,1,3770,0
15612,10,2,3960,0.1
15612,41,1,4560,0.1
15613,6,1,3871,0.1
15613,48,1,4805,0.05
15614,43,2,2654,0.05
15614,41,1,4560,0
15614,25,1,938,0.2
15615,12,1,2578,0
15615,44,1,1674,0
15616,60,1,1642,0.05
15617,46,1,1604,0
15617,8,1,659,0.15
15618,7,2,2555,0
15619,30,1,3732,0
15619,50,1,4645,0
15619,59,1,954,0.1
15619,41,1,4560,0.1
15620,3,3,3882,0.1
15620,6,1,3871,0.05
15621,29,2,410,0
15622,5,1,207,0
15623,4,1,3867,0.1
15623,43,1,2654,0.1
15624,33,1,2132,0
15625,23,1,2084,0.05
15625,9,1,1527,0.05
15626,10,1,3960,0
15627,26,2,438,0.05
15627,24,1,2210,0
15627,41,1,4560,0.2
15628,52,2,2641,0
15629,58,1,124,0.05
15630,54,1,273,0.05
15630,33,1,2132,0
15630,47,1,365,0.1
15631,3,2,3882,0
15632,11,1,4549,0
15632,9,1,1527,0
15633,1,1,2760,0.2
15633,31,1,3571,0.1
15634,8,1,659,0
15634,57,1,3486,0
15634,52,2,2641,0
15634,20,1,4963,0.05
15635,30,1,3732,0.15
15636,20,2,4963,0
15637,19,1,2578,0.05
15637,28,1,3031,0
15638,19,1,2578,0.1
15638,37,1,189,0.15
15639,30,1,3732,0
15639,8,2,659,0
15640,44,1,1674,0.05
15640,45,1,1847,0.15
15641,28,1,3031,0.15
15641,40,2,4298,0
15642,46,1,1604,0
15642,7,1,2555,0.05
15642,29,1,410,0
15643,6,1,3871,0.15
15644,59,1,954,0
15644,24,2,2210,0
15644,56,1,2279,0.1
15645,23,1,2084,0.05
15646,7,1,2555,0.1
15646,26,2,438,0
15647,57,1,3486,0.05
15648,57,2,3486,0.2
15648,40,2,4298,0.1
15648,3,1,3882,0.05
15648,4,1,3867,0.05
15649,43,2,2654,0
15650,1,1,2760,0.05
15651,40,1,4298,0
15652,3,1,3882,0
15653,42,1,641,0
15653,39,1,765,0.1
15653,59,2,954,0.05
15653,31,1,3571,0.15
15654,43,1,2654,0.05
15654,15,1,3944,0
15654,18,1,4405,0.15
15655,52,1,2641,0.05
15655,1,1,2760,0
15656,34,1,1026,0
15656,29,3,410,0.2
15657,55,1,4377,0
15657,14,1,3770,0.05
15657,46,1,1604,0.05
15658,32,1,2083,0.05
15659,35,3,2084,0.05
15659,28,1,3031,0
15660,39,1,765,0.05
15660,28,2,3031,0
15661,43,1,2654,0.05
15661,3,1,3882,0.1
15661,18,1,4405,0
15661,29,2,410,0
15662,12,1,2578,0
15663,26,2,438,0
15664,16,1,2872,0.05
15665,27,1,2377,0.05
15665,24,1,2210,0
15666,8,1,659,0
15667,29,1,410,0.15
15667,16,1,2872,0
15668,33,2,2132,0.2
15668,37,1,189,0.05
15669,23,2,2084,0
15670,48,2,4805,0.15
15670,22,1,131,0.05
15670,4,1,3867,0
15671,29,1,410,0.1
15671,11,1,4549,0.05
15671,20,1,4963,0.1
15672,4,1,3867,0.05
15673,53,1,1408,0.15
15674,14,1,3770,0.05
15675,9,1,1527,0
15675,2,1,1368,0.15
15676,14,2,3770,0.05
15677,15,1,3944,0.1
15678,15,1,3944,0.05
15679,6,1,3871,0.15
15680,7,1,2555,0.2
15680,24,2,2210,0.1
15680,8,1,659,0.05
15681,29,1,410,0.05
15681,33,1,2132,0
15682,10,2,3960,0
15682,16,3,2872,0.05
15682,56,1,2279,0.1
15683,35,1,2084,0.05
15683,51,1,2621,0
15684,57,1,3486,0.05
15685,40,1,4298,0
15685,24,2,2210,0.15
15686,41,1,4560,0.05
15687,30,1,3732,0
15687,18,2,4405,0.1
15688,35,1,2084,0.05
15688,46,1,1604,0
15689,8,1,659,0
15690,9,1,1527,0.2
15691,56,1,2279,0.1
15691,6,2,3871,0.15
15692,27,1,2377,0.1
15692,57,1,3486,0
15692,42,1,641,0.05
15692,47,1,365,0.1
15693,7,2,2555,0
15694,32,1,2083,0
15695,57,1,3486,0
15696,41,1,4560,0.1
15696,20,1,4963,0
15697,42,1,641,0
15697,50,1,4645,0.05
15698,16,1,2872,0.15
15698,52,1,2641,0.2
15699,48,1,4805,0
15700,5,3,207,0
15700,56,1,2279,0.1
15701,31,1,3571,0.2
15702,29,1,410,0
15702,18,1,4405,0.1
15702,4,1,3867,0
15702,45,3,1847,0
15703,59,1,954,0
15703,36,1,460,0.1
15704,42,1,641,0
15704,27,2,2377,0.1
15705,50,1,4645,0.15
15706,19,2,2578,0
15706,38,1,976,0.05
15706,31,2,3571,0
15706,31,1,3571,0
15707,53,2,1408,0.05
15708,46,1,1604,0.05
15708,51,1,2621,0.05
15709,28,1,3031,0.1
15709,24,1,2210,0.05
15709,7,2,2555,0
15710,3,1,3882,0
15711,14,1,3770,0
15711,37,2,189,0.05
15712,30,2,3732,0
15712,24,1,2210,0.05
15712,6,1,3871,0
15712,7,1,2555,0
15713,4,1,3867,0.05
15714,24,1,2210,0
15714,58,1,124,0.15
15715,28,1,3031,0
15715,3,3,3882,0
15715,32,2,2083,0.05
15716,37,1,189,0.05
15716,18,1,4405,0
15717,6,1,3871,0
15717,48,1,4805,0
15718,41,1,4560,0
15719,53,1,1408,0
15720,51,1,2621,0
15721,17,1,1925,0.05
15721,49,1,2121,0.1
15722,52,1,2641,0
15722,21,1,572,0.05
15722,17,1,1925,0.2
15722,16,2,2872,0.15
15723,53,2,1408,0.2
15723,28,2,3031,0.05
15724,5,1,207,0
15724,53,1,1408,0.1
15725,56,1,2279,0.2
15726,55,2,4377,0.05
15726,6,1,3871,0
15727,37,1,189,0
15728,29,1,410,0.15
15729,54,1,273,0.1
15730,27,2,2377,0
15730,21,2,572,0.05
15731,6,1,3871,0
15732,21,3,572,0
15732,31,1,3571,0.05
15733,48,3,4805,0
15734,17,1,1925,0.1
15735,10,2,3960,0.05
15736,43,1,2654,0.1
15736,14,1,3770,0
15737,52,1,2641,0
15738,58,2,124,0
15739,42,1,641,0.2
15740,2,1,1368,0
15741,45,1,1847,0.05
15742,37,2,189,0
15742,1,1,2760,0.05
15742,48,2,4805,0.05
15742,22,1,131,0.05
15743,30,1,3732,0.1
15744,35,1,2084,0
15745,43,1,2654,0.1
15745,21,1,572,0.1
15745,48,2,4805,0.1
15745,23,1,2084,0.05
15746,52,1,2641,0.2
15747,43,1,2654,0.1
15748,6,1,3871,0.15
15748,8,3,659,0
15748,48,1,4805,0.05
15749,21,1,572,0.05
15749,12,1,2578,0
15750,48,3,4805,0.05
15751,27,2,2377,0
15751,24,1,2210,0
15752,55,1,4377,0.1
15752,46,1,1604,0
15752,41,1,4560,0
15753,51,1,2621,0
15754,30,1,3732,0.1
15755,47,1,365,0.05
15755,54,1,273,0
15756,37,1,189,0
15756,40,2,4298,0.05
15757,26,1,438,0.05
15757,9,2,1527,0
15758,25,1,938,0.05
15759,42,2,641,0.05
15760,16,2,2872,0
15761,43,2,2654,0
15762,13,1,283,0.15
15763,2,1,1368,0.1
15763,1,1,2760,0.1
15764,38,1,976,0.2
15765,41,1,4560,0.05
15766,38,1,976,0.15
15767,3,2,3882,0.1
15767,3,3,3882,0.05
15767,50,2,4645,0
15768,37,1,189,0.15
15768,36,1,460,0.15
15768,52,1,2641,0
15769,25,1,938,0.2
15769,16,3,2872,0.2
15770,4,2,3867,0
15771,1,1,2760,0.1
15771,16,1,2872,0.1
15771,56,3,2279,0.05
15771,27,1,2377,0.1
15772,47,1,365,0.1
15772,22,2,131,0.15
15772,24,1,2210,0
15773,59,1,954,0
15774,30,2,3732,0.15
15774,41,2,4560,0.2
15775,10,1,3960,0
15775,20,1,4963,0.15
15775,57,1,3486,0
15776,10,2,3960,0.15
15776,34,1,1026,0
15776,17,1,1925,0.15
15777,9,1,1527,0
15778,31,2,3571,0.05
15778,12,1,2578,0
15778,33,2,2132,0
15778,52,2,2641,0.1
15779,28,1,3031,0
15780,30,1,3732,0
15780,50,1,4645,0.2
15781,24,1,2210,0.1
15781,3,2,3882,0.05
15782,20,2,4963,0.05
15782,38,1,976,0.1
15783,45,1,1847,0
15784,48,2,4805,0
15785,32,1,2083,0.05
15786,48,1,4805,0.1
15787,3,1,3882,0
15787,41,1,4560,0.15
15787,43,2,2654,0.1
15788,37,1,189,0.15
15789,4,1,3867,0
15789,51,2,2621,0.05
15790,4,1,3867,0.1
15790,52,1,2641,0
15791,3,1,3882,0
15792,2,1,1368,0.1
15793,5,1,207,0
15793,35,1,2084,0.1
15794,1,1,2760,0.1
15794,17,1,1925,0.15
15795,20,1,4963,0.05
15796,38,1,976,0.05
15797,29,1,410,0.05
15797,37,1,189,0
15798,59,1,954,0
15798,23,3,2084,0.05
15799,11,2,4549,0.05
15800,15,1,3944,0.15
15801,42,2,641,0.1
15801,55,1,4377,0
15801,52,2,2641,0
15801,60,1,1642,0
15802,37,1,189,0.1
15803,10,1,3960,0.05
15804,32,1,2083,0.15
15804,59,2,954,0.15
15805,19,1,2578,0
15805,6,3,3871,0
15806,48,1,4805,0.1
15807,11,1,4549,0.05
15808,11,2,4549,0.1
15809,3,2,3882,0.2
15809,46,2,1604,0.05
15809,27,1,2377,0.15
15810,50,1,4645,0
15810,25,1,938,0
15810,17,1,1925,0
15811,13,3,283,0
15811,13,1,283,0.1
15811,11,1,4549,0.15
15811,57,1,3486,0.15
15812,23,1,2084,0.05
15812,49,2,2121,0
15812,1,2,2760,0
15812,40,2,4298,0.05
15813,34,2,1026,0.15
15813,23,1,2084,0.05
15813,47,1,365,0
15814,20,1,4963,0.05
15814,1,2,2760,0
15814,32,1,2083,0.1
15815,8,1,659,0
15816,32,1,2083,0.1
15817,23,1,2084,0
15817,2,2,1368,0.05
15818,14,1,3770,0
15818,43,1,2654,0.1
15819,33,1,2132,0.05
15819,45,1,1847,0.05
15819,18,1,4405,0.05
15820,29,1,410,0
15820,26,1,438,0.05
15821,23,1,2084,0
15821,40,1,4298,0.1
15822,53,2,1408,0.1
15823,4,1,3867,0.1
15823,19,3,2578,0
15824,18,2,4405,0.1
15824,56,1,2279,0.05
15825,49,1,2121,0.1
15825,49,1,2121,0.2
15826,12,1,2578,0
15827,6,1,3871,0.1
15828,23,1,2084,0.15
15828,27,2,2377,0.2
15829,49,1,2121,0
15829,53,2,1408,0.1
15829,52,1,2641,0.05
15830,54,1,273,0.1
15831,15,1,3944,0.1
15832,8,1,659,0.05
15833,60,2,1642,0.1
15833,51,2,2621,0
15834,59,1,954,0
15834,57,1,3486,0
15835,10,1,3960,0
15835,9,1,1527,0.05
15835,32,1,2083,0
15835,55,1,4377,0
15836,36,1,460,0.1
15836,58,2,124,0
15836,27,2,2377,0.1
15837,35,1,2084,0.1
15838,37,1,189,0.15
15839,38,1,976,0
15840,39,2,765,0.05
15841,58,1,124,0.15
15842,56,1,2279,0
15842,34,2,1026,0
15842,25,1,938,0.05
15843,33,2,2132,0.05
15843,51,1,2621,0
15844,1,1,2760,0
15845,24,1,2210,0
15845,19,1,2578,0
15846,25,1,938,0
15846,13,1,283,0.1
15846,55,2,4377,0.1
15846,19,1,2578,0.05
15847,47,1,365,0
15848,11,1,4549,0.05
15849,58,1,124,0.1
15850,43,1,2654,0.05
15851,4,2,3867,0
15851,18,1,4405,0.05
15851,16,2,2872,0
15852,20,2,4963,0.2
15852,14,1,3770,0
15853,17,1,1925,0
15853,12,1,2578,0.1
15853,48,1,4805,0.05
15854,14,2,3770,0
15854,33,1,2132,0
15854,31,1,3571,0
15855,20,2,4963,0
15855,10,1,3960,0
15855,4,2,3867,0.1
15856,21,1,572,0
15857,35,1,2084,0.1
15858,30,1,3732,0
15858,14,1,3770,0.1
15858,41,3,4560,0
15858,18,1,4405,0.05
15859,34,1,1026,0.2
15859,16,1,2872,0
15860,43,1,2654,0.1
15860,6,1,3871,0.05
15860,57,1,3486,0.05
15860,33,3,2132,0.05
15861,1,1,2760,0
15861,38,1,976,0
15861,46,1,1604,0.1
15862,8,1,659,0.1
15863,11,1,4549,0.15
15863,32,1,2083,0.05
15864,28,1,3031,0.15
15864,46,1,1604,0.05
15864,43,1,2654,0.1
15865,8,2,659,0.05
15866,28,1,3031,0.15
15866,3,3,3882,0.15
15867,24,1,2210,0.1
15867,43,1,2654,0.1
15867,31,3,3571,0.05
15868,23,1,2084,0
15868,50,1,4645,0
15868,18,1,4405,0
15868,47,1,365,0.05
15869,10,1,3960,0.1
15869,31,1,3571,0.1
15869,18,1,4405,0
15870,48,1,4805,0.05
15870,34,1,1026,0.1
15871,48,1,4805,0.1
15871,52,3,2641,0
15871,15,1,3944,0
15872,1,1,2760,0
15872,52,1,2641,0
15872,44,1,1674,0.15
15872,29,2,410,0.1
15873,28,1,3031,0.05
15874,14,1,3770,0.2
15875,29,1,410,0
15876,41,3,4560,0.05
15876,21,3,572,0
15877,1,1,2760,0.05
15877,43,1,2654,0
15877,57,3,3486,0.05
15877,7,2,2555,0
15878,30,2,3732,0.1
15878,38,1,976,0
15878,31,1,3571,0
15878,45,2,1847,0.05
15879,58,2,124,0.05
15879,15,1,3944,0
15879,33,1,2132,0.2
15880,60,1,1642,0
15880,41,1,4560,0.1
15880,51,1,2621,0.1
15881,39,1,765,0.1
15882,53,1,1408,0.15
15883,59,1,954,0
15884,14,1,3770,0.05
15884,6,1,3871,0
15885,59,2,954,0
15886,12,1,2578,0
15887,39,2,765,0.1
15888,28,1,3031,0.1
15889,28,3,3031,0
15890,2,1,1368,0.1
15891,34,1,1026,0
15892,36,1,460,0.05
15892,9,1,1527,0
15893,52,1,2641,0.2
15893,50,1,4645,0.15
15893,55,2,4377,0.15
15894,59,1,954,0
15894,56,1,2279,0.05
15895,41,1,4560,0.1
15895,14,2,3770,0
15895,30,2,3732,0.15
15896,23,1,2084,0
15897,55,1,4377,0.05
15897,24,1,2210,0
15897,53,1,1408,0.05
15898,32,1,2083,0.05
15899,59,3,954,0
15899,33,3,2132,0.15
15899,31,1,3571,0
15900,8,1,659,0
15901,46,1,1604,0.1
15901,38,2,976,0.1
15902,34,2,1026,0.1
15903,37,1,189,0.15
15903,58,1,124,0
15904,2,1,1368,0.15
15905,51,1,2621,0.05
15905,20,1,4963,0.1
15905,18,1,4405,0.1
15906,29,1,410,0
15906,5,1,207,0
15907,2,1,1368,0.05
15908,1,1,2760,0.05
15908,52,1,2641,0.1
15908,14,1,3770,0.05
15909,19,1,2578,0.05
15909,60,2,1642,0.1
15910,16,1,2872,0.1
15910,22,1,131,0
15910,39,2,765,0
15911,14,1,3770,0.1
15911,13,1,283,0
15912,52,1,2641,0
15913,11,1,4549,0.05
15913,21,1,572,0.05
15913,16,1,2872,0.15
15914,15,1,3944,0.2
15914,12,1,2578,0
15915,41,1,4560,0
15915,57,1,3486,0
15916,13,1,283,0.1
15917,32,1,2083,0.05
15917,24,1,2210,0.05
15918,30,1,3732,0.1
15919,38,1,976,0
15919,41,2,4560,0.15
15920,23,1,2084,0.05
15920,53,1,1408,0
15921,29,1,410,0.05
15921,48,2,4805,0.05
15922,23,1,2084,0.05
15923,31,3,3571,0
15923,11,2,4549,0.05
15923,56,1,2279,0
15924,34,1,1026,0.05
15924,20,1,4963,0.1
15924,9,1,1527,0
15925,17,1,1925,0.1
15925,50,1,4645,0
15926,12,2,2578,0.2
15927,52,1,2641,0.05
15927,36,1,460,0
15927,26,2,438,0
15928,4,1,3867,0.1
15929,26,1,438,0
15929,43,1,2654,0
15930,49,1,2121,0.1
15931,20,1,4963,0.05
15931,37,1,189,0.05
15932,22,1,131,0.05
15933,49,1,2121,0
15934,8,1,659,0
15934,3,1,3882,0.05
15935,31,1,3571,0.05
15935,11,1,4549,0
15935,3,1,3882,0.1
15935,52,1,2641,0
15936,30,1,3732,0
15936,22,1,131,0
15937,30,1,3732,0.1
15938,40,1,4298,0.05
15938,44,2,1674,0.05
15939,43,2,2654,0.05
15940,55,1,4377,0.1
15940,47,1,365,0.05
15941,38,1,976,0
15942,27,2,2377,0
15942,53,2,1408,0
15942,30,1,3732,0
15943,53,1,1408,0.15
15944,13,1,283,0.15
15944,17,1,1925,0
15944,5,1,207,0.05
15945,17,1,1925,0
15945,18,2,4405,0.05
15945,50,2,4645,0
15945,48,2,4805,0.2
15946,50,2,4645,0.15
15947,11,1,4549,0.05
15948,29,1,410,0.1
15948,6,1,3871,0
15948,3,1,3882,0
15948,40,1,4298,0.05
15949,25,1,938,0.05
15950,27,2,2377,0.05
15951,30,1,3732,0
15951,33,1,2132,0
15952,17,2,1925,0.05
15952,36,1,460,0.15
15952,22,1,131,0
15952,40,1,4298,0.05
15953,43,1,2654,0
15953,48,1,4805,0
15954,15,2,3944,0.05
15954,27,1,2377,0.05
15955,38,1,976,0
15955,28,1,3031,0.15
15955,36,1,460,0
15955,19,1,2578,0.05
15956,29,1,410,0
15956,39,1,765,0.05
15957,36,1,460,0
15958,55,1,4377,0
15958,8,1,659,0.1
15958,3,1,3882,0.05
15959,44,1,1674,0.05
15960,31,1,3571,0
15961,11,1,4549,0.1
15962,51,1,2621,0
15963,11,2,4549,0.05
15964,57,1,3486,0.1
15965,7,1,2555,0
15965,38,1,976,0.1
15966,1,1,2760,0
15966,20,2,4963,0.05
15966,48,2,4805,0
15967,57,1,3486,0.1
15967,10,1,3960,0
15967,43,1,2654,0.1
15968,30,1,3732,0
15968,56,2,2279,0.1
15968,40,1,4298,0
15969,48,2,4805,0
15969,33,1,2132,0
15969,14,2,3770,0
15970,42,1,641,0.1
15970,59,1,954,0
15970,59,1,954,0
15970,18,2,4405,0
15971,57,1,3486,0.05
15972,4,1,3867,0.05
15973,41,1,4560,0
15974,37,1,189,0
15974,6,1,3871,0.15
15975,22,1,131,0.05
15976,24,2,2210,0.1
15977,27,3,2377,0
15978,10,1,3960,0.05
15978,57,1,3486,0.1
15978,51,2,2621,0
15979,6,1,3871,0
15979,12,1,2578,0.05
15979,30,1,3732,0.15
15980,48,2,4805,0.1
15980,31,1,3571,0
15980,40,1,4298,0.1
15980,32,1,2083,0.05
15981,13,1,283,0.1
15982,35,1,2084,0.15
15982,28,1,3031,0.15
15983,58,1,124,0
15984,49,1,2121,0
15984,53,1,1408,0.05
15985,58,1,124,0.1
15986,25,2,938,0.1
15986,12,1,2578,0
15987,40,1,4298,0
15988,27,1,2377,0.15
15988,5,1,207,0
15989,14,1,3770,0.1
15989,27,1,2377,0
15990,50,1,4645,0.15
15990,35,2,2084,0
15991,27,2,2377,0
15992,3,1,3882,0.05
15993,5,1,207,0.05
15993,45,2,1847,0.15
15994,22,1,131,0.05
15994,45,1,1847,0
15994,44,1,1674,0
15995,21,1,572,0
15996,27,1,2377,0
15997,7,1,2555,0
15997,20,1,4963,0
15998,16,1,2872,0
15998,40,1,4298,0.1
15999,50,1,4645,0.15
16000,4,1,3867,0
16000,3,1,3882,0.1
16000,16,1,2872,0.05
16001,3,1,3882,0.1
16002,32,1,2083,0
16003,20,1,4963,0.05
16003,17,1,1925,0
16003,32,1,2083,0.1
16004,55,1,4377,0
16005,25,1,938,0
16006,43,2,2654,0.05
16007,57,1,3486,0
16007,14,1,3770,0.1
16008,32,1,2083,0
16008,48,2,4805,0.1
16009,31,1,3571,0.1
16009,56,1,2279,0.15
16009,55,1,4377,0
16009,11,2,4549,0
16010,36,1,460,0.1
16011,42,1,641,0.1
16012,34,2,1026,0
16012,24,1,2210,0.05
16013,20,2,4963,0.05
16014,29,1,410,0.2
16014,35,1,2084,0.2
16015,38,2,976,0.05
16015,19,1,2578,0
16016,14,1,3770,0.1
16017,30,1,3732,0.05
16018,19,1,2578,0.05
16019,6,1,3871,0.15
16019,3,3,3882,0.15
16019,52,1,2641,0
16019,16,2,2872,0.1
16020,45,1,1847,0
16020,10,1,3960,0.15
16021,48,1,4805,0.1
16021,59,1,954,0.15
16021,50,1,4645,0
16022,58,1,124,0
16023,60,2,1642,0.05
16024,17,1,1925,0.05
16025,57,1,3486,0.05
16025,48,1,4805,0.15
16026,10,1,3960,0.15
16027,25,1,938,0
16027,33,1,2132,0.15
16027,11,1,4549,0.05
16027,18,1,4405,0.1
16028,52,1,2641,0.1
16029,21,1,572,0.1
16029,6,1,3871,0
16030,54,1,273,0.05
16030,7,1,2555,0.05
16031,11,1,4549,0
16032,20,1,4963,0.05
16032,30,1,3732,0.15
16032,41,1,4560,0.1
16032,41,2,4560,0.1
16033,18,1,4405,0
16033,58,1,124,0.1
16034,33,1,2132,0
16034,14,1,3770,0
16035,3,1,3882,0.05
16035,7,2,2555,0
16035,37,1,189,0
16036,15,1,3944,0.1
16037,8,1,659,0.05
16037,37,1,189,0
16037,43,3,2654,0.05
16038,42,1,641,0.05
16039,1,1,2760,0.2
16039,53,1,1408,0
16039,5,1,207,0
16040,17,1,1925,0.05
16041,29,3,410,0.05
16041,3,1,3882,0
16042,33,1,2132,0.05
16043,25,3,938,0
16043,55,1,4377,0
16044,10,2,3960,0.1
16045,28,1,3031,0.1
16045,11,3,4549,0
16045,12,1,2578,0.1
16045,15,2,3944,0.05
16046,7,1,2555,0.1
16047,35,1,2084,0
16047,15,1,3944,0.15
16048,40,1,4298,0.1
16048,11,2,4549,0.05
16048,50,2,4645,0.1
16049,48,1,4805,0.05
16050,56,1,2279,0.1
16050,15,2,3944,0.05
16051,54,1,273,0.1
16052,34,2,1026,0.05
16053,50,1,4645,0
16053,28,1,3031,0.05
16054,20,1,4963,0.05
16055,27,2,2377,0.2
16056,23,1,2084,0.1
16056,24,1,2210,0
16056,17,1,1925,0.05
16056,50,1,4645,0.1
16057,8,2,659,0.1
16057,26,1,438,0
16057,7,1,2555,0.1
16058,4,1,3867,0.1
16058,12,1,2578,0
16059,42,1,641,0
16060,50,3,4645,0.1
16061,34,1,1026,0.05
16062,4,1,3867,0
16062,32,2,2083,0.2
16063,43,1,2654,0
16063,9,1,1527,0
16064,2,3,1368,0.05
16064,7,1,2555,0.05
16064,32,1,2083,0.05
16064,27,2,2377,0
16065,48,1,4805,0.05
16066,6,1,3871,0.15
16066,32,1,2083,0.2
16067,25,1,938,0
16068,4,1,3867,0.05
16068,60,1,1642,0.15
16069,5,1,207,0.1
16070,10,1,3960,0.1
16071,30,1,3732,0
16071,31,1,3571,0.05
16071,21,1,572,0.1
16072,59,2,954,0.1
16073,13,2,283,0.1
16073,36,3,460,0
16073,49,1,2121,0.05
16074,50,3,4645,0.1
16075,33,1,2132,0.2
16075,13,2,283,0.1
16075,34,1,1026,0
16076,14,1,3770,0
16076,40,3,4298,0.15
16077,38,3,976,0.1
16077,46,1,1604,0
16077,45,1,1847,0
16078,53,1,1408,0.15
16079,43,1,2654,0.05
16079,33,1,2132,0.05
16080,33,2,2132,0.2
16081,13,1,283,0
16082,22,1,131,0
16082,3,1,3882,0.05
16083,25,1,938,0.15
16083,49,1,2121,0
16083,36,1,460,0
16084,42,1,641,0
16085,56,1,2279,0
16085,55,1,4377,0.15
16085,25,2,938,0
16086,49,2,2121,0
16086,56,1,2279,0.05
16086,37,2,189,0
16087,8,1,659,0.2
16088,7,2,2555,0.15
16089,19,2,2578,0.05
16090,44,1,1674,0
16090,37,1,189,0
16091,42,2,641,0.05
16092,20,1,4963,0
16092,49,1,2121,0
16092,49,1,2121,0
16093,54,1,273,0
16093,16,1,2872,0
16094,34,1,1026,0
16095,51,1,2621,0.05
16095,28,1,3031,0
16095,3,1,3882,0.05
16096,7,1,2555,0
16096,50,1,4645,0.05
16097,39,1,765,0
16098,47,1,365,0.1
16098,25,1,938,0.1
16098,19,1,2578,0
16099,23,1,2084,0.15
16099,43,1,2654,0.15
16100,60,2,1642,0
16100,12,1,2578,0.05
16101,3,1,3882,0.2
16101,27,2,2377,0
16102,51,1,2621,0
16102,30,1,3732,0
16103,48,1,4805,0.05
16103,56,1,2279,0
16103,46,1,1604,0.05
16104,2,1,1368,0
16105,28,1,3031,0.1
16106,35,1,2084,0
16106,19,1,2578,0.1
16106,40,1,4298,0.05
16107,24,1,2210,0.05
16107,10,1,3960,0.1
16107,36,1,460,0.1
16107,13,1,283,0.05
16108,46,2,1604,0.05
16108,53,1,1408,0.05
16109,30,1,3732,0.05
16110,31,1,3571,0
16110,50,2,4645,0.05
16111,15,1,3944,0
16112,23,1,2084,0.15
16112,2,1,1368,0.05
16113,4,1,3867,0.05
16113,10,1,3960,0
16113,2,1,1368,0.05
16113,41,2,4560,0
16114,2,3,1368,0.05
16115,30,1,3732,0.1
16116,9,1,1527,0
16116,53,2,1408,0.1
16117,54,1,273,0.05
16117,18,1,4405,0
16118,14,2,3770,0
16119,5,1,207,0
16120,5,1,207,0
16120,57,1,3486,0.1
16120,39,2,765,0.05
16121,50,1,4645,0.05
16121,38,1,976,0.05
16121,59,3,954,0.05
16122,5,1,207,0.15
16122,29,1,410,0.2
16123,22,1,131,0.05
16123,46,1,1604,0.2
16124,56,1,2279,0.1
16125,55,1,4377,0
16125,13,1,283,0.15
16126,38,1,976,0.05
16127,47,1,365,0.05
16128,2,1,1368,0.1
16129,4,1,3867,0.15
16129,57,2,3486,0
16129,16,1,2872,0.1
16129,19,2,2578,0.05
16130,54,2,273,0.1
16130,41,1,4560,0.05
16131,29,1,410,0
16132,15,2,3944,0.05
16132,35,1,2084,0.05
16132,36,2,460,0.15
16133,44,1,1674,0
16134,5,1,207,0
16134,30,1,3732,0
16135,37,1,189,0.05
16135,28,1,3031,0
16135,1,1,2760,0.05
16136,17,1,1925,0.05
16136,53,1,1408,0.05
16137,44,1,1674,0.05
16137,42,1,641,0
16138,16,1,2872,0
16138,11,3,4549,0
16138,30,1,3732,0
16139,30,2,3732,0.05
16139,3,3,3882,0
16140,57,1,3486,0.1
16141,45,1,1847,0
16141,50,1,4645,0
16142,16,1,2872,0
16142,52,1,2641,0
16142,30,2,3732,0.1
16143,6,3,3871,0.2
16144,43,1,2654,0.05
16144,41,1,4560,0.05
16145,41,1,4560,0.15
16146,29,2,410,0
16147,33,1,2132,0.05
16148,18,1,4405,0
16149,2,2,1368,0
16150,28,1,3031,0.1
16151,15,1,3944,0.1
16152,38,1,976,0.05
16153,3,1,3882,0
16154,15,1,3944,0.1
16154,50,1,4645,0.05
16155,13,2,283,0
16156,28,1,3031,0.2
16157,20,1,4963,0.1
16158,51,2,2621,0
16158,41,2,4560,0.1
16158,7,2,2555,0
16158,16,1,2872,0.15
16159,17,1,1925,0
16159,7,1,2555,0.05
16159,30,1,3732,0
16160,1,1,2760,0.1
16161,55,1,4377,0.2
16162,27,1,2377,0
16163,19,1,2578,0
16163,19,1,2578,0
16163,45,1,1847,0
16163,20,1,4963,0.2
16164,19,1,2578,0.15
16165,34,1,1026,0.1
16165,35,1,2084,0.2
16166,19,1,2578,0.05
16167,10,1,3960,0
16167,11,1,4549,0.1
16168,48,2,4805,0.05
16168,33,1,2132,0.05
16168,16,1,2872,0
16168,18,2,4405,0
16169,7,1,2555,0.05
16169,23,1,2084,0.05
16169,16,2,2872,0.1
16169,46,2,1604,0.1
16170,58,1,124,0.15
16170,22,2,131,0.15
16171,34,1,1026,0.05
16172,21,1,572,0.15
16172,49,1,2121,0.2
16173,16,1,2872,0
16173,11,1,4549,0
16174,57,1,3486,0.2
16175,19,1,2578,0
16176,37,1,189,0.15
16176,15,2,3944,0.05
16176,56,1,2279,0
16177,1,1,2760,0
16178,4,1,3867,0.1
16178,30,1,3732,0
16178,7,1,2555,0.15
16178,27,1,2377,0
16179,51,2,2621,0
16180,16,1,2872,0.1
16180,27,1,2377,0
16181,19,3,2578,0
16182,9,1,1527,0.1
16182,57,1,3486,0.05
16183,43,1,2654,0.05
16184,21,1,572,0
16184,12,1,2578,0
16185,57,1,3486,0.1
16186,55,3,4377,0.05
16186,55,1,4377,0.1
16187,23,1,2084,0
16187,20,1,4963,0.1
16187,14,2,3770,0.1
16188,48,3,4805,0
16189,47,2,365,0.05
16189,39,1,765,0
16190,55,1,4377,0.05
16190,16,2,2872,0.05
16191,44,1,1674,0
16192,50,1,4645,0
16193,45,1,1847,0.2
16193,36,1,460,0.05
16194,56,1,2279,0.1
16195,8,1,659,0
16195,10,1,3960,0
16195,7,1,2555,0.2
16195,38,3,976,0.1
16196,40,1,4298,0.05
16196,27,2,2377,0.1
16196,30,3,3732,0
16197,31,1,3571,0
16198,18,2,4405,0
16198,10,1,3960,0
16198,7,2,2555,0
16199,56,1,2279,0
16200,43,1,2654,0
16200,48,3,4805,0
16200,19,1,2578,0.1
16200,49,2,2121,0
16201,13,1,283,0.15
16202,11,2,4549,0
16202,59,2,954,0.1
16203,50,1,4645,0.15
16204,4,1,3867,0
16205,6,1,3871,0
16205,44,2,1674,0.2
16206,24,2,2210,0
16206,11,2,4549,0
16207,43,1,2654,0
16207,35,1,2084,0.1
16208,7,1,2555,0.05
16208,51,3,2621,0
16209,59,1,954,0.15
16209,50,1,4645,0.15
16209,3,1,3882,0.1
16210,48,1,4805,0.05
16210,52,2,2641,0
16211,45,1,1847,0.1
16212,44,1,1674,0.1
16213,34,1,1026,0.05
16214,34,1,1026,0.05
16214,13,1,283,0.1
16215,30,2,3732,0.1
16215,41,2,4560,0
16216,14,1,3770,0.1
16217,25,1,938,0.05
16218,30,1,3732,0.05
16219,56,1,2279,0
16219,7,1,2555,0.05
16219,11,1,4549,0
16220,1,1,2760,0.05
16221,10,1,3960,0
16221,58,1,124,0.05
16222,9,2,1527,0.05
16222,12,1,2578,0
16223,26,1,438,0.15
16224,13,1,283,0.05
16224,31,3,3571,0.2
16224,3,1,3882,0.15
16225,12,1,2578,0.05
16225,47,1,365,0.05
16225,41,1,4560,0
16226,53,1,1408,0.1
16227,16,1,2872,0.15
16228,38,1,976,0.2
16229,13,2,283,0.1
16229,31,1,3571,0
16229,55,1,4377,0.1
16230,55,1,4377,0.05
16230,20,1,4963,0
16231,28,1,3031,0
16231,49,1,2121,0.15
16231,4,1,3867,0
16232,41,3,4560,0.2
16233,43,1,2654,0
16234,12,1,2578,0
16234,16,1,2872,0
16235,35,1,2084,0.05
16236,53,1,1408,0.05
16237,37,1,189,0.1
16237,30,1,3732,0.15
16238,11,1,4549,0.05
16238,13,1,283,0.05
16238,27,1,2377,0.05
16239,28,2,3031,0
16240,38,1,976,0.1
16241,54,1,273,0
16241,52,1,2641,0
16241,27,1,2377,0.15
16242,18,1,4405,0
16242,49,1,2121,0
16243,35,1,2084,0
16243,34,1,1026,0.15
16243,3,3,3882,0.15
16244,55,1,4377,0.15
16244,48,2,4805,0.15
16244,51,2,2621,0.05
16245,33,1,2132,0
16245,51,2,2621,0.15
16246,28,2,3031,0
16247,55,2,4377,0.05
16247,52,3,2641,0.1
16248,38,2,976,0.05
16248,60,1,1642,0
16248,12,1,2578,0.1
16249,24,1,2210,0
16249,53,2,1408,0.1
16249,48,1,4805,0
16249,20,1,4963,0
16250,26,1,438,0
16250,56,1,2279,0.1
16251,58,1,124,0.15
16251,54,1,273,0.05
16252,5,1,207,0.1
16252,25,1,938,0.2
16253,40,1,4298,0.05
16254,27,1,2377,0.1
16255,7,3,2555,0.05
16256,32,1,2083,0.1
16256,49,1,2121,0
16257,30,1,3732,0.1
16258,51,2,2621,0.2
16259,12,3,2578,0.1
16260,26,3,438,0
16260,24,1,2210,0
16261,10,2,3960,0.05
16261,46,1,1604,0.05
16262,46,1,1604,0.05
16263,49,1,2121,0.1
16263,26,1,438,0
16264,47,1,365,0.05
16265,6,1,3871,0
16265,30,2,3732,0.2
16265,59,2,954,0.15
16266,31,1,3571,0
16266,8,1,659,0
16266,56,1,2279,0.1
16266,16,1,2872,0.05
16267,10,1,3960,0.2
16268,11,2,4549,0.1
16268,38,1,976,0
16268,11,1,4549,0.05
16269,22,2,131,0.05
16269,6,1,3871,0
16270,16,1,2872,0
16270,53,3,1408,0.15
16270,31,2,3571,0
16271,31,2,3571,0
16271,36,1,460,0.05
16272,6,1,3871,0.15
16272,6,1,3871,0
16273,15,1,3944,0
16273,1,1,2760,0
16274,26,1,438,0
16274,12,1,2578,0.15
16275,40,1,4298,0.05
16276,42,1,641,0
16276,60,1,1642,0.05
16276,30,1,3732,0.05
16277,10,1,3960,0.05
16277,59,1,954,0
16277,16,2,2872,0
16278,60,1,1642,0.05
16278,39,1,765,0
16279,14,1,3770,0.2
16279,31,1,3571,0.1
16280,29,1,410,0.05
16281,12,1,2578,0.1
16281,40,2,4298,0.2
16282,5,1,207,0
16282,39,1,765,0
16282,48,1,4805,0
16282,18,1,4405,0
16283,28,1,3031,0.15
16284,36,1,460,0.15
16284,43,2,2654,0
16285,58,1,124,0.05
16286,42,1,641,0
16287,41,1,4560,0.1
16288,3,1,3882,0.05
16288,51,1,2621,0
16288,3,1,3882,0
16288,17,2,1925,0
16289,13,1,283,0.05
16289,18,1,4405,0.15
16290,4,2,3867,0
16290,10,1,3960,0
16290,18,1,4405,0.05
16291,22,1,131,0.1
16292,2,1,1368,0
16293,56,1,2279,0.05
16293,43,1,2654,0.05
16294,9,1,1527,0
16295,27,1,2377,0
16295,2,1,1368,0
16296,5,1,207,0
16296,19,2,2578,0
16297,18,1,4405,0
16297,57,1,3486,0.1
16297,37,1,189,0
16298,18,1,4405,0.05
16298,44,1,1674,0
16299,49,1,2121,0
16300,22,1,131,0.05
16300,47,1,365,0.15
16301,35,1,2084,0
16302,22,1,131,0
16303,53,1,1408,0.15
16304,37,1,189,0.05
16304,51,1,2621,0.05
16305,58,1,124,0.05
16306,14,1,3770,0
16307,15,1,3944,0.05
16307,27,1,2377,0.15
16308,4,1,3867,0
16309,50,1,4645,0.05
16309,53,1,1408,0
16309,51,1,2621,0.05
16310,54,2,273,0.05
16310,23,1,2084,0
16311,45,2,1847,0
16311,36,2,460,0
16311,1,1,2760,0
16312,8,1,659,0.05
16312,59,1,954,0.05
16313,22,1,131,0.1
16314,20,3,4963,0.15
16314,43,1,2654,0
16314,30,1,3732,0
16315,45,2,1847,0
16315,34,1,1026,0
16315,8,1,659,0
16316,27,1,2377,0.05
16317,42,1,641,0
16317,6,2,3871,0.15
16317,16,1,2872,0.1
16317,56,1,2279,0.1
16318,48,1,4805,0.05
16319,47,2,365,0
16319,23,1,2084,0.05
16319,46,2,1604,0.1
16319,41,1,4560,0.1
16320,14,2,3770,0.05
16320,56,1,2279,0.05
16320,27,1,2377,0
16320,43,1,2654,0.2
16321,47,1,365,0.05
16321,54,2,273,0
16322,26,1,438,0
16323,57,1,3486,0.2
16323,58,1,124,0
16324,10,1,3960,0.2
16324,20,2,4963,0.15
16325,47,2,365,0
16325,31,1,3571,0
16326,33,1,2132,0
16326,50,1,4645,0
16326,38,2,976,0
16326,40,2,4298,0.05
16327,8,1,659,0
16327,26,1,438,0
16328,55,2,4377,0.05
16329,7,2,2555,0.15
16330,40,1,4298,0
16331,22,1,131,0.05
16332,52,2,2641,0.05
16332,34,1,1026,0.1
16333,16,1,2872,0.05
16334,43,1,2654,0
16334,1,1,2760,0
16334,20,2,4963,0.05
16335,9,1,1527,0.05
16335,43,1,2654,0
16336,18,1,4405,0
16336,17,1,1925,0.1
16337,10,1,3960,0
16337,26,1,438,0.05
16338,49,1,2121,0.15
16339,30,1,3732,0
16340,41,1,4560,0.05
16340,24,1,2210,0
16340,48,1,4805,0
16341,51,1,2621,0.2
16342,10,1,3960,0.1
16342,56,1,2279,0.15
16342,23,1,2084,0
16343,28,2,3031,0.05
16344,2,1,1368,0.05
16344,48,1,4805,0
16344,35,2,2084,0
16344,34,2,1026,0
16345,34,1,1026,0.1
16345,40,1,4298,0
16345,39,1,765,0.15
16346,58,1,124,0
16346,39,1,765,0.15
16347,15,1,3944,0
16347,1,2,2760,0.05
16348,29,1,410,0
16349,59,1,954,0.05
16350,19,1,2578,0.05
16350,59,1,954,0.15
16351,7,1,2555,0.1
16352,31,2,3571,0
16352,51,1,2621,0.1
16352,20,1,4963,0
16352,7,1,2555,0.2
16353,38,2,976,0
16354,2,1,1368,0.15
16354,34,1,1026,0.2
16354,13,1,283,0.05
16355,3,2,3882,0.05
16356,46,2,1604,0
16357,50,1,4645,0
16357,30,1,3732,0.05
16357,59,3,954,0
16358,11,1,4549,0
16359,55,1,4377,0.05
16360,19,1,2578,0
16360,40,3,4298,0.05
16360,1,1,2760,0.1
16361,51,1,2621,0.15
16362,40,2,4298,0
16362,42,1,641,0
16363,8,2,659,0.05
16364,41,1,4560,0
16365,14,1,3770,0.05
16365,26,2,438,0.05
16366,2,1,1368,0
16367,33,1,2132,0.1
16367,59,1,954,0.05
16367,27,1,2377,0
16367,35,1,2084,0.15
16368,44,3,1674,0.15
16369,30,2,3732,0.15
16369,48,1,4805,0.1
16370,15,1,3944,0.1
16371,43,1,2654,0
16372,34,1,1026,0.1
16373,25,2,938,0.15
16373,44,1,1674,0.15
16374,33,1,2132,0
16374,15,1,3944,0.2
16375,4,1,3867,0
16375,31,2,3571,0
16376,41,2,4560,0.15
16377,44,1,1674,0.15
16377,10,3,3960,0.05
16378,59,1,954,0.1
16378,41,2,4560,0
16378,13,2,283,0.1
16379,56,1,2279,0
16379,17,1,1925,0.05
16379,17,1,1925,0.05
16380,43,1,2654,0
16380,48,1,4805,0
16380,50,3,4645,0.05
16380,3,1,3882,0.05
16381,15,1,3944,0.15
16381,53,1,1408,0.05
16382,4,1,3867,0
16382,7,2,2555,0.15
16383,23,1,2084,0.1
16384,57,1,3486,0.15
16384,45,2,1847,0.05
16384,27,1,2377,0
16385,22,1,131,0.05
16385,50,1,4645,0.05
16386,51,2,2621,0
16387,39,2,765,0.1
16388,6,1,3871,0.15
16388,2,2,1368,0.1
16389,49,2,2121,0.1
16390,34,1,1026,0.1
16390,24,1,2210,0.05
16391,59,1,954,0
16391,36,1,460,0
16392,15,1,3944,0
16392,4,1,3867,0
16392,43,1,2654,0.15
16393,24,2,2210,0.1
16393,6,3,3871,0.15
16393,37,1,189,0.05
16394,43,1,2654,0
16394,6,1,3871,0.1
16395,54,2,273,0.05
16396,60,1,1642,0.05
16397,3,1,3882,0.1
16397,56,2,2279,0
16398,1,1,2760,0
16398,30,1,3732,0
16399,37,1,189,0.1
16399,8,1,659,0
16400,43,1,2654,0.1
16401,21,1,572,0.05
16401,15,1,3944,0
16402,40,1,4298,0
16403,5,3,207,0.05
16403,41,1,4560,0
16404,18,2,4405,0
16404,25,1,938,0
16405,32,3,2083,0
16406,12,1,2578,0.15
16407,44,1,1674,0
16408,52,1,2641,0.2
16408,57,2,3486,0
16408,48,2,4805,0.15
16409,28,1,3031,0
16409,19,1,2578,0.05
16410,10,2,3960,0.05
16411,15,1,3944,0.15
16412,42,1,641,0
16413,26,3,438,0.05
16414,21,1,572,0.05
16414,16,1,2872,0.05
16415,23,2,2084,0
16415,34,1,1026,0.2
16415,50,3,4645,0.1
16415,26,1,438,0
16416,35,2,2084,0
16417,31,1,3571,0.05
16418,24,1,2210,0.05
16419,60,1,1642,0
16419,57,1,3486,0.05
16420,55,1,4377,0.1
16421,57,1,3486,0.05
16421,32,1,2083,0.05
16422,55,1,4377,0.05
16423,47,1,365,0
16424,12,1,2578,0
16425,25,1,938,0.05
16425,34,2,1026,0.2
16425,50,1,4645,0
16426,39,3,765,0
16426,46,1,1604,0.1
16427,18,2,4405,0
16428,27,1,2377,0.1
16429,27,1,2377,0.05
16429,12,1,2578,0.1
16430,25,2,938,0.1
16430,33,1,2132,0.05
16431,13,2,283,0
16432,16,2,2872,0
16432,6,1,3871,0.1
16432,43,1,2654,0
16433,34,2,1026,0.2
16434,3,1,3882,0
16434,56,1,2279,0.1
16434,5,1,207,0.1
16435,28,1,3031,0
16436,40,1,4298,0.15
16437,20,1,4963,0
16437,10,1,3960,0
16438,25,1,938,0
16439,46,1,1604,0.15
16439,45,2,1847,0.05
16440,48,1,4805,0.1
16440,51,1,2621,0
16441,3,1,3882,0
16441,9,1,1527,0
16442,33,1,2132,0.15
16442,30,1,3732,0
16442,20,1,4963,0
16443,35,1,2084,0.05
16443,47,2,365,0.15
16444,5,3,207,0
16444,34,1,1026,0.2
16444,43,1,2654,0
16445,41,2,4560,0
16445,55,2,4377,0
16445,15,1,3944,0.15
16446,43,1,2654,0
16447,8,1,659,0
16448,34,2,1026,0
16448,24,2,2210,0.1
16448,36,1,460,0.15
16449,46,1,1604,0
16449,4,1,3867,0
16450,5,1,207,0
16450,19,1,2578,0.15
16451,26,1,438,0.05
16451,28,1,3031,0
16451,17,1,1925,0
16452,57,1,3486,0.05
16452,38,1,976,0
16452,28,1,3031,0
16452,7,1,2555,0.15
16453,7,2,2555,0
16453,56,1,2279,0.05
16454,14,2,3770,0.05
16455,41,1,4560,0
16456,24,2,2210,0
16456,51,2,2621,0
16456,22,2,131,0
16457,4,2,3867,0
16457,6,3,3871,0
16457,55,1,4377,0.15
16457,15,1,3944,0.05
16458,8,1,659,0
16459,56,1,2279,0.1
16459,19,1,2578,0.05
16460,18,1,4405,0.15
16460,4,1,3867,0.1
16461,40,2,4298,0.15
16462,35,3,2084,0.15
16463,28,1,3031,0
16464,22,1,131,0.05
16465,14,1,3770,0.2
16466,2,1,1368,0.05
16466,45,1,1847,0.05
16467,57,2,3486,0.1
16467,58,1,124,0.05
16468,17,1,1925,0.05
16469,1,2,2760,0.15
16469,50,1,4645,0.2
16470,14,1,3770,0.05
16471,50,2,4645,0.05
16471,28,1,3031,0
16472,34,1,1026,0
16472,45,1,1847,0.15
16473,6,1,3871,0
16473,35,2,2084,0
16474,37,2,189,0.05
16474,11,1,4549,0
16475,17,1,1925,0.1
16475,50,2,4645,0.1
16476,24,1,2210,0
16476,19,2,2578,0.15
16476,55,1,4377,0.05
16476,18,1,4405,0.15
16477,49,1,2121,0
16478,54,1,273,0.15
16478,37,2,189,0.05
16479,50,2,4645,0.05
16479,35,2,2084,0
16479,56,3,2279,0
16480,37,1,189,0.05
16480,35,1,2084,0
16480,47,1,365,0.05
16480,47,1,365,0.1
16481,36,1,460,0.05
16482,26,1,438,0.1
16482,1,1,2760,0
16483,3,1,3882,0
16484,34,1,1026,0.05
16485,16,1,2872,0
16485,41,1,4560,0.2
16485,5,3,207,0.05
16485,46,1,1604,0.1
16486,1,1,2760,0.05
16487,1,1,2760,0
16487,36,1,460,0.1
16487,53,1,1408,0.15
16488,7,1,2555,0.1
16488,20,1,4963,0
16488,22,1,131,0.1
16488,56,1,2279,0
16489,34,2,1026,0.2
16489,27,3,2377,0.15
16489,30,1,3732,0.1
16490,12,2,2578,0.1
16491,29,1,410,0.1
16492,56,1,2279,0
16492,55,2,4377,0.15
16493,7,1,2555,0
16494,33,1,2132,0.05
16494,25,1,938,0
16494,43,1,2654,0.1
16495,33,2,2132,0
16495,4,3,3867,0.2
16496,40,1,4298,0
16496,43,1,2654,0.05
16496,1,1,2760,0
16496,21,2,572,0
16497,48,2,4805,0.05
16497,55,1,4377,0.1
16498,16,1,2872,0.15
16498,49,1,2121,0
16499,35,2,2084,0.1
16499,56,1,2279,0.05
16500,1,1,2760,0.05
16500,27,1,2377,0
16501,21,1,572,0.05
16502,5,1,207,0.05
16502,36,2,460,0
16503,42,1,641,0
16504,3,1,3882,0.1
16504,37,1,189,0.1
16504,15,3,3944,0.05
16504,53,1,1408,0.15
16505,14,1,3770,0.05
16505,9,1,1527,0
16506,59,2,954,0.05
16507,60,1,1642,0.05
16508,14,1,3770,0.1
16509,33,2,2132,0.15
16509,43,1,2654,0.15
16510,7,1,2555,0
16510,51,1,2621,0.05
16511,59,1,954,0
16512,46,1,1604,0.05
16513,48,1,4805,0
16514,4,2,3867,0.1
16515,1,2,2760,0.1
16516,32,1,2083,0
16516,47,2,365,0.05
16516,16,1,2872,0.05
16517,25,1,938,0.1
16518,11,1,4549,0.05
16519,29,2,410,0
16520,4,1,3867,0.1
16520,6,2,3871,0.15
16520,38,2,976,0
16521,36,1,460,0.2
16522,6,1,3871,0.15
16522,29,1,410,0
16523,4,1,3867,0
16524,3,1,3882,0.1
16524,19,1,2578,0
16524,21,2,572,0.2
16525,25,1,938,0.05
16525,44,1,1674,0
16525,25,1,938,0.2
16526,1,1,2760,0
16526,56,1,2279,0.05
16527,18,1,4405,0
16528,52,1,2641,0
16529,42,1,641,0.05
16529,50,1,4645,0.15
16529,28,1,3031,0.05
16530,13,1,283,0.1
16530,56,2,2279,0
16531,3,1,3882,0
16531,23,2,2084,0.1
16532,17,1,1925,0.1
16532,17,1,1925,0
16532,18,1,4405,0
16533,23,1,2084,0
16533,32,1,2083,0
16534,13,2,283,0.1
16534,20,1,4963,0.1
16535,20,1,4963,0
16535,41,2,4560,0.05
16536,45,2,1847,0.05
16536,7,1,2555,0.2
16536,36,1,460,0.15
16536,20,1,4963,0.05
16537,59,1,954,0.15
16537,17,2,1925,0.15
16538,3,1,3882,0
16538,56,1,2279,0
16539,4,1,3867,0.05
16539,14,1,3770,0.1
16539,56,3,2279,0.15
16540,45,1,1847,0
16540,37,2,189,0.05
16540,35,2,2084,0
16541,29,1,410,0.1
16541,7,2,2555,0.2
16542,19,1,2578,0
16543,7,1,2555,0.05
16543,21,1,572,0.1
16544,20,2,4963,0
16544,33,1,2132,0
16544,49,1,2121,0
16544,30,2,3732,0.1
16545,30,1,3732,0.05
16545,28,1,3031,0.05
16545,19,1,2578,0.05
16545,25,1,938,0.05
16546,10,1,3960,0.05
16546,11,2,4549,0
16546,10,1,3960,0
16547,7,1,2555,0
16548,10,1,3960,0
16548,15,1,3944,0.1
16548,7,1,2555,0
16548,1,1,2760,0.05
16549,54,1,273,0.05
16550,45,1,1847,0.15
16551,17,3,1925,0.05
16551,12,2,2578,0.05
16552,22,1,131,0.05
16552,52,1,2641,0.15
16553,27,1,2377,0
16554,17,1,1925,0.05
16554,50,2,4645,0.15
16555,30,1,3732,0.05
16555,46,2,1604,0
16556,48,1,4805,0.05
16556,10,1,3960,0
16557,37,1,189,0
16557,29,1,410,0
16557,29,1,410,0.05
16558,42,2,641,0
16558,24,2,2210,0.15
16558,26,2,438,0
16558,40,1,4298,0.1
16559,8,1,659,0.05
16559,60,2,1642,0
16560,53,1,1408,0.05
16560,10,1,3960,0.15
16561,44,1,1674,0.15
16562,26,1,438,0
16562,16,2,2872,0.2
16563,35,1,2084,0.1
16564,12,1,2578,0.1
16564,18,1,4405,0
16565,60,3,1642,0
16565,35,1,2084,0
16565,25,1,938,0.15
16566,22,1,131,0.1
16567,52,1,2641,0
16567,7,1,2555,0.05
16568,48,1,4805,0.15
16568,36,1,460,0
16568,20,1,4963,0.1
16569,34,1,1026,0
16569,3,1,3882,0
16569,36,1,460,0.05
16569,19,1,2578,0
16570,31,2,3571,0.1
16570,36,1,460,0
16570,36,2,460,0
16571,1,3,2760,0
16572,25,1,938,0.1
16573,44,2,1674,0.2
16573,27,2,2377,0
16574,32,1,2083,0.05
16574,53,1,1408,0.2
16575,47,2,365,0.2
16576,33,2,2132,0
16576,14,1,3770,0
16576,43,3,2654,0
16577,16,1,2872,0.15
16577,44,1,1674,0.1
16578,16,1,2872,0.05
16578,19,1,2578,0.05
16579,60,1,1642,0.05
16579,40,2,4298,0.05
16579,1,1,2760,0
16580,47,1,365,0
16581,55,2,4377,0.2
16581,31,3,3571,0
16581,27,1,2377,0.1
16582,25,1,938,0.2
16583,6,1,3871,0
16584,30,1,3732,0.05
16585,24,2,2210,0.1
16585,27,1,2377,0.1
16586,6,1,3871,0.2
16587,49,1,2121,0
16588,3,1,3882,0
16588,28,1,3031,0.1
16588,11,1,4549,0.05
16589,30,1,3732,0.1
16590,19,1,2578,0.05
16590,12,1,2578,0.05
16591,28,1,3031,0
16591,55,1,4377,0
16592,44,1,1674,0
16592,54,1,273,0
16592,37,1,189,0
16592,51,1,2621,0.1
16593,32,1,2083,0
16594,43,2,2654,0
16594,13,2,283,0.05
16595,54,2,273,0.05
16595,48,1,4805,0.1
16595,16,1,2872,0
16595,12,1,2578,0.05
16596,51,1,2621,0.2
16596,12,1,2578,0
16597,26,2,438,0.1
16597,39,2,765,0.15
16597,10,1,3960,0
16598,2,1,1368,0.1
16598,2,1,1368,0
16599,18,1,4405,0
16599,4,1,3867,0.05
16600,50,1,4645,0.2
16601,26,2,438,0.15
16601,13,1,283,0.05
16602,52,2,2641,0.2
16602,13,2,283,0
16603,32,2,2083,0
16603,45,1,1847,0
16603,30,1,3732,0.15
16604,33,1,2132,0
16604,10,2,3960,0.1
16604,31,1,3571,0
16605,4,1,3867,0.15
16605,24,2,2210,0.1
16606,12,1,2578,0.05
16606,26,2,438,0.05
16606,49,1,2121,0
16607,42,1,641,0.15
16608,29,1,410,0.05
16608,45,1,1847,0.2
16609,43,2,2654,0.15
16609,39,1,765,0.05
16609,51,3,2621,0.2
16610,34,1,1026,0
16611,7,1,2555,0.05
16612,6,1,3871,0
16612,30,1,3732,0.15
16612,46,1,1604,0.05
16612,52,1,2641,0.05
16613,22,1,131,0
16613,20,1,4963,0.05
16614,41,1,4560,0.1
16615,51,1,2621,0
16616,26,1,438,0
16617,39,2,765,0
16617,46,1,1604,0
16617,40,1,4298,0
16618,27,1,2377,0
16618,19,1,2578,0.1
16619,18,1,4405,0
16620,45,1,1847,0.1
16620,57,1,3486,0.05
16621,18,1,4405,0
16622,43,2,2654,0
16622,26,1,438,0.1
16622,54,1,273,0
16623,28,1,3031,0.1
16623,32,2,2083,0.1
16623,38,2,976,0
16624,44,1,1674,0
16624,1,1,2760,0.1
16624,42,1,641,0
16625,39,1,765,0.1
16626,36,1,460,0
16626,14,1,3770,0
16627,35,1,2084,0
16628,32,1,2083,0.05
16628,55,1,4377,0
16629,39,1,765,0.05
16629,57,1,3486,0.05
16630,9,2,1527,0.15
16631,11,1,4549,0.1
16631,28,1,3031,0
16631,30,1,3732,0.05
16632,39,1,765,0.05
16632,19,1,2578,0.05
16633,16,1,2872,0.15
16633,2,1,1368,0
16634,27,1,2377,0.1
16634,25,1,938,0.15
16634,34,1,1026,0.1
16634,14,1,3770,0.2
16635,40,1,4298,0.15
16636,40,2,4298,0.05
16636,11,2,4549,0
16636,6,1,3871,0
16637,9,1,1527,0
16638,50,1,4645,0
16638,4,2,3867,0.1
16639,29,2,410,0.1
16639,43,2,2654,0.1
16640,3,1,3882,0.05
16640,20,1,4963,0.05
16640,33,1,2132,0
16640,10,2,3960,0.05
16641,49,2,2121,0.1
16642,56,1,2279,0.15
16643,18,2,4405,0.05
16644,59,1,954,0.15
16644,29,1,410,0.2
16645,8,1,659,0.05
16646,12,2,2578,0.1
16646,6,2,3871,0
16646,13,1,283,0.05
16647,24,1,2210,0.05
16648,15,3,3944,0
16648,8,3,659,0.1
16649,5,2,207,0.15
16649,57,2,3486,0
16650,30,1,3732,0
16651,57,1,3486,0
16651,37,1,189,0.1
16652,30,2,3732,0.05
16652,39,2,765,0
16653,37,1,189,0.2
16653,29,1,410,0.2
16654,20,1,4963,0.1
16654,13,1,283,0.05
16654,13,2,283,0
16655,35,1,2084,0.1
16656,23,1,2084,0.05
16656,15,1,3944,0
16657,46,2,1604,0.1
16657,32,1,2083,0.05
16657,26,1,438,0.15
16658,49,1,2121,0.1
16659,33,1,2132,0.1
16659,52,3,2641,0.05
16659,1,1,2760,0
16659,31,2,3571,0
16660,39,1,765,0
16660,2,2,1368,0
16661,37,1,189,0
16661,39,1,765,0.1
16661,43,1,2654,0
16661,39,1,765,0.1
16662,56,2,2279,0.1
16662,56,1,2279,0
16663,28,1,3031,0
16663,14,2,3770,0
16663,13,2,283,0
16664,45,1,1847,0.15
16664,55,3,4377,0.05
16665,10,2,3960,0.05
16665,49,2,2121,0
16665,55,1,4377,0.1
16666,8,1,659,0
16667,27,1,2377,0
16667,44,1,1674,0
16668,38,1,976,0.1
16668,25,1,938,0
16669,60,2,1642,0.15
16670,21,1,572,0.15
16670,21,1,572,0.05
16671,55,3,4377,0.15
16672,2,1,1368,0
16673,54,1,273,0.05
16673,39,1,765,0.05
16674,25,1,938,0
16675,5,1,207,0.1
16675,31,1,3571,0.05
16676,29,1,410,0.1
16676,43,1,2654,0.1
16676,12,2,2578,0.2
16677,39,1,765,0
16677,20,2,4963,0
16678,28,2,3031,0
16678,28,1,3031,0.1
16679,4,2,3867,0.15
16679,12,2,2578,0.05
16680,3,1,3882,0.15
16680,17,1,1925,0
16680,55,1,4377,0.05
16681,36,1,460,0
16681,17,1,1925,0
16682,24,2,2210,0.05
16682,31,1,3571,0
16683,22,3,131,0
16684,36,1,460,0.05
16684,4,1,3867,0
16684,31,2,3571,0.05
16684,25,2,938,0
16685,14,1,3770,0.05
16686,50,1,4645,0
16686,28,1,3031,0.15
16687,3,1,3882,0.1
16687,34,1,1026,0.05
16688,54,2,273,0
16689,18,1,4405,0.05
16689,57,1,3486,0.15
16689,4,1,3867,0.05
16690,37,1,189,0
16690,59,2,954,0.05
16691,7,2,2555,0
16691,27,2,2377,0
16691,55,1,4377,0.15
16691,4,1,3867,0.15
16692,60,2,1642,0
16692,57,1,3486,0
16692,50,1,4645,0.05
16693,14,1,3770,0.15
16693,47,1,365,0.2
16694,17,1,1925,0
16695,27,1,2377,0.05
16696,37,1,189,0.05
16697,59,1,954,0.05
16698,32,1,2083,0
16698,56,1,2279,0
16699,17,1,1925,0
16699,41,1,4560,0
16700,12,1,2578,0.05
16700,38,1,976,0.05
16701,58,1,124,0
16701,1,1,2760,0
16702,26,1,438,0
16702,28,1,3031,0
16703,45,1,1847,0
16703,9,1,1527,0.05
16704,26,1,438,0.05
16705,58,1,124,0.15
16706,36,1,460,0.1
16707,44,2,1674,0.1
16707,5,1,207,0.05
16707,56,2,2279,0
16708,23,1,2084,0
16708,3,1,3882,0
16709,30,1,3732,0
16710,7,1,2555,0.05
16710,45,2,1847,0.05
16710,28,1,3031,0
16710,42,1,641,0.15
16711,42,1,641,0.15
16712,30,1,3732,0.15
16713,15,3,3944,0
16713,12,1,2578,0.2
16714,1,2,2760,0.05
16714,35,2,2084,0.05
16714,22,1,131,0
16715,7,1,2555,0
16716,40,1,4298,0.1
16716,1,3,2760,0.1
16717,41,1,4560,0.05
16718,52,2,2641,0.05
16718,40,1,4298,0.15
16719,37,1,189,0.15
16719,53,1,1408,0.1
16720,3,1,3882,0
16720,51,1,2621,0
16720,9,1,1527,0
16720,52,3,2641,0.2
16721,34,1,1026,0
16722,54,1,273,0.1
16723,40,2,4298,0.15
16724,48,1,4805,0
16724,4,1,3867,0
16724,26,1,438,0.05
16725,28,1,3031,0.15
16726,11,1,4549,0.05
16726,17,2,1925,0.2
16726,57,2,3486,0.15
16726,19,3,2578,0.1
16727,38,1,976,0.1
16728,55,1,4377,0
16729,48,1,4805,0.05
16730,19,2,2578,0.05
16731,52,1,2641,0
16731,29,1,410,0.05
16732,21,1,572,0
16732,19,1,2578,0.05
16733,57,1,3486,0
16734,40,1,4298,0.05
16734,12,1,2578,0
16734,16,3,2872,0.1
16735,35,1,2084,0
16735,11,1,4549,0
16736,27,1,2377,0.1
16737,48,1,4805,0.15
16737,52,1,2641,0.15
16737,39,1,765,0.05
16738,22,1,131,0.05
16739,19,2,2578,0.2
16739,21,1,572,0
16740,24,1,2210,0
16741,14,1,3770,0.1
16741,58,3,124,0.2
16742,20,1,4963,0.1
16743,46,1,1604,0
16743,45,1,1847,0.05
16744,25,1,938,0.05
16744,27,1,2377,0
16745,28,1,3031,0
16745,35,3,2084,0.2
16745,6,1,3871,0.05
16746,44,1,1674,0
16746,54,1,273,0
16747,2,1,1368,0
16748,41,1,4560,0
16749,56,1,2279,0.1
16749,57,2,3486,0.1
16749,19,3,2578,0.1
16750,29,1,410,0.1
16750,41,2,4560,0.1
16751,18,1,4405,0.1
16751,4,1,3867,0.15
16752,30,1,3732,0.05
16752,21,1,572,0.05
16753,32,1,2083,0
16754,7,1,2555,0
16754,55,2,4377,0
16755,51,1,2621,0.1
16756,45,3,1847,0
16756,24,1,2210,0.2
16757,6,2,3871,0.1
16757,25,1,938,0.05
16757,1,2,2760,0
16758,16,1,2872,0
16758,15,2,3944,0
16758,41,1,4560,0.15
16759,10,2,3960,0
16759,57,1,3486,0
16760,35,1,2084,0.05
16761,56,3,2279,0.1
16761,10,2,3960,0.05
16762,19,1,2578,0
16763,41,1,4560,0
16763,54,1,273,0.1
16763,10,1,3960,0
16764,55,3,4377,0.15
16765,8,1,659,0.15
16766,59,2,954,0.05
16766,50,1,4645,0.1
16767,18,1,4405,0.05
16767,51,1,2621,0.05
16767,8,1,659,0
16768,29,1,410,0.05
16769,41,1,4560,0.05
16769,15,2,3944,0.1
16770,59,1,954,0
16770,4,1,3867,0
16770,55,1,4377,0
16771,50,2,4645,0.1
16771,52,1,2641,0.05
16771,27,1,2377,0
16772,12,2,2578,0
16772,14,1,3770,0.15
16773,50,2,4645,0.05
16774,20,3,4963,0
16775,44,1,1674,0
16776,23,1,2084,0.05
16777,14,2,3770,0.05
16777,27,2,2377,0
16777,24,1,2210,0.15
16777,60,1,1642,0.05
16778,6,1,3871,0
16778,44,1,1674,0.05
16779,31,3,3571,0.2
16779,52,1,2641,0.1
16779,40,1,4298,0.05
16780,49,1,2121,0
16780,45,1,1847,0.15
16781,47,1,365,0
16782,40,1,4298,0.05
16783,21,1,572,0.1
16783,48,1,4805,0.1
16784,6,1,3871,0.05
16784,22,2,131,0
16785,8,1,659,0
16785,41,1,4560,0.1
16786,53,2,1408,0
16787,59,2,954,0
16787,32,2,2083,0
16787,60,1,1642,0
16788,13,2,283,0.15
16789,52,1,2641,0.05
16789,57,2,3486,0
16789,30,1,3732,0.1
16790,57,1,3486,0.15
16790,10,1,3960,0
16790,45,1,1847,0
16791,40,1,4298,0
16791,60,1,1642,0.1
16792,34,1,1026,0.05
16793,6,1,3871,0.1
16793,46,1,1604,0.05
16794,41,1,4560,0.1
16795,48,1,4805,0
16796,49,1,2121,0
16796,20,1,4963,0.1
16797,24,2,2210,0.1
16797,26,1,438,0
16798,50,1,4645,0
16799,17,1,1925,0.1
16799,43,1,2654,0.05
16800,23,1,2084,0
16801,16,1,2872,0
16802,49,1,2121,0.1
16803,20,1,4963,0.1
16804,8,1,659,0
16804,3,1,3882,0.1
16804,40,1,4298,0.2
16805,13,1,283,0
16805,8,2,659,0.2
16806,52,1,2641,0.05
16807,30,1,3732,0
16807,16,1,2872,0
16807,8,1,659,0.15
16808,56,1,2279,0.05
16809,2,1,1368,0.05
16810,41,1,4560,0.05
16811,44,1,1674,0.05
16812,29,1,410,0.15
16812,35,1,2084,0
16812,6,1,3871,0.1
16813,41,1,4560,0
16813,25,1,938,0.1
16814,15,1,3944,0
16814,20,1,4963,0.05
16815,8,1,659,0
16816,36,1,460,0.2
16816,54,1,273,0.05
16817,16,1,2872,0
16818,14,1,3770,0
16818,7,3,2555,0.05
16818,34,1,1026,0.1
16819,9,1,1527,0.1
16819,8,1,659,0
16820,25,1,938,0
16820,26,1,438,0
16821,12,2,2578,0
16822,11,1,4549,0
16822,7,1,2555,0.05
16823,46,1,1604,0.1
16824,36,2,460,0.2
16824,44,1,1674,0.05
16824,37,1,189,0.1
16824,43,2,2654,0
16825,33,2,2132,0.05
16825,24,1,2210,0.15
16825,40,1,4298,0
16825,28,1,3031,0
16826,49,1,2121,0
16827,60,1,1642,0
16827,48,1,4805,0.15
16828,24,2,2210,0.15
16828,34,2,1026,0
16828,26,1,438,0
16828,19,1,2578,0.15
16829,25,1,938,0
16829,36,1,460,0
16830,18,3,4405,0.1
16831,13,1,283,0.1
16831,17,1,1925,0.05
16831,22,1,131,0.1
16832,10,2,3960,0
16832,29,1,410,0.05
16833,38,2,976,0.05
16834,22,3,131,0.1
16835,29,1,410,0.1
16835,10,1,3960,0.05
16836,48,1,4805,0.15
16837,57,1,3486,0.1
16837,11,1,4549,0
16837,22,3,131,0.05
16838,3,1,3882,0.05
16839,44,1,1674,0
16840,15,1,3944,0
16841,4,3,3867,0.15
16842,3,1,3882,0
16842,17,1,1925,0.1
16843,56,3,2279,0.1
16843,50,1,4645,0.1
16843,20,1,4963,0.1
16843,1,2,2760,0.1
16844,6,1,3871,0.05
16845,56,2,2279,0.1
16845,14,2,3770,0
16846,18,1,4405,0.05
16846,44,1,1674,0
16847,15,2,3944,0
16848,29,1,410,0
16848,16,1,2872,0
16848,47,1,365,0
16849,58,1,124,0.05
16850,5,2,207,0.2
16850,28,1,3031,0
16851,58,1,124,0.05
16851,17,2,1925,0.1
16851,42,1,641,0
16852,12,1,2578,0.05
16852,53,3,1408,0.05
16853,40,1,4298,0
16853,38,2,976,0.05
16853,57,1,3486,0.1
16854,38,1,976,0.05
16854,24,1,2210,0.05
16855,59,3,954,0
16855,60,3,1642,0.15
16856,14,2,3770,0
16857,6,2,3871,0
16857,31,2,3571,0
16857,12,1,2578,0.05
16858,43,1,2654,0.05
16858,52,1,2641,0.05
16858,3,1,3882,0
16858,50,2,4645,0.05
16859,19,2,2578,0.05
16860,16,1,2872,0.15
16861,56,1,2279,0.15
16861,1,1,2760,0
16861,16,2,2872,0
16861,43,1,2654,0.05
16862,45,1,1847,0
16863,30,1,3732,0.1
16864,27,2,2377,0.1
16864,55,2,4377,0
16865,23,2,2084,0
16866,50,2,4645,0
16866,29,1,410,0.05
16867,10,1,3960,0.05
16867,59,2,954,0
16868,42,1,641,0.05
16869,7,3,2555,0.05
16869,59,2,954,0.05
16869,19,3,2578,0.1
16869,9,1,1527,0.1
16870,27,1,2377,0
16870,18,2,4405,0.1
16871,18,1,4405,0
16872,50,1,4645,0.05
16873,17,1,1925,0.05
16873,59,1,954,0.05
16874,3,2,3882,0.05
16874,52,1,2641,0.15
16875,19,1,2578,0
16875,10,1,3960,0
16876,14,1,3770,0.1
16877,48,1,4805,0.05
16877,17,2,1925,0.15
16877,53,1,1408,0
16878,36,1,460,0.05
16879,18,1,4405,0.2
16879,55,2,4377,0
16879,1,1,2760,0
16880,35,1,2084,0.05
16880,29,1,410,0
16881,31,3,3571,0
16881,33,3,2132,0.15
16881,44,1,1674,0.15
16882,43,1,2654,0.15
16882,41,2,4560,0
16883,34,1,1026,0.1
16883,24,1,2210,0.15
16883,51,1,2621,0
16884,21,1,572,0
16885,44,1,1674,0.05
16886,36,1,460,0.2
16887,56,2,2279,0.1
16887,33,1,2132,0.1
16887,7,2,2555,0
16888,25,1,938,0.1
16889,46,1,1604,0.1
16889,49,1,2121,0.05
16890,19,1,2578,0
16890,6,1,3871,0.1
16891,33,1,2132,0
16892,60,2,1642,0.05
16892,34,1,1026,0.2
16893,52,1,2641,0.1
16894,55,1,4377,0.05
16894,39,1,765,0.05
16894,60,1,1642,0.05
16894,33,1,2132,0
16895,16,1,2872,0
16895,52,1,2641,0
16895,14,1,3770,0.1
16895,44,1,1674,0
16896,39,2,765,0.1
16896,7,1,2555,0.1
16896,50,3,4645,0.15
16897,15,1,3944,0
16898,59,1,954,0.1
16898,50,1,4645,0
16899,45,1,1847,0
16900,44,2,1674,0.05
16900,47,2,365,0.05
16900,28,1,3031,0.1
16901,52,1,2641,0
16901,56,2,2279,0
16902,27,1,2377,0
16902,8,1,659,0.05
16903,43,1,2654,0.15
16903,29,1,410,0.2
16904,13,2,283,0.1
16904,46,2,1604,0.1
16904,20,2,4963,0.1
16905,6,1,3871,0
16905,5,1,207,0.1
16906,59,1,954,0.2
16907,35,1,2084,0.2
16907,12,1,2578,0
16907,33,1,2132,0
16908,8,3,659,0
16909,9,2,1527,0
16909,48,1,4805,0.05
16909,30,1,3732,0
16910,27,2,2377,0.15
16910,21,1,572,0
16911,51,1,2621,0.05
16911,13,1,283,0.1
16912,51,1,2621,0
16912,55,1,4377,0.05
16912,33,1,2132,0
16913,47,2,365,0
16913,54,1,273,0.1
16914,33,2,2132,0
16915,47,1,365,0.05
16915,47,1,365,0
16916,3,1,3882,0.1
16916,46,1,1604,0.1
16917,42,2,641,0.1
16918,31,2,3571,0.1
16919,13,2,283,0
16919,56,2,2279,0
16920,29,1,410,0
16921,44,1,1674,0.05
16922,5,1,207,0
16923,31,2,3571,0.1
16923,22,1,131,0.1
16923,46,1,1604,0
16923,20,2,4963,0.2
16924,43,1,2654,0.1
16924,4,1,3867,0.1
16924,33,1,2132,0
16925,7,1,2555,0.15
16925,13,2,283,0.1
16926,28,1,3031,0.1
16926,10,1,3960,0
16927,54,2,273,0
16927,4,1,3867,0.05
16927,14,1,3770,0
16927,49,1,2121,0.1
16928,1,1,2760,0
16929,6,1,3871,0.05
16929,16,1,2872,0.05
16929,33,1,2132,0.1
16930,6,1,3871,0
16931,27,2,2377,0.05
16931,59,1,954,0
16931,18,1,4405,0.1
16932,1,1,2760,0
16933,57,1,3486,0.05
16934,24,1,2210,0.15
16934,35,2,2084,0.05
16934,18,1,4405,0
16934,14,1,3770,0
16935,19,1,2578,0.05
16936,19,1,2578,0.05
16936,26,1,438,0.05
16937,10,2,3960,0.1
16938,37,1,189,0.1
16939,28,1,3031,0.15
16940,24,1,2210,0
16940,52,1,2641,0.05
16941,30,2,3732,0
16942,53,1,1408,0.05
16943,20,2,4963,0.05
16943,44,1,1674,0.05
16944,9,1,1527,0
16944,16,1,2872,0.05
16945,11,2,4549,0.05
16946,49,1,2121,0.05
16947,16,1,2872,0.05
16947,27,1,2377,0
16947,54,2,273,0
16948,3,1,3882,0.05
16948,10,1,3960,0
16948,33,3,2132,0.05
16949,57,3,3486,0
16950,52,1,2641,0.1
16950,45,1,1847,0
16951,17,1,1925,0.05
16951,52,2,2641,0.15
16951,56,1,2279,0.15
16952,16,1,2872,0.05
16952,18,1,4405,0
16953,6,1,3871,0.1
16953,32,1,2083,0
16953,30,3,3732,0.05
16954,34,2,1026,0
16955,14,1,3770,0
16956,33,1,2132,0
16956,45,1,1847,0.2
16957,18,2,4405,0
16958,12,1,2578,0
16959,13,1,283,0.15
16959,20,2,4963,0
16959,51,2,2621,0.1
16960,43,1,2654,0
16960,47,1,365,0.2
16961,31,1,3571,0.05
16962,54,1,273,0
16962,7,1,2555,0
16963,55,1,4377,0
16964,47,1,365,0.05
16965,48,1,4805,0
16965,60,1,1642,0.15
16966,4,1,3867,0
16967,24,1,2210,0.15
16967,7,1,2555,0.05
16968,59,1,954,0.1
16968,52,1,2641,0.2
16969,11,1,4549,0
16970,13,2,283,0.05
16971,33,1,2132,0
16971,18,2,4405,0.1
16971,15,1,3944,0.1
16972,32,1,2083,0
16972,17,1,1925,0.1
16973,1,1,2760,0.1
16974,44,3,1674,0.05
16974,53,1,1408,0
16975,16,1,2872,0
16975,39,2,765,0.15
16976,15,1,3944,0
16976,48,1,4805,0.05
16977,42,1,641,0
16978,27,1,2377,0.15
16978,32,1,2083,0.05
16979,55,3,4377,0
16980,39,1,765,0.15
16980,49,2,2121,0.1
16980,45,1,1847,0.1
16981,11,1,4549,0.05
16981,48,3,4805,0.15
16982,1,1,2760,0
16983,22,1,131,0.1
16983,6,1,3871,0.05
16984,23,1,2084,0.2
16984,34,1,1026,0.1
16985,28,1,3031,0
16986,2,1,1368,0.15
16987,57,3,3486,0
16987,15,1,3944,0.05
16987,57,1,3486,0.2
16988,46,1,1604,0.1
16988,33,1,2132,0.1
16989,17,1,1925,0.1
16989,50,1,4645,0.05
16989,58,1,124,0.05
16990,17,1,1925,0.05
16991,56,1,2279,0.2
16991,51,3,2621,0.1
16991,58,1,124,0
16992,39,1,765,0
16992,36,3,460,0.1
16992,57,1,3486,0
16993,13,1,283,0
16993,31,1,3571,0.1
16993,44,2,1674,0
16994,16,1,2872,0.15
16995,11,1,4549,0.05
16995,7,2,2555,0.1
16995,18,3,4405,0
16996,48,1,4805,0.05
16996,37,1,189,0.05
16996,18,1,4405,0.1
16997,3,3,3882,0.1
16997,30,1,3732,0.2
16997,6,1,3871,0.05
16998,4,1,3867,0
16998,29,1,410,0
16999,52,1,2641,0.15
17000,32,2,2083,0
17000,3,1,3882,0
17000,43,2,2654,0.15
17001,58,1,124,0
17002,4,3,3867,0.2
17003,7,1,2555,0
17003,26,1,438,0
17004,3,1,3882,0.1
17004,28,1,3031,0.1
17004,28,1,3031,0.05
17004,25,2,938,0
17005,3,2,3882,0
17006,54,1,273,0
17007,51,1,2621,0.1
17007,27,2,2377,0
17007,26,1,438,0
17007,45,2,1847,0.1
17008,24,1,2210,0
17008,16,1,2872,0
17008,25,1,938,0.05
17008,11,2,4549,0.1
17009,34,1,1026,0.1
17010,47,1,365,0.05
17010,6,1,3871,0.05
17010,44,3,1674,0.05
17011,40,1,4298,0
17011,20,1,4963,0
17012,21,1,572,0.1
17012,12,1,2578,0.05
17013,45,1,1847,0
17014,1,2,2760,0.1
17014,48,3,4805,0
17014,7,2,2555,0.1
17015,24,1,2210,0
17016,51,1,2621,0.1
17016,55,2,4377,0.15
17016,24,1,2210,0.15
17017,58,1,124,0
17018,25,1,938,0.05
17018,60,1,1642,0
17018,20,1,4963,0.05
17019,23,1,2084,0
17020,58,1,124,0
17020,16,2,2872,0
17020,57,1,3486,0.05
17021,43,1,2654,0
17021,42,1,641,0
17021,52,1,2641,0
17022,35,3,2084,0.15
17023,59,1,954,0.05
17024,33,1,2132,0.05
17025,27,1,2377,0
17025,30,1,3732,0.05
17026,10,1,3960,0
17026,49,1,2121,0
17026,2,1,1368,0.1
17026,36,1,460,0.05
17027,39,1,765,0.05
17028,16,1,2872,0.05
17029,18,3,4405,0
17029,43,2,2654,0.15
17029,3,3,3882,0.1
17030,35,3,2084,0.05
17031,6,1,3871,0
17031,43,1,2654,0.05
17032,1,1,2760,0.15
17033,33,1,2132,0.1
17034,31,1,3571,0
17035,55,2,4377,0
17035,21,1,572,0
17036,7,1,2555,0
17037,58,1,124,0.1
17037,51,1,2621,0.1
17038,16,1,2872,0.2
17038,1,1,2760,0.15
17039,54,1,273,0.15
17039,60,1,1642,0
17039,23,1,2084,0.05
17040,24,2,2210,0.05
17040,10,1,3960,0
17041,13,2,283,0.05
17041,30,1,3732,0
17042,17,1,1925,0
17043,16,2,2872,0.05
17043,55,1,4377,0.15
17043,38,1,976,0
17044,15,1,3944,0
17044,39,2,765,0.05
17044,43,1,2654,0.05
17045,43,1,2654,0.2
17046,18,1,4405,0.05
17046,13,1,283,0.05
17047,30,1,3732,0.05
17047,49,1,2121,0.05
17047,27,1,2377,0.1
17047,56,1,2279,0.05
17048,22,1,131,0.2
17048,14,1,3770,0.1
17048,8,1,659,0
17049,43,1,2654,0.1
17049,10,1,3960,0
17050,15,1,3944,0
17051,9,1,1527,0.15
17052,22,1,131,0.1
17053,11,3,4549,0
17053,20,1,4963,0
17053,19,1,2578,0.05
17054,23,1,2084,0
17055,14,1,3770,0
17056,31,1,3571,0.05
17056,46,1,1604,0
17057,19,1,2578,0
17058,16,1,2872,0
17058,55,1,4377,0
17059,39,1,765,0.15
17059,39,1,765,0
17060,1,1,2760,0
17060,11,1,4549,0.05
17061,48,1,4805,0.1
17061,48,1,4805,0.05
17061,23,3,2084,0
17061,29,1,410,0
17062,32,1,2083,0.05
17062,51,1,2621,0
17063,10,1,3960,0.1
17063,29,1,410,0
17063,49,1,2121,0.15
17064,13,3,283,0
17064,23,1,2084,0.15
17065,51,1,2621,0.1
17065,50,1,4645,0.05
17065,55,3,4377,0.05
17066,35,1,2084,0.2
17066,48,2,4805,0.05
17066,43,1,2654,0.1
17066,56,2,2279,0
17067,15,3,3944,0.1
17067,50,1,4645,0.05
17068,20,1,4963,0.1
17069,18,2,4405,0.05
17069,43,1,2654,0.05
17069,8,1,659,0
17070,59,1,954,0
17071,51,1,2621,0.05
17072,58,1,124,0.05
17072,27,1,2377,0.05
17072,9,1,1527,0
17073,31,1,3571,0.05
17073,39,2,765,0.1
17074,43,1,2654,0
17075,11,2,4549,0.05
17075,31,1,3571,0
17076,57,1,3486,0
17077,10,3,3960,0.2
17077,58,1,124,0.1
17077,13,1,283,0
17078,41,1,4560,0.05
17078,36,1,460,0.15
17078,18,1,4405,0
17079,11,1,4549,0.1
17079,22,2,131,0.15
17079,23,1,2084,0
17079,6,1,3871,0
17080,35,1,2084,0.05
17081,47,1,365,0.15
17081,49,3,2121,0.1
17082,25,1,938,0.2
17083,44,1,1674,0.15
17083,59,1,954,0
17084,56,2,2279,0.2
17084,38,2,976,0.15
17084,8,2,659,0
17085,48,3,4805,0.2
17086,49,1,2121,0.2
17087,18,1,4405,0.05
17088,52,2,2641,0.1
17088,31,1,3571,0.2
17089,28,1,3031,0
17090,15,1,3944,0.1
17090,40,2,4298,0
17090,28,1,3031,0.05
17090,12,1,2578,0.1
17091,55,1,4377,0.05
17091,37,1,189,0.1
17092,14,2,3770,0
17092,24,1,2210,0.1
17092,26,2,438,0.1
17093,43,1,2654,0
17093,41,1,4560,0
17093,41,1,4560,0.05
17094,37,1,189,0.05
17094,30,1,3732,0.15
17095,11,1,4549,0
17096,24,1,2210,0.2
17096,38,1,976,0.15
17096,50,2,4645,0.05
17096,18,1,4405,0
17097,42,2,641,0.15
17098,45,2,1847,0
17099,34,1,1026,0
17099,10,1,3960,0
17099,42,1,641,0.05
17100,14,1,3770,0
17100,20,1,4963,0.05
17100,19,1,2578,0.1
17100,35,2,2084,0
17101,30,1,3732,0.05
17101,18,1,4405,0.2
17102,41,1,4560,0.1
17103,21,1,572,0
17103,43,1,2654,0
17103,22,3,131,0
17104,24,2,2210,0.05
17104,10,1,3960,0.05
17104,28,2,3031,0
17105,16,1,2872,0
17106,31,1,3571,0
17106,6,1,3871,0
17107,23,1,2084,0
17107,18,1,4405,0.1
17108,57,1,3486,0.1
17109,47,1,365,0.1
17109,6,1,3871,0
17110,29,1,410,0
17111,57,1,3486,0.05
17112,21,3,572,0
17112,41,1,4560,0.15
17112,53,1,1408,0.05
17113,38,1,976,0
17114,49,1,2121,0
17115,57,2,3486,0.2
17116,50,1,4645,0.05
17117,11,1,4549,0.05
17117,12,2,2578,0
17118,8,2,659,0
17119,38,2,976,0
17119,2,1,1368,0.05
17119,2,2,1368,0.05
17120,5,1,207,0
17120,50,1,4645,0
17121,18,1,4405,0.15
17121,22,1,131,0.1
17121,48,1,4805,0
17122,56,1,2279,0.05
17123,17,1,1925,0
17124,47,3,365,0.05
17125,14,2,3770,0.05
17126,8,1,659,0
17126,55,1,4377,0
17127,46,2,1604,0
17127,49,1,2121,0.05
17128,5,2,207,0
17128,25,2,938,0.05
17129,32,1,2083,0.05
17129,57,3,3486,0.1
17130,60,1,1642,0.05
17130,35,1,2084,0.1
17131,11,2,4549,0
17131,26,1,438,0.05
17132,58,1,124,0.05
17132,44,1,1674,0.05
17133,51,1,2621,0
17134,17,2,1925,0
17134,33,2,2132,0.2
17135,10,1,3960,0
17136,31,2,3571,0.1
17136,57,1,3486,0.1
17137,41,1,4560,0
17138,46,1,1604,0
17139,1,2,2760,0.1
17140,37,1,189,0
17140,11,1,4549,0
17141,22,1,131,0.1
17141,47,1,365,0
17141,48,1,4805,0.05
17141,29,1,410,0
17142,52,2,2641,0.2
17142,3,1,3882,0.2
17143,29,1,410,0.1
17143,45,3,1847,0.1
17143,50,1,4645,0
17144,41,1,4560,0.15
17144,56,3,2279,0.05
17144,37,1,189,0
17144,29,1,410,0.05
17145,30,1,3732,0.15
17145,25,1,938,0
17145,21,1,572,0.05
17146,12,1,2578,0.1
17147,60,3,1642,0
17148,55,1,4377,0
17148,44,1,1674,0
17149,56,1,2279,0
17149,19,1,2578,0.1
17150,58,1,124,0.2
17151,48,1,4805,0.05
17152,13,1,283,0.1
17152,14,1,3770,0.05
17152,51,1,2621,0.2
17153,60,1,1642,0
17154,38,1,976,0.15
17154,9,1,1527,0
17155,49,1,2121,0.15
17156,53,1,1408,0
17157,23,1,2084,0.05
17158,8,1,659,0.05
17158,31,2,3571,0.05
17158,54,1,273,0.1
17158,13,1,283,0
17159,10,1,3960,0.1
17159,10,1,3960,0
17159,26,2,438,0
17159,48,1,4805,0
17160,16,1,2872,0.1
17161,44,1,1674,0
17162,12,1,2578,0
17163,39,1,765,0
17163,4,1,3867,0
17164,21,1,572,0
17164,4,1,3867,0.1
17164,7,2,2555,0.1
17165,18,1,4405,0.1
17165,60,1,1642,0.1
17166,11,2,4549,0.1
17166,18,2,4405,0.1
17167,37,1,189,0.05
17168,33,2,2132,0.15
17168,1,2,2760,0.05
17168,58,2,124,0
17169,10,2,3960,0.05
17170,26,1,438,0
17171,14,2,3770,0.1
17172,36,1,460,0.1
17172,33,1,2132,0
17172,3,1,3882,0
17173,55,2,4377,0.05
17173,34,2,1026,0
17174,32,1,2083,0
17175,33,1,2132,0.1
17176,11,1,4549,0.15
17177,13,1,283,0.1
17177,51,1,2621,0
17178,40,1,4298,0.05
17178,54,3,273,0
17179,40,1,4298,0
17179,25,1,938,0
17179,59,2,954,0.2
17180,4,1,3867,0.05
17181,34,1,1026,0
17182,18,3,4405,0.1
17182,19,2,2578,0.15
17182,15,1,3944,0.05
17182,52,1,2641,0.05
17183,35,1,2084,0.15
17183,59,2,954,0
17184,13,3,283,0.15
17185,43,1,2654,0
17185,12,1,2578,0
17186,8,1,659,0.1
17187,30,2,3732,0.05
17187,52,1,2641,0
17188,23,3,2084,0.05
17188,47,2,365,0.05
17188,50,1,4645,0.2
17189,11,2,4549,0.1
17189,51,1,2621,0.15
17190,49,3,2121,0.05
17191,45,1,1847,0
17192,45,2,1847,0
17192,4,1,3867,0.05
17193,47,1,365,0
17194,57,2,3486,0
17195,45,1,1847,0.1
17196,7,1,2555,0
17196,41,3,4560,0
17197,47,1,365,0
17197,38,1,976,0
17198,42,1,641,0.2
17199,3,1,3882,0.05
17200,38,1,976,0
17200,19,1,2578,0
17200,30,1,3732,0.2
17201,18,1,4405,0.1
17202,20,1,4963,0.05
17203,59,1,954,0
17203,39,2,765,0.05
17204,34,1,1026,0.1
17204,43,1,2654,0.05
17205,38,1,976,0.1
17205,27,1,2377,0.05
17205,39,1,765,0
17206,48,1,4805,0
17206,37,3,189,0
17206,56,1,2279,0.1
17207,6,1,3871,0.05
17207,1,1,2760,0.2
17208,13,1,283,0.1
17208,24,1,2210,0.15
17209,16,1,2872,0.1
17209,31,3,3571,0.1
17209,18,1,4405,0
17209,57,1,3486,0
17210,11,1,4549,0.15
17210,14,1,3770,0
17211,41,1,4560,0.05
17211,41,1,4560,0.1
17211,18,1,4405,0.15
17211,50,1,4645,0.2
17212,24,1,2210,0
17213,42,2,641,0.05
17213,33,1,2132,0.1
17213,35,1,2084,0.05
17214,17,1,1925,0.1
17215,33,1,2132,0.1
17216,52,1,2641,0
17216,35,1,2084,0.1
17217,7,1,2555,0
17217,40,3,4298,0
17218,9,1,1527,0.1
17218,10,1,3960,0
17218,19,1,2578,0.1
17219,7,1,2555,0.15
17220,12,1,2578,0
17221,56,3,2279,0
17222,48,1,4805,0.05
17222,48,1,4805,0
17223,14,1,3770,0.05
17223,10,2,3960,0.1
17224,51,1,2621,0.2
17225,57,1,3486,0.15
17225,14,2,3770,0.1
17226,29,1,410,0
17227,13,1,283,0
17228,27,1,2377,0
17229,39,1,765,0.1
17229,24,2,2210,0
17229,50,1,4645,0.1
17230,2,1,1368,0
17231,24,1,2210,0.1
17231,12,1,2578,0.15
17232,50,1,4645,0.05
17233,18,1,4405,0.05
17233,13,1,283,0.1
17234,20,1,4963,0
17235,57,1,3486,0.15
17235,36,1,460,0
17236,10,1,3960,0
17237,36,1,460,0
17238,44,1,1674,0
17239,56,1,2279,0.1
17239,50,1,4645,0
17239,46,2,1604,0.05
17240,3,1,3882,0
17241,4,1,3867,0.05
17241,55,1,4377,0.2
17241,48,3,4805,0
17241,38,3,976,0
17242,38,2,976,0.05
17243,56,1,2279,0.15
17243,29,1,410,0.1
17244,9,1,1527,0.05
17245,12,1,2578,0.1
17245,12,2,2578,0.05
17245,56,1,2279,0
17245,55,2,4377,0.2
17246,2,1,1368,0
17247,43,1,2654,0.1
17247,26,1,438,0
17247,3,1,3882,0
17248,50,1,4645,0.05
17249,36,1,460,0
17249,21,1,572,0
17249,15,1,3944,0.05
17250,18,1,4405,0.05
17250,52,2,2641,0
17251,20,2,4963,0.15
17251,56,1,2279,0.15
17251,22,2,131,0.1
17252,47,1,365,0.05
17252,13,2,283,0.05
17253,42,1,641,0
17254,55,1,4377,0.1
17254,36,2,460,0.1
17255,13,1,283,0
17256,30,1,3732,0.1
17256,54,1,273,0
17256,29,1,410,0
17256,22,1,131,0.05
17257,16,1,2872,0.1
17257,8,2,659,0.05
17258,1,1,2760,0
17259,34,1,1026,0.05
17259,52,2,2641,0.15
17259,16,3,2872,0.05
17260,32,1,2083,0
17260,54,3,273,0.1
17260,18,1,4405,0.1
17261,19,1,2578,0
17261,19,2,2578,0
17262,14,1,3770,0
17263,44,1,1674,0.15
17264,44,1,1674,0
17265,18,3,4405,0
17265,52,2,2641,0.15
17266,26,1,438,0.1
17266,40,2,4298,0.05
17266,12,2,2578,0.15
17267,6,1,3871,0.05
17268,18,1,4405,0
17268,41,1,4560,0
17268,57,1,3486,0
17269,26,2,438,0.1
17269,32,1,2083,0
17269,43,1,2654,0.2
17270,24,2,2210,0
17271,29,3,410,0
17271,30,1,3732,0
17272,19,1,2578,0.05
17272,10,2,3960,0
17272,33,2,2132,0.2
17273,43,2,2654,0
17273,16,3,2872,0
17273,31,1,3571,0.1
17273,58,1,124,0
17274,16,1,2872,0.1
17274,24,2,2210,0.1
17275,3,1,3882,0.05
17276,18,1,4405,0
17276,30,1,3732,0.05
17277,50,2,4645,0
17277,44,1,1674,0.05
17278,51,1,2621,0
17279,40,1,4298,0.2
17279,56,1,2279,0
17279,1,1,2760,0.15
17279,10,1,3960,0.1
17280,12,1,2578,0.1
17281,55,1,4377,0
17281,7,1,2555,0.05
17282,28,1,3031,0.1
17283,29,1,410,0
17283,46,1,1604,0
17284,15,1,3944,0
17285,10,1,3960,0.05
17286,50,1,4645,0.05
17286,30,1,3732,0.15
17287,56,3,2279,0.05
17288,38,1,976,0.05
17289,22,2,131,0.1
17290,59,1,954,0.05
17291,28,1,3031,0.05
17291,9,1,1527,0.05
17292,1,2,2760,0.1
17292,17,1,1925,0.05
17293,48,1,4805,0
17293,20,1,4963,0.2
17294,31,2,3571,0.05
17295,46,1,1604,0.05
17296,43,1,2654,0
17296,4,1,3867,0
17296,3,1,3882,0.05
17297,17,1,1925,0
17298,40,1,4298,0.05
17299,25,1,938,0
17299,1,1,2760,0
17300,40,1,4298,0.05
17300,6,2,3871,0.05
17300,20,1,4963,0.05
17300,24,1,2210,0
17301,59,1,954,0
17302,40,1,4298,0.05
17303,35,1,2084,0.05
17304,22,1,131,0.1
17304,7,1,2555,0.1
17304,48,3,4805,0.2
17305,52,1,2641,0.05
17306,34,2,1026,0.05
17306,10,1,3960,0
17307,22,1,131,0.1
17307,57,1,3486,0.05
17307,58,2,124,0.15
17308,42,1,641,0
17308,29,1,410,0
17309,51,1,2621,0.05
17309,11,1,4549,0.05
17309,3,1,3882,0.1
17310,42,1,641,0.1
17311,53,1,1408,0.1
17312,31,1,3571,0.05
17312,16,1,2872,0.1
17312,46,1,1604,0
17313,47,1,365,0
17314,53,1,1408,0
17314,5,1,207,0
17315,8,1,659,0
17315,38,2,976,0.1
17316,26,1,438,0
17317,51,1,2621,0.05
17318,14,2,3770,0.05
17318,2,1,1368,0.1
17319,27,2,2377,0.1
17319,27,2,2377,0
17320,57,1,3486,0.15
17321,44,1,1674,0.05
17321,37,1,189,0
17321,11,2,4549,0.1
17322,59,1,954,0.1
17322,26,1,438,0.05
17322,22,1,131,0
17322,29,1,410,0.05
17323,31,1,3571,0.1
17323,54,1,273,0.1
17324,38,1,976,0
17324,54,1,273,0
17325,60,2,1642,0.2
17325,47,1,365,0.05
17326,4,1,3867,0.1
17326,32,2,2083,0.1
17327,41,1,4560,0.2
17327,13,1,283,0.1
17327,4,1,3867,0
17327,31,2,3571,0
17328,53,1,1408,0
17328,9,1,1527,0.15
17329,10,1,3960,0.05
17330,40,1,4298,0
17331,33,2,2132,0
17331,6,1,3871,0.2
17332,48,2,4805,0
17332,12,1,2578,0.05
17333,47,1,365,0
17333,60,1,1642,0
17333,48,1,4805,0.1
17334,11,1,4549,0.05
17335,10,2,3960,0.1
17335,37,1,189,0
17336,12,1,2578,0.05
17337,14,1,3770,0.05
17338,51,1,2621,0.1
17338,18,1,4405,0.05
17338,12,2,2578,0.15
17339,37,1,189,0.05
17340,39,1,765,0.15
17340,37,1,189,0
17341,50,1,4645,0.05
17341,24,1,2210,0
17341,15,1,3944,0.05
17341,33,1,2132,0.15
17342,23,1,2084,0.15
17343,47,3,365,0.1
17344,29,1,410,0.1
17345,16,1,2872,0.1
17345,31,1,3571,0.15
17346,30,1,3732,0
17346,53,1,1408,0.05
17347,5,2,207,0
17347,11,2,4549,0.1
17347,59,1,954,0.05
17348,59,1,954,0.2
17348,40,1,4298,0
17348,40,2,4298,0.05
17348,51,3,2621,0
17349,56,1,2279,0
17349,47,1,365,0
17349,17,1,1925,0.05
17349,14,2,3770,0.05
17350,41,1,4560,0.15
17351,38,1,976,0.1
17352,22,1,131,0
17352,58,2,124,0.05
17353,54,1,273,0
17353,19,1,2578,0.05
17354,15,1,3944,0
17355,4,1,3867,0.1
17355,4,2,3867,0.15
17355,21,1,572,0.1
17356,29,1,410,0.1
17357,16,2,2872,0.05
17357,3,1,3882,0.05
17358,15,2,3944,0
17359,24,1,2210,0.05
17359,55,1,4377,0
17359,14,1,3770,0
17360,26,1,438,0.2
17361,21,1,572,0
17362,6,1,3871,0
17362,7,1,2555,0.1
17363,19,2,2578,0
17363,15,1,3944,0.15
17363,7,1,2555,0.1
17363,8,1,659,0.05
17364,14,2,3770,0.05
17364,11,3,4549,0
17364,14,1,3770,0
17364,56,1,2279,0.05
17365,27,1,2377,0
17366,1,1,2760,0
17367,57,3,3486,0.05
17367,52,1,2641,0.05
17367,16,1,2872,0
17367,24,2,2210,0
17368,25,1,938,0.1
17368,56,2,2279,0.2
17369,3,1,3882,0.1
17369,32,2,2083,0
17370,8,1,659,0.05
17371,31,1,3571,0.1
17372,56,1,2279,0
17372,29,1,410,0.05
17372,41,1,4560,0.05
17373,19,1,2578,0
17374,36,1,460,0.2
17374,44,2,1674,0
17375,5,1,207,0.05
17375,12,1,2578,0
17375,16,1,2872,0
17376,3,1,3882,0
17377,52,1,2641,0
17377,6,1,3871,0.15
17377,9,2,1527,0.1
17378,25,1,938,0
17379,52,1,2641,0.15
17379,51,1,2621,0.05
17380,23,1,2084,0.15
17381,19,1,2578,0
17382,37,1,189,0
17382,10,1,3960,0
17383,2,1,1368,0
17384,5,1,207,0.1
17384,50,1,4645,0
17385,51,1,2621,0
17385,3,2,3882,0
17385,22,2,131,0.1
17386,33,1,2132,0
17387,51,1,2621,0
17387,32,2,2083,0
17388,44,1,1674,0
17389,45,1,1847,0
17390,34,3,1026,0.05
17391,47,1,365,0.05
17391,46,1,1604,0
17391,23,3,2084,0.05
17392,48,1,4805,0.05
17392,33,3,2132,0.1
17392,59,2,954,0
17393,15,2,3944,0.1
17394,40,1,4298,0
17395,55,1,4377,0
17395,33,2,2132,0.1
17396,45,1,1847,0.1
17397,19,1,2578,0.1
17397,50,1,4645,0.1
17397,49,2,2121,0.15
17398,56,2,2279,0
17398,32,2,2083,0.1
17399,30,1,3732,0.05
17399,58,2,124,0.05
17400,42,1,641,0
17401,50,1,4645,0
17401,4,1,3867,0.2
17401,55,1,4377,0.2
17402,11,1,4549,0.05
17402,16,1,2872,0.15
17402,5,1,207,0.15
17403,11,1,4549,0.1
17403,50,2,4645,0.15
17404,37,2,189,0.1
17405,14,1,3770,0
17406,38,1,976,0
17406,34,1,1026,0
17407,14,1,3770,0.1
17408,18,1,4405,0.05
17408,3,1,3882,0
17409,43,1,2654,0.15
17409,56,1,2279,0.15
17410,60,1,1642,0.05
17411,41,1,4560,0.1
17411,58,1,124,0.05
17412,60,1,1642,0.05
17413,56,2,2279,0
17413,3,1,3882,0
17413,4,1,3867,0.05
17414,17,1,1925,0.05
17414,41,1,4560,0.1
17415,53,1,1408,0.15
17415,52,1,2641,0.05
17416,21,1,572,0
17417,39,2,765,0.05
17417,3,2,3882,0.1
17418,3,3,3882,0.05
17419,58,1,124,0
17420,6,1,3871,0.05
17420,55,2,4377,0.05
17421,44,1,1674,0.1
17422,7,1,2555,0
17423,55,1,4377,0.05
17424,4,2,3867,0.05
17425,59,1,954,0.15
17425,36,1,460,0
17426,1,2,2760,0
17426,55,2,4377,0.05
17427,42,1,641,0.05
17427,18,1,4405,0.05
17427,34,1,1026,0
17428,43,3,2654,0.05
17429,44,1,1674,0.05
17430,56,2,2279,0
17431,48,1,4805,0.05
17432,33,1,2132,0.1
17432,3,2,3882,0
17432,51,2,2621,0
17432,7,2,2555,0
17433,4,1,3867,0.1
17434,47,1,365,0.05
17435,32,1,2083,0
17435,53,1,1408,0
17435,17,1,1925,0.05
17436,47,1,365,0
17436,47,2,365,0
17437,31,1,3571,0.1
17437,24,3,2210,0.15
17437,31,1,3571,0.2
17438,31,1,3571,0.15
17438,24,1,2210,0.05
17438,36,1,460,0.15
17439,17,2,1925,0.05
17440,30,1,3732,0.05
17441,31,2,3571,0.15
17441,16,2,2872,0
17441,33,1,2132,0
17442,52,2,2641,0
17443,60,2,1642,0
17443,19,1,2578,0.1
17444,23,1,2084,0.05
17445,30,2,3732,0
17446,58,1,124,0
17446,34,1,1026,0.05
17447,15,1,3944,0.15
17447,59,1,954,0.1
17448,18,2,4405,0.1
17448,41,1,4560,0
17448,27,3,2377,0.2
17449,20,2,4963,0
17449,3,1,3882,0.05
17450,24,1,2210,0.05
17451,5,1,207,0.05
17452,20,1,4963,0.15
17453,20,1,4963,0.05
17454,27,1,2377,0.2
17454,16,1,2872,0.05
17455,27,1,2377,0
17455,45,1,1847,0.1
17455,38,1,976,0.05
17456,16,2,2872,0.1
17457,24,1,2210,0.05
17458,35,1,2084,0.2
17459,59,1,954,0.15
17459,33,1,2132,0
17459,39,1,765,0
17459,26,2,438,0.05
17460,36,1,460,0.1
17460,38,1,976,0.05
17461,20,1,4963,0.15
17461,45,1,1847,0.05
17461,7,1,2555,0.1
17462,5,1,207,0.05
17463,55,1,4377,0
17464,24,1,2210,0.1
17464,47,2,365,0.1
17464,44,1,1674,0
17465,22,1,131,0
17465,49,3,2121,0.05
17465,5,1,207,0
17465,32,1,2083,0.1
17466,52,2,2641,0
17466,48,2,4805,0
17466,28,1,3031,0.05
17467,36,1,460,0.1
17468,43,1,2654,0.1
17469,45,1,1847,0.1
17470,2,1,1368,0.1
17471,51,1,2621,0
17471,4,1,3867,0
17472,35,1,2084,0.15
17473,43,1,2654,0
17473,6,1,3871,0.15
17473,4,1,3867,0.1
17474,18,1,4405,0
17474,53,1,1408,0.05
17475,28,1,3031,0
17475,51,2,2621,0.1
17475,15,3,3944,0
17476,58,2,124,0
17476,42,2,641,0
17476,34,1,1026,0.1
17477,36,1,460,0.05
17477,3,3,3882,0.15
17478,24,2,2210,0.2
17478,4,1,3867,0
17479,1,1,2760,0.15
17479,40,1,4298,0
17479,41,1,4560,0.1
17480,22,1,131,0.15
17481,60,1,1642,0.05
17481,18,1,4405,0.15
17482,31,1,3571,0
17482,8,1,659,0.2
17483,56,1,2279,0.05
17483,3,1,3882,0.15
17484,43,1,2654,0.05
17485,20,1,4963,0.1
17485,44,1,1674,0.05
17485,8,1,659,0.1
17486,57,1,3486,0
17487,25,1,938,0.1
17487,14,1,3770,0.05
17488,35,1,2084,0
17488,54,1,273,0.05
17489,60,1,1642,0.15
17489,30,1,3732,0.05
17490,53,2,1408,0.05
17490,24,1,2210,0
17491,1,2,2760,0
17491,53,1,1408,0.15
17491,50,1,4645,0.2
17492,11,1,4549,0
17492,24,2,2210,0
17492,26,1,438,0
17492,38,1,976,0
17493,7,1,2555,0.05
17493,56,1,2279,0.05
17494,4,1,3867,0.15
17494,13,1,283,0
17495,42,2,641,0
17495,23,1,2084,0.2
17495,18,2,4405,0
17496,56,3,2279,0
17497,10,1,3960,0.05
17497,55,3,4377,0
17497,4,2,3867,0.05
17497,3,1,3882,0
17498,28,1,3031,0.05
17499,38,1,976,0.1
17500,59,1,954,0.05
17501,2,1,1368,0
17501,44,2,1674,0
17501,33,1,2132,0
17502,14,2,3770,0
17502,56,1,2279,0
17503,31,1,3571,0.15
17503,6,2,3871,0.1
17503,33,1,2132,0
17503,43,1,2654,0.1
17504,14,1,3770,0.1
17504,53,1,1408,0
17504,57,3,3486,0.05
17505,40,3,4298,0.05
17505,22,1,131,0
17505,12,2,2578,0.1
17506,5,1,207,0.05
17506,56,2,2279,0.1
17507,3,1,3882,0.05
17507,57,1,3486,0
17508,41,1,4560,0.15
17509,55,1,4377,0
17509,12,1,2578,0.05
17510,7,1,2555,0.1
17511,40,2,4298,0
17512,28,1,3031,0.05
17513,31,1,3571,0.05
17513,55,1,4377,0
17514,3,1,3882,0.05
17514,31,1,3571,0
17515,13,1,283,0.1
17515,1,1,2760,0.05
17516,4,1,3867,0.1
17517,3,1,3882,0.05
17518,23,1,2084,0.1
17519,22,2,131,0.15
17520,34,1,1026,0
17520,55,2,4377,0
17521,24,1,2210,0.05
17521,20,2,4963,0.1
17521,19,1,2578,0
17522,25,1,938,0
17523,50,1,4645,0
17523,40,2,4298,0.1
17523,37,1,189,0.2
17524,17,2,1925,0
17524,23,1,2084,0
17525,35,2,2084,0.05
17525,7,1,2555,0
17525,46,2,1604,0.1
17526,25,1,938,0
17526,49,1,2121,0
17527,5,1,207,0.1
17528,24,1,2210,0
17528,1,1,2760,0
17528,48,1,4805,0
17529,55,1,4377,0
17529,47,3,365,0
17529,59,1,954,0
17530,59,1,954,0
17531,53,1,1408,0
17531,30,1,3732,0.15
17531,15,2,3944,0.1
17532,6,2,3871,0.1
17533,56,1,2279,0.05
17534,8,1,659,0.05
17534,23,1,2084,0
17535,36,1,460,0.1
17536,21,1,572,0
17536,25,1,938,0.2
17536,26,1,438,0.15
17537,14,1,3770,0.15
17538,6,1,3871,0
17538,32,2,2083,0
17539,47,2,365,0
17539,5,1,207,0
17540,11,3,4549,0
17540,14,1,3770,0
17541,29,1,410,0.15
17541,53,1,1408,0
17541,47,2,365,0.1
17542,15,1,3944,0
17542,32,3,2083,0.2
17542,33,1,2132,0.2
17542,54,2,273,0.05
17543,5,1,207,0.05
17544,40,1,4298,0.2
17545,16,3,2872,0.15
17545,19,1,2578,0.1
17546,18,1,4405,0
17546,51,1,2621,0.05
17547,55,1,4377,0.05
17547,36,1,460,0.1
17548,11,1,4549,0
17549,59,1,954,0.15
17550,40,1,4298,0.05
17550,17,1,1925,0.1
17551,13,1,283,0
17552,16,2,2872,0.1
17552,56,1,2279,0.1
17553,18,1,4405,0
17553,35,1,2084,0.05
17554,48,1,4805,0
17554,4,1,3867,0
17554,37,1,189,0.05
17555,18,2,4405,0
17555,31,1,3571,0
17556,31,1,3571,0.2
17556,20,2,4963,0
17556,35,1,2084,0.05
17556,41,1,4560,0.15
17557,1,1,2760,0.15
17557,28,2,3031,0.05
17558,30,1,3732,0.2
17559,50,1,4645,0.15
17560,2,1,1368,0.15
17560,30,1,3732,0.05
17561,49,1,2121,0.05
17562,12,1,2578,0.1
17562,20,1,4963,0
17562,51,2,2621,0
17563,55,1,4377,0.15
17563,30,2,3732,0.1
17563,9,1,1527,0
17564,43,1,2654,0.1
17565,14,1,3770,0.05
17566,18,1,4405,0
17567,6,1,3871,0.1
17568,27,1,2377,0.05
17569,41,1,4560,0.05
17570,11,1,4549,0.05
17570,31,3,3571,0
17571,19,1,2578,0.2
17571,38,1,976,0.05
17572,36,1,460,0.2
17572,1,1,2760,0.1
17573,35,1,2084,0.15
17573,34,3,1026,0.2
17574,60,1,1642,0.1
17575,37,1,189,0
17576,18,1,4405,0.1
17576,5,1,207,0.05
17577,53,1,1408,0
17578,13,1,283,0.05
17578,34,1,1026,0.05
17579,58,1,124,0.15
17579,4,1,3867,0
17580,44,1,1674,0.15
17580,11,1,4549,0.15
17581,43,1,2654,0
17582,34,1,1026,0
17583,4,1,3867,0
17584,8,2,659,0.05
17585,27,1,2377,0.05
17585,14,2,3770,0
17586,47,1,365,0.05
17587,52,1,2641,0.1
17587,48,2,4805,0.2
17588,45,1,1847,0
17588,36,2,460,0.1
17588,13,1,283,0.15
17589,35,1,2084,0
17590,26,1,438,0.1
17590,19,1,2578,0.1
17591,3,1,3882,0.1
17591,3,1,3882,0
17592,43,1,2654,0
17593,33,1,2132,0
17593,54,1,273,0
17594,49,1,2121,0.05
17595,20,1,4963,0
17595,48,2,4805,0
17596,3,2,3882,0
17597,58,1,124,0.15
17597,17,1,1925,0
17598,35,2,2084,0
17599,30,1,3732,0.05
17599,24,2,2210,0.2
17599,15,2,3944,0.2
17600,17,1,1925,0.05
17601,18,1,4405,0.1
17602,60,1,1642,0.05
17603,21,1,572,0
17603,52,1,2641,0.05
17604,28,1,3031,0
17605,47,1,365,0.15
17606,31,3,3571,0.1
17606,48,2,4805,0
17607,53,1,1408,0
17608,5,1,207,0
17608,48,1,4805,0.15
17608,50,1,4645,0.05
17608,5,1,207,0.15
17609,58,2,124,0.05
17609,38,1,976,0.05
17610,38,1,976,0
17611,22,1,131,0
17612,34,1,1026,0
17612,44,3,1674,0
17613,44,1,1674,0
17614,31,2,3571,0.05
17614,17,1,1925,0.15
17614,16,3,2872,0
17615,23,1,2084,0
17615,6,1,3871,0.1
17615,55,1,4377,0.05
17616,7,1,2555,0.05
17616,44,2,1674,0
17617,25,1,938,0.05
17617,52,2,2641,0.1
17617,55,1,4377,0.05
17617,15,2,3944,0.05
17618,2,1,1368,0.05
17619,59,1,954,0
17619,7,1,2555,0.1
17619,33,1,2132,0.1
17620,5,1,207,0
17621,39,1,765,0
17622,58,1,124,0
17622,44,1,1674,0
17623,44,1,1674,0.05
17624,24,1,2210,0.15
17624,48,1,4805,0
17625,58,1,124,0.2
17625,34,1,1026,0.15
17626,33,1,2132,0
17626,1,1,2760,0
17627,60,1,1642,0.05
17628,4,1,3867,0.05
17629,4,2,3867,0
17629,48,2,4805,0
17629,33,1,2132,0.05
17629,33,1,2132,0
17630,4,2,3867,0.05
17631,12,1,2578,0.05
17632,4,1,3867,0.05
17633,5,1,207,0
17634,50,1,4645,0.1
17634,15,1,3944,0.05
17634,47,2,365,0
17634,16,2,2872,0
17635,21,1,572,0
17635,52,1,2641,0
17636,59,1,954,0.05
17636,31,1,3571,0
17637,11,1,4549,0.1
17638,33,2,2132,0.05
17638,24,2,2210,0
17639,55,1,4377,0.05
17639,59,1,954,0
17640,33,1,2132,0
17640,1,1,2760,0
17640,11,1,4549,0
17641,55,3,4377,0
17641,37,1,189,0.05
17642,1,1,2760,0
17643,50,1,4645,0.15
17643,51,3,2621,0.1
17643,51,1,2621,0
17644,1,2,2760,0.05
17644,30,3,3732,0.05
17644,12,1,2578,0
17645,30,1,3732,0.15
17646,55,2,4377,0
17646,16,1,2872,0
17647,60,1,1642,0
17648,44,1,1674,0
17648,18,1,4405,0
17649,21,1,572,0.1
17649,56,2,2279,0
17650,26,1,438,0
17650,21,1,572,0
17651,58,1,124,0.1
17651,2,1,1368,0
17652,21,1,572,0.1
17653,49,1,2121,0
17653,1,1,2760,0.1
17653,53,3,1408,0
17654,11,1,4549,0.05
17654,43,1,2654,0.1
17654,29,1,410,0
17655,14,1,3770,0
17655,4,2,3867,0.1
17655,37,1,189,0
17656,59,1,954,0.05
17656,22,2,131,0.05
17657,9,1,1527,0.1
17657,23,1,2084,0.1
17658,55,1,4377,0
17658,33,1,2132,0
17658,26,2,438,0.05
17659,40,1,4298,0.15
17660,58,1,124,0
17660,36,1,460,0
17661,31,1,3571,0.2
17661,1,1,2760,0
17661,29,1,410,0.05
17662,59,1,954,0.1
17662,15,2,3944,0
17662,10,1,3960,0.05
17663,47,1,365,0
17664,53,1,1408,0.1
17664,57,1,3486,0.05
17665,32,1,2083,0.15
17666,50,2,4645,0.15
17666,44,1,1674,0.15
17667,10,1,3960,0.15
17667,54,1,273,0
17667,43,2,2654,0
17668,13,1,283,0.2
17668,15,1,3944,0.1
17669,43,1,2654,0
17669,60,1,1642,0
17670,11,2,4549,0.05
17671,19,1,2578,0
17672,17,1,1925,0.15
17672,26,2,438,0
17673,6,1,3871,0
17673,11,2,4549,0.15
17674,37,1,189,0
17674,12,1,2578,0
17675,10,1,3960,0.05
17676,10,2,3960,0
17677,19,1,2578,0
17678,49,1,2121,0
17679,42,1,641,0
17679,25,1,938,0
17680,33,3,2132,0.05
17680,6,1,3871,0.1
17681,42,1,641,0
17681,39,1,765,0.1
17681,49,1,2121,0.2
17682,29,1,410,0
17683,38,1,976,0
17683,33,1,2132,0
17684,40,2,4298,0.05
17685,39,1,765,0.1
17685,8,2,659,0.05
17686,3,1,3882,0.15
17686,18,1,4405,0
17687,11,1,4549,0
17687,13,1,283,0
17688,28,1,3031,0.05
17689,30,1,3732,0
17689,2,1,1368,0.05
17690,27,2,2377,0.05
17690,43,2,2654,0
17690,56,3,2279,0.2
17691,30,1,3732,0
17691,3,1,3882,0
17691,9,1,1527,0.05
17692,46,3,1604,0.1
17692,57,2,3486,0.1
17692,43,1,2654,0.1
17692,23,1,2084,0.05
17693,13,1,283,0.05
17693,14,1,3770,0.15
17693,44,1,1674,0
17693,7,1,2555,0.05
17694,59,1,954,0
17694,13,1,283,0.05
17694,17,1,1925,0
17695,56,2,2279,0.05
17695,46,2,1604,0
17695,56,1,2279,0.1
17696,30,1,3732,0.05
17696,7,1,2555,0
17697,40,1,4298,0.05
17697,21,1,572,0
17698,54,1,273,0.1
17699,51,1,2621,0
17699,29,2,410,0.1
17700,14,1,3770,0.15
17700,50,1,4645,0.1
17701,27,1,2377,0
17701,35,2,2084,0.05
17702,49,1,2121,0
17702,9,1,1527,0.15
17702,56,2,2279,0
17703,12,2,2578,0.05
17703,11,1,4549,0.15
17704,59,1,954,0.05
17704,43,1,2654,0
17705,54,1,273,0.15
17706,53,1,1408,0.1
17707,10,1,3960,0.2
17707,18,1,4405,0.15
17707,25,2,938,0.05
17708,47,1,365,0
17708,18,2,4405,0.1
17709,52,1,2641,0
17709,39,1,765,0.05
17710,21,1,572,0.2
17710,16,2,2872,0
17710,49,1,2121,0
17710,36,1,460,0.15
17711,50,2,4645,0
17711,3,2,3882,0.05
17712,6,1,3871,0
17712,11,1,4549,0
17713,36,1,460,0.2
17714,8,1,659,0.15
17715,19,1,2578,0.2
17715,3,3,3882,0.2
17715,28,1,3031,0.05
17716,5,1,207,0.05
17717,48,2,4805,0
17717,46,1,1604,0
17718,18,1,4405,0.05
17718,37,1,189,0.05
17718,14,1,3770,0.1
17719,10,1,3960,0
17720,26,3,438,0.05
17720,51,1,2621,0
17721,38,2,976,0
17721,51,1,2621,0.15
17722,45,1,1847,0.15
17722,33,1,2132,0.1
17723,25,1,938,0.1
17724,14,1,3770,0
17725,3,2,3882,0.05
17726,38,1,976,0
17727,29,1,410,0
17728,23,1,2084,0
17729,14,2,3770,0.05
17729,36,1,460,0
17730,30,1,3732,0
17730,28,1,3031,0
17731,60,1,1642,0.05
17731,23,1,2084,0.15
17732,29,1,410,0.05
17732,30,2,3732,0.05
17732,27,2,2377,0.2
17733,56,1,2279,0
17733,59,2,954,0
17734,24,1,2210,0
17734,46,2,1604,0.1
17735,43,1,2654,0.15
17736,16,3,2872,0
17736,23,1,2084,0.1
17736,26,1,438,0.1
17737,19,1,2578,0.1
17737,56,2,2279,0
17737,24,1,2210,0.15
17738,35,1,2084,0.1
17738,39,1,765,0.05
17738,56,2,2279,0.05
17739,20,1,4963,0
17739,54,1,273,0.05
17739,58,1,124,0.15
17740,15,1,3944,0.15
17741,49,1,2121,0.1
17742,15,1,3944,0.15
17742,48,1,4805,0.15
17743,48,2,4805,0
17743,33,2,2132,0.05
17744,50,1,4645,0.05
17745,53,1,1408,0
17746,56,1,2279,0.1
17746,30,1,3732,0.05
17746,57,1,3486,0.05
17747,14,1,3770,0
17747,1,1,2760,0
17747,35,1,2084,0.2
17748,38,1,976,0.1
17748,21,1,572,0.1
17748,31,1,3571,0
17749,22,1,131,0.05
17749,44,1,1674,0.05
17750,19,1,2578,0.05
17751,44,1,1674,0.1
17751,18,1,4405,0.15
17751,25,2,938,0
17752,21,1,572,0
17752,36,1,460,0.1
17753,30,1,3732,0.1
17753,36,2,460,0.15
17754,18,1,4405,0.1
17754,8,1,659,0
17754,22,1,131,0
17755,11,3,4549,0.05
17755,22,1,131,0
17756,19,2,2578,0.1
17756,25,1,938,0.1
17757,25,2,938,0
17758,31,3,3571,0
17758,52,1,2641,0
17759,16,1,2872,0.05
17759,58,1,124,0.2
17759,33,1,2132,0.05
17760,52,1,2641,0
17760,10,1,3960,0.1
17760,24,1,2210,0.05
17761,18,1,4405,0.15
17762,27,1,2377,0
17763,44,1,1674,0.15
17763,19,2,2578,0
17764,8,1,659,0.05
17765,2,2,1368,0.1
17766,53,1,1408,0.15
17767,6,1,3871,0.05
17768,56,1,2279,0
17768,50,1,4645,0.2
17769,13,3,283,0
17769,57,3,3486,0.15
17769,6,3,3871,0
17770,40,1,4298,0
17770,42,1,641,0
17770,45,3,1847,0
17770,16,1,2872,0
17771,12,1,2578,0.2
17771,14,1,3770,0.1
17771,57,2,3486,0.1
17772,9,2,1527,0
17773,57,1,3486,0.05
17774,5,1,207,0.1
17774,41,2,4560,0
17775,3,1,3882,0.15
17776,41,2,4560,0
17776,35,1,2084,0.15
17777,35,2,2084,0.05
17778,50,1,4645,0.15
17778,43,1,2654,0.05
17779,34,1,1026,0.05
17779,37,1,189,0.1
17779,8,1,659,0.05
17780,17,1,1925,0.1
17780,13,1,283,0.05
17781,55,3,4377,0
17781,37,1,189,0.1
17782,25,1,938,0.05
17783,3,1,3882,0.05
17783,25,1,938,0
17784,22,1,131,0
17785,43,1,2654,0.15
17785,19,2,2578,0.1
17786,45,1,1847,0
17786,15,1,3944,0
17786,53,1,1408,0.1
17787,25,2,938,0.05
17788,49,1,2121,0
17788,45,1,1847,0
17788,44,1,1674,0.2
17789,54,2,273,0.05
17789,25,1,938,0
17789,16,1,2872,0
17790,15,1,3944,0
17791,56,2,2279,0
17792,46,1,1604,0.15
17793,8,1,659,0.1
17793,17,1,1925,0.1
17794,56,1,2279,0.05
17794,46,2,1604,0
17795,37,1,189,0.2
17796,19,2,2578,0.1
17797,32,1,2083,0
17797,55,2,4377,0.05
17798,60,1,1642,0.05
17798,48,1,4805,0.05
17799,41,1,4560,0
17800,41,1,4560,0.1
17801,20,3,4963,0
17801,15,1,3944,0.15
17801,50,1,4645,0.05
17801,55,1,4377,0.05
17802,32,1,2083,0.05
17803,23,1,2084,0.05
17804,40,1,4298,0.1
17805,36,1,460,0
17805,58,1,124,0.1
17806,51,1,2621,0.2
17806,15,1,3944,0
17806,12,1,2578,0.1
17807,41,1,4560,0
17808,50,1,4645,0
17809,17,1,1925,0.05
17810,19,1,2578,0
17811,11,1,4549,0
17812,23,1,2084,0
17812,59,1,954,0
17813,17,1,1925,0.05
17814,30,1,3732,0.1
17814,55,1,4377,0.15
17815,32,2,2083,0.05
17816,42,1,641,0.05
17816,40,2,4298,0
17817,22,1,131,0.1
17818,10,2,3960,0.1
17818,6,2,3871,0.05
17818,48,1,4805,0.1
17819,44,1,1674,0.15
17820,7,1,2555,0.1
17821,19,1,2578,0.05
17822,31,2,3571,0.1
17822,13,1,283,0.05
17822,32,1,2083,0
17822,26,1,438,0
17823,43,2,2654,0
17824,41,1,4560,0
17824,4,1,3867,0
17824,18,2,4405,0.05
17825,58,1,124,0.05
17825,22,1,131,0.05
17826,5,1,207,0.05
17827,21,1,572,0
17828,29,1,410,0
17829,30,3,3732,0.2
17829,24,1,2210,0
17829,1,1,2760,0
17829,52,3,2641,0.05
17830,1,1,2760,0.05
17831,58,1,124,0
17832,19,2,2578,0
17832,12,1,2578,0.05
17833,13,1,283,0
17833,12,1,2578,0.1
17833,37,1,189,0
17834,25,2,938,0
17834,56,1,2279,0.1
17835,48,1,4805,0.1
17835,56,1,2279,0
17836,1,1,2760,0
17836,6,1,3871,0.05
17836,31,1,3571,0
17837,3,1,3882,0.05
17838,2,1,1368,0.2
17839,20,1,4963,0
17840,53,1,1408,0
17841,46,1,1604,0
17841,31,3,3571,0.15
17842,44,1,1674,0.05
17843,24,1,2210,0
17843,6,1,3871,0.1
17844,43,1,2654,0
17844,50,1,4645,0
17845,32,1,2083,0
17846,44,1,1674,0.15
17846,20,2,4963,0.1
17847,43,1,2654,0
17848,4,1,3867,0
17848,27,1,2377,0.15
17848,43,1,2654,0.2
17849,20,1,4963,0
17849,57,1,3486,0.05
17850,29,1,410,0.05
17850,9,1,1527,0
17850,26,1,438,0.05
17851,41,1,4560,0.1
17852,7,2,2555,0.15
17852,41,2,4560,0.2
17852,2,1,1368,0.05
17853,46,1,1604,0.15
17854,16,1,2872,0
17855,22,1,131,0.05
17856,20,3,4963,0.1
17856,37,1,189,0.05
17857,31,1,3571,0.15
17858,45,1,1847,0.1
17858,13,1,283,0.1
17858,16,1,2872,0
17859,3,1,3882,0.05
17860,57,1,3486,0.15
17860,50,1,4645,0
17860,41,1,4560,0
17861,7,2,2555,0
17861,24,1,2210,0
17862,1,2,2760,0.15
17862,10,1,3960,0.15
17863,17,1,1925,0.05
17864,52,1,2641,0
17864,54,3,273,0.2
17865,18,1,4405,0
17866,43,1,2654,0.1
17867,5,1,207,0.1
17868,2,1,1368,0.05
17868,6,1,3871,0
17869,15,1,3944,0.1
17869,7,1,2555,0.15
17870,59,1,954,0
17870,18,1,4405,0.05
17871,57,2,3486,0
17871,58,2,124,0.05
17872,14,2,3770,0
17873,48,1,4805,0
17873,10,1,3960,0.1
17874,52,1,2641,0
17874,50,1,4645,0
17874,60,2,1642,0
17875,35,1,2084,0.1
17875,41,1,4560,0
17876,22,1,131,0.1
17877,57,1,3486,0.05
17878,4,1,3867,0
17879,12,1,2578,0.05
17880,20,1,4963,0.15
17881,1,1,2760,0
17881,48,1,4805,0.05
17881,34,1,1026,0
17881,29,1,410,0.05
17882,31,2,3571,0
17882,6,1,3871,0.05
17883,33,2,2132,0
17884,14,3,3770,0
17884,30,2,3732,0
17885,7,1,2555,0.1
17886,5,1,207,0
17886,17,1,1925,0.1
17887,30,1,3732,0.05
17887,2,3,1368,0.05
17887,3,1,3882,0
17888,25,2,938,0.1
17888,48,3,4805,0
17888,12,1,2578,0.05
17889,50,1,4645,0
17890,15,1,3944,0.1
17891,40,2,4298,0.1
17891,33,1,2132,0.1
17891,42,1,641,0
17892,33,1,2132,0.05
17892,22,1,131,0.1
17892,12,1,2578,0.15
17892,60,2,1642,0.05
17893,8,2,659,0.1
17893,12,1,2578,0.05
17893,46,1,1604,0
17893,4,1,3867,0.05
17894,4,1,3867,0.05
17894,23,2,2084,0
17894,20,1,4963,0
17895,22,2,131,0.05
17896,48,1,4805,0.15
17897,53,1,1408,0
17897,6,1,3871,0.05
17898,50,2,4645,0
17899,32,1,2083,0.05
17899,36,1,460,0.1
17900,56,3,2279,0
17901,6,1,3871,0.1
17902,41,1,4560,0
17903,49,2,2121,0
17903,59,1,954,0.1
17903,9,1,1527,0.05
17903,6,1,3871,0
17904,45,2,1847,0.05
17904,33,2,2132,0
17905,33,2,2132,0.1
17906,27,2,2377,0
17906,31,2,3571,0
17906,24,2,2210,0.05
17906,48,2,4805,0.05
17907,36,1,460,0.15
17908,41,1,4560,0.05
17908,33,1,2132,0.05
17909,26,1,438,0.05
17909,56,1,2279,0.05
17910,15,1,3944,0
17910,7,1,2555,0.05
17910,13,1,283,0
17911,29,1,410,0.05
17911,14,1,3770,0.05
17911,3,3,3882,0
17912,22,1,131,0.05
17912,10,1,3960,0
17913,39,1,765,0
17914,25,1,938,0.2
17915,16,1,2872,0.05
17916,20,1,4963,0.05
17916,29,1,410,0
17917,40,2,4298,0.1
17917,12,1,2578,0
17918,3,2,3882,0.05
17918,11,1,4549,0.05
17918,33,1,2132,0
17919,27,1,2377,0
17919,44,1,1674,0.1
17919,21,1,572,0.05
17920,1,1,2760,0.1
17920,28,1,3031,0.05
17920,24,1,2210,0.05
17920,12,1,2578,0.2
17921,5,1,207,0.1
17921,52,1,2641,0
17921,39,1,765,0
17922,53,1,1408,0.2
17923,44,2,1674,0.15
17923,24,2,2210,0.1
17924,7,1,2555,0.05
17925,6,1,3871,0.2
17925,16,1,2872,0.15
17926,59,2,954,0
17926,46,1,1604,0
17927,29,1,410,0
17928,35,1,2084,0
17929,32,1,2083,0.05
17930,56,3,2279,0
17930,32,2,2083,0.1
17931,3,2,3882,0
17931,57,3,3486,0
17932,27,1,2377,0.2
17932,41,2,4560,0.1
17932,29,1,410,0
17933,35,1,2084,0.05
17933,16,1,2872,0.05
17934,48,1,4805,0
17935,56,1,2279,0
17936,35,1,2084,0
17936,33,3,2132,0.1
17937,10,1,3960,0
17937,5,1,207,0.05
17937,48,1,4805,0
17937,33,1,2132,0.05
17938,22,1,131,0.05
17938,38,1,976,0.1
17939,1,1,2760,0.2
17940,56,1,2279,0.15
17940,49,1,2121,0.15
17941,12,1,2578,0.1
17941,52,1,2641,0.1
17941,2,1,1368,0.1
17942,55,1,4377,0.05
17942,22,1,131,0
17943,60,1,1642,0
17943,52,1,2641,0.1
17943,41,1,4560,0
17943,28,1,3031,0.05
17944,16,1,2872,0.2
17945,25,1,938,0.15
17945,8,1,659,0.15
17946,12,2,2578,0.15
17946,27,1,2377,0.05
17946,40,1,4298,0
17947,52,2,2641,0
17947,45,2,1847,0.1
17948,20,1,4963,0.2
17949,15,1,3944,0.15
17949,56,1,2279,0.05
17949,55,2,4377,0
17950,35,2,2084,0
17950,11,1,4549,0.1
17951,43,1,2654,0.05
17952,32,1,2083,0
17952,36,1,460,0
17952,43,2,2654,0
17953,15,1,3944,0.15
17954,31,1,3571,0
17954,59,1,954,0.1
17955,17,1,1925,0
17956,39,2,765,0
17956,43,1,2654,0
17957,50,1,4645,0
17957,56,1,2279,0.05
17958,24,1,2210,0.05
17958,30,1,3732,0.05
17958,18,1,4405,0.05
17959,1,1,2760,0.1
17959,35,1,2084,0.05
17959,46,1,1604,0.05
17959,50,2,4645,0.15
17960,45,2,1847,0
17960,18,1,4405,0
17960,17,1,1925,0
17961,15,2,3944,0.05
17961,6,2,3871,0
17961,27,1,2377,0.05
17962,21,1,572,0.1
17963,11,1,4549,0
17963,17,1,1925,0.15
17964,27,3,2377,0.1
17964,14,2,3770,0
17965,14,1,3770,0.1
17965,51,1,2621,0.05
17965,14,1,3770,0.15
17966,16,2,2872,0
17967,4,2,3867,0
17967,6,2,3871,0.1
17967,15,1,3944,0.05
17968,57,1,3486,0
17968,15,1,3944,0
17968,4,1,3867,0.2
17969,42,1,641,0
17970,60,1,1642,0
17970,37,2,189,0
17971,15,1,3944,0
17972,28,2,3031,0.1
17972,1,2,2760,0.15
17972,20,2,4963,0.1
17973,14,1,3770,0
17974,19,1,2578,0.05
17974,20,1,4963,0
17974,5,2,207,0
17974,17,1,1925,0
17975,15,1,3944,0.1
17976,17,1,1925,0
17977,10,1,3960,0.05
17977,14,1,3770,0.1
17978,24,3,2210,0
17979,37,1,189,0.1
17980,21,1,572,0
17981,56,1,2279,0.05
17981,10,1,3960,0.1
17981,52,2,2641,0
17982,12,1,2578,0.15
17982,18,1,4405,0.2
17982,28,2,3031,0.05
17983,4,1,3867,0.1
17983,12,1,2578,0
17984,11,1,4549,0.05
17984,13,1,283,0
17984,58,1,124,0.1
17984,43,2,2654,0
17985,12,3,2578,0.1
17985,48,1,4805,0.1
17986,24,2,2210,0
17987,11,1,4549,0.1
17988,52,1,2641,0
17988,8,2,659,0.2
17989,4,1,3867,0
17989,22,1,131,0
17989,28,1,3031,0
17990,11,1,4549,0.1
17990,48,1,4805,0
17991,51,1,2621,0
17991,30,1,3732,0
17991,7,1,2555,0
17992,14,2,3770,0
17993,37,1,189,0.1
17993,45,2,1847,0.05
17993,39,1,765,0.05
17994,39,1,765,0
17994,36,1,460,0.15
17995,54,2,273,0
17995,23,1,2084,0
17996,58,1,124,0
17997,58,1,124,0.1
17997,21,1,572,0
17998,5,1,207,0.1
17998,14,1,3770,0
17998,25,2,938,0
17999,28,1,3031,0.15
17999,28,2,3031,0
18000,53,1,1408,0.05
18001,39,1,765,0
18001,10,3,3960,0.1
18001,21,2,572,0.05
18002,24,1,2210,0.2
18003,49,1,2121,0
18004,60,1,1642,0
18005,26,2,438,0
18005,25,2,938,0
18006,34,1,1026,0.15
18007,57,2,3486,0
18007,53,1,1408,0.15
18007,19,1,2578,0
18007,16,1,2872,0.15
18008,39,1,765,0
18008,42,1,641,0.15
18009,15,1,3944,0
18009,6,1,3871,0.05
18009,8,1,659,0
18010,36,1,460,0.05
18011,50,2,4645,0.1
18012,51,2,2621,0.05
18012,48,1,4805,0.2
18013,46,1,1604,0.1
18014,24,1,2210,0.2
18014,22,1,131,0
18014,60,1,1642,0.15
18015,28,1,3031,0
18015,23,1,2084,0.15
18015,35,3,2084,0
18016,56,1,2279,0.05
18016,8,1,659,0.1
18017,39,3,765,0.1
18018,40,1,4298,0
18018,46,2,1604,0.15
18019,36,2,460,0.05
18019,55,1,4377,0.1
18019,15,1,3944,0.05
18020,46,3,1604,0.05
18020,41,1,4560,0.15
18020,27,1,2377,0.05
18020,50,1,4645,0
18021,33,2,2132,0.2
18021,40,1,4298,0
18022,26,1,438,0
18023,41,1,4560,0
18024,29,2,410,0.1
18025,49,1,2121,0.15
18025,31,2,3571,0.1
18025,21,2,572,0.05
18026,37,2,189,0.15
18027,30,1,3732,0
18027,59,1,954,0
18027,56,2,2279,0.1
18028,42,1,641,0.05
18029,6,1,3871,0
18029,17,1,1925,0.15
18030,51,2,2621,0.1
18031,34,1,1026,0.1
18031,3,1,3882,0.2
18032,48,1,4805,0
18032,28,2,3031,0
18032,6,1,3871,0
18033,30,2,3732,0.2
18033,10,2,3960,0.05
18034,8,2,659,0
18035,54,1,273,0.2
18036,30,1,3732,0.15
18037,19,2,2578,0.15
18038,40,1,4298,0
18039,46,1,1604,0
18039,18,1,4405,0.05
18040,27,1,2377,0
18040,50,1,4645,0.05
18041,12,1,2578,0.15
18041,52,2,2641,0
18042,6,3,3871,0
18043,20,2,4963,0
18043,7,2,2555,0
18043,55,2,4377,0
18044,21,1,572,0
18045,22,1,131,0
18046,1,1,2760,0
18046,49,1,2121,0.15
18047,9,1,1527,0.15
18048,36,1,460,0.15
18048,26,1,438,0.05
18049,26,1,438,0.1
18049,29,1,410,0.15
18050,57,1,3486,0.1
18050,37,3,189,0.05
18051,38,1,976,0
18052,43,3,2654,0.15
18052,57,1,3486,0.2
18053,15,2,3944,0.05
18053,24,1,2210,0
18054,18,3,4405,0
18054,45,3,1847,0.1
18055,44,1,1674,0.05
18056,12,1,2578,0.05
18056,50,1,4645,0
18057,42,1,641,0.15
18057,59,1,954,0.1
18058,5,1,207,0.1
18059,51,1,2621,0.05
18059,27,1,2377,0.05
18060,4,1,3867,0.2
18060,27,1,2377,0
18061,17,1,1925,0.05
18061,46,1,1604,0.2
18062,54,1,273,0.15
18062,50,1,4645,0
18063,17,1,1925,0
18063,21,1,572,0.1
18063,26,1,438,0.05
18064,32,1,2083,0.1
18064,57,1,3486,0
18064,40,1,4298,0
18065,35,1,2084,0.05
18066,57,1,3486,0.05
18066,6,1,3871,0.1
18066,14,1,3770,0.05
18067,8,1,659,0.05
18067,58,1,124,0.05
18068,31,1,3571,0.15
18068,23,2,2084,0.1
18069,32,1,2083,0.05
18070,11,1,4549,0.1
18070,49,1,2121,0
18071,56,1,2279,0
18072,27,1,2377,0.05
18073,19,2,2578,0
18073,3,1,3882,0
18074,58,1,124,0.2
18075,41,1,4560,0
18075,39,1,765,0
18076,26,1,438,0.1
18077,12,1,2578,0.05
18077,41,1,4560,0
18078,27,1,2377,0.05
18079,14,1,3770,0.05
18079,31,1,3571,0
18079,49,2,2121,0.05
18080,30,1,3732,0.05
18081,43,1,2654,0.1
18082,55,1,4377,0
18083,4,1,3867,0
18084,21,2,572,0.05
18084,55,1,4377,0.15
18085,14,1,3770,0.2
18086,57,3,3486,0.05
18086,28,1,3031,0.05
18086,31,3,3571,0.1
18087,47,1,365,0
18088,19,1,2578,0
18089,13,1,283,0
18090,15,1,3944,0.05
18090,56,1,2279,0.1
18091,9,1,1527,0
18091,15,1,3944,0
18092,24,1,2210,0
18092,22,1,131,0.05
18093,58,2,124,0.15
18093,21,2,572,0.05
18093,32,1,2083,0
18093,1,3,2760,0
18094,41,1,4560,0.05
18094,27,3,2377,0
18094,55,1,4377,0.15
18095,19,1,2578,0
18095,46,1,1604,0
18096,55,1,4377,0.1
18097,4,2,3867,0.2
18098,60,2,1642,0.05
18098,45,1,1847,0.2
18099,56,1,2279,0
18099,12,1,2578,0
18099,24,1,2210,0.1
18100,40,1,4298,0.1
18100,19,1,2578,0
18100,19,1,2578,0.15
18100,54,1,273,0.1
18101,48,1,4805,0.05
18102,51,1,2621,0.1
18103,56,1,2279,0
18104,38,2,976,0.1
18105,11,1,4549,0.05
18106,32,2,2083,0.05
18106,40,1,4298,0
18107,31,3,3571,0
18108,45,1,1847,0.1
18108,42,1,641,0.05
18109,55,1,4377,0
18109,41,1,4560,0
18109,51,1,2621,0
18110,36,1,460,0
18110,6,1,3871,0
18110,2,1,1368,0.15
18111,32,1,2083,0.2
18112,58,1,124,0.05
18112,5,1,207,0.05
18112,34,1,1026,0
18112,24,1,2210,0.05
18113,43,1,2654,0.15
18113,37,3,189,0.05
18113,18,1,4405,0
18113,52,1,2641,0
18114,32,1,2083,0.05
18114,7,1,2555,0.15
18115,43,1,2654,0.1
18115,10,1,3960,0
18116,47,1,365,0.05
18116,32,1,2083,0.1
18117,54,1,273,0
18118,51,1,2621,0
18119,26,1,438,0
18120,58,1,124,0
18121,53,1,1408,0.05
18122,32,1,2083,0
18123,3,1,3882,0
18123,26,2,438,0
18123,50,1,4645,0.1
18124,38,1,976,0.05
18125,39,1,765,0.05
18125,25,1,938,0
18126,14,1,3770,0
18126,9,1,1527,0
18127,7,1,2555,0.05
18128,43,1,2654,0.1
18128,32,1,2083,0
18129,6,2,3871,0.15
18130,34,1,1026,0.15
18131,2,1,1368,0
18132,16,1,2872,0.1
18132,16,1,2872,0.05
18133,19,3,2578,0.05
18133,40,2,4298,0.1
18133,43,2,2654,0
18134,16,1,2872,0.2
18135,37,2,189,0.1
18136,24,1,2210,0
18137,54,1,273,0.05
18138,26,3,438,0.15
18139,26,1,438,0
18139,51,1,2621,0.05
18139,35,1,2084,0.1
18140,59,1,954,0
18141,18,2,4405,0
18142,3,1,3882,0
18143,24,2,2210,0.15
18143,33,2,2132,0
18143,56,1,2279,0.05
18143,9,1,1527,0.2
18144,7,2,2555,0.05
18145,29,2,410,0
18145,58,2,124,0
18145,31,1,3571,0.15
18145,56,1,2279,0
18146,33,3,2132,0.05
18146,3,1,3882,0
18146,54,2,273,0.1
18147,23,1,2084,0.15
18148,32,1,2083,0.05
18149,53,1,1408,0
18150,53,1,1408,0.1
18151,21,2,572,0.1
18152,37,3,189,0.15
18152,46,2,1604,0.05
18152,2,1,1368,0.1
18152,7,1,2555,0.05
18153,7,1,2555,0.1
18153,51,1,2621,0.1
18154,17,1,1925,0
18154,54,1,273,0.2
18155,60,1,1642,0.05
18155,17,1,1925,0
18156,21,1,572,0
18157,12,1,2578,0.05
18157,18,1,4405,0.1
18158,42,1,641,0
18158,7,1,2555,0.05
18159,40,1,4298,0.1
18159,39,2,765,0
18160,60,1,1642,0.05
18160,15,1,3944,0
18160,3,1,3882,0
18160,22,1,131,0
18161,49,3,2121,0.05
18161,9,1,1527,0
18161,7,2,2555,0.05
18162,34,1,1026,0
18162,32,1,2083,0
18162,43,1,2654,0.05
18163,25,2,938,0
18163,13,1,283,0.05
18164,24,2,2210,0.05
18164,4,2,3867,0.05
18165,38,3,976,0.05
18165,12,1,2578,0.05
18165,57,1,3486,0
18166,25,2,938,0.05
18166,24,2,2210,0
18166,27,2,2377,0
18167,39,1,765,0.15
18167,48,1,4805,0
18168,28,1,3031,0.1
18168,55,1,4377,0.1
18168,11,1,4549,0
18168,21,1,572,0.05
18169,25,1,938,0.05
18169,10,1,3960,0
18169,45,2,1847,0
18170,5,1,207,0
18171,9,1,1527,0.05
18171,1,1,2760,0
18171,1,1,2760,0
18172,14,1,3770,0.1
18173,3,1,3882,0.15
18174,46,2,1604,0.2
18175,4,1,3867,0.1
18175,23,2,2084,0.1
18176,13,1,283,0.1
18176,9,1,1527,0.05
18176,36,2,460,0.1
18176,2,1,1368,0
18177,17,1,1925,0.05
18178,5,1,207,0.05
18179,43,3,2654,0
18179,18,1,4405,0.15
18179,43,1,2654,0
18180,20,1,4963,0.05
18181,16,3,2872,0.1
18182,58,1,124,0.1
18183,36,1,460,0
18184,38,2,976,0.15
18184,12,1,2578,0
18185,10,1,3960,0.1
18185,14,1,3770,0.05
18186,5,1,207,0.1
18187,3,2,3882,0.1
18187,7,1,2555,0
18187,34,1,1026,0.2
18188,35,1,2084,0.05
18188,33,1,2132,0
18189,41,1,4560,0.05
18190,5,1,207,0.05
18191,57,1,3486,0
18191,16,1,2872,0
18192,19,2,2578,0.05
18193,21,1,572,0.1
18194,5,1,207,0.15
18195,11,1,4549,0.15
18196,10,2,3960,0.05
18196,26,1,438,0
18197,60,2,1642,0
18198,43,1,2654,0.15
18198,20,1,4963,0
18199,54,1,273,0.05
18200,13,1,283,0.15
18200,55,1,4377,0.15
18201,45,2,1847,0.05
18202,14,1,3770,0.1
18203,12,2,2578,0.05
18203,11,1,4549,0
18204,59,1,954,0
18204,3,1,3882,0
18205,22,1,131,0
18205,16,1,2872,0.1
18205,49,1,2121,0.1
18206,49,2,2121,0.1
18206,51,2,2621,0
18207,5,1,207,0.1
18208,27,1,2377,0.05
18208,52,3,2641,0.05
18208,58,1,124,0.15
18209,52,1,2641,0.1
18210,21,2,572,0
18211,57,2,3486,0
18212,12,1,2578,0.1
18213,10,1,3960,0.05
18214,56,1,2279,0.1
18214,52,1,2641,0.2
18215,29,3,410,0.05
18215,46,2,1604,0.15
18216,26,1,438,0
18216,32,1,2083,0.1
18217,37,1,189,0.05
18217,34,3,1026,0.05
18218,36,1,460,0.15
18218,17,1,1925,0.05
18219,42,2,641,0.1
18220,19,1,2578,0.05
18221,48,2,4805,0.1
18221,46,1,1604,0.1
18221,19,1,2578,0
18222,11,1,4549,0
18222,11,1,4549,0
18223,43,1,2654,0.05
18224,57,2,3486,0.05
18225,46,1,1604,0
18226,16,1,2872,0.1
18226,44,1,1674,0.05
18227,29,1,410,0
18227,29,1,410,0.05
18228,52,1,2641,0.1
18229,52,1,2641,0.15
18229,55,1,4377,0
18229,50,1,4645,0.1
18229,1,2,2760,0
18230,5,1,207,0
18231,23,1,2084,0
18231,50,1,4645,0
18231,48,1,4805,0
18231,39,1,765,0.1
18232,52,3,2641,0
18232,48,2,4805,0.1
18232,2,1,1368,0.05
18232,13,1,283,0
18233,4,1,3867,0.2
18234,24,2,2210,0
18234,35,1,2084,0.05
18234,49,1,2121,0.05
18235,22,1,131,0.2
18235,51,1,2621,0.2
18236,28,1,3031,0
18236,20,1,4963,0
18237,34,1,1026,0.15
18238,59,1,954,0.15
18239,35,1,2084,0.2
18239,2,1,1368,0
18240,47,1,365,0
18240,41,1,4560,0
18241,18,1,4405,0
18242,14,2,3770,0
18242,27,1,2377,0.05
18243,21,1,572,0
18243,13,1,283,0.05
18244,53,1,1408,0
18244,32,1,2083,0
18245,33,2,2132,0.15
18245,14,1,3770,0
18246,7,1,2555,0
18246,11,2,4549,0.05
18246,55,1,4377,0
18247,58,1,124,0
18247,52,1,2641,0
18247,31,2,3571,0.1
18248,60,1,1642,0
18248,10,1,3960,0
18248,4,1,3867,0.05
18248,21,2,572,0.05
18249,49,1,2121,0.1
18250,27,1,2377,0.2
18250,24,1,2210,0.15
18250,1,2,2760,0.2
18250,59,3,954,0.05
18251,10,1,3960,0.05
18251,23,1,2084,0
18252,49,2,2121,0.05
18253,16,1,2872,0
18254,43,1,2654,0
18254,1,1,2760,0.1
18254,2,1,1368,0.05
18254,54,1,273,0.2
18255,8,1,659,0
18255,45,1,1847,0.1
18256,33,1,2132,0
18256,54,1,273,0.1
18257,24,1,2210,0
18258,58,1,124,0
18258,57,1,3486,0
18259,34,1,1026,0.1
18259,47,1,365,0
18260,11,1,4549,0.1
18260,57,2,3486,0.05
18260,51,2,2621,0.15
18261,13,1,283,0
18261,5,1,207,0
18262,22,1,131,0
18262,10,3,3960,0.1
18262,56,2,2279,0.1
18263,50,1,4645,0
18263,55,3,4377,0.05
18264,29,1,410,0.05
18265,48,1,4805,0
18265,27,1,2377,0.05
18265,27,1,2377,0
18265,43,3,2654,0.05
18266,45,1,1847,0.05
18266,12,1,2578,0
18267,26,1,438,0.05
18267,58,1,124,0.05
18268,19,2,2578,0.2
18269,19,1,2578,0.05
18270,38,1,976,0
18271,32,1,2083,0
18271,10,1,3960,0.1
18271,4,1,3867,0.1
18272,7,1,2555,0.05
18272,57,2,3486,0
18273,18,1,4405,0.1
18274,56,1,2279,0.1
18274,56,1,2279,0
18275,58,1,124,0
18275,8,1,659,0.15
18275,30,1,3732,0
18276,39,2,765,0
18276,31,1,3571,0.1
18276,56,2,2279,0
18277,58,1,124,0.05
18277,17,1,1925,0
18277,17,1,1925,0.1
18278,22,1,131,0.05
18278,4,1,3867,0.15
18279,3,2,3882,0.15
18279,12,2,2578,0.05
18279,27,3,2377,0.2
18280,37,1,189,0
18281,12,2,2578,0.1
18282,4,1,3867,0
18283,20,1,4963,0.1
18283,8,1,659,0.1
18283,1,1,2760,0
18284,23,1,2084,0
18285,9,1,1527,0.1
18285,6,1,3871,0.1
18286,56,1,2279,0
18287,53,1,1408,0
18288,9,1,1527,0.1
18288,39,1,765,0.15
18289,4,3,3867,0.1
18290,40,1,4298,0.05
18290,21,1,572,0.1
18290,59,1,954,0
18291,5,2,207,0.15
18291,7,2,2555,0
18291,57,1,3486,0.05
18291,41,3,4560,0.1
18292,30,1,3732,0.1
18292,47,1,365,0
18292,31,1,3571,0.1
18292,60,1,1642,0.05
18293,4,1,3867,0.05
18294,48,1,4805,0.05
18294,38,1,976,0
18295,29,1,410,0
18296,40,1,4298,0.1
18296,44,1,1674,0
18296,54,1,273,0.05
18296,24,2,2210,0
18297,12,1,2578,0.05
18297,15,1,3944,0
18298,15,1,3944,0.05
18299,58,1,124,0
18299,12,2,2578,0.1
18300,55,1,4377,0.05
18301,4,2,3867,0.05
18301,47,1,365,0.1
18302,39,1,765,0.05
18302,22,1,131,0.1
18303,8,1,659,0
18303,48,1,4805,0
18304,59,1,954,0.1
18305,47,1,365,0.2
18305,9,1,1527,0.2
18306,59,1,954,0.05
18307,1,3,2760,0.1
18307,32,3,2083,0.05
18308,11,1,4549,0.2
18308,57,1,3486,0.05
18308,52,1,2641,0
18308,15,1,3944,0
18309,40,1,4298,0.05
18310,15,1,3944,0
18311,47,1,365,0
18312,36,1,460,0.15
18312,10,1,3960,0
18312,58,1,124,0.1
18313,30,2,3732,0.15
18313,60,1,1642,0
18313,3,2,3882,0.15
18314,19,1,2578,0
18314,47,2,365,0.05
18314,12,1,2578,0
18315,24,2,2210,0.05
18316,38,1,976,0.15
18317,23,1,2084,0
18317,43,1,2654,0
18317,23,2,2084,0.15
18318,41,1,4560,0
18318,41,1,4560,0
18319,57,1,3486,0
18319,29,1,410,0.1
18320,60,1,1642,0
18321,23,1,2084,0
18322,18,1,4405,0
18322,40,1,4298,0
18322,29,1,410,0
18323,13,1,283,0.15
18324,50,1,4645,0
18324,58,1,124,0.05
18325,8,1,659,0
18326,21,1,572,0.1
18326,1,1,2760,0
18326,21,1,572,0.05
18326,25,1,938,0.1
18327,11,1,4549,0
18327,57,1,3486,0.1
18327,45,1,1847,0.05
18328,60,2,1642,0
18329,37,1,189,0
18330,23,2,2084,0
18331,60,1,1642,0
18331,36,1,460,0.15
18332,6,1,3871,0.05
18332,53,1,1408,0.1
18332,48,1,4805,0.05
18333,53,1,1408,0
18334,57,1,3486,0.1
18334,46,1,1604,0.1
18335,7,1,2555,0.15
18335,52,1,2641,0.05
18336,7,1,2555,0
18336,15,1,3944,0
18336,58,1,124,0
18337,57,2,3486,0.05
18337,29,3,410,0
18337,24,1,2210,0.1
18338,5,1,207,0.1
18339,17,1,1925,0.1
18339,44,1,1674,0.15
18340,60,1,1642,0.1
18340,47,2,365,0
18341,31,1,3571,0.05
18342,46,1,1604,0.15
18343,36,1,460,0.05
18343,37,1,189,0
18343,39,1,765,0.05
18343,35,1,2084,0.05
18344,3,1,3882,0
18345,4,1,3867,0
18345,8,1,659,0.15
18345,9,1,1527,0
18345,45,1,1847,0
18346,3,1,3882,0.1
18347,17,1,1925,0.05
18347,52,1,2641,0
18347,46,1,1604,0.2
18348,16,1,2872,0
18348,43,1,2654,0.1
18349,35,1,2084,0
18349,4,2,3867,0.05
18349,15,1,3944,0.05
18349,15,1,3944,0.2
18350,34,2,1026,0.1
18350,18,1,4405,0.1
18351,18,2,4405,0.1
18351,15,2,3944,0
18352,31,1,3571,0.1
18352,52,2,2641,0.05
18352,3,3,3882,0
18353,14,2,3770,0
18354,57,3,3486,0
18354,17,1,1925,0.15
18354,56,1,2279,0
18355,52,3,2641,0.05
18355,34,1,1026,0
18356,32,3,2083,0.1
18357,46,1,1604,0.05
18358,30,2,3732,0
18358,54,1,273,0
18358,11,1,4549,0
18358,34,2,1026,0.05
18359,40,2,4298,0.1
18359,43,1,2654,0.1
18359,24,3,2210,0
18360,14,2,3770,0.1
18360,6,1,3871,0
18360,20,2,4963,0.05
18360,24,2,2210,0.1
18361,38,2,976,0.05
18362,37,1,189,0
18362,22,2,131,0.15
18363,27,2,2377,0.15
18363,6,1,3871,0.1
18364,19,1,2578,0.05
18364,36,1,460,0.05
18365,45,1,1847,0.05
18365,5,1,207,0.1
18366,31,1,3571,0
18366,24,1,2210,0
18366,20,1,4963,0.15
18367,8,1,659,0
18367,53,1,1408,0.2
18368,43,1,2654,0
18369,58,1,124,0.1
18369,50,1,4645,0.05
18370,57,1,3486,0.1
18370,4,1,3867,0
18371,47,1,365,0
18371,48,1,4805,0.1
18371,7,2,2555,0.15
18372,8,1,659,0.2
18373,25,1,938,0.05
18374,18,2,4405,0.05
18374,19,1,2578,0
18374,57,2,3486,0.05
18375,28,1,3031,0
18376,6,1,3871,0.1
18376,40,1,4298,0.05
18377,38,3,976,0
18377,45,1,1847,0
18377,29,1,410,0.05
18378,13,1,283,0.1
18379,21,1,572,0.05
18380,31,1,3571,0
18380,43,1,2654,0.1
18381,41,2,4560,0
18381,39,1,765,0.1
18382,19,1,2578,0
18382,39,1,765,0.05
18383,25,2,938,0.05
18384,56,2,2279,0
18385,23,1,2084,0
18385,23,2,2084,0.1
18385,51,1,2621,0.1
18386,27,2,2377,0.15
18387,58,1,124,0
18387,29,2,410,0.05
18388,36,2,460,0
18388,55,2,4377,0.2
18388,2,1,1368,0.2
18389,1,1,2760,0
18390,42,1,641,0
18390,44,1,1674,0.05
18391,9,1,1527,0
18391,40,1,4298,0
18392,37,1,189,0
18392,52,1,2641,0.1
18393,44,2,1674,0
18393,5,1,207,0.1
18394,60,2,1642,0.2
18395,34,1,1026,0
18395,41,2,4560,0.05
18396,3,3,3882,0.05
18396,22,1,131,0
18397,23,2,2084,0.05
18397,24,1,2210,0.15
18397,16,1,2872,0
18398,43,1,2654,0
18398,33,2,2132,0
18398,55,3,4377,0
18398,31,1,3571,0.05
18399,59,1,954,0.05
18400,31,1,3571,0.05
18401,24,1,2210,0
18401,25,1,938,0.1
18402,18,1,4405,0
18402,47,2,365,0.05
18403,49,1,2121,0.05
18403,24,1,2210,0
18404,20,1,4963,0.1
18405,19,1,2578,0.15
18406,44,1,1674,0.05
18407,45,1,1847,0
18408,36,1,460,0.15
18409,14,1,3770,0.1
18409,52,1,2641,0
18409,58,2,124,0
18410,41,1,4560,0.15
18410,24,2,2210,0
18411,58,1,124,0.1
18412,4,2,3867,0.1
18413,26,1,438,0
18414,53,1,1408,0.05
18415,22,1,131,0.1
18415,21,1,572,0.05
18416,42,1,641,0.2
18417,46,1,1604,0.05
18418,31,3,3571,0
18418,19,1,2578,0.05
18418,4,1,3867,0.1
18419,16,1,2872,0.15
18419,57,2,3486,0.05
18419,16,1,2872,0.05
18419,31,1,3571,0
18420,19,1,2578,0
18421,59,1,954,0.05
18422,58,1,124,0
18423,40,3,4298,0.15
18423,24,1,2210,0
18424,30,2,3732,0.15
18424,10,2,3960,0.2
18425,17,1,1925,0
18425,26,2,438,0.15
18425,14,3,3770,0.05
18426,24,1,2210,0.05
18427,20,3,4963,0.15
18428,11,1,4549,0.1
18428,54,1,273,0.1
18429,41,1,4560,0
18429,12,2,2578,0.05
18430,30,1,3732,0
18430,5,1,207,0.1
18431,6,1,3871,0.05
18431,26,1,438,0.15
18431,48,2,4805,0.05
18431,8,1,659,0.05
18432,6,1,3871,0.1
18433,15,1,3944,0
18433,34,1,1026,0.05
18433,11,1,4549,0
18434,55,1,4377,0
18434,2,1,1368,0.05
18434,32,2,2083,0.15
18435,18,1,4405,0
18436,42,1,641,0.1
18436,20,1,4963,0.1
18437,48,2,4805,0.1
18437,20,2,4963,0
18438,36,1,460,0
18439,26,1,438,0
18439,36,1,460,0
18439,40,1,4298,0
18440,12,2,2578,0.05
18441,45,1,1847,0.05
18442,40,1,4298,0
18443,58,1,124,0.05
18444,41,2,4560,0
18444,49,1,2121,0
18445,53,1,1408,0
18445,40,1,4298,0
18446,45,1,1847,0
18447,1,1,2760,0
18448,19,2,2578,0.05
18448,7,1,2555,0.2
18449,19,1,2578,0.1
18450,43,1,2654,0.05
18451,12,2,2578,0
18451,52,1,2641,0.05
18452,36,2,460,0
18452,16,1,2872,0.15
18453,34,2,1026,0.1
18454,29,2,410,0
18455,41,2,4560,0
18455,44,1,1674,0
18456,29,2,410,0
18457,34,1,1026,0.1
18458,22,1,131,0.05
18458,11,3,4549,0
18458,56,1,2279,0.1
18458,57,1,3486,0
18459,10,2,3960,0.1
18459,9,1,1527,0
18460,7,1,2555,0.1
18461,12,2,2578,0
18462,10,1,3960,0
18463,39,3,765,0.05
18464,48,1,4805,0.2
18465,6,1,3871,0
18465,4,1,3867,0
18465,43,2,2654,0
18465,37,1,189,0
18466,13,1,283,0.15
18467,11,1,4549,0.2
18467,34,1,1026,0
18467,7,2,2555,0.15
18467,57,1,3486,0.05
18468,10,1,3960,0
18468,40,1,4298,0
18468,56,2,2279,0.1
18469,16,1,2872,0
18469,11,2,4549,0.05
18470,33,1,2132,0
18470,17,1,1925,0.15
18471,53,1,1408,0.1
18471,19,3,2578,0.15
18471,35,1,2084,0.15
18472,27,1,2377,0.15
18472,11,1,4549,0
18473,10,2,3960,0.2
18473,48,3,4805,0
18473,60,2,1642,0.1
18474,53,1,1408,0.15
18475,7,2,2555,0.1
18475,18,2,4405,0.05
18476,59,1,954,0.05
18477,17,1,1925,0.05
18477,3,2,3882,0
18477,48,1,4805,0.1
18477,33,1,2132,0.05
18478,19,1,2578,0
18478,30,1,3732,0.2
18478,9,1,1527,0.15
18478,43,2,2654,0
18479,8,1,659,0
18480,51,1,2621,0.15
18480,50,1,4645,0.1
18481,4,2,3867,0.05
18482,53,2,1408,0.05
18482,42,1,641,0
18483,27,1,2377,0
18483,8,1,659,0.05
18484,41,1,4560,0.1
18484,47,1,365,0
18485,52,2,2641,0.15
18485,33,1,2132,0
18486,52,1,2641,0.1
18487,5,1,207,0.2
18487,20,1,4963,0.1
18488,31,1,3571,0.1
18488,46,2,1604,0.15
18489,14,3,3770,0.05
18489,52,3,2641,0.2
18489,3,1,3882,0.1
18489,52,1,2641,0
18490,41,1,4560,0.15
18491,46,1,1604,0
18491,43,1,2654,0.05
18491,19,1,2578,0
18492,22,1,131,0
18492,49,1,2121,0.05
18492,37,2,189,0
18493,2,1,1368,0
18493,23,1,2084,0.1
18493,32,1,2083,0.1
18493,21,1,572,0.05
18494,45,1,1847,0.15
18494,48,1,4805,0.15
18494,4,1,3867,0.05
18494,16,1,2872,0
18495,24,1,2210,0
18496,41,1,4560,0.15
18497,36,1,460,0
18497,56,1,2279,0
18497,29,1,410,0
18497,14,1,3770,0.15
18498,43,1,2654,0
18499,21,1,572,0.1
18499,33,2,2132,0.05
18499,36,3,460,0
18499,16,3,2872,0.1
18500,26,1,438,0
18500,24,1,2210,0.1
18501,53,1,1408,0.1
18502,3,1,3882,0.15
18502,14,1,3770,0
18503,40,1,4298,0.1
18504,48,1,4805,0
18504,54,2,273,0.1
18504,6,1,3871,0.05
18504,48,2,4805,0.05
18505,12,1,2578,0
18505,48,2,4805,0.05
18506,26,2,438,0.05
18506,32,1,2083,0.05
18507,58,1,124,0.05
18507,34,1,1026,0
18508,22,1,131,0
18509,48,1,4805,0
18510,15,2,3944,0.05
18510,26,1,438,0.1
18510,52,1,2641,0
18511,19,1,2578,0
18511,17,2,1925,0.1
18511,47,1,365,0.15
18511,60,1,1642,0.1
18512,10,2,3960,0.15
18513,38,1,976,0
18514,16,1,2872,0.05
18515,36,1,460,0.1
18516,2,1,1368,0
18517,12,2,2578,0.2
18517,8,1,659,0.15
18518,10,3,3960,0.05
18518,10,3,3960,0
18519,11,1,4549,0.1
18520,23,1,2084,0
18520,18,1,4405,0.1
18520,29,1,410,0.1
18521,18,2,4405,0.1
18522,28,2,3031,0
18522,43,1,2654,0.1
18522,20,3,4963,0
18523,33,2,2132,0.05
18523,27,1,2377,0.15
18523,26,1,438,0
18523,42,1,641,0.05
18524,27,1,2377,0.05
18524,55,2,4377,0.05
18524,5,1,207,0
18524,39,1,765,0
18525,21,1,572,0
18525,1,1,2760,0
18526,9,1,1527,0.05
18526,5,1,207,0
18527,60,1,1642,0.05
18528,17,1,1925,0
18529,47,1,365,0
18529,24,1,2210,0
18530,26,2,438,0
18530,32,1,2083,0.1
18530,16,1,2872,0.05
18530,38,1,976,0.05
18531,13,1,283,0.05
18532,14,2,3770,0.05
18532,18,1,4405,0
18533,41,1,4560,0.05
18534,23,1,2084,0.1
18535,15,1,3944,0
18536,52,1,2641,0.2
18536,4,1,3867,0
18536,48,1,4805,0
18537,41,1,4560,0.05
18538,9,1,1527,0
18539,52,1,2641,0.1
18540,45,1,1847,0.05
18540,54,1,273,0.1
18541,16,1,2872,0.05
18541,30,1,3732,0.05
18541,31,3,3571,0.1
18541,50,1,4645,0.1
18542,5,1,207,0.1
18542,12,1,2578,0
18543,19,2,2578,0.05
18543,12,1,2578,0
18544,33,1,2132,0.05
18544,56,1,2279,0.1
18545,3,1,3882,0.05
18545,47,2,365,0
18546,34,3,1026,0
18546,21,1,572,0
18546,11,1,4549,0
18547,60,1,1642,0
18547,59,1,954,0.15
18547,36,1,460,0.1
18548,14,3,3770,0
18548,23,1,2084,0.2
18549,14,2,3770,0.05
18549,53,2,1408,0
18550,48,1,4805,0.1
18551,6,1,3871,0.05
18551,51,2,2621,0
18552,16,1,2872,0.15
18552,50,1,4645,0.1
18553,47,1,365,0.1
18554,52,1,2641,0.05
18555,46,1,1604,0.05
18555,57,1,3486,0.15
18556,20,1,4963,0.15
18556,8,1,659,0.2
18557,58,1,124,0
18558,30,1,3732,0
18558,39,1,765,0.15
18558,57,1,3486,0.2
18559,47,1,365,0.1
18560,52,1,2641,0.1
18560,6,2,3871,0.05
18561,33,1,2132,0
18561,27,2,2377,0.2
18562,48,2,4805,0.05
18562,45,3,1847,0.1
18563,22,1,131,0.15
18564,6,2,3871,0
18565,46,1,1604,0.15
18566,46,3,1604,0.1
18567,1,1,2760,0
18568,24,1,2210,0.05
18569,24,2,2210,0.05
18569,24,1,2210,0
18570,33,1,2132,0
18570,58,1,124,0
18571,28,2,3031,0.05
18572,16,2,2872,0.15
18572,28,1,3031,0.05
18572,10,2,3960,0
18572,23,1,2084,0.05
18573,35,3,2084,0
18573,43,2,2654,0.05
18574,29,1,410,0
18574,40,1,4298,0.15
18575,56,1,2279,0
18575,40,1,4298,0
18575,36,1,460,0.15
18575,4,1,3867,0.2
18576,7,1,2555,0.05
18577,14,1,3770,0
18577,48,1,4805,0
18577,7,1,2555,0.1
18578,7,1,2555,0.05
18578,5,1,207,0
18578,48,2,4805,0.1
18578,10,1,3960,0.1
18579,21,1,572,0.1
18580,39,1,765,0
18581,15,2,3944,0
18581,55,2,4377,0.05
18582,8,1,659,0
18582,28,1,3031,0.2
18583,52,1,2641,0.05
18583,45,1,1847,0
18583,58,1,124,0
18584,52,2,2641,0.15
18584,24,1,2210,0
18585,43,1,2654,0.1
18586,12,1,2578,0
18587,17,1,1925,0
18588,60,1,1642,0.05
18588,32,1,2083,0
18588,51,2,2621,0.15
18589,15,1,3944,0.2
18589,38,1,976,0
18589,2,1,1368,0.1
18589,22,1,131,0.2
18590,39,2,765,0.15
18590,36,1,460,0.05
18590,49,1,2121,0.05
18591,33,2,2132,0.05
18592,36,1,460,0
18593,37,1,189,0
18594,16,1,2872,0.2
18594,4,1,3867,0.05
18595,53,3,1408,0.1
18595,14,1,3770,0.15
18596,3,1,3882,0.15
18597,46,1,1604,0
18598,52,1,2641,0
18598,24,2,2210,0.1
18598,30,1,3732,0
18599,34,2,1026,0.1
18599,54,1,273,0.15
18600,45,1,1847,0.15
18601,30,1,3732,0.15
18601,37,1,189,0
18601,2,2,1368,0.15
18602,34,1,1026,0.05
18602,18,1,4405,0.05
18602,37,1,189,0.2
18603,28,1,3031,0
18603,10,2,3960,0
18604,12,1,2578,0.1
18605,18,1,4405,0.1
18606,41,1,4560,0.05
18606,43,1,2654,0.1
18607,27,1,2377,0
18608,50,1,4645,0.1
18609,18,1,4405,0
18610,10,1,3960,0.05
18611,56,1,2279,0
18612,47,1,365,0.1
18612,43,1,2654,0
18612,21,1,572,0.1
18613,50,1,4645,0.1
18614,43,2,2654,0.05
18614,30,3,3732,0.05
18615,30,2,3732,0.2
18616,33,2,2132,0
18616,31,3,3571,0
18616,49,1,2121,0
18616,25,1,938,0.05
18617,58,2,124,0.15
18617,44,1,1674,0.05
18618,60,3,1642,0
18619,52,1,2641,0.05
18619,56,1,2279,0.15
18620,5,1,207,0.2
18620,43,1,2654,0
18621,37,3,189,0
18621,37,1,189,0.05
18622,53,2,1408,0
18622,41,1,4560,0
18622,12,1,2578,0.15
18623,7,1,2555,0.15
18624,19,1,2578,0.05
18624,39,2,765,0.1
18625,12,1,2578,0
18626,16,1,2872,0
18626,47,1,365,0
18626,55,1,4377,0.1
18627,60,1,1642,0.05
18627,17,1,1925,0
18628,15,2,3944,0
18628,4,3,3867,0.15
18629,20,1,4963,0.05
18629,17,1,1925,0.2
18630,52,1,2641,0
18630,1,1,2760,0.15
18631,55,1,4377,0
18631,26,2,438,0
18632,42,1,641,0.1
18632,29,2,410,0.1
18633,45,1,1847,0.05
18634,31,1,3571,0
18635,50,1,4645,0.05
18636,18,1,4405,0
18636,22,1,131,0.05
18637,39,2,765,0.05
18638,55,1,4377,0
18638,50,1,4645,0.15
18638,11,1,4549,0.05
18639,7,1,2555,0.1
18639,19,2,2578,0.05
18639,45,1,1847,0.1
18639,42,1,641,0.05
18640,8,1,659,0.1
18641,19,1,2578,0
18641,45,1,1847,0.15
18641,57,1,3486,0.05
18641,6,1,3871,0
18642,56,1,2279,0.05
18642,57,1,3486,0.05
18643,6,2,3871,0.1
18644,28,1,3031,0
18645,18,1,4405,0.1
18646,13,1,283,0
18646,36,1,460,0.1
18646,24,3,2210,0.1
18646,49,3,2121,0.05
18647,49,1,2121,0
18647,38,2,976,0.15
18647,28,1,3031,0
18648,22,1,131,0.15
18648,17,1,1925,0.05
18649,57,1,3486,0.1
18649,45,1,1847,0
18650,58,1,124,0.05
18650,20,3,4963,0
18650,44,2,1674,0
18650,42,1,641,0
18651,31,1,3571,0.15
18651,34,1,1026,0
18652,24,1,2210,0.15
18653,35,2,2084,0.05
18653,55,1,4377,0
18653,33,2,2132,0.05
18654,39,1,765,0
18654,39,1,765,0.05
18654,28,2,3031,0.1
18655,38,1,976,0
18656,45,1,1847,0.15
18656,17,1,1925,0.05
18657,19,1,2578,0.1
18657,5,2,207,0.05
18657,34,1,1026,0.05
18657,46,2,1604,0.05
18658,50,1,4645,0
18658,22,1,131,0
18658,49,1,2121,0.15
18659,40,1,4298,0
18660,9,1,1527,0.1
18661,9,1,1527,0.1
18662,25,2,938,0.05
18662,31,1,3571,0
18663,18,1,4405,0
18664,56,1,2279,0
18665,15,2,3944,0.05
18665,17,1,1925,0.15
18665,12,3,2578,0
18666,59,1,954,0.05
18667,12,1,2578,0
18668,28,1,3031,0.1
18669,24,1,2210,0.1
18670,26,2,438,0.15
18671,24,1,2210,0
18672,31,1,3571,0
18672,14,1,3770,0
18673,41,1,4560,0
18673,11,1,4549,0
18674,2,2,1368,0
18675,6,1,3871,0
18675,17,1,1925,0.05
18675,53,1,1408,0.15
18676,25,1,938,0
18677,50,3,4645,0.2
18678,53,1,1408,0.05
18679,54,1,273,0.2
18680,49,1,2121,0
18680,48,1,4805,0.05
18681,13,1,283,0.05
18681,43,1,2654,0.15
18682,52,1,2641,0
18682,5,1,207,0.2
18683,10,1,3960,0
18683,54,1,273,0.1
18683,40,1,4298,0
18684,54,1,273,0
18684,40,1,4298,0.1
18685,9,1,1527,0.05
18686,30,1,3732,0
18686,12,1,2578,0
18686,28,3,3031,0
18687,58,1,124,0
18688,33,2,2132,0.1
18688,14,3,3770,0
18688,18,3,4405,0.15
18689,7,1,2555,0.05
18690,52,1,2641,0.15
18690,24,3,2210,0.05
18690,45,3,1847,0
18691,4,1,3867,0.1
18691,46,1,1604,0.05
18692,56,1,2279,0
18692,13,1,283,0
18693,3,1,3882,0.1
18694,57,1,3486,0
18695,53,1,1408,0.05
18696,51,1,2621,0
18696,55,1,4377,0.05
18696,20,1,4963,0.1
18697,31,1,3571,0.05
18698,15,1,3944,0
18698,21,1,572,0.15
18698,1,1,2760,0
18699,36,1,460,0
18700,21,1,572,0.1
18701,16,1,2872,0
18701,33,1,2132,0
18702,1,1,2760,0.05
18702,53,1,1408,0
18702,50,1,4645,0
18703,7,2,2555,0.05
18704,5,1,207,0.1
18704,53,2,1408,0.1
18705,7,1,2555,0.05
18706,16,2,2872,0.05
18707,56,2,2279,0.05
18707,57,1,3486,0.2
18708,33,1,2132,0.15
18708,40,1,4298,0.05
18709,11,2,4549,0
18710,23,1,2084,0.1
18711,16,1,2872,0
18711,56,1,2279,0.1
18711,16,1,2872,0
18712,33,1,2132,0.2
18713,11,1,4549,0
18714,43,1,2654,0.05
18715,42,1,641,0.05
18715,31,1,3571,0.2
18716,11,2,4549,0.1
18717,25,1,938,0.1
18717,13,1,283,0
18718,12,1,2578,0.1
18718,9,2,1527,0
18718,40,1,4298,0
18718,19,1,2578,0
18719,47,1,365,0
18719,24,1,2210,0.1
18719,31,1,3571,0.05
18720,47,1,365,0.1
18720,5,1,207,0.2
18721,14,1,3770,0.05
18721,46,1,1604,0
18721,20,2,4963,0.15
18722,20,1,4963,0.1
18722,48,1,4805,0.05
18723,44,1,1674,0
18724,59,1,954,0
18725,44,1,1674,0
18725,40,1,4298,0
18726,25,1,938,0.05
18727,5,1,207,0
18728,18,1,4405,0
18728,33,1,2132,0.15
18728,20,1,4963,0
18729,56,2,2279,0
18730,1,1,2760,0
18730,29,1,410,0
18731,42,1,641,0
18731,33,2,2132,0
18731,19,1,2578,0.1
18731,5,2,207,0.2
18732,31,1,3571,0.1
18732,55,1,4377,0.05
18733,31,1,3571,0
18734,51,1,2621,0.2
18734,47,1,365,0.05
18734,45,1,1847,0
18735,8,1,659,0.2
18736,20,1,4963,0
18736,19,1,2578,0.1
18737,50,1,4645,0
18738,19,1,2578,0.05
18739,11,1,4549,0.1
18739,8,1,659,0
18740,33,1,2132,0.1
18741,46,1,1604,0.05
18741,24,2,2210,0.05
18742,59,1,954,0.15
18743,10,1,3960,0.05
18743,59,1,954,0.15
18743,31,1,3571,0
18744,8,1,659,0.05
18745,55,3,4377,0.05
18745,31,2,3571,0.05
18746,19,3,2578,0.1
18747,47,1,365,0.1
18747,53,1,1408,0
18747,31,1,3571,0.05
18747,39,1,765,0
18748,30,1,3732,0.1
18748,51,1,2621,0.05
18749,1,1,2760,0.2
18749,6,3,3871,0
18749,42,3,641,0.1
18749,51,1,2621,0.05
18750,9,1,1527,0.05
18750,53,1,1408,0.05
18751,46,1,1604,0.05
18751,31,1,3571,0
18752,20,1,4963,0
18753,20,2,4963,0
18753,36,1,460,0.05
18754,44,1,1674,0.05
18755,45,1,1847,0.05
18755,8,1,659,0
18755,31,1,3571,0.15
18756,38,1,976,0.05
18757,20,1,4963,0
18758,57,3,3486,0
18758,35,1,2084,0.05
18759,56,1,2279,0
18759,49,1,2121,0.1
18760,52,2,2641,0.1
18760,20,1,4963,0.05
18760,16,2,2872,0
18761,42,1,641,0
18762,43,3,2654,0.15
18762,3,1,3882,0.1
18762,28,3,3031,0.1
18763,13,1,283,0.1
18764,19,1,2578,0.05
18764,35,1,2084,0.05
18765,42,1,641,0.05
18766,41,2,4560,0.15
18766,58,2,124,0
18766,55,1,4377,0
18767,51,2,2621,0.1
18767,1,1,2760,0.05
18767,27,1,2377,0.15
18767,33,1,2132,0
18768,13,1,283,0
18768,35,1,2084,0.2
18769,17,1,1925,0
18769,8,1,659,0.05
18770,26,1,438,0.1
18770,22,2,131,0.05
18770,46,1,1604,0.05
18770,20,1,4963,0.1
18771,5,2,207,0
18771,17,3,1925,0.1
18772,38,1,976,0.05
18772,22,1,131,0
18772,57,1,3486,0
18773,12,1,2578,0
18773,36,1,460,0
18773,14,1,3770,0.05
18774,51,1,2621,0
18774,54,1,273,0
18775,60,1,1642,0.05
18775,7,2,2555,0.2
18775,12,1,2578,0.05
18776,4,1,3867,0
18776,15,3,3944,0.05
18776,35,1,2084,0.1
18777,50,1,4645,0.05
18778,39,1,765,0.1
18778,47,1,365,0.1
18779,38,1,976,0.05
18779,53,1,1408,0.1
18780,6,1,3871,0
18780,54,1,273,0
18781,48,1,4805,0.05
18782,14,1,3770,0
18783,60,1,1642,0.15
18784,53,1,1408,0.1
18785,6,1,3871,0
18785,3,1,3882,0.1
18785,28,1,3031,0.05
18786,48,1,4805,0
18786,59,2,954,0.1
18787,8,2,659,0.05
18788,10,1,3960,0.15
18788,41,1,4560,0.1
18789,22,2,131,0.05
18789,31,1,3571,0
18790,9,2,1527,0.15
18790,60,1,1642,0
18791,41,2,4560,0.05
18791,4,2,3867,0.1
18792,15,1,3944,0.15
18792,12,1,2578,0
18792,30,1,3732,0
18792,56,1,2279,0.1
18793,15,2,3944,0
18793,60,1,1642,0.1
18794,42,1,641,0
18794,20,1,4963,0
18794,41,1,4560,0
18795,13,1,283,0.05
18795,44,1,1674,0.05
18796,18,1,4405,0.05
18797,20,1,4963,0
18798,53,1,1408,0
18798,54,1,273,0
18799,10,1,3960,0.05
18799,25,2,938,0.05
18799,12,1,2578,0.1
18800,51,2,2621,0.05
18800,57,2,3486,0.1
18800,28,2,3031,0.05
18801,40,1,4298,0.1
18802,41,1,4560,0
18803,18,1,4405,0.05
18804,25,1,938,0
18804,23,1,2084,0.05
18805,55,2,4377,0.15
18805,10,2,3960,0
18806,47,1,365,0
18806,26,1,438,0.05
18807,37,1,189,0.15
18808,6,1,3871,0.15
18809,54,1,273,0
18809,17,1,1925,0
18810,40,1,4298,0.05
18811,50,1,4645,0.15
18811,18,3,4405,0.1
18812,33,1,2132,0.1
18813,21,1,572,0.05
18814,7,1,2555,0.05
18815,20,1,4963,0.15
18815,51,1,2621,0
18816,23,1,2084,0
18816,11,1,4549,0
18817,48,1,4805,0
18818,29,1,410,0.15
18819,58,2,124,0
18819,21,1,572,0.05
18819,21,2,572,0
18820,52,1,2641,0.1
18820,47,1,365,0.1
18820,5,1,207,0
18821,52,1,2641,0.1
18821,50,1,4645,0.05
18821,30,1,3732,0.05
18822,53,1,1408,0
18822,17,1,1925,0.05
18823,43,2,2654,0
18824,27,1,2377,0.15
18825,10,1,3960,0.05
18825,17,1,1925,0
18826,40,2,4298,0
18826,50,1,4645,0
18827,48,1,4805,0
18828,24,1,2210,0
18829,57,2,3486,0
18829,22,3,131,0.15
18830,50,1,4645,0
18830,56,1,2279,0.2
18830,43,2,2654,0
18831,16,1,2872,0.15
18832,54,1,273,0.15
18832,19,2,2578,0
18832,52,1,2641,0.1
18832,1,1,2760,0
18833,32,1,2083,0.05
18834,59,1,954,0
18834,7,1,2555,0
18835,52,1,2641,0
18835,29,1,410,0
18836,49,2,2121,0.15
18836,31,1,3571,0.1
18837,15,1,3944,0.1
18838,10,1,3960,0.1
18838,8,1,659,0
18839,15,1,3944,0.15
18840,35,2,2084,0.1
18841,44,1,1674,0
18842,17,1,1925,0
18843,30,1,3732,0
18844,2,1,1368,0
18844,38,1,976,0.2
18845,8,1,659,0
18845,54,2,273,0.1
18846,25,1,938,0.15
18846,29,1,410,0
18846,37,3,189,0
18847,40,1,4298,0
18847,3,1,3882,0
18848,41,2,4560,0.05
18848,43,1,2654,0.1
18848,41,1,4560,0.1
18849,55,1,4377,0
18849,58,2,124,0
18850,1,1,2760,0
18850,6,1,3871,0.1
18851,18,1,4405,0.05
18852,31,1,3571,0.1
18852,20,1,4963,0
18853,14,1,3770,0.1
18853,6,2,3871,0.05
18854,26,1,438,0.1
18855,30,1,3732,0.15
18856,3,2,3882,0.15
18856,56,1,2279,0
18857,16,1,2872,0.05
18857,7,1,2555,0.05
18858,42,1,641,0
18859,25,1,938,0
18860,11,1,4549,0
18860,42,1,641,0
18861,57,1,3486,0.2
18861,1,1,2760,0.15
18862,22,1,131,0.15
18863,40,1,4298,0
18863,21,2,572,0.05
18864,48,2,4805,0.2
18865,7,1,2555,0.2
18866,4,2,3867,0.05
18866,13,1,283,0
18867,4,1,3867,0
18868,28,1,3031,0.1
18868,52,1,2641,0.05
18868,41,1,4560,0.05
18868,8,1,659,0.1
18869,23,1,2084,0.1
18869,10,2,3960,0.05
18870,25,1,938,0.1
18871,16,1,2872,0
18871,54,1,273,0
18872,48,1,4805,0
18872,54,1,273,0.2
18872,1,3,2760,0.05
18873,44,1,1674,0
18874,48,2,4805,0.1
18874,12,2,2578,0.15
18874,37,2,189,0
18874,29,1,410,0
18875,15,1,3944,0
18875,23,1,2084,0.05
18875,15,1,3944,0
18875,39,2,765,0.1
18876,27,1,2377,0
18877,40,2,4298,0
18877,4,2,3867,0
18878,41,2,4560,0
18878,55,1,4377,0.05
18878,20,1,4963,0
18878,13,3,283,0
18879,39,1,765,0.05
18879,46,1,1604,0
18880,29,1,410,0
18881,2,1,1368,0.1
18882,40,1,4298,0.05
18882,49,2,2121,0
18883,26,1,438,0
18884,24,1,2210,0.15
18884,8,1,659,0.1
18885,56,1,2279,0.05
18886,19,1,2578,0
18886,3,1,3882,0.05
18887,52,1,2641,0.1
18888,7,1,2555,0
18888,52,1,2641,0.15
18888,19,1,2578,0
18889,17,1,1925,0.05
18890,17,1,1925,0.1
18891,33,1,2132,0.1
18891,53,1,1408,0.15
18892,17,1,1925,0.05
18893,47,1,365,0
18894,36,1,460,0.1
18894,14,1,3770,0.05
18894,6,1,3871,0
18895,20,1,4963,0.05
18896,57,1,3486,0.05
18896,59,1,954,0
18896,6,1,3871,0
18897,36,1,460,0
18897,2,1,1368,0.1
18898,55,2,4377,0
18899,59,1,954,0.05
18900,3,1,3882,0.15
18900,58,1,124,0.05
18901,50,1,4645,0.1
18902,43,1,2654,0.15
18902,55,3,4377,0.2
18902,50,2,4645,0.15
18902,41,2,4560,0
18903,50,1,4645,0.1
18904,29,1,410,0.2
18904,2,1,1368,0.15
18905,43,1,2654,0.05
18906,31,1,3571,0.1
18906,13,1,283,0.05
18907,19,1,2578,0
18907,30,2,3732,0
18907,56,2,2279,0.1
18907,48,1,4805,0.1
18908,46,1,1604,0.05
18908,54,3,273,0.05
18908,60,1,1642,0
18909,12,1,2578,0.1
18910,9,1,1527,0
18910,47,1,365,0.05
18911,26,1,438,0.05
18911,57,1,3486,0.15
18911,11,1,4549,0
18911,48,2,4805,0
18912,9,1,1527,0
18913,5,1,207,0
18914,7,1,2555,0
18915,55,1,4377,0
18915,31,1,3571,0.15
18916,34,1,1026,0.1
18917,31,1,3571,0
18917,11,1,4549,0
18918,43,1,2654,0.1
18918,57,1,3486,0.05
18918,46,3,1604,0
18919,6,2,3871,0.1
18919,50,3,4645,0.05
18920,27,1,2377,0
18920,12,1,2578,0
18921,33,3,2132,0
18921,50,1,4645,0.05
18921,41,1,4560,0
18922,23,2,2084,0.2
18923,22,1,131,0
18924,54,2,273,0.05
18924,38,2,976,0
18925,9,2,1527,0
18925,22,1,131,0
18926,42,1,641,0.1
18926,49,1,2121,0.05
18927,31,2,3571,0.05
18928,28,1,3031,0.2
18929,41,2,4560,0
18929,28,1,3031,0
18930,26,1,438,0.05
18930,46,1,1604,0
18930,42,2,641,0
18931,6,1,3871,0
18931,59,1,954,0
18932,14,2,3770,0.05
18933,5,2,207,0.05
18933,14,2,3770,0.05
18933,38,1,976,0.05
18934,36,3,460,0
18935,4,1,3867,0
18935,49,1,2121,0
18935,28,1,3031,0
18935,20,3,4963,0
18936,9,1,1527,0.05
18936,44,1,1674,0.2
18937,52,1,2641,0
18937,36,1,460,0.1
18937,50,2,4645,0.05
18938,38,2,976,0.05
18938,8,1,659,0.15
18938,53,1,1408,0.1
18939,29,1,410,0
18940,27,1,2377,0.05
18940,54,1,273,0
18941,6,1,3871,0.1
18941,28,1,3031,0.1
18941,16,2,2872,0.05
18942,19,1,2578,0
18943,40,1,4298,0.05
18944,58,2,124,0.15
18945,31,1,3571,0.05
18945,12,1,2578,0.05
18945,11,1,4549,0.05
18945,33,2,2132,0.05
18946,14,1,3770,0.1
18946,32,1,2083,0.2
18946,24,1,2210,0.05
18947,49,2,2121,0
18948,41,1,4560,0
18949,9,1,1527,0.05
18949,43,2,2654,0
18950,25,1,938,0.1
18951,51,2,2621,0
18952,4,1,3867,0.05
18952,46,1,1604,0.1
18952,30,1,3732,0
18952,36,1,460,0.1
18953,34,1,1026,0
18953,52,2,2641,0
18953,36,1,460,0
18953,22,2,131,0
18954,23,1,2084,0.1
18954,12,1,2578,0
18955,59,1,954,0
18955,8,1,659,0
18956,48,1,4805,0.1
18956,14,1,3770,0
18956,36,1,460,0.2
18957,23,1,2084,0
18958,3,1,3882,0
18959,31,1,3571,0.05
18959,30,2,3732,0
18959,14,3,3770,0.05
18960,32,1,2083,0
18960,37,2,189,0
18961,13,1,283,0.1
18962,46,1,1604,0
18963,5,1,207,0
18964,55,1,4377,0
18965,46,2,1604,0.1
18965,6,3,3871,0.1
18966,43,1,2654,0
18966,30,1,3732,0
18967,33,1,2132,0.05
18967,5,3,207,0.15
18968,11,1,4549,0.1
18968,4,1,3867,0
18968,48,1,4805,0.05
18969,12,2,2578,0.05
18969,12,1,2578,0
18969,58,1,124,0.2
18969,30,1,3732,0.1
18970,55,1,4377,0
18971,13,1,283,0.05
18971,26,1,438,0.1
18972,53,2,1408,0.15
18972,16,1,2872,0.05
18973,24,1,2210,0
18973,33,3,2132,0
18973,43,1,2654,0
18973,32,1,2083,0
18974,2,1,1368,0.05
18974,28,2,3031,0.2
18975,8,1,659,0.1
18976,41,1,4560,0
18977,27,1,2377,0.05
18977,47,1,365,0.05
18977,45,1,1847,0
18978,20,2,4963,0
18978,54,1,273,0
18979,53,1,1408,0.1
18979,54,1,273,0.05
18980,39,1,765,0
18981,40,3,4298,0.1
18981,47,3,365,0
18982,46,1,1604,0.1
18983,6,2,3871,0
18983,12,2,2578,0.05
18984,9,1,1527,0
18985,56,1,2279,0.2
18985,21,1,572,0
18986,31,1,3571,0.15
18987,19,1,2578,0
18987,60,2,1642,0
18987,43,2,2654,0
18988,5,1,207,0
18989,10,1,3960,0.15
18990,40,1,4298,0
18991,10,2,3960,0
18992,39,1,765,0
18992,48,1,4805,0.05
18992,28,1,3031,0
18993,43,1,2654,0
18993,19,2,2578,0.05
18994,52,1,2641,0.1
18994,58,1,124,0
18994,4,1,3867,0
18995,8,2,659,0.15
18995,7,1,2555,0.05
18996,57,1,3486,0
18996,18,2,4405,0.1
18997,16,2,2872,0
18997,36,1,460,0.05
18997,47,1,365,0.1
18998,50,3,4645,0
18998,51,2,2621,0.05
18998,50,1,4645,0
18999,8,1,659,0
18999,54,1,273,0.1
19000,58,1,124,0.15
19000,33,1,2132,0.2
19001,16,1,2872,0.1
19002,48,2,4805,0
19002,23,2,2084,0
19002,13,1,283,0.15
19002,21,1,572,0.1
19003,32,1,2083,0
19003,16,1,2872,0
19004,39,1,765,0.05
19005,60,1,1642,0.1
19005,20,1,4963,0
19006,27,1,2377,0
19006,56,1,2279,0.2
19007,19,1,2578,0.1
19008,7,2,2555,0
19008,51,1,2621,0.15
19008,28,1,3031,0.15
19009,57,1,3486,0.05
19009,6,1,3871,0.05
19009,10,3,3960,0.05
19010,36,2,460,0.2
19011,60,1,1642,0
19011,55,1,4377,0
19011,29,1,410,0
19012,23,1,2084,0
19013,20,2,4963,0
19014,11,1,4549,0
19014,42,1,641,0.1
19015,24,1,2210,0
19015,3,2,3882,0
19015,15,3,3944,0
19016,29,1,410,0
19017,13,1,283,0
19018,7,2,2555,0
19018,1,1,2760,0
19019,49,1,2121,0
19019,25,1,938,0.05
19020,55,1,4377,0.05
19020,15,1,3944,0
19021,51,1,2621,0
19022,45,1,1847,0.1
19023,6,2,3871,0.05
19023,54,2,273,0.05
19024,15,1,3944,0
19024,7,1,2555,0.05
19025,8,1,659,0.05
19026,56,1,2279,0
19026,52,2,2641,0.1
19027,31,1,3571,0
19027,19,1,2578,0
19027,5,1,207,0
19028,35,1,2084,0
19028,44,3,1674,0
19029,32,1,2083,0
19030,50,2,4645,0
19031,31,1,3571,0.2
19031,56,1,2279,0.05
19031,42,1,641,0.05
19031,8,1,659,0.1
19032,41,1,4560,0.1
19033,6,1,3871,0.15
19033,49,1,2121,0
19034,3,1,3882,0.15
19034,36,2,460,0
19034,3,1,3882,0
19034,15,3,3944,0.2
19035,32,1,2083,0
19036,41,2,4560,0
19036,6,1,3871,0
19037,18,1,4405,0.1
19037,49,2,2121,0.1
19038,55,1,4377,0.05
19039,35,1,2084,0
19040,49,1,2121,0.2
19041,42,1,641,0.05
19042,45,1,1847,0
19042,50,1,4645,0.1
19043,7,1,2555,0.15
19043,11,1,4549,0
19044,35,1,2084,0
19045,47,1,365,0.1
19046,24,1,2210,0.05
19046,10,3,3960,0.1
19047,7,1,2555,0
19047,4,1,3867,0.05
19048,56,1,2279,0.1
19048,56,1,2279,0
19049,17,1,1925,0
19049,48,1,4805,0.1
19050,14,1,3770,0
19051,7,1,2555,0.05
19051,19,1,2578,0
19052,1,1,2760,0.1
19052,30,1,3732,0
19053,47,2,365,0.1
19053,51,3,2621,0
19054,32,1,2083,0.1
19055,1,2,2760,0.1
19055,25,1,938,0.1
19055,55,1,4377,0
19056,19,1,2578,0.05
19056,20,1,4963,0.15
19057,14,1,3770,0.2
19057,22,1,131,0
19058,1,1,2760,0.2
19058,1,1,2760,0
19059,43,1,2654,0
19059,31,1,3571,0
19060,30,3,3732,0.15
19061,32,2,2083,0.05
19061,29,1,410,0.05
19062,33,2,2132,0.15
19063,45,1,1847,0.15
19064,3,1,3882,0.05
19064,37,1,189,0
19065,4,1,3867,0
19065,52,1,2641,0
19065,19,1,2578,0.1
19066,52,1,2641,0
19066,39,2,765,0.05
19066,55,1,4377,0
19066,14,2,3770,0.1
19067,12,1,2578,0
19067,11,2,4549,0
19067,15,1,3944,0.2
19067,21,2,572,0.1
19068,24,2,2210,0
19069,19,1,2578,0
19069,24,1,2210,0.05
19070,34,1,1026,0.05
19071,9,1,1527,0.2
19072,5,1,207,0.2
19073,33,1,2132,0
19073,7,2,2555,0
19073,55,2,4377,0
19074,31,1,3571,0.05
19075,12,1,2578,0
19075,42,1,641,0
19075,20,1,4963,0
19076,47,2,365,0.05
19076,44,1,1674,0.05
19076,23,1,2084,0
19077,20,1,4963,0.05
19078,6,1,3871,0
19079,29,1,410,0
19079,55,1,4377,0.05
19079,32,1,2083,0.1
19080,11,2,4549,0.05
19081,18,1,4405,0
19081,48,1,4805,0.05
19082,33,2,2132,0
19082,3,2,3882,0
19082,44,1,1674,0
19083,17,1,1925,0
19084,28,1,3031,0
19085,18,1,4405,0.15
19086,39,1,765,0
19086,36,1,460,0.1
19087,52,1,2641,0.1
19087,57,1,3486,0.05
19088,26,1,438,0
19088,9,1,1527,0
19089,32,1,2083,0.1
19089,28,1,3031,0.05
19089,45,1,1847,0
19089,26,2,438,0.1
19090,14,1,3770,0.05
19090,14,2,3770,0.05
19090,40,2,4298,0.15
19091,60,1,1642,0
19092,26,1,438,0.1
19092,55,3,4377,0
19093,13,1,283,0.05
19094,40,1,4298,0.05
19095,15,1,3944,0
19095,57,1,3486,0.05
19095,16,1,2872,0.1
19096,51,1,2621,0
19097,15,1,3944,0.05
19097,8,2,659,0.1
19098,47,1,365,0
19098,50,1,4645,0.15
19099,30,1,3732,0.1
19100,11,1,4549,0.05
19100,20,2,4963,0.15
19101,40,1,4298,0.05
19101,39,1,765,0
19101,25,1,938,0.1
19102,60,1,1642,0.05
19102,42,1,641,0
19103,36,1,460,0.1
19103,45,3,1847,0
19104,20,2,4963,0.2
19104,15,2,3944,0.05
19105,24,1,2210,0.1
19105,33,1,2132,0.1
19105,41,2,4560,0
19106,15,1,3944,0.2
19107,5,1,207,0.1
19108,41,1,4560,0
19109,12,1,2578,0.05
19109,38,1,976,0
19109,7,1,2555,0.05
19110,27,1,2377,0
19110,11,1,4549,0.1
19111,56,2,2279,0.2
19112,50,3,4645,0.1
19112,54,1,273,0.05
19112,57,2,3486,0
19113,28,1,3031,0.15
19114,57,1,3486,0.1
19114,39,1,765,0.05
19115,5,2,207,0.05
19115,32,1,2083,0
19116,28,2,3031,0.15
19116,14,3,3770,0.1
19117,36,1,460,0.2
19117,16,1,2872,0.1
19118,46,1,1604,0.1
19118,27,2,2377,0.05
19118,12,2,2578,0.1
19119,33,1,2132,0.05
19119,48,1,4805,0.15
19119,22,1,131,0
19120,29,1,410,0.05
19120,59,1,954,0.05
19120,31,1,3571,0.05
19121,45,1,1847,0.1
19121,6,1,3871,0
19122,24,2,2210,0.1
19122,59,1,954,0.1
19123,19,2,2578,0
19123,4,3,3867,0
19124,18,1,4405,0
19124,33,1,2132,0.1
19124,14,1,3770,0.15
19125,21,1,572,0
19126,43,1,2654,0
19126,14,1,3770,0
19127,47,1,365,0.05
19128,16,2,2872,0
19128,4,1,3867,0.05
19128,4,1,3867,0
19129,29,1,410,0
19130,24,1,2210,0.15
19130,44,2,1674,0
19131,21,1,572,0
19131,23,1,2084,0
19131,57,1,3486,0
19132,20,2,4963,0.1
19133,18,1,4405,0
19134,25,1,938,0.15
19134,59,1,954,0
19135,49,1,2121,0.15
19135,1,1,2760,0
19136,37,1,189,0.05
19136,7,1,2555,0
19136,40,1,4298,0
19137,11,1,4549,0.1
19137,34,1,1026,0.1
19137,55,1,4377,0
19138,6,2,3871,0
19139,53,1,1408,0
19140,13,2,283,0.1
19141,18,1,4405,0.2
19141,56,1,2279,0
19141,41,3,4560,0.1
19141,40,1,4298,0.1
19142,33,1,2132,0.15
19142,1,1,2760,0.05
19142,16,1,2872,0.2
19142,45,1,1847,0
19143,33,2,2132,0
19144,53,1,1408,0
19144,23,1,2084,0.2
19145,33,2,2132,0.2
19145,42,1,641,0.05
19146,8,1,659,0.05
19147,38,2,976,0.05
19147,46,1,1604,0
19148,25,1,938,0
19149,25,1,938,0.1
19150,17,1,1925,0
19151,8,1,659,0.15
19152,27,1,2377,0
19153,39,1,765,0.1
19154,31,2,3571,0
19154,54,1,273,0.05
19154,57,2,3486,0.05
19155,34,1,1026,0.15
19155,41,1,4560,0
19156,20,2,4963,0
19157,8,1,659,0
19158,33,1,2132,0
19158,40,2,4298,0.15
19159,25,1,938,0
19159,51,1,2621,0
19159,20,1,4963,0.1
19160,3,1,3882,0
19161,30,1,3732,0.2
19161,59,1,954,0
19162,53,2,1408,0.1
19162,51,1,2621,0
19163,43,2,2654,0.15
19163,19,2,2578,0.1
19164,23,1,2084,0
19164,39,1,765,0
19165,3,2,3882,0.2
19165,14,1,3770,0
19166,21,1,572,0.1
19167,39,3,765,0
19167,12,2,2578,0.1
19168,40,2,4298,0.05
19168,21,2,572,0.05
19168,35,1,2084,0
19168,58,2,124,0.1
19169,11,2,4549,0.1
19169,30,2,3732,0
19169,57,1,3486,0
19170,36,1,460,0.05
19171,48,1,4805,0
19171,3,1,3882,0.1
19171,51,1,2621,0
19172,28,1,3031,0.1
19172,31,1,3571,0
19172,43,2,2654,0.05
19173,5,1,207,0.1
19173,19,1,2578,0.05
19174,15,1,3944,0.1
19174,13,1,283,0
19174,30,2,3732,0.15
19175,28,1,3031,0.1
19175,20,1,4963,0.1
19175,7,1,2555,0
19176,46,1,1604,0.15
19176,20,1,4963,0.1
19177,26,1,438,0.05
19177,41,1,4560,0
19177,29,1,410,0.1
19178,9,2,1527,0.05
19179,21,2,572,0.1
19179,15,1,3944,0.05
19180,24,1,2210,0.1
19180,53,1,1408,0.05
19181,49,1,2121,0.1
19182,3,1,3882,0
19182,39,1,765,0.1
19182,35,1,2084,0.1
19183,29,1,410,0.05
19183,37,1,189,0.1
19184,37,1,189,0
19184,10,1,3960,0.05
19185,59,1,954,0
19185,12,1,2578,0
19185,18,1,4405,0.15
19186,60,1,1642,0.1
19187,58,1,124,0
19188,42,1,641,0.05
19188,43,1,2654,0
19189,36,1,460,0.15
19189,1,1,2760,0.05
19190,39,1,765,0.1
19190,53,2,1408,0
19190,4,1,3867,0
19191,31,1,3571,0.1
19191,59,1,954,0.05
19192,14,1,3770,0.05
19193,49,1,2121,0
19194,36,1,460,0
19195,14,1,3770,0.05
19195,48,1,4805,0
19196,34,1,1026,0
19197,24,2,2210,0.15
19198,55,1,4377,0.15
19199,19,3,2578,0.15
19200,50,2,4645,0
19200,1,1,2760,0.05
19200,9,1,1527,0
19201,40,1,4298,0
19201,24,1,2210,0.15
19202,6,1,3871,0
19202,3,2,3882,0.05
19203,6,1,3871,0.05
19203,10,1,3960,0.05
19203,24,2,2210,0
19204,41,1,4560,0.1
19204,3,1,3882,0
19204,31,1,3571,0.1
19205,43,2,2654,0.1
19205,12,2,2578,0
19206,25,1,938,0.15
19207,60,2,1642,0
19208,20,1,4963,0
19208,51,1,2621,0.15
19209,20,3,4963,0.1
19209,18,2,4405,0.1
19209,30,1,3732,0.05
19210,9,1,1527,0.05
19210,38,1,976,0.1
19210,41,1,4560,0
19211,19,1,2578,0
19211,42,1,641,0
19212,28,1,3031,0.05
19213,8,2,659,0
19213,50,1,4645,0.05
19214,12,1,2578,0.15
19214,49,1,2121,0
19214,25,2,938,0.15
19215,33,1,2132,0
19216,35,1,2084,0.1
19216,39,3,765,0.1
19217,23,1,2084,0
19218,48,1,4805,0.2
19218,30,1,3732,0.1
19219,50,1,4645,0.1
19219,51,1,2621,0
19219,46,1,1604,0.1
19220,51,1,2621,0
19220,2,1,1368,0
19220,54,1,273,0.1
19221,14,1,3770,0.2
19221,24,2,2210,0
19222,25,1,938,0.05
19222,11,2,4549,0.1
19223,53,1,1408,0.05
19223,5,1,207,0
19224,18,2,4405,0.05
19224,50,1,4645,0.2
19225,8,2,659,0.1
19226,19,1,2578,0.05
19226,4,1,3867,0.1
19226,43,1,2654,0.15
19227,5,2,207,0.05
19227,10,1,3960,0.05
19227,38,1,976,0
19228,52,1,2641,0.05
19229,57,1,3486,0
19230,18,1,4405,0
19230,60,1,1642,0
19231,36,1,460,0
19231,15,1,3944,0.2
19232,14,1,3770,0.05
19232,32,1,2083,0.05
19233,20,3,4963,0.15
19233,15,1,3944,0.1
19234,53,1,1408,0
19234,36,1,460,0.15
19235,27,1,2377,0.1
19236,58,1,124,0.05
19236,40,1,4298,0
19237,55,2,4377,0.1
19237,42,1,641,0.1
19237,6,1,3871,0.15
19237,28,1,3031,0
19238,6,2,3871,0.15
19238,7,2,2555,0.15
19239,55,2,4377,0.05
19240,43,2,2654,0
19240,13,1,283,0.1
19241,24,2,2210,0.05
19242,7,2,2555,0.05
19242,33,1,2132,0
19243,3,2,3882,0
19244,30,1,3732,0.05
19245,48,2,4805,0.1
19245,37,2,189,0
19245,41,3,4560,0.05
19246,18,1,4405,0.05
19246,2,1,1368,0
19246,40,1,4298,0.1
19247,26,1,438,0.1
19248,2,1,1368,0.1
19249,33,1,2132,0.05
19249,2,1,1368,0
19250,4,1,3867,0.05
19251,13,1,283,0.05
19251,48,1,4805,0
19251,48,1,4805,0.2
19251,23,1,2084,0.15
19252,29,1,410,0.05
19252,50,1,4645,0.05
19252,6,1,3871,0.15
19253,24,1,2210,0.1
19253,4,1,3867,0
19254,2,1,1368,0.05
19255,35,1,2084,0.05
19255,36,2,460,0.1
19255,47,1,365,0
19255,40,1,4298,0
19256,1,1,2760,0
19257,52,1,2641,0.2
19257,50,1,4645,0
19257,46,1,1604,0.15
19257,48,2,4805,0.2
19258,39,1,765,0.1
19259,50,1,4645,0
19260,26,1,438,0
19260,19,2,2578,0
19260,42,1,641,0.1
19261,20,1,4963,0
19261,27,3,2377,0.1
19262,7,1,2555,0
19262,46,2,1604,0
19263,7,3,2555,0
19264,32,2,2083,0.05
19265,2,1,1368,0.05
19266,31,1,3571,0.15
19267,57,1,3486,0.15
19267,37,2,189,0
19267,43,1,2654,0
19267,59,1,954,0.15
19268,40,1,4298,0.1
19268,46,1,1604,0.15
19269,12,1,2578,0
19269,54,2,273,0.1
19270,43,3,2654,0
19271,31,1,3571,0.15
19272,10,1,3960,0.1
19273,37,1,189,0
19274,4,2,3867,0
19274,27,1,2377,0.1
19275,21,1,572,0
19276,21,1,572,0.15
19277,8,2,659,0
19278,57,1,3486,0.05
19279,15,3,3944,0.05
19280,39,3,765,0.1
19280,27,2,2377,0.1
19280,38,1,976,0.15
19281,47,2,365,0.05
19282,28,1,3031,0
19283,38,1,976,0.05
19283,16,2,2872,0.05
19283,7,2,2555,0.1
19284,20,1,4963,0.1
19285,58,1,124,0
19286,47,1,365,0
19287,18,2,4405,0
19287,11,2,4549,0.05
19287,20,1,4963,0
19288,34,2,1026,0.05
19289,14,1,3770,0
19289,15,2,3944,0.05
19290,33,2,2132,0
19290,3,1,3882,0.05
19290,4,2,3867,0
19290,58,2,124,0
19291,27,1,2377,0
19292,3,1,3882,0.15
19292,34,1,1026,0.05
19293,44,1,1674,0
19293,48,1,4805,0
19293,43,1,2654,0
19294,34,1,1026,0
19295,27,1,2377,0.1
19295,6,1,3871,0
19296,60,1,1642,0.2
19296,41,1,4560,0
19296,13,1,283,0.15
19297,27,1,2377,0
19297,18,1,4405,0.1
19298,38,1,976,0.2
19298,36,1,460,0.05
19299,27,1,2377,0.05
19300,56,1,2279,0.1
19300,19,1,2578,0.1
19300,41,2,4560,0.15
19301,43,1,2654,0.05
19301,26,1,438,0.2
19301,23,1,2084,0.1
19301,9,1,1527,0
19302,13,1,283,0.05
19302,7,1,2555,0.1
19302,50,1,4645,0.2
19302,7,1,2555,0.05
19303,54,3,273,0
19303,11,1,4549,0.1
19303,37,1,189,0
19304,30,3,3732,0.05
19305,16,2,2872,0.15
19305,30,1,3732,0.2
19305,20,2,4963,0.2
19305,13,2,283,0.05
19306,38,1,976,0.2
19306,58,1,124,0.1
19307,16,1,2872,0
19308,48,1,4805,0.05
19308,16,1,2872,0
19309,50,3,4645,0
19309,48,2,4805,0
19309,41,1,4560,0.1
19310,56,1,2279,0.05
19310,42,1,641,0.2
19310,59,2,954,0
19310,4,1,3867,0.15
19311,58,2,124,0.05
19312,23,3,2084,0
19312,16,2,2872,0
19312,42,2,641,0.05
19312,15,1,3944,0
19313,32,1,2083,0.1
19313,24,1,2210,0.1
19314,51,1,2621,0
19315,17,1,1925,0
19316,38,2,976,0
19316,9,2,1527,0
19317,44,2,1674,0.2
19317,20,1,4963,0
19317,11,2,4549,0.1
19317,45,1,1847,0.15
19318,50,1,4645,0.1
19318,52,1,2641,0.05
19318,1,1,2760,0
19319,7,2,2555,0.15
19319,22,2,131,0
19319,53,1,1408,0.05
19320,13,1,283,0.05
19321,19,1,2578,0
19321,43,1,2654,0
19321,12,2,2578,0
19322,60,1,1642,0.05
19322,6,3,3871,0
19322,19,2,2578,0.15
19323,29,1,410,0
19324,2,1,1368,0
19325,40,2,4298,0
19325,10,1,3960,0.15
19325,43,3,2654,0.1
19326,43,1,2654,0.1
19326,60,1,1642,0.05
19326,2,1,1368,0
19327,19,3,2578,0.15
19327,57,3,3486,0.15
19328,35,1,2084,0.05
19328,29,1,410,0.1
19329,13,1,283,0
19330,42,2,641,0
19330,58,1,124,0.15
19330,4,1,3867,0.15
19331,56,1,2279,0
19332,17,2,1925,0
19333,27,1,2377,0
19333,50,1,4645,0.1
19333,20,3,4963,0.2
19334,28,1,3031,0
19334,39,1,765,0.1
19335,52,2,2641,0.05
19336,11,1,4549,0.05
19336,19,1,2578,0.1
19336,6,3,3871,0
19337,51,1,2621,0.05
19338,24,1,2210,0.05
19339,54,1,273,0.1
19339,8,2,659,0.15
19340,51,1,2621,0.05
19341,48,1,4805,0.15
19341,11,1,4549,0.1
19342,28,2,3031,0
19343,59,1,954,0.1
19343,8,1,659,0.05
19344,13,1,283,0
19345,25,1,938,0
19345,37,1,189,0
19346,45,1,1847,0
19347,49,2,2121,0.2
19348,19,1,2578,0
19348,12,1,2578,0.05
19349,17,1,1925,0.1
19349,51,1,2621,0.05
19350,34,1,1026,0.15
19350,17,1,1925,0.1
19351,41,3,4560,0
19351,33,2,2132,0.1
19351,31,1,3571,0
19352,41,1,4560,0.1
19353,24,2,2210,0.1
19353,19,1,2578,0
19353,35,1,2084,0
19354,6,1,3871,0.05
19354,6,1,3871,0
19355,3,1,3882,0
19355,60,1,1642,0.05
19356,26,1,438,0
19357,3,2,3882,0.15
19358,8,1,659,0.1
19359,3,1,3882,0.05
19360,35,1,2084,0.05
19360,25,1,938,0.15
19361,19,2,2578,0.05
19361,34,1,1026,0
19361,40,1,4298,0.05
19361,27,1,2377,0
19362,26,1,438,0.05
19363,44,1,1674,0
19363,1,2,2760,0.05
19364,28,3,3031,0.1
19364,13,1,283,0.05
19364,15,2,3944,0.05
19365,16,1,2872,0.1
19365,23,1,2084,0.05
19366,25,2,938,0
19366,11,1,4549,0
19367,2,1,1368,0.1
19368,12,1,2578,0.15
19369,8,1,659,0.1
19370,26,1,438,0.05
19370,58,1,124,0
19371,34,2,1026,0
19372,11,1,4549,0.1
19372,28,1,3031,0
19373,33,1,2132,0
19374,59,1,954,0.05
19374,30,1,3732,0
19375,42,1,641,0.1
19375,1,1,2760,0.1
19376,50,1,4645,0.1
19376,36,2,460,0.15
19377,11,1,4549,0
19378,20,1,4963,0.05
19378,18,1,4405,0.05
19378,29,1,410,0
19379,33,1,2132,0
19379,22,1,131,0.05
19379,57,1,3486,0
19379,14,2,3770,0
19380,19,2,2578,0
19380,30,2,3732,0
19381,50,2,4645,0.2
19381,10,2,3960,0.05
19382,6,1,3871,0.2
19383,13,1,283,0.05
19383,58,1,124,0.05
19383,57,1,3486,0.05
19384,5,1,207,0.05
19384,14,1,3770,0.05
19384,8,2,659,0.05
19384,3,2,3882,0.15
19385,51,1,2621,0
19385,12,1,2578,0
19386,25,2,938,0.1
19386,16,2,2872,0.15
19386,19,1,2578,0.15
19387,24,1,2210,0
19388,8,1,659,0
19388,11,1,4549,0.1
19389,51,1,2621,0.05
19389,26,1,438,0
19389,19,1,2578,0.05
19390,21,1,572,0
19390,13,2,283,0
19390,59,2,954,0.2
19390,4,1,3867,0
19391,40,3,4298,0.1
19391,27,1,2377,0.1
19392,59,1,954,0.15
19392,49,1,2121,0
19393,37,1,189,0
19393,37,1,189,0.05
19394,40,2,4298,0
19394,11,1,4549,0
19394,49,1,2121,0
19395,54,1,273,0
19395,45,2,1847,0.15
19396,44,1,1674,0
19396,38,1,976,0.05
19397,60,1,1642,0.1
19397,54,1,273,0.05
19398,16,1,2872,0
19399,48,1,4805,0.1
19399,11,1,4549,0
19400,2,1,1368,0
19400,11,1,4549,0
19400,23,1,2084,0.05
19401,4,1,3867,0.05
19402,47,1,365,0.05
19403,60,1,1642,0.05
19403,53,2,1408,0.1
19404,20,1,4963,0.2
19404,51,1,2621,0.2
19404,29,1,410,0.15
19405,60,1,1642,0
19405,24,1,2210,0.05
19406,46,1,1604,0
19406,52,3,2641,0
19406,35,1,2084,0.05
19406,55,1,4377,0.05
19407,58,1,124,0.2
19407,1,2,2760,0
19407,3,3,3882,0
19408,39,1,765,0.15
19408,48,1,4805,0
19408,3,1,3882,0
19409,12,1,2578,0.15
19410,40,1,4298,0.05
19411,27,1,2377,0
19412,52,1,2641,0
19413,6,1,3871,0.1
19413,30,1,3732,0
19413,26,1,438,0.05
19414,46,2,1604,0.15
19415,52,1,2641,0.15
19415,4,1,3867,0
19416,48,1,4805,0.1
19417,19,2,2578,0
19418,29,1,410,0.05
19418,40,1,4298,0.2
19418,4,1,3867,0.05
19419,21,2,572,0.1
19420,53,1,1408,0.1
19421,38,1,976,0.05
19421,41,1,4560,0.1
19422,29,2,410,0.1
19422,4,1,3867,0
19422,27,2,2377,0
19423,38,2,976,0
19423,35,1,2084,0
19423,9,1,1527,0.1
19424,31,1,3571,0.1
19425,56,1,2279,0.1
19425,51,1,2621,0
19426,55,3,4377,0.05
19426,28,3,3031,0.15
19426,9,1,1527,0.1
19426,33,1,2132,0.1
19427,11,1,4549,0
19428,16,2,2872,0
19428,1,1,2760,0.15
19428,57,2,3486,0.05
19429,9,1,1527,0.15
19429,46,1,1604,0.1
19430,9,1,1527,0.1
19430,4,1,3867,0
19430,4,2,3867,0.05
19431,29,1,410,0.05
19432,24,1,2210,0
19432,46,1,1604,0
19433,24,2,2210,0
19433,33,2,2132,0
19433,11,1,4549,0.05
19433,20,2,4963,0
19434,11,2,4549,0.2
19434,20,2,4963,0.05
19435,46,1,1604,0
19435,29,1,410,0.1
19435,3,1,3882,0.15
19436,32,1,2083,0.1
19436,56,1,2279,0.1
19436,1,1,2760,0.1
19437,4,1,3867,0.1
19438,60,2,1642,0.1
19439,23,1,2084,0.1
19439,20,1,4963,0.1
19440,32,1,2083,0
19441,38,1,976,0
19441,30,1,3732,0.15
19442,24,2,2210,0.05
19443,18,1,4405,0
19443,27,1,2377,0
19444,5,1,207,0.1
19444,35,1,2084,0
19445,30,1,3732,0
19446,2,1,1368,0.2
19447,27,1,2377,0.15
19448,18,3,4405,0
19448,31,3,3571,0.1
19448,7,2,2555,0.1
19449,6,1,3871,0
19449,53,1,1408,0
19449,15,1,3944,0
19450,17,1,1925,0
19450,5,1,207,0.1
19451,24,2,2210,0
19451,55,1,4377,0.05
19451,41,3,4560,0
19452,27,1,2377,0.05
19452,31,1,3571,0
19453,54,2,273,0.1
19454,15,3,3944,0
19455,56,1,2279,0.1
19455,7,1,2555,0.1
19456,24,1,2210,0.15
19457,25,1,938,0
19457,4,1,3867,0.05
19457,9,1,1527,0.1
19458,34,1,1026,0
19459,11,1,4549,0
19460,50,2,4645,0.1
19460,41,1,4560,0
19460,3,2,3882,0
19460,40,1,4298,0
19461,2,1,1368,0
19462,24,1,2210,0
19462,42,1,641,0.05
19462,45,1,1847,0.1
19463,13,1,283,0
19464,12,2,2578,0
19464,15,1,3944,0.05
19464,39,1,765,0.1
19465,29,1,410,0
19466,5,2,207,0
19467,41,1,4560,0
19468,29,2,410,0.1
19469,7,1,2555,0.05
19469,55,1,4377,0.1
19469,23,1,2084,0.05
19470,5,1,207,0.2
19471,16,2,2872,0.05
19471,59,1,954,0
19471,23,1,2084,0
19472,15,1,3944,0.1
19473,16,1,2872,0
19474,39,1,765,0.05
19474,43,1,2654,0.05
19474,21,1,572,0.1
19475,41,2,4560,0.05
19475,55,2,4377,0.2
19476,39,1,765,0.05
19477,50,2,4645,0
19477,28,2,3031,0
19478,40,1,4298,0.2
19478,24,1,2210,0.05
19478,49,1,2121,0.1
19479,5,1,207,0
19479,22,1,131,0
19480,43,1,2654,0.05
19480,17,1,1925,0.05
19481,18,1,4405,0
19482,46,1,1604,0.1
19483,27,1,2377,0.05
19483,33,1,2132,0.15
19484,17,1,1925,0.1
19485,48,2,4805,0
19485,56,2,2279,0
19485,22,1,131,0
19486,1,3,2760,0.2
19486,24,1,2210,0.05
19486,19,2,2578,0
19487,20,1,4963,0
19487,50,1,4645,0.2
19488,22,1,131,0.05
19488,31,1,3571,0.05
19488,2,2,1368,0
19488,52,1,2641,0
19489,53,2,1408,0.1
19490,28,2,3031,0
19491,16,1,2872,0.1
19492,12,1,2578,0.15
19493,59,2,954,0.1
19493,20,1,4963,0.05
19493,26,1,438,0
19494,23,1,2084,0
19495,26,3,438,0.05
19495,41,3,4560,0.2
19496,8,1,659,0
19496,35,2,2084,0.05
19497,52,1,2641,0
19498,53,1,1408,0
19498,23,2,2084,0
19498,7,2,2555,0.1
19499,7,1,2555,0.15
19499,16,2,2872,0.05
19499,43,1,2654,0.15
19500,58,1,124,0.1
19501,50,1,4645,0.2
19501,44,1,1674,0
19502,17,1,1925,0
19502,17,2,1925,0
19503,16,3,2872,0
19503,4,1,3867,0
19503,31,1,3571,0.15
19504,57,3,3486,0
19504,48,1,4805,0.05
19504,21,1,572,0.05
19504,14,1,3770,0.1
19505,2,1,1368,0.05
19506,28,1,3031,0
19507,60,1,1642,0
19508,51,2,2621,0.05
19509,3,1,3882,0.15
19510,15,1,3944,0.05
19510,10,2,3960,0.1
19510,16,2,2872,0.1
19511,4,1,3867,0.05
19512,50,1,4645,0.05
19513,38,1,976,0
19513,15,2,3944,0.15
19514,38,3,976,0.05
19514,33,2,2132,0.05
19514,27,1,2377,0
19514,46,2,1604,0.05
19515,32,1,2083,0
19515,11,3,4549,0.1
19516,39,1,765,0.05
19516,58,1,124,0
19516,24,1,2210,0.05
19516,25,1,938,0.1
19517,30,2,3732,0
19517,36,1,460,0.05
19518,35,1,2084,0
19519,57,1,3486,0
19519,23,1,2084,0
19519,59,1,954,0.2
19520,20,2,4963,0.05
19521,47,1,365,0.05
19522,9,1,1527,0.2
19523,11,2,4549,0.1
19523,18,1,4405,0.1
19524,30,1,3732,0.1
19524,11,1,4549,0.05
19524,18,1,4405,0
19525,56,1,2279,0.05
19526,44,1,1674,0.05
19526,20,1,4963,0.1
19526,55,1,4377,0.2
19526,10,1,3960,0.05
19527,4,1,3867,0
19527,12,3,2578,0
19527,15,3,3944,0
19528,27,1,2377,0.1
19528,5,2,207,0.05
19528,7,2,2555,0.1
19529,28,1,3031,0.1
19530,38,1,976,0.1
19530,33,1,2132,0
19531,29,1,410,0.1
19532,1,1,2760,0.1
19532,38,1,976,0
19532,37,1,189,0.05
19533,10,1,3960,0.15
19533,11,1,4549,0.15
19533,27,1,2377,0.1
19533,48,2,4805,0.05
19534,20,1,4963,0
19535,45,1,1847,0.05
19536,14,1,3770,0
19536,48,2,4805,0
19536,28,2,3031,0
19536,6,2,3871,0
19537,44,1,1674,0
19538,18,1,4405,0.15
19538,7,2,2555,0
19539,7,1,2555,0
19540,8,2,659,0
19541,28,3,3031,0.1
19542,27,1,2377,0
19543,43,1,2654,0
19543,9,1,1527,0
19543,59,2,954,0
19543,29,1,410,0.1
19544,14,1,3770,0.05
19544,14,1,3770,0
19544,47,1,365,0
19545,33,3,2132,0
19545,26,1,438,0.2
19546,14,1,3770,0
19546,19,3,2578,0.1
19547,47,2,365,0
19548,27,1,2377,0
19548,3,2,3882,0.05
19549,57,1,3486,0.2
19549,45,1,1847,0
19550,20,2,4963,0.1
19551,30,1,3732,0
19551,40,1,4298,0.1
19552,41,1,4560,0.05
19553,30,1,3732,0.05
19553,20,1,4963,0.2
19553,31,1,3571,0
19554,13,1,283,0.05
19555,46,1,1604,0
19556,24,2,2210,0.05
19556,11,1,4549,0.1
19557,6,1,3871,0
19557,17,1,1925,0.1
19558,1,2,2760,0
19559,38,1,976,0.1
19559,39,1,765,0
19560,44,1,1674,0.05
19560,53,2,1408,0.05
19561,37,1,189,0.05
19562,43,1,2654,0.05
19562,30,1,3732,0.05
19562,44,2,1674,0.2
19563,6,1,3871,0.05
19563,37,2,189,0
19564,28,1,3031,0.1
19565,9,1,1527,0.05
19566,18,1,4405,0
19566,30,3,3732,0
19566,12,1,2578,0.2
19566,44,1,1674,0.15
19567,21,2,572,0.1
19567,23,1,2084,0.1
19568,14,1,3770,0.05
19568,40,2,4298,0.05
19569,60,1,1642,0
19569,44,1,1674,0.2
19569,36,1,460,0
19570,29,1,410,0.05
19571,9,1,1527,0
19571,26,1,438,0
19572,54,2,273,0.1
19572,43,1,2654,0.05
19573,13,1,283,0.15
19573,43,1,2654,0.1
19574,2,1,1368,0
19575,28,1,3031,0.05
19576,60,1,1642,0.05
19577,14,1,3770,0
19578,7,1,2555,0
19579,58,1,124,0.05
19580,6,1,3871,0.15
19580,18,1,4405,0.05
19580,28,3,3031,0
19581,43,1,2654,0.15
19581,50,2,4645,0.1
19581,5,1,207,0
19581,25,1,938,0
19582,34,1,1026,0
19582,52,1,2641,0.15
19582,39,1,765,0.05
19583,28,1,3031,0.05
19584,42,1,641,0
19585,5,1,207,0.05
19585,35,1,2084,0.15
19586,40,1,4298,0
19586,13,2,283,0.15
19587,55,1,4377,0.2
19587,28,1,3031,0.05
19588,17,2,1925,0.1
19588,43,1,2654,0
19588,6,1,3871,0
19589,8,2,659,0.15
19589,56,1,2279,0.05
19590,3,1,3882,0
19591,52,1,2641,0.2
19591,41,1,4560,0
19592,55,1,4377,0
19593,45,1,1847,0
19593,45,1,1847,0.15
19594,28,2,3031,0.1
19595,6,1,3871,0.1
19595,31,2,3571,0
19595,1,1,2760,0.15
19595,26,1,438,0.1
19596,37,1,189,0.05
19596,35,1,2084,0.15
19597,27,1,2377,0.2
19598,28,1,3031,0
19598,59,1,954,0
19598,36,1,460,0.05
19599,33,1,2132,0.05
19600,31,1,3571,0.15
19601,37,2,189,0
19601,40,1,4298,0.15
19602,45,1,1847,0.15
19602,50,1,4645,0.2
19603,54,1,273,0.05
19603,29,1,410,0.05
19604,13,1,283,0
19605,55,2,4377,0.1
19605,9,1,1527,0.05
19606,14,1,3770,0.1
19607,58,1,124,0.1
19607,40,3,4298,0.05
19607,50,2,4645,0.1
19607,44,2,1674,0.1
19608,3,1,3882,0.05
19609,52,2,2641,0.1
19609,24,1,2210,0.1
19610,56,2,2279,0.1
19610,48,3,4805,0
19611,24,1,2210,0
19612,22,2,131,0
19613,23,1,2084,0.1
19614,35,1,2084,0
19615,49,1,2121,0.05
19615,33,1,2132,0
19616,59,1,954,0.05
19616,13,1,283,0.05
19617,30,1,3732,0.1
19617,6,1,3871,0
19618,18,1,4405,0
19618,34,1,1026,0.05
19618,54,1,273,0.1
19619,57,1,3486,0.05
19619,29,1,410,0.1
19619,7,1,2555,0.15
19620,27,1,2377,0
19620,1,3,2760,0.05
19621,53,1,1408,0
19622,7,1,2555,0.05
19623,57,3,3486,0.1
19623,43,1,2654,0.1
19623,27,2,2377,0.05
19624,12,1,2578,0
19625,22,1,131,0.05
19626,52,1,2641,0
19626,46,1,1604,0.1
19627,22,1,131,0.05
19628,5,1,207,0.05
19628,42,1,641,0.05
19629,34,1,1026,0.15
19630,23,1,2084,0.15
19631,48,1,4805,0.15
19631,27,1,2377,0.05
19632,19,2,2578,0
19632,52,1,2641,0
19632,55,3,4377,0.05
19633,11,1,4549,0
19634,25,1,938,0.05
19635,12,1,2578,0.1
19635,8,2,659,0.2
19636,31,1,3571,0.1
19636,37,1,189,0
19636,13,2,283,0
19637,33,1,2132,0.1
19637,57,2,3486,0.05
19637,31,1,3571,0.15
19638,52,1,2641,0
19638,31,1,3571,0
19638,19,3,2578,0.15
19639,2,1,1368,0
19639,12,1,2578,0.05
19639,7,1,2555,0
19639,32,1,2083,0.05
19640,55,1,4377,0.15
19640,7,1,2555,0.1
19641,15,1,3944,0.2
19642,17,1,1925,0.1
19642,24,2,2210,0.1
19642,59,1,954,0.05
19643,34,2,1026,0
19644,26,1,438,0
19645,42,1,641,0.05
19645,46,1,1604,0.05
19646,52,1,2641,0.1
19647,44,2,1674,0
19648,55,1,4377,0.2
19648,20,1,4963,0
19649,15,1,3944,0.1
19649,11,1,4549,0.05
19650,16,2,2872,0.1
19651,41,1,4560,0.1
19652,8,1,659,0
19652,4,1,3867,0
19652,44,1,1674,0.15
19652,58,1,124,0.05
19653,40,1,4298,0
19653,26,1,438,0.1
19654,10,1,3960,0.2
19654,1,1,2760,0
19655,14,1,3770,0.05
19656,18,1,4405,0.05
19656,49,2,2121,0
19656,38,1,976,0.05
19657,3,3,3882,0.1
19657,19,2,2578,0.05
19658,15,1,3944,0.1
19659,8,1,659,0
19660,40,1,4298,0.2
19660,38,1,976,0.05
19660,15,1,3944,0.2
19661,19,1,2578,0.05
19662,48,1,4805,0.05
19662,6,1,3871,0.1
19663,28,1,3031,0
19663,58,2,124,0.05
19663,53,2,1408,0.1
19663,44,1,1674,0.05
19664,35,1,2084,0.1
19665,55,1,4377,0.05
19665,42,2,641,0
19665,46,2,1604,0.15
19666,40,1,4298,0.15
19666,57,1,3486,0
19667,16,1,2872,0.15
19668,27,1,2377,0
19668,21,1,572,0.05
19669,15,2,3944,0
19670,3,1,3882,0
19671,27,1,2377,0
19671,28,2,3031,0.1
19671,28,1,3031,0.05
19671,40,1,4298,0
19672,6,3,3871,0.15
19672,51,1,2621,0
19672,37,1,189,0.15
19673,2,1,1368,0.1
19673,22,1,131,0
19674,14,2,3770,0.05
19674,14,1,3770,0.1
19675,39,1,765,0.1
19676,46,1,1604,0.15
19676,52,1,2641,0
19677,20,1,4963,0
19677,30,1,3732,0
19678,27,1,2377,0
19678,52,1,2641,0.1
19679,22,1,131,0
19679,44,2,1674,0.05
19679,31,2,3571,0.2
19680,30,3,3732,0
19680,40,1,4298,0
19680,37,1,189,0.2
19680,6,1,3871,0
19681,36,1,460,0.2
19682,51,1,2621,0
19683,11,1,4549,0
19684,16,1,2872,0
19684,55,1,4377,0.05
19685,26,1,438,0.15
19685,9,1,1527,0
19686,32,1,2083,0.2
19687,56,2,2279,0.05
19687,60,1,1642,0
19688,40,1,4298,0.05
19689,1,3,2760,0
19690,30,1,3732,0.15
19691,37,2,189,0
19691,43,1,2654,0
19692,4,1,3867,0
19693,35,1,2084,0
19694,56,1,2279,0.15
19694,20,1,4963,0.05
19694,34,1,1026,0
19695,11,2,4549,0.15
19695,33,2,2132,0.05
19696,34,1,1026,0
19697,22,1,131,0
19698,7,1,2555,0.15
19699,12,1,2578,0
19699,15,1,3944,0.15
19699,14,3,3770,0.1
19699,6,2,3871,0.2
19700,1,1,2760,0.05
19701,11,3,4549,0.1
19702,57,1,3486,0.05
19702,42,2,641,0.1
19702,12,1,2578,0
19702,28,1,3031,0
19703,18,2,4405,0
19703,44,1,1674,0
19704,5,1,207,0.1
19704,60,1,1642,0.05
19704,59,1,954,0.05
19705,56,1,2279,0.05
19706,52,1,2641,0
19706,55,1,4377,0.1
19707,11,1,4549,0
19707,50,1,4645,0
19708,44,1,1674,0.15
19708,33,1,2132,0.05
19708,11,1,4549,0.1
19709,2,1,1368,0.05
19709,43,1,2654,0
19709,39,1,765,0
19709,5,3,207,0.05
19710,44,1,1674,0
19710,8,1,659,0
19711,4,1,3867,0
19711,60,1,1642,0.05
19712,10,1,3960,0.05
19713,54,2,273,0.15
19714,47,1,365,0.1
19714,31,1,3571,0.05
19714,35,1,2084,0
19714,19,2,2578,0.1
19715,18,1,4405,0.1
19716,37,1,189,0
19716,27,1,2377,0
19716,55,1,4377,0.05
19717,25,1,938,0.15
19717,9,1,1527,0.05
19718,14,1,3770,0
19718,51,1,2621,0.05
19718,12,1,2578,0.05
19718,1,3,2760,0.1
19719,5,1,207,0.1
19720,52,3,2641,0
19721,37,1,189,0.05
19722,44,1,1674,0.05
19722,18,2,4405,0
19723,51,1,2621,0.1
19724,46,1,1604,0.05
19724,14,3,3770,0.05
19724,33,1,2132,0
19725,20,1,4963,0
19725,23,1,2084,0.05
19726,36,1,460,0.15
19726,14,1,3770,0.05
19726,7,1,2555,0
19727,37,1,189,0.05
19727,41,3,4560,0.1
19728,36,1,460,0
19729,16,1,2872,0
19730,47,1,365,0
19731,60,3,1642,0
19731,38,1,976,0.05
19731,10,1,3960,0.15
19732,10,1,3960,0
19732,30,3,3732,0
19732,50,1,4645,0.1
19732,1,3,2760,0
19733,40,1,4298,0
19733,10,1,3960,0
19733,36,1,460,0.1
19733,5,1,207,0.1
19734,10,1,3960,0.1
19734,59,1,954,0.05
19735,33,1,2132,0
19736,49,1,2121,0.1
19737,42,3,641,0.2
19738,19,1,2578,0
19739,3,1,3882,0.1
19740,4,1,3867,0.1
19740,50,2,4645,0.1
19740,33,1,2132,0.1
19741,50,1,4645,0.05
19742,47,1,365,0
19743,4,1,3867,0
19744,44,1,1674,0.15
19744,11,1,4549,0
19745,36,1,460,0.15
19746,59,1,954,0.1
19746,29,1,410,0
19747,20,1,4963,0.05
19748,52,1,2641,0.1
19748,8,1,659,0.1
19748,20,1,4963,0.15
19749,48,1,4805,0
19750,26,1,438,0
19751,55,1,4377,0.1
19751,28,2,3031,0.05
19751,47,1,365,0.05
19752,16,1,2872,0
19752,11,1,4549,0.1
19753,26,1,438,0
19754,12,1,2578,0.05
19755,24,3,2210,0.1
19756,2,1,1368,0
19756,6,1,3871,0
19756,10,1,3960,0.05
19757,7,1,2555,0.05
19758,52,2,2641,0.05
19759,29,2,410,0
19760,57,1,3486,0
19760,57,1,3486,0.05
19760,43,1,2654,0.1
19760,28,1,3031,0
19761,50,1,4645,0.05
19761,37,1,189,0.1
19762,54,3,273,0.15
19762,33,1,2132,0.1
19763,56,1,2279,0.05
19764,8,1,659,0
19764,5,2,207,0
19764,38,1,976,0
19765,27,2,2377,0.05
19766,38,1,976,0.05
19767,17,1,1925,0
19767,50,1,4645,0.05
19768,33,1,2132,0.05
19768,13,1,283,0
19768,27,1,2377,0.15
19769,57,1,3486,0.05
19769,25,1,938,0.05
19769,45,1,1847,0
19770,54,1,273,0
19771,41,1,4560,0
19771,47,1,365,0.05
19772,10,1,3960,0
19773,52,2,2641,0.05
19773,58,1,124,0.1
19774,59,3,954,0
19775,10,1,3960,0
19776,53,1,1408,0.1
19776,57,1,3486,0
19776,41,1,4560,0.05
19776,41,3,4560,0.05
19777,15,1,3944,0
19778,4,1,3867,0
19778,6,2,3871,0
19778,2,2,1368,0
19778,39,1,765,0.05
19779,44,1,1674,0.2
19780,6,1,3871,0
19781,1,1,2760,0
19781,56,1,2279,0
19782,55,1,4377,0.05
19783,44,1,1674,0.15
19784,14,1,3770,0.05
19784,9,1,1527,0
19785,54,1,273,0
19786,18,1,4405,0
19786,41,1,4560,0
19787,32,2,2083,0.1
19787,25,3,938,0
19788,33,2,2132,0.05
19788,30,1,3732,0.1
19789,20,1,4963,0.15
19790,11,2,4549,0.05
19791,9,1,1527,0.2
19791,58,1,124,0
19792,36,1,460,0
19793,11,1,4549,0.05
19793,24,1,2210,0
19793,27,2,2377,0
19794,30,3,3732,0
19795,2,1,1368,0.15
19795,39,1,765,0.1
19796,38,1,976,0.1
19796,46,1,1604,0.05
19797,24,3,2210,0
19797,20,3,4963,0.1
19797,43,1,2654,0.15
19798,1,3,2760,0
19799,28,1,3031,0.05
19799,6,1,3871,0
19799,41,1,4560,0.05
19799,31,1,3571,0
19800,31,3,3571,0.1
19801,9,1,1527,0.05
19801,58,1,124,0
19801,3,1,3882,0.05
19802,41,1,4560,0
19802,6,3,3871,0
19803,37,1,189,0
19804,1,1,2760,0.1
19804,11,1,4549,0
19805,52,1,2641,0
19806,46,2,1604,0.05
19807,3,1,3882,0.1
19807,2,1,1368,0
19808,31,2,3571,0.1
19808,53,1,1408,0
19809,29,2,410,0.15
19809,38,1,976,0
19810,18,1,4405,0
19810,1,1,2760,0.15
19811,24,1,2210,0
19811,32,3,2083,0.2
19812,33,1,2132,0
19813,24,1,2210,0.1
19813,18,2,4405,0.05
19814,59,1,954,0
19815,52,1,2641,0.05
19815,19,2,2578,0.05
19816,28,1,3031,0
19817,40,3,4298,0.05
19817,6,2,3871,0
19818,26,2,438,0
19818,10,2,3960,0.05
19818,40,1,4298,0
19819,39,1,765,0.05
19819,20,2,4963,0
19820,59,1,954,0
19821,33,1,2132,0.1
19821,15,1,3944,0
19822,1,1,2760,0.05
19822,20,1,4963,0.15
19823,19,1,2578,0.1
19823,53,1,1408,0.05
19824,28,1,3031,0.15
19824,60,2,1642,0.1
19825,36,1,460,0
19826,30,3,3732,0
19827,15,1,3944,0.1
19828,33,1,2132,0.05
19829,8,1,659,0.1
19829,41,1,4560,0
19830,17,1,1925,0.1
19830,57,2,3486,0
19830,27,1,2377,0.05
19831,14,1,3770,0.1
19831,31,1,3571,0
19832,17,1,1925,0.05
19833,40,1,4298,0.1
19834,3,1,3882,0
19834,20,2,4963,0.15
19835,21,1,572,0
19836,31,1,3571,0
19837,14,1,3770,0
19837,55,1,4377,0.15
19838,53,1,1408,0
19838,55,1,4377,0.05
19839,43,1,2654,0.1
19840,6,2,3871,0
19840,16,1,2872,0.1
19841,12,1,2578,0
19842,58,2,124,0
19843,60,1,1642,0
19843,10,1,3960,0
19843,51,1,2621,0.15
19844,24,2,2210,0.1
19844,18,1,4405,0
19845,53,1,1408,0.05
19845,48,1,4805,0
19846,30,2,3732,0
19847,43,2,2654,0.1
19848,46,1,1604,0
19848,52,1,2641,0
19849,52,1,2641,0
19850,55,1,4377,0.2
19851,3,1,3882,0
19852,51,1,2621,0.1
19853,42,1,641,0.05
19853,18,1,4405,0
19854,2,2,1368,0.05
19855,6,1,3871,0
19855,36,1,460,0
19856,47,1,365,0.05
19856,34,1,1026,0.1
19857,23,1,2084,0.2
19857,37,1,189,0.1
19858,8,1,659,0.1
19858,12,2,2578,0
19859,23,2,2084,0
19859,20,1,4963,0.05
19860,29,1,410,0.15
19861,35,2,2084,0.1
19861,38,1,976,0
19861,19,1,2578,0
19861,50,2,4645,0.1
19862,39,2,765,0
19862,50,1,4645,0.05
19863,15,1,3944,0.2
19864,10,1,3960,0
19864,23,2,2084,0.1
19864,46,1,1604,0
19865,4,1,3867,0.05
19865,55,1,4377,0
19866,43,1,2654,0
19867,58,2,124,0
19867,51,3,2621,0
19867,4,2,3867,0.1
19868,13,1,283,0
19869,53,1,1408,0
19870,35,1,2084,0
19870,28,1,3031,0.1
19871,41,2,4560,0
19871,18,1,4405,0
19872,33,3,2132,0.05
19872,9,1,1527,0
19873,54,1,273,0
19873,3,1,3882,0.05
19874,56,2,2279,0
19875,23,1,2084,0
19875,60,3,1642,0.05
19876,6,1,3871,0
19876,26,1,438,0.2
19876,58,1,124,0.1
19877,19,1,2578,0.05
19878,32,1,2083,0.1
19878,36,1,460,0.05
19879,58,2,124,0.15
19880,26,3,438,0.2
19881,6,1,3871,0.05
19882,31,1,3571,0.1
19883,35,2,2084,0
19883,23,2,2084,0
19883,35,2,2084,0.15
19884,42,1,641,0
19884,54,1,273,0
19885,10,1,3960,0.1
19886,20,1,4963,0
19886,19,1,2578,0.05
19886,50,1,4645,0.1
19887,50,1,4645,0
19888,24,2,2210,0.1
19888,22,1,131,0.1
19889,52,1,2641,0.15
19889,1,2,2760,0.15
19890,52,1,2641,0.05
19890,60,1,1642,0.1
19891,4,1,3867,0
19892,50,1,4645,0
19893,50,2,4645,0.1
19893,30,3,3732,0.1
19893,10,1,3960,0.2
19894,12,1,2578,0.1
19895,1,1,2760,0.05
19896,18,1,4405,0.05
19897,45,1,1847,0.15
19898,25,2,938,0
19898,38,1,976,0.1
19898,48,1,4805,0.1
19898,49,1,2121,0
19899,57,3,3486,0
19899,38,1,976,0.2
19900,25,1,938,0
19901,44,1,1674,0
19902,26,2,438,0.05
19903,44,2,1674,0
19904,7,1,2555,0.2
19904,6,1,3871,0
19904,16,1,2872,0.05
19904,56,1,2279,0.15
19905,5,2,207,0.05
19906,15,1,3944,0.1
19906,8,1,659,0.05
19906,7,1,2555,0
19907,50,1,4645,0
19907,53,1,1408,0.15
19907,40,1,4298,0.05
19908,33,1,2132,0.05
19908,41,3,4560,0.1
19908,38,1,976,0.15
19908,28,1,3031,0
19909,49,1,2121,0.15
19909,39,1,765,0.05
19910,45,2,1847,0.15
19910,19,1,2578,0
19910,4,1,3867,0
19911,47,1,365,0.05
19912,18,1,4405,0
19913,16,1,2872,0
19913,36,1,460,0.2
19914,35,1,2084,0
19914,4,1,3867,0.1
19914,24,3,2210,0.05
19914,6,1,3871,0.15
19915,28,1,3031,0
19916,26,1,438,0
19917,46,1,1604,0
19917,1,1,2760,0
19917,40,1,4298,0.15
19918,23,2,2084,0
19918,10,1,3960,0.05
19919,46,1,1604,0
19919,28,1,3031,0.05
19919,33,1,2132,0.05
19920,9,1,1527,0.05
19920,8,1,659,0.1
19921,50,3,4645,0.05
19921,17,1,1925,0.15
19921,6,1,3871,0
19921,46,1,1604,0
19922,45,2,1847,0.1
19923,58,1,124,0.2
19924,56,1,2279,0.05
19925,21,3,572,0.05
19925,52,2,2641,0
19926,16,1,2872,0.1
19926,52,1,2641,0
19927,44,1,1674,0
19928,58,2,124,0
19928,26,2,438,0
19928,57,1,3486,0.1
19928,57,1,3486,0.05
19929,41,1,4560,0.05
19929,52,1,2641,0.15
19930,37,3,189,0.05
19931,49,1,2121,0.1
19932,6,1,3871,0.2
19933,40,2,4298,0
19933,58,1,124,0
19934,55,1,4377,0.1
19934,42,1,641,0.05
19935,40,1,4298,0
19935,48,1,4805,0
19936,45,1,1847,0
19936,50,1,4645,0.15
19937,15,1,3944,0.2
19937,16,1,2872,0.05
19937,10,1,3960,0.05
19938,14,2,3770,0.1
19938,29,2,410,0
19938,5,1,207,0.05
19939,4,2,3867,0.05
19939,20,2,4963,0.1
19940,59,1,954,0.05
19941,43,1,2654,0
19941,14,1,3770,0.05
19941,16,2,2872,0.15
19941,22,1,131,0
19942,45,3,1847,0.15
19942,42,1,641,0.1
19943,55,1,4377,0.05
19943,20,1,4963,0.05
19944,24,1,2210,0
19945,30,1,3732,0.2
19945,9,1,1527,0
19945,42,1,641,0.05
19946,60,1,1642,0.1
19946,57,1,3486,0.05
19946,40,1,4298,0.05
19947,30,1,3732,0
19947,36,2,460,0.1
19948,45,1,1847,0
19948,1,1,2760,0.05
19949,24,1,2210,0
19949,55,1,4377,0.1
19950,28,3,3031,0
19950,12,2,2578,0.1
19950,57,1,3486,0
19951,58,2,124,0
19952,6,2,3871,0.15
19953,32,3,2083,0.15
19954,49,1,2121,0.1
19954,46,1,1604,0.05
19954,29,1,410,0.1
19954,6,2,3871,0.15
19955,40,2,4298,0
19956,52,1,2641,0.15
19956,23,3,2084,0.1
19956,15,1,3944,0
19957,41,2,4560,0.1
19958,18,3,4405,0.05
19958,1,1,2760,0.1
19958,18,2,4405,0.05
19959,45,1,1847,0
19960,4,2,3867,0.05
19961,25,1,938,0
19961,59,3,954,0.05
19961,58,1,124,0
19962,39,1,765,0.1
19962,8,2,659,0.05
19963,6,1,3871,0.05
19963,22,2,131,0
19964,6,1,3871,0
19965,39,2,765,0.2
19965,39,1,765,0
19965,28,1,3031,0
19966,47,1,365,0.15
19967,54,1,273,0
19968,16,2,2872,0
19969,32,1,2083,0
19970,14,1,3770,0
19971,38,1,976,0
19972,6,1,3871,0
19972,26,1,438,0.15
19972,10,1,3960,0
19973,57,1,3486,0.05
19974,42,3,641,0
19974,47,1,365,0.15
19975,1,1,2760,0.1
19975,28,3,3031,0.05
19975,48,1,4805,0.1
19976,50,1,4645,0
19976,27,1,2377,0.05
19977,18,2,4405,0
19977,6,1,3871,0.1
19977,3,3,3882,0.05
19977,48,1,4805,0.1
19978,27,1,2377,0
19979,37,1,189,0.1
19980,56,3,2279,0.15
19981,35,1,2084,0
19981,26,1,438,0
19982,15,1,3944,0
19982,4,1,3867,0.1
19982,30,1,3732,0
19982,56,1,2279,0.05
19983,42,2,641,0
19984,22,1,131,0.1
19984,48,2,4805,0.1
19984,18,1,4405,0
19985,10,1,3960,0.05
19986,2,1,1368,0.15
19986,17,1,1925,0.1
19987,2,1,1368,0.05
19988,22,2,131,0.15
19988,26,1,438,0.05
19989,3,2,3882,0
19989,22,1,131,0.05
19989,35,1,2084,0.1
19990,6,1,3871,0
19991,39,1,765,0.1
19992,30,1,3732,0.05
19993,60,1,1642,0.05
19994,36,2,460,0.1
19995,42,1,641,0
19996,41,1,4560,0.1
19996,48,1,4805,0
19996,56,2,2279,0.05
19997,25,1,938,0.2
19998,57,1,3486,0.05
19998,51,1,2621,0
19999,57,1,3486,0
20000,6,1,3871,0.05
20001,38,1,976,0.05
20001,3,1,3882,0.05
20002,3,1,3882,0.15
20002,33,1,2132,0.05
20003,5,1,207,0.2
20004,29,1,410,0
20005,40,1,4298,0.15
20006,10,1,3960,0.1
20006,42,1,641,0.15
20006,57,1,3486,0
20007,59,1,954,0
20007,49,1,2121,0.05
20008,11,1,4549,0
20009,57,1,3486,0
20010,17,1,1925,0
20011,38,2,976,0
20012,53,1,1408,0
20013,50,1,4645,0
20014,25,1,938,0.2
20014,10,1,3960,0
20014,42,2,641,0.2
20015,41,1,4560,0.1
20016,33,1,2132,0
20017,20,1,4963,0.15
20018,12,1,2578,0.05
20019,6,1,3871,0.05
20020,46,1,1604,0.15
20020,35,1,2084,0
20020,27,1,2377,0.05
20020,43,1,2654,0.1
20021,32,1,2083,0.1
20022,56,1,2279,0
20022,28,1,3031,0.15
20023,25,2,938,0.1
20023,22,2,131,0
20024,16,2,2872,0.05
20024,30,3,3732,0.05
20025,10,1,3960,0
20026,20,1,4963,0
20026,38,1,976,0
20027,20,1,4963,0.2
20028,46,2,1604,0
20028,48,1,4805,0.05
20029,9,2,1527,0.05
20029,31,2,3571,0
20030,6,1,3871,0.05
20030,23,1,2084,0.15
20031,15,1,3944,0
20031,56,3,2279,0
20032,40,1,4298,0.05
20032,17,2,1925,0
20033,29,1,410,0.15
20033,10,1,3960,0
20033,8,1,659,0
20034,10,2,3960,0.1
20034,53,1,1408,0.05
20035,57,1,3486,0.1
20035,39,1,765,0
20036,16,2,2872,0
20037,55,2,4377,0.1
20037,47,2,365,0.05
20038,1,1,2760,0
20038,44,2,1674,0.2
20039,51,1,2621,0.05
20040,11,3,4549,0
20040,22,1,131,0.05
20041,48,1,4805,0
20042,40,1,4298,0.1
20042,22,3,131,0.15
20043,26,1,438,0
20043,39,1,765,0
20043,41,1,4560,0
20044,19,1,2578,0.1
20044,32,2,2083,0.05
20045,41,1,4560,0.15
20045,12,1,2578,0.2
20045,37,3,189,0
20046,20,1,4963,0
20047,58,1,124,0.15
20048,29,1,410,0.1
20049,5,1,207,0
20050,4,3,3867,0.05
20050,21,2,572,0.15
20051,35,3,2084,0
20052,56,1,2279,0
20052,53,2,1408,0
20052,3,1,3882,0.1
20053,33,1,2132,0.1
20054,4,1,3867,0.15
20055,53,1,1408,0.05
20056,42,1,641,0.1
20056,59,1,954,0.15
20056,15,1,3944,0.05
20057,23,1,2084,0.15
20058,56,1,2279,0
20059,19,1,2578,0
20059,38,1,976,0.1
20059,40,2,4298,0
20060,44,1,1674,0.05
20061,7,1,2555,0
20061,37,2,189,0
20061,1,2,2760,0
20062,53,1,1408,0
20062,34,1,1026,0.05
20062,42,2,641,0
20062,52,1,2641,0.1
20063,54,1,273,0
20064,44,2,1674,0.1
20065,35,1,2084,0
20065,42,2,641,0.1
20065,52,2,2641,0
20066,45,1,1847,0.15
20066,60,1,1642,0.15
20066,26,2,438,0
20066,39,1,765,0.1
20067,56,1,2279,0
20067,27,1,2377,0
20068,35,1,2084,0
20068,23,1,2084,0.05
20069,26,1,438,0
20070,24,2,2210,0
20070,18,1,4405,0.05
20071,24,1,2210,0.2
20072,53,1,1408,0
20072,42,2,641,0
20072,19,1,2578,0.1
20073,22,1,131,0
20074,36,1,460,0
20074,59,1,954,0
20075,6,1,3871,0.05
20076,26,1,438,0.15
20077,21,1,572,0.05
20078,41,1,4560,0.2
20078,11,1,4549,0
20079,60,1,1642,0.2
20079,46,1,1604,0
20080,15,1,3944,0
20080,45,1,1847,0
20081,30,1,3732,0.05
20082,6,1,3871,0
20082,19,2,2578,0.1
20082,16,1,2872,0.05
20083,1,1,2760,0.1
20083,40,2,4298,0.15
20083,18,2,4405,0
20084,10,1,3960,0.1
20085,44,1,1674,0.05
20085,51,1,2621,0.05
20085,29,1,410,0.05
20085,16,1,2872,0.15
20086,27,1,2377,0
20087,30,1,3732,0.2
20088,4,1,3867,0.05
20089,33,2,2132,0
20090,35,1,2084,0
20090,15,1,3944,0.15
20090,41,3,4560,0
20090,15,1,3944,0.1
20091,27,1,2377,0.1
20091,47,1,365,0
20091,2,1,1368,0
20092,11,1,4549,0
20092,52,1,2641,0.15
20093,1,1,2760,0.15
20093,55,1,4377,0.05
20094,3,1,3882,0
20094,41,1,4560,0.15
20095,19,1,2578,0
20096,49,1,2121,0
20097,16,1,2872,0.1
20097,50,1,4645,0.05
20098,20,1,4963,0.15
20098,49,1,2121,0
20098,7,1,2555,0.1
20099,39,1,765,0.1
20099,41,2,4560,0.1
20100,49,1,2121,0.05
20100,21,1,572,0.1
20101,39,1,765,0
20101,9,1,1527,0
20101,20,2,4963,0.1
20101,41,2,4560,0.1
20102,59,2,954,0.1
20102,14,2,3770,0
20102,34,1,1026,0.1
20103,16,3,2872,0
20103,41,3,4560,0.15
20103,33,2,2132,0.05
20103,33,1,2132,0.1
20104,11,1,4549,0
20104,20,1,4963,0
20104,14,1,3770,0.2
20105,20,2,4963,0.05
20106,5,1,207,0.1
20107,16,1,2872,0
20108,29,1,410,0.2
20109,16,1,2872,0.1
20109,26,2,438,0.05
20110,52,1,2641,0
20110,34,2,1026,0.05
20111,52,1,2641,0.05
20111,20,3,4963,0.2
20111,55,1,4377,0.1
20112,57,1,3486,0.15
20112,56,1,2279,0.1
20113,50,1,4645,0.05
20114,29,2,410,0
20114,1,1,2760,0.05
20115,19,1,2578,0.1
20116,14,1,3770,0.05
20117,39,1,765,0.05
20117,6,1,3871,0
20117,60,1,1642,0.1
20117,56,1,2279,0
20118,13,1,283,0.15
20119,10,1,3960,0
20119,41,1,4560,0
20120,37,2,189,0
20121,35,1,2084,0
20121,25,1,938,0
20121,1,1,2760,0.2
20122,29,1,410,0
20122,26,1,438,0
20122,60,1,1642,0.1
20123,1,1,2760,0
20124,14,1,3770,0.1
20124,56,1,2279,0
20124,59,2,954,0.2
20125,5,1,207,0.05
20125,53,1,1408,0
20126,28,2,3031,0.05
20127,18,1,4405,0.15
20128,1,1,2760,0
20128,40,1,4298,0
20128,50,1,4645,0.05
20128,35,1,2084,0.05
20129,43,2,2654,0
20129,11,1,4549,0
20130,37,1,189,0
20131,44,1,1674,0.05
20131,36,3,460,0.05
20131,50,1,4645,0.15
20131,46,1,1604,0.05
20132,45,1,1847,0.1
20133,52,1,2641,0
20134,40,1,4298,0
20135,19,1,2578,0.1
20136,52,1,2641,0.05
20136,56,2,2279,0
20136,16,1,2872,0
20137,57,2,3486,0.15
20137,38,1,976,0
20138,57,2,3486,0.05
20138,54,1,273,0.15
20139,3,2,3882,0.1
20139,10,1,3960,0
20139,29,2,410,0.2
20140,33,1,2132,0.15
20140,11,1,4549,0
20141,42,1,641,0.15
20142,24,1,2210,0
20143,22,1,131,0.05
20144,37,1,189,0
20145,4,1,3867,0.1
20146,55,1,4377,0.1
20147,40,1,4298,0
20148,23,1,2084,0
20148,21,1,572,0.05
20149,24,3,2210,0.05
20150,11,3,4549,0
20150,13,1,283,0.05
20151,45,1,1847,0.2
20152,31,1,3571,0.05
20153,1,1,2760,0.05
20153,30,1,3732,0.05
20154,15,2,3944,0.1
20155,34,1,1026,0.1
20155,24,1,2210,0
20155,10,2,3960,0.15
20155,12,2,2578,0.15
20156,8,1,659,0
20156,12,3,2578,0
20157,33,1,2132,0
20157,11,1,4549,0
20158,17,1,1925,0.05
20158,41,3,4560,0
20159,44,1,1674,0.2
20159,60,1,1642,0.05
20159,54,1,273,0.05
20160,36,2,460,0.15
20161,58,3,124,0
20162,43,1,2654,0.05
20162,60,1,1642,0.1
20162,11,1,4549,0.1
20163,57,1,3486,0
20163,22,1,131,0.1
20164,3,1,3882,0
20164,25,2,938,0.05
20164,43,2,2654,0.05
20165,51,2,2621,0
20165,58,1,124,0
20166,17,1,1925,0
20167,5,2,207,0
20167,12,2,2578,0
20168,59,3,954,0
20169,11,2,4549,0.2
20169,30,1,3732,0.1
20169,9,1,1527,0.1
20169,11,1,4549,0
20170,8,1,659,0
20170,45,1,1847,0
20170,54,1,273,0.05
20170,32,1,2083,0
20171,38,1,976,0
20172,34,1,1026,0
20172,14,1,3770,0.05
20173,6,1,3871,0.15
20173,6,1,3871,0.1
20174,36,1,460,0.05
20175,59,1,954,0
20175,31,1,3571,0.05
20176,31,2,3571,0.05
20176,31,1,3571,0.15
20177,33,1,2132,0.05
20178,20,1,4963,0
20178,42,1,641,0.15
20178,43,1,2654,0.1
20179,1,2,2760,0.05
20180,60,1,1642,0
20180,19,1,2578,0.05
20180,12,1,2578,0
20180,60,1,1642,0
20181,53,1,1408,0
20182,5,1,207,0
20183,48,3,4805,0.2
20184,49,3,2121,0
20184,33,1,2132,0.1
20184,54,1,273,0.1
20185,7,1,2555,0.05
20186,47,1,365,0
20186,29,1,410,0.05
20187,34,3,1026,0.05
20187,8,1,659,0.2
20187,27,1,2377,0.05
20187,24,2,2210,0
20188,12,1,2578,0.1
20188,21,1,572,0.05
20189,40,1,4298,0.05
20189,53,1,1408,0.15
20189,9,1,1527,0.1
20189,46,1,1604,0
20190,39,1,765,0
20190,10,1,3960,0.15
20191,26,1,438,0.05
20191,33,1,2132,0
20191,11,2,4549,0.15
20192,27,1,2377,0.1
20192,41,1,4560,0.2
20192,16,1,2872,0.15
20193,14,1,3770,0
20194,11,1,4549,0.05
20195,48,1,4805,0
20195,41,1,4560,0
20196,52,1,2641,0
20197,15,1,3944,0
20198,13,1,283,0
20199,44,1,1674,0
20200,54,1,273,0
20200,5,1,207,0
20200,32,1,2083,0
20201,19,1,2578,0.05
20202,35,1,2084,0.1
20202,6,1,3871,0.1
20203,25,3,938,0
20203,27,1,2377,0.15
20204,51,3,2621,0.05
20205,60,1,1642,0.1
20206,2,1,1368,0.1
20207,12,1,2578,0
20207,36,1,460,0.05
20208,10,2,3960,0.15
20208,45,2,1847,0
20209,11,1,4549,0
20209,11,2,4549,0.05
20209,1,1,2760,0.05
20210,27,1,2377,0
20211,48,2,4805,0.15
20212,33,1,2132,0.15
20212,44,1,1674,0.05
20213,5,1,207,0
20214,60,1,1642,0.05
20214,30,2,3732,0.2
20214,42,1,641,0.05
20215,41,1,4560,0.15
20215,42,1,641,0
20216,37,1,189,0.1
20216,37,1,189,0.15
20217,31,1,3571,0.1
20217,59,1,954,0.05
20218,33,1,2132,0.05
20219,48,1,4805,0.1
20219,21,1,572,0
20219,5,1,207,0
20220,18,1,4405,0
20220,30,1,3732,0
20220,28,1,3031,0
20220,13,1,283,0
20221,23,1,2084,0.1
20222,37,1,189,0
20222,55,1,4377,0.05
20223,8,1,659,0
20224,23,1,2084,0
20225,44,1,1674,0
20226,50,2,4645,0
20227,17,1,1925,0.1
20227,22,1,131,0
20228,9,1,1527,0.1
20228,30,1,3732,0
20229,45,1,1847,0.05
20229,48,1,4805,0.2
20229,11,1,4549,0.15
20230,9,1,1527,0.15
20230,39,1,765,0.1
20230,4,1,3867,0.05
20231,55,2,4377,0.15
20231,34,2,1026,0.05
20232,31,1,3571,0
20233,42,1,641,0.1
20233,45,1,1847,0.1
20234,26,1,438,0.2
20234,24,1,2210,0.1
20234,52,1,2641,0.1
20235,52,2,2641,0
20235,48,1,4805,0.1
20236,57,1,3486,0
20236,55,1,4377,0
20237,57,2,3486,0
20237,45,1,1847,0
20237,55,2,4377,0
20237,16,1,2872,0
20238,42,1,641,0.15
20239,20,1,4963,0
20239,8,2,659,0
20240,1,1,2760,0
20240,48,1,4805,0
20241,5,1,207,0.15
20241,1,1,2760,0
20242,17,1,1925,0.05
20242,24,1,2210,0
20243,31,1,3571,0.05
20244,5,1,207,0.1
20245,11,1,4549,0
20245,24,1,2210,0.1
20246,58,1,124,0
20247,31,1,3571,0.1
20248,11,1,4549,0
20249,37,2,189,0.1
20250,5,1,207,0.15
20251,59,2,954,0
20251,57,3,3486,0
20252,19,1,2578,0.1
20252,5,1,207,0
20252,10,1,3960,0
20253,43,2,2654,0.1
20254,20,2,4963,0
20254,6,1,3871,0
20254,40,1,4298,0
20255,53,2,1408,0.1
20256,4,1,3867,0
20256,7,1,2555,0
20256,5,1,207,0
20256,49,3,2121,0
20257,21,1,572,0
20257,17,1,1925,0.15
20258,32,1,2083,0
20258,48,2,4805,0
20258,6,3,3871,0.05
20258,3,1,3882,0
20259,59,2,954,0
20259,49,1,2121,0
20260,1,2,2760,0.1
20260,55,2,4377,0.05
20261,46,1,1604,0
20262,48,1,4805,0.05
20262,3,1,3882,0.1
20262,30,1,3732,0
20263,31,1,3571,0.1
20264,55,1,4377,0.1
20265,6,2,3871,0
20265,7,1,2555,0.05
20266,22,1,131,0.1
20267,7,2,2555,0
20268,9,2,1527,0.1
20268,41,1,4560,0.1
20268,24,2,2210,0.1
20269,26,1,438,0
20270,32,2,2083,0.2
20271,16,1,2872,0
20271,58,1,124,0.2
20271,15,1,3944,0
20272,14,2,3770,0
20273,48,1,4805,0
20273,36,1,460,0.05
20274,18,2,4405,0
20274,24,1,2210,0.15
20274,28,1,3031,0.05
20275,13,2,283,0
20276,2,1,1368,0
20276,21,1,572,0.1
20277,51,1,2621,0
20277,40,1,4298,0
20277,27,2,2377,0.15
20277,15,2,3944,0.05
20278,40,1,4298,0.15
20278,6,1,3871,0.05
20278,52,1,2641,0.05
20279,35,1,2084,0
20280,3,1,3882,0.05
20281,20,2,4963,0
20281,51,1,2621,0.05
20281,9,1,1527,0
20282,46,2,1604,0.1
20282,24,1,2210,0
20283,23,1,2084,0
20284,22,2,131,0.2
20284,60,1,1642,0.2
20285,16,1,2872,0
20285,5,1,207,0
20285,19,3,2578,0.05
20286,41,1,4560,0.05
20287,15,2,3944,0.05
20287,8,1,659,0.15
20287,11,1,4549,0.05
20287,16,1,2872,0
20288,51,1,2621,0
20288,56,1,2279,0.15
20289,4,1,3867,0
20289,4,1,3867,0
20290,3,1,3882,0
20291,5,1,207,0
20291,57,1,3486,0.05
20292,38,1,976,0
20293,13,2,283,0.2
20294,28,1,3031,0
20295,32,1,2083,0.05
20295,18,1,4405,0
20295,6,1,3871,0.1
20296,33,1,2132,0.05
20296,15,1,3944,0
20297,22,1,131,0.05
20298,7,2,2555,0
20299,20,2,4963,0.05
20299,7,3,2555,0.05
20299,33,2,2132,0.15
20300,34,1,1026,0
20300,42,1,641,0
20301,33,1,2132,0.05
20301,49,1,2121,0.15
20301,47,1,365,0
20302,46,2,1604,0
20303,56,1,2279,0
20303,55,1,4377,0.2
20304,4,3,3867,0
20304,9,2,1527,0.05
20304,48,1,4805,0
20304,43,2,2654,0.1
20305,33,1,2132,0.05
20305,59,3,954,0.1
20305,24,2,2210,0.1
20306,12,1,2578,0
20307,44,1,1674,0
20307,6,1,3871,0.1
20307,33,1,2132,0.05
20308,31,1,3571,0
20308,43,1,2654,0
20309,48,1,4805,0.05
20309,17,1,1925,0
20309,5,1,207,0
20309,40,1,4298,0.15
20310,48,1,4805,0
20310,12,1,2578,0
20310,17,1,1925,0.1
20311,24,1,2210,0.1
20312,25,1,938,0.05
20313,26,1,438,0
20314,39,2,765,0
20314,29,1,410,0
20314,48,1,4805,0.2
20314,3,1,3882,0.2
20315,55,1,4377,0.05
20316,9,1,1527,0.05
20317,31,1,3571,0.1
20317,3,1,3882,0.05
20318,13,1,283,0.15
20319,26,1,438,0.05
20320,15,1,3944,0.05
20321,40,2,4298,0
20322,30,3,3732,0.15
20323,11,1,4549,0
20323,58,1,124,0.05
20324,39,1,765,0.1
20324,7,1,2555,0.05
20325,26,1,438,0
20325,27,1,2377,0.05
20326,15,1,3944,0.1
20326,32,2,2083,0
20327,25,3,938,0
20327,51,1,2621,0.15
20328,36,1,460,0
20328,7,1,2555,0
20329,27,1,2377,0
20330,17,1,1925,0
20331,17,2,1925,0.1
20332,49,1,2121,0.1
20332,7,3,2555,0.05
20332,41,1,4560,0.05
20332,22,3,131,0.1
20333,49,1,2121,0
20334,33,1,2132,0
20334,32,1,2083,0.15
20334,12,2,2578,0
20334,60,1,1642,0.05
20335,17,2,1925,0
20335,21,1,572,0.05
20336,17,1,1925,0
20336,25,1,938,0
20336,39,3,765,0.2
20337,29,1,410,0
20337,13,1,283,0
20338,56,1,2279,0.05
20339,30,1,3732,0.05
20340,44,1,1674,0.2
20341,38,1,976,0.15
20342,38,1,976,0.05
20342,50,2,4645,0
20342,27,2,2377,0.1
20342,58,1,124,0
20343,12,1,2578,0.1
20343,6,1,3871,0.05
20344,11,3,4549,0
20344,19,1,2578,0
20345,21,2,572,0
20346,14,1,3770,0
20346,52,1,2641,0
20346,34,2,1026,0.15
20346,43,1,2654,0.1
20347,34,1,1026,0.1
20347,25,1,938,0
20347,52,1,2641,0.1
20348,36,1,460,0.1
20348,60,1,1642,0.15
20349,37,1,189,0
20350,49,1,2121,0.05
20351,27,2,2377,0.1
20351,56,1,2279,0.05
20352,49,1,2121,0.1
20353,19,1,2578,0.15
20354,42,1,641,0.05
20354,49,1,2121,0
20355,4,1,3867,0
20355,47,1,365,0.1
20356,34,1,1026,0.05
20357,36,1,460,0.1
20357,10,1,3960,0.15
20358,31,1,3571,0.2
20359,10,1,3960,0.1
20359,17,1,1925,0.1
20359,41,1,4560,0.15
20360,11,1,4549,0.1
20361,37,1,189,0.2
20361,10,2,3960,0
20361,49,1,2121,0.1
20362,22,1,131,0
20362,7,2,2555,0
20362,55,3,4377,0.05
20363,18,1,4405,0.1
20363,29,1,410,0
20364,4,1,3867,0.1
20364,28,1,3031,0.15
20365,21,1,572,0.05
20366,14,1,3770,0.1
20366,51,2,2621,0
20367,55,2,4377,0
20368,34,2,1026,0
20369,33,1,2132,0.05
20369,34,1,1026,0.05
20369,36,1,460,0.05
20369,13,1,283,0.15
20370,12,1,2578,0
20370,15,1,3944,0.1
20371,19,2,2578,0
20371,23,1,2084,0
20371,44,2,1674,0.1
20372,39,2,765,0.05
20372,49,3,2121,0.05
20373,5,1,207,0
20373,2,1,1368,0
20374,23,1,2084,0
20374,58,2,124,0.15
20375,33,1,2132,0
20375,33,1,2132,0.05
20375,21,1,572,0
20376,13,1,283,0.15
20376,44,3,1674,0.1
20377,4,1,3867,0.1
20377,20,1,4963,0
20377,35,1,2084,0
20377,2,2,1368,0
20378,44,1,1674,0.1
20379,48,2,4805,0
20380,51,2,2621,0
20380,15,1,3944,0.1
20380,47,1,365,0
20381,34,1,1026,0
20382,35,1,2084,0
20382,58,1,124,0
20383,4,2,3867,0.15
20384,33,1,2132,0.2
20384,7,2,2555,0.15
20384,43,1,2654,0
20384,50,3,4645,0
20385,5,1,207,0
20385,4,1,3867,0.15
20385,3,3,3882,0.05
20386,31,3,3571,0
20386,40,1,4298,0.05
20387,18,1,4405,0.1
20387,51,3,2621,0
20387,16,2,2872,0
20387,11,2,4549,0.2
20388,10,1,3960,0
20389,57,1,3486,0.05
20389,15,1,3944,0.1
20389,53,1,1408,0.05
20390,59,1,954,0
20391,1,2,2760,0.2
20391,52,2,2641,0
20392,34,1,1026,0
20392,32,2,2083,0.1
20392,16,2,2872,0.1
20393,40,2,4298,0
20393,40,1,4298,0.1
20393,24,1,2210,0.1
20394,51,1,2621,0.15
20394,35,1,2084,0
20395,43,1,2654,0
20395,11,1,4549,0
20396,60,1,1642,0
20396,35,1,2084,0.1
20397,31,1,3571,0
20398,6,3,3871,0.05
20398,23,1,2084,0
20399,6,2,3871,0
20399,43,1,2654,0.15
20400,27,1,2377,0
20401,21,1,572,0.1
20401,38,2,976,0.05
20402,35,1,2084,0
20403,51,1,2621,0.1
20404,3,2,3882,0.05
20404,1,1,2760,0
20405,50,1,4645,0
20405,6,1,3871,0
20405,34,1,1026,0.1
20406,15,1,3944,0
20407,2,1,1368,0.2
20408,39,1,765,0.1
20408,55,1,4377,0
20408,29,1,410,0
20408,42,1,641,0.1
20409,15,1,3944,0
20410,27,1,2377,0.05
20411,5,2,207,0.1
20411,39,1,765,0.05
20411,43,1,2654,0
20412,42,1,641,0
20412,21,1,572,0
20412,39,1,765,0.1
20413,4,1,3867,0.05
20414,48,2,4805,0
20414,36,1,460,0.1
20414,56,1,2279,0.05
20415,50,1,4645,0
20416,19,1,2578,0
20417,6,2,3871,0.15
20418,3,1,3882,0
20419,47,1,365,0
20419,55,1,4377,0
20420,55,1,4377,0
20420,1,1,2760,0.05
20420,14,1,3770,0
20421,38,1,976,0
20421,45,2,1847,0
20421,37,2,189,0.2
20422,12,1,2578,0.1
20422,13,1,283,0.15
20423,26,1,438,0.05
20423,58,1,124,0.1
20424,7,1,2555,0
20424,45,1,1847,0.05
20425,24,2,2210,0.2
20425,25,1,938,0
20426,56,1,2279,0.1
20426,43,1,2654,0
20426,24,1,2210,0.1
20426,4,1,3867,0.05
20427,57,1,3486,0.05
20427,13,1,283,0
20428,5,1,207,0
20429,55,1,4377,0.1
20429,10,1,3960,0
20429,45,1,1847,0.05
20430,37,1,189,0
20431,26,1,438,0
20431,6,2,3871,0.1
20432,17,1,1925,0
20433,39,2,765,0.05
20434,24,2,2210,0.05
20435,43,3,2654,0.15
20435,37,1,189,0.05
20435,51,1,2621,0.1
20435,10,3,3960,0
20436,49,1,2121,0.2
20437,57,3,3486,0.1
20437,52,1,2641,0
20437,16,1,2872,0
20437,17,1,1925,0.05
20438,60,1,1642,0.05
20439,52,2,2641,0
20440,40,1,4298,0.05
20441,26,1,438,0.2
20441,58,1,124,0.1
20442,35,1,2084,0
20443,46,2,1604,0
20443,33,3,2132,0.1
20443,17,1,1925,0.1
20444,41,3,4560,0.05
20445,11,1,4549,0.1
20446,8,1,659,0.05
20447,53,1,1408,0.05
20448,36,1,460,0
20448,15,1,3944,0.1
20449,41,1,4560,0
20450,15,1,3944,0
20450,41,1,4560,0.05
20450,3,1,3882,0
20451,44,1,1674,0.05
20452,1,1,2760,0
20452,46,1,1604,0.15
20452,15,1,3944,0.1
20453,51,1,2621,0.05
20454,29,1,410,0.1
20454,46,3,1604,0.15
20455,44,1,1674,0.1
20456,30,2,3732,0.1
20456,37,3,189,0.05
20457,17,1,1925,0
20458,3,2,3882,0
20459,8,1,659,0
20459,4,1,3867,0.1
20460,10,1,3960,0
20460,57,1,3486,0.05
20460,10,1,3960,0
20460,41,1,4560,0.1
20461,11,1,4549,0
20461,58,2,124,0
20461,27,1,2377,0.05
20462,34,3,1026,0
20462,48,2,4805,0.05
20462,14,1,3770,0
20463,34,1,1026,0.1
20464,8,1,659,0
20464,46,1,1604,0
20465,43,1,2654,0
20466,19,3,2578,0
20466,33,1,2132,0.15
20467,8,1,659,0
20467,39,1,765,0.15
20468,24,1,2210,0
20468,58,1,124,0.05
20469,56,1,2279,0
20469,7,1,2555,0
20470,10,2,3960,0.15
20471,27,1,2377,0.1
20471,24,1,2210,0
20471,26,1,438,0
20471,48,1,4805,0.15
20472,48,1,4805,0.1
20472,13,2,283,0
20472,22,1,131,0
20473,28,1,3031,0
20473,12,1,2578,0
20473,6,1,3871,0.05
20474,53,2,1408,0.05
20475,30,1,3732,0
20476,3,2,3882,0
20476,14,2,3770,0.2
20476,38,1,976,0.05
20477,48,1,4805,0
20477,28,1,3031,0.05
20478,7,2,2555,0
20479,19,2,2578,0.1
20479,43,1,2654,0.15
20479,56,2,2279,0.05
20480,56,2,2279,0
20480,56,1,2279,0.05
20481,53,1,1408,0
20481,50,1,4645,0
20481,9,1,1527,0.2
20482,30,1,3732,0.15
20482,37,1,189,0
20483,54,2,273,0.1
20483,18,2,4405,0.1
20483,42,2,641,0
20483,56,1,2279,0.05
20484,36,1,460,0.05
20484,29,1,410,0
20484,1,1,2760,0.05
20485,44,1,1674,0
20486,40,1,4298,0
20486,47,1,365,0.05
20487,12,2,2578,0
20487,33,1,2132,0.05
20487,40,2,4298,0.05
20488,50,1,4645,0.1
20488,57,2,3486,0
20488,1,1,2760,0
20488,17,1,1925,0.05
20489,10,1,3960,0
20489,9,1,1527,0.05
20489,43,1,2654,0.05
20489,47,2,365,0.1
20490,40,1,4298,0.1
20490,38,1,976,0.1
20491,18,1,4405,0
20492,56,1,2279,0.15
20492,37,1,189,0.05
20493,2,1,1368,0
20493,43,1,2654,0
20493,59,1,954,0
20493,18,1,4405,0.05
20494,2,1,1368,0.05
20494,31,1,3571,0
20494,43,1,2654,0.05
20494,24,1,2210,0.05
20495,16,2,2872,0
20496,3,1,3882,0
20496,36,2,460,0.1
20496,9,1,1527,0
20496,2,1,1368,0
20497,23,1,2084,0.05
20498,9,1,1527,0.1
20498,2,1,1368,0.05
20498,30,1,3732,0.05
20499,44,1,1674,0
20499,32,1,2083,0.05
20500,52,1,2641,0.1
20500,60,1,1642,0.2
20500,42,3,641,0.15
20501,42,1,641,0.1
20502,27,1,2377,0
20503,48,1,4805,0
20504,55,1,4377,0.1
20504,13,1,283,0
20505,13,1,283,0.05
20506,57,1,3486,0
20506,10,1,3960,0
20507,26,1,438,0.05
20507,43,1,2654,0.05
20508,48,1,4805,0
20508,41,2,4560,0.05
20509,31,2,3571,0.05
20509,25,1,938,0.1
20510,47,1,365,0.05
20510,56,2,2279,0
20510,7,1,2555,0
20511,38,1,976,0.1
20512,11,1,4549,0.1
20512,59,1,954,0.05
20512,16,2,2872,0.05
20513,26,1,438,0
20514,4,1,3867,0.1
20515,45,1,1847,0.2
20516,1,3,2760,0
20516,37,1,189,0.1
20517,14,1,3770,0.05
20518,51,2,2621,0
20518,50,1,4645,0.15
20519,18,3,4405,0
20520,40,1,4298,0.2
20520,50,2,4645,0.1
20521,12,1,2578,0
20522,13,2,283,0.05
20523,59,1,954,0.2
20523,52,1,2641,0
20524,42,1,641,0.05
20524,11,1,4549,0.05
20525,9,1,1527,0.05
20526,59,1,954,0
20527,9,1,1527,0
20527,34,1,1026,0
20528,4,1,3867,0
20528,4,1,3867,0.1
20529,52,1,2641,0.1
20529,1,2,2760,0.05
20530,51,1,2621,0
20531,24,1,2210,0
20531,34,1,1026,0
20531,1,2,2760,0.15
20531,31,1,3571,0.15
20532,46,2,1604,0.05
20533,23,1,2084,0
20533,52,1,2641,0.2
20534,18,1,4405,0
20534,22,3,131,0
20534,20,2,4963,0.15
20535,19,2,2578,0.05
20535,31,2,3571,0.15
20536,16,1,2872,0.2
20536,4,3,3867,0.1
20536,44,1,1674,0.15
20537,19,3,2578,0.1
20537,19,1,2578,0
20537,35,1,2084,0.1
20538,27,1,2377,0
20538,24,1,2210,0.15
20538,31,2,3571,0
20538,55,1,4377,0.05
20539,28,1,3031,0.15
20539,52,1,2641,0.05
20539,18,1,4405,0.15
20540,31,1,3571,0
20540,30,2,3732,0.05
20540,10,2,3960,0.05
20541,59,1,954,0.1
20542,40,2,4298,0.1
20542,55,1,4377,0.1
20542,59,1,954,0
20542,7,1,2555,0
20543,16,1,2872,0.05
20543,50,2,4645,0.05
20544,40,1,4298,0.15
20544,50,2,4645,0
20545,27,1,2377,0.1
20545,53,3,1408,0.1
20546,21,1,572,0.1
20547,35,1,2084,0.1
20547,10,1,3960,0
20548,40,1,4298,0.05
20548,12,1,2578,0.1
20549,19,3,2578,0.1
20550,28,1,3031,0.05
20550,39,1,765,0
20550,7,3,2555,0
20551,38,1,976,0
20552,16,1,2872,0
20553,38,1,976,0
20553,17,2,1925,0.2
20553,42,1,641,0
20553,14,1,3770,0.1
20554,13,1,283,0.1
20555,1,1,2760,0
20556,13,1,283,0.05
20556,12,2,2578,0
20557,6,1,3871,0.05
20557,41,1,4560,0.1
20557,10,1,3960,0.15
20557,12,2,2578,0.1
20558,1,1,2760,0.05
20558,9,1,1527,0.15
20559,51,1,2621,0
20559,48,1,4805,0
20559,53,1,1408,0
20560,17,1,1925,0.05
20560,60,1,1642,0.05
20560,46,1,1604,0.05
20561,25,1,938,0
20561,56,1,2279,0
20562,36,1,460,0.05
20563,52,1,2641,0.05
20563,30,1,3732,0.1
20564,14,1,3770,0.05
20565,59,2,954,0.05
20566,53,2,1408,0.1
20567,26,2,438,0.15
20568,40,2,4298,0
20568,11,2,4549,0.15
20569,40,1,4298,0
20569,47,1,365,0
20570,20,2,4963,0.05
20571,18,3,4405,0
20572,12,1,2578,0.15
20572,40,1,4298,0.15
20572,15,1,3944,0.05
20573,12,3,2578,0.05
20573,25,1,938,0
20573,51,2,2621,0.1
20574,52,1,2641,0
20574,37,1,189,0.2
20575,60,1,1642,0
20575,53,1,1408,0.05
20576,21,1,572,0.1
20577,8,1,659,0.05
20577,18,3,4405,0.05
20578,19,1,2578,0
20579,58,1,124,0.1
20580,17,1,1925,0
20580,30,1,3732,0
20581,11,1,4549,0.05
20582,1,3,2760,0.1
20583,60,1,1642,0.2
20583,16,2,2872,0.05
20584,60,1,1642,0.1
20584,8,1,659,0.1
20585,60,1,1642,0.05
20585,30,1,3732,0.05
20585,33,1,2132,0
20586,43,1,2654,0.1
20586,38,1,976,0
20587,19,1,2578,0
20588,55,3,4377,0
20588,51,1,2621,0.2
20588,10,1,3960,0.05
20589,4,1,3867,0.15
20589,10,1,3960,0.1
20589,6,3,3871,0.1
20590,17,1,1925,0
20590,28,1,3031,0.1
20591,11,1,4549,0.1
20591,48,1,4805,0.15
20592,21,1,572,0.05
20592,1,1,2760,0
20593,27,2,2377,0
20593,19,2,2578,0.1
20593,30,2,3732,0
20594,20,2,4963,0
20595,52,1,2641,0.2
20596,10,1,3960,0
20596,30,2,3732,0.1
20597,49,1,2121,0.15
20598,48,1,4805,0
20599,56,1,2279,0
20599,11,2,4549,0
20600,18,2,4405,0
20601,49,1,2121,0
20602,51,2,2621,0
20602,41,1,4560,0
20603,8,1,659,0.05
20603,46,1,1604,0
20604,50,1,4645,0
20605,48,1,4805,0.15
20606,11,1,4549,0
20606,18,1,4405,0
20607,50,1,4645,0
20607,19,1,2578,0
20608,51,1,2621,0.05
20608,43,2,2654,0
20609,28,1,3031,0.05
20610,5,1,207,0.1
20611,1,1,2760,0.05
20611,27,1,2377,0
20612,16,3,2872,0.15
20613,40,3,4298,0.1
20613,15,1,3944,0.05
20614,49,2,2121,0.1
20615,32,1,2083,0.2
20615,12,1,2578,0.05
20616,20,1,4963,0
20616,16,1,2872,0.2
20617,4,1,3867,0.2
20618,44,1,1674,0.1
20619,56,1,2279,0.15
20619,25,1,938,0.1
20620,16,2,2872,0
20621,51,1,2621,0.1
20622,26,1,438,0
20622,36,1,460,0.1
20623,37,1,189,0.05
20624,10,1,3960,0.1
20624,5,2,207,0
20625,41,1,4560,0.15
20625,20,1,4963,0.1
20625,36,1,460,0.15
20625,20,1,4963,0.05
20626,39,1,765,0
20627,52,1,2641,0
20628,24,1,2210,0.05
20629,8,1,659,0
20630,40,1,4298,0.1
20630,20,1,4963,0.1
20631,17,2,1925,0
20632,29,1,410,0.05
20633,45,1,1847,0
20634,56,1,2279,0.1
20634,1,1,2760,0.15
20635,52,1,2641,0.05
20636,15,1,3944,0.1
20636,21,1,572,0.05
20636,31,2,3571,0.15
20637,49,1,2121,0
20638,40,2,4298,0.15
20638,6,1,3871,0.05
20639,27,1,2377,0
20639,18,1,4405,0
20640,38,1,976,0
20641,8,2,659,0.2
20641,2,1,1368,0.1
20642,34,1,1026,0
20642,57,3,3486,0
20643,14,1,3770,0.1
20644,11,1,4549,0.05
20644,29,1,410,0.05
20645,21,1,572,0
20645,6,1,3871,0
20646,56,1,2279,0.1
20647,33,1,2132,0.2
20647,51,1,2621,0.15
20647,48,2,4805,0.1
20647,50,1,4645,0.05
20648,52,1,2641,0.05
20648,9,2,1527,0
20649,30,1,3732,0
20650,15,3,3944,0.1
20650,41,1,4560,0
20651,28,1,3031,0.05
20652,42,2,641,0
20652,44,1,1674,0.2
20653,15,2,3944,0.2
20653,52,1,2641,0.05
20654,39,1,765,0
20655,30,1,3732,0.05
20655,55,1,4377,0
20655,31,1,3571,0.15
20656,15,2,3944,0.05
20656,41,1,4560,0.1
20656,1,1,2760,0
20656,56,2,2279,0
20657,36,1,460,0.05
20658,55,2,4377,0.15
20658,23,1,2084,0.05
20658,12,1,2578,0.05
20658,21,1,572,0.1
20659,21,1,572,0
20660,18,1,4405,0.1
20661,57,1,3486,0.1
20662,7,1,2555,0.05
20663,34,1,1026,0.15
20663,27,2,2377,0
20664,46,1,1604,0.05
20664,48,1,4805,0.05
20665,51,1,2621,0.2
20665,36,2,460,0
20666,1,1,2760,0
20666,51,2,2621,0
20666,1,1,2760,0.1
20666,48,2,4805,0.1
20667,18,1,4405,0
20667,5,1,207,0
20667,45,1,1847,0.1
20668,40,2,4298,0
20669,54,1,273,0
20669,32,2,2083,0.1
20670,19,1,2578,0
20671,31,1,3571,0
20671,24,1,2210,0.05
20672,4,1,3867,0
20672,40,1,4298,0
20672,44,1,1674,0
20673,10,2,3960,0.15
20673,1,1,2760,0
20673,48,1,4805,0.2
20673,20,2,4963,0
20674,48,1,4805,0
20674,58,1,124,0
20675,8,1,659,0.1
20676,24,1,2210,0.15
20677,20,1,4963,0.05
20677,57,2,3486,0.05
20678,11,3,4549,0.1
20678,28,1,3031,0
20679,45,1,1847,0.15
20680,54,1,273,0.05
20680,52,2,2641,0.1
20680,30,1,3732,0
20681,57,1,3486,0.05
20681,2,1,1368,0
20681,13,3,283,0.05
20681,19,1,2578,0
20682,22,1,131,0.05
20682,1,1,2760,0
20683,32,3,2083,0.05
20683,42,2,641,0
20683,3,1,3882,0
20684,3,1,3882,0.05
20684,6,2,3871,0.1
20685,41,1,4560,0.15
20685,52,1,2641,0
20686,4,1,3867,0
20686,3,1,3882,0
20686,35,2,2084,0.1
20687,56,1,2279,0
20688,41,1,4560,0
20689,1,2,2760,0
20689,12,2,2578,0.15
20690,52,1,2641,0
20691,22,2,131,0
20691,7,1,2555,0.15
20692,3,1,3882,0.1
20693,47,1,365,0
20693,8,2,659,0.05
20694,1,1,2760,0.15
20695,36,1,460,0.1
20695,9,1,1527,0
20695,55,1,4377,0.05
20696,26,2,438,0
20697,14,1,3770,0.1
20697,56,2,2279,0.1
20697,42,2,641,0.15
20697,53,1,1408,0
20698,1,1,2760,0
20699,29,1,410,0.1
20699,46,1,1604,0
20700,51,2,2621,0.05
20701,57,1,3486,0
20701,19,2,2578,0.05
20701,34,1,1026,0
20702,15,1,3944,0.15
20703,27,1,2377,0.05
20704,9,1,1527,0
20704,33,1,2132,0.1
20704,21,1,572,0.05
20705,48,1,4805,0
20706,39,1,765,0.05
20706,55,1,4377,0.1
20706,17,1,1925,0.05
20706,35,2,2084,0.2
20707,18,2,4405,0
20707,8,1,659,0.1
20707,12,1,2578,0.15
20708,28,2,3031,0.15
20709,23,1,2084,0.15
20709,28,1,3031,0
20709,11,1,4549,0.1
20710,4,1,3867,0.05
20711,19,3,2578,0.05
20711,53,1,1408,0.05
20711,22,2,131,0
20712,35,1,2084,0
20713,34,1,1026,0
20714,31,1,3571,0
20715,53,2,1408,0.05
20715,8,2,659,0
20716,23,1,2084,0
20717,48,1,4805,0.15
20718,35,3,2084,0.05
20719,53,1,1408,0
20720,33,1,2132,0.1
20720,28,1,3031,0
20720,30,2,3732,0
20720,32,2,2083,0
20721,59,2,954,0
20722,5,1,207,0.1
20723,52,2,2641,0.1
20723,23,1,2084,0
20723,57,2,3486,0.15
20723,56,1,2279,0.1
20724,10,3,3960,0.05
20724,21,1,572,0.05
20724,24,1,2210,0.05
20725,53,2,1408,0
20725,31,1,3571,0.05
20725,7,1,2555,0
20725,35,1,2084,0.05
20726,25,1,938,0
20726,32,1,2083,0.15
20727,38,1,976,0.05
20728,19,1,2578,0
20728,19,1,2578,0
20729,7,2,2555,0.05
20729,4,1,3867,0
20729,3,1,3882,0.1
20730,47,1,365,0
20730,26,1,438,0
20731,10,3,3960,0
20731,50,1,4645,0
20731,42,2,641,0
20732,5,1,207,0
20732,44,1,1674,0
20732,23,1,2084,0
20733,24,1,2210,0.1
20733,29,1,410,0.05
20733,53,1,1408,0.1
20734,24,2,2210,0
20735,36,2,460,0.1
20735,57,1,3486,0.1
20736,41,1,4560,0.2
20737,48,1,4805,0
20737,14,2,3770,0.1
20737,37,1,189,0.05
20737,14,3,3770,0
20738,58,1,124,0
20739,34,1,1026,0.15
20740,3,1,3882,0.1
20740,4,1,3867,0.2
20741,4,1,3867,0.15
20742,33,1,2132,0
20742,31,2,3571,0
20742,14,1,3770,0.1
20743,34,1,1026,0.05
20744,38,1,976,0
20744,17,1,1925,0.15
20745,37,1,189,0.05
20746,22,1,131,0
20747,57,1,3486,0.05
20747,22,1,131,0.05
20748,35,3,2084,0
20748,1,3,2760,0.1
20748,43,2,2654,0
20748,20,1,4963,0.1
20749,6,2,3871,0.1
20750,9,1,1527,0.05
20750,19,1,2578,0
20751,6,1,3871,0.05
20751,42,1,641,0
20751,11,2,4549,0.1
20752,23,1,2084,0
20753,20,2,4963,0.2
20753,46,1,1604,0.05
20754,28,1,3031,0.05
20754,9,1,1527,0.05
20754,43,1,2654,0.05
20754,22,1,131,0.05
20755,19,1,2578,0.1
20755,33,3,2132,0.1
20756,29,1,410,0.2
20756,46,1,1604,0.05
20757,20,1,4963,0
20758,33,1,2132,0.1
20758,51,1,2621,0.15
20758,31,1,3571,0.05
20759,56,1,2279,0.05
20760,19,1,2578,0.05
20761,55,1,4377,0.05
20762,24,1,2210,0.05
20762,53,1,1408,0.05
20763,32,1,2083,0
20764,40,3,4298,0
20765,20,2,4963,0
20765,39,1,765,0
20766,5,1,207,0.05
20766,24,2,2210,0
20766,22,1,131,0.1
20767,53,3,1408,0.2
20768,35,1,2084,0.1
20768,32,1,2083,0.05
20769,20,1,4963,0.1
20770,57,1,3486,0
20770,11,1,4549,0
20771,28,2,3031,0
20772,47,1,365,0
20772,33,1,2132,0.05
20772,3,3,3882,0.1
20772,15,1,3944,0.05
20773,39,1,765,0
20774,57,1,3486,0.2
20774,25,1,938,0
20775,50,1,4645,0.1
20775,50,1,4645,0
20775,50,1,4645,0.05
20775,23,1,2084,0
20776,10,1,3960,0
20776,50,1,4645,0.1
20776,40,1,4298,0.05
20777,19,1,2578,0.05
20778,26,1,438,0
20778,34,1,1026,0
20778,8,1,659,0
20779,17,1,1925,0
20779,54,2,273,0
20780,45,1,1847,0.1
20780,38,1,976,0
20781,20,2,4963,0.05
20781,1,2,2760,0.05
20781,36,1,460,0
20782,18,1,4405,0
20782,35,1,2084,0.05
20782,33,1,2132,0
20783,44,1,1674,0.05
20783,39,1,765,0.05
20784,46,1,1604,0
20784,37,3,189,0
20785,49,1,2121,0
20785,6,1,3871,0
20785,36,1,460,0.05
20786,18,1,4405,0.15
20787,12,1,2578,0
20787,6,1,3871,0
20788,55,3,4377,0.2
20789,50,1,4645,0.1
20789,54,1,273,0.05
20789,56,2,2279,0
20790,59,1,954,0.05
20790,2,2,1368,0
20791,22,1,131,0
20791,47,2,365,0.1
20791,10,1,3960,0.1
20792,8,1,659,0.1
20792,35,1,2084,0.15
20792,60,1,1642,0
20793,4,2,3867,0
20793,43,1,2654,0
20793,50,3,4645,0.1
20794,5,1,207,0.05
20794,24,1,2210,0.1
20795,3,1,3882,0.15
20795,52,2,2641,0.15
20796,28,1,3031,0
20796,26,1,438,0.05
20797,7,1,2555,0.1
20797,39,1,765,0
20797,43,1,2654,0.1
20798,43,2,2654,0.1
20798,54,1,273,0
20799,19,1,2578,0.15
20799,3,1,3882,0.1
20800,20,1,4963,0.1
20801,26,1,438,0
20802,28,1,3031,0.1
20802,31,1,3571,0
20803,38,1,976,0
20804,57,2,3486,0.15
20804,54,2,273,0.05
20804,18,1,4405,0.05
20805,10,1,3960,0.05
20805,12,1,2578,0.1
20806,11,2,4549,0
20807,31,2,3571,0.15
20807,6,1,3871,0
20807,50,1,4645,0.05
20808,50,1,4645,0.1
20809,29,1,410,0
20810,52,3,2641,0
20811,36,1,460,0.05
20811,42,1,641,0.15
20812,49,2,2121,0.1
20813,42,2,641,0.15
20813,48,1,4805,0.05
20813,3,1,3882,0.1
20814,7,1,2555,0.15
20815,2,2,1368,0.2
20815,24,3,2210,0.1
20816,46,2,1604,0.05
20816,3,1,3882,0
20816,41,1,4560,0.05
20817,59,1,954,0.05
20817,37,2,189,0.15
20817,40,1,4298,0
20818,22,3,131,0.05
20818,48,1,4805,0
20819,9,1,1527,0
20820,30,1,3732,0
20820,33,1,2132,0
20820,35,1,2084,0
20820,41,1,4560,0
20821,51,1,2621,0
20822,28,1,3031,0.1
20822,53,2,1408,0
20822,59,1,954,0
20823,38,1,976,0.1
20823,55,1,4377,0
20824,2,1,1368,0
20824,16,2,2872,0
20825,51,1,2621,0.2
20826,38,1,976,0.1
20827,10,1,3960,0.05
20827,51,1,2621,0
20827,33,1,2132,0.05
20828,15,2,3944,0
20828,3,1,3882,0.05
20829,20,1,4963,0.1
20830,43,1,2654,0.2
20830,14,1,3770,0.05
20830,46,1,1604,0.05
20831,8,1,659,0.1
20832,19,3,2578,0.15
20833,31,1,3571,0.1
20834,33,1,2132,0.2
20835,59,1,954,0.2
20835,15,1,3944,0.15
20835,20,2,4963,0.05
20836,37,1,189,0
20836,37,1,189,0.2
20837,35,1,2084,0.05
20837,55,1,4377,0.1
20838,49,1,2121,0
20838,29,1,410,0.1
20839,18,1,4405,0
20840,12,2,2578,0
20840,48,1,4805,0
20841,10,2,3960,0
20842,28,1,3031,0.1
20842,17,1,1925,0.15
20842,15,1,3944,0.05
20842,23,2,2084,0.05
20843,48,1,4805,0.05
20843,16,1,2872,0
20844,50,1,4645,0.1
20845,7,1,2555,0.1
20845,9,2,1527,0.15
20845,37,1,189,0.1
20846,23,2,2084,0.05
20846,53,1,1408,0
20846,18,1,4405,0
20847,12,1,2578,0
20847,57,1,3486,0.2
20848,49,1,2121,0.1
20848,30,1,3732,0.1
20849,28,1,3031,0.05
20850,59,1,954,0.2
20850,24,3,2210,0.05
20851,44,1,1674,0.1
20852,60,1,1642,0
20853,34,1,1026,0
20853,55,2,4377,0
20854,5,1,207,0
20854,27,1,2377,0.05
20854,36,1,460,0.05
20854,37,1,189,0.05
20855,48,1,4805,0.1
20855,55,1,4377,0.1
20855,57,2,3486,0.1
20855,18,2,4405,0.15
20856,59,1,954,0
20856,15,1,3944,0.1
20857,48,1,4805,0
20858,49,2,2121,0.05
20859,7,1,2555,0.2
20859,6,3,3871,0.1
20859,27,1,2377,0
20860,7,1,2555,0
20861,46,1,1604,0.05
20862,12,1,2578,0
20862,28,1,3031,0
20863,58,1,124,0
20863,60,1,1642,0
20864,57,1,3486,0
20864,32,1,2083,0
20865,2,1,1368,0.1
20866,60,2,1642,0.2
20866,54,1,273,0.05
20867,17,2,1925,0
20868,49,1,2121,0
20869,6,1,3871,0
20870,23,1,2084,0
20870,18,3,4405,0
20871,26,1,438,0
20872,29,2,410,0.2
20872,31,1,3571,0
20873,43,1,2654,0.2
20873,9,2,1527,0
20873,10,1,3960,0
20873,52,3,2641,0
20874,10,1,3960,0.05
20875,3,2,3882,0
20875,56,1,2279,0.05
20876,10,2,3960,0.1
20877,9,1,1527,0.05
20877,4,1,3867,0.05
20877,34,1,1026,0.1
20878,28,2,3031,0
20878,53,2,1408,0.2
20878,59,1,954,0.05
20879,26,1,438,0.15
20880,31,2,3571,0
20881,26,1,438,0.1
20882,3,3,3882,0
20883,10,2,3960,0.1
20883,16,2,2872,0
20884,55,1,4377,0
20885,13,1,283,0
20885,13,1,283,0
20886,24,1,2210,0
20886,52,2,2641,0
20887,11,1,4549,0.1
20888,29,1,410,0.1
20889,37,1,189,0.05
20889,45,1,1847,0.05
20890,55,1,4377,0.05
20891,27,2,2377,0.05
20892,37,2,189,0
20893,54,1,273,0.05
20894,33,1,2132,0.05
20894,3,1,3882,0
20895,20,1,4963,0
20895,44,1,1674,0.05
20895,46,1,1604,0
20896,46,1,1604,0.05
20896,36,1,460,0.1
20896,40,3,4298,0
20897,39,1,765,0
20897,53,1,1408,0
20897,13,1,283,0
20898,41,1,4560,0.2
20898,58,1,124,0.1
20899,29,1,410,0.1
20900,57,1,3486,0.05
20900,41,1,4560,0
20901,3,3,3882,0
20901,59,1,954,0.05
20902,45,2,1847,0.1
20902,22,1,131,0.1
20903,46,1,1604,0
20904,3,2,3882,0.1
20905,27,1,2377,0
20905,2,1,1368,0.05
20906,20,1,4963,0.15
20906,9,1,1527,0
20907,45,1,1847,0.15
20908,2,1,1368,0
20909,14,3,3770,0
20909,7,2,2555,0
20910,13,1,283,0.05
20910,56,1,2279,0
20911,53,1,1408,0.2
20912,60,1,1642,0
20912,54,2,273,0.05
20912,21,1,572,0.05
20913,19,3,2578,0.15
20913,28,3,3031,0.05
20913,47,1,365,0.1
20914,42,1,641,0.1
20915,19,2,2578,0.1
20916,1,1,2760,0.1
20917,19,1,2578,0.15
20917,48,1,4805,0.1
20918,22,2,131,0
20919,10,1,3960,0
20919,51,1,2621,0.05
20920,55,1,4377,0
20920,22,1,131,0
20921,21,2,572,0.1
20922,33,3,2132,0.05
20922,24,1,2210,0.15
20923,25,1,938,0.05
20923,7,2,2555,0.05
20923,10,1,3960,0
20923,59,1,954,0.1
20924,8,2,659,0.05
20925,30,1,3732,0
20926,27,1,2377,0
20926,16,3,2872,0.05
20926,18,1,4405,0.1
20926,24,1,2210,0.05
20927,5,1,207,0.05
20928,44,1,1674,0
20929,45,2,1847,0.05
20929,56,1,2279,0.1
20930,18,1,4405,0
20930,22,1,131,0.05
20931,1,2,2760,0.15
20931,48,1,4805,0
20931,18,1,4405,0
20932,28,2,3031,0.15
20933,8,1,659,0
20933,36,1,460,0.05
20933,12,1,2578,0.1
20934,45,1,1847,0.1
20934,10,1,3960,0
20934,32,3,2083,0
20935,59,1,954,0
20936,53,1,1408,0.15
20937,32,1,2083,0.05
20937,56,1,2279,0
20937,28,1,3031,0.15
20937,6,1,3871,0.1
20938,2,1,1368,0
20939,36,1,460,0.05
20940,22,2,131,0
20941,59,1,954,0
20941,28,1,3031,0
20942,1,1,2760,0.05
20942,40,1,4298,0.05
20942,42,1,641,0
20943,37,1,189,0
20944,55,1,4377,0
20945,53,1,1408,0
20946,33,1,2132,0
20946,10,1,3960,0
20946,38,1,976,0.1
20946,32,1,2083,0.15
20947,45,1,1847,0.15
20948,23,1,2084,0
20949,57,1,3486,0.05
20950,41,1,4560,0.1
20950,4,1,3867,0.1
20951,28,1,3031,0.1
20952,12,1,2578,0.05
20953,59,1,954,0.05
20954,6,1,3871,0
20955,56,1,2279,0
20955,34,1,1026,0
20956,29,1,410,0
20956,60,1,1642,0
20957,30,3,3732,0.15
20957,20,2,4963,0.15
20958,41,1,4560,0.05
20959,8,1,659,0
20960,59,1,954,0
20960,40,1,4298,0.15
20961,3,1,3882,0.05
20961,36,1,460,0.05
20961,4,1,3867,0
20962,43,1,2654,0.2
20962,50,1,4645,0.05
20962,52,1,2641,0.1
20963,46,1,1604,0.1
20964,45,2,1847,0
20965,47,2,365,0.05
20965,43,1,2654,0.15
20965,5,1,207,0
20966,22,1,131,0.05
20966,1,1,2760,0
20967,43,1,2654,0.1
20967,31,1,3571,0.1
20968,22,1,131,0.15
20969,56,2,2279,0.1
20969,18,2,4405,0
20969,18,2,4405,0.1
20969,15,2,3944,0
20970,6,1,3871,0
20970,42,1,641,0.1
20970,49,1,2121,0
20971,12,1,2578,0
20971,28,1,3031,0
20971,53,3,1408,0
20972,12,1,2578,0
20972,34,1,1026,0.05
20973,54,1,273,0
20973,33,1,2132,0.15
20973,31,1,3571,0.2
20974,39,1,765,0.05
20975,41,1,4560,0.05
20975,24,1,2210,0.05
20976,29,1,410,0
20977,15,1,3944,0
20978,50,1,4645,0
20979,20,2,4963,0.1
20980,20,1,4963,0
20980,60,1,1642,0.05
20981,22,1,131,0
20982,58,1,124,0
20983,41,1,4560,0.1
20984,15,1,3944,0
20985,52,2,2641,0.05
20985,14,1,3770,0
20985,57,3,3486,0
20985,28,1,3031,0.1
20986,6,1,3871,0.05
20987,25,1,938,0
20987,27,1,2377,0
20988,21,1,572,0.05
20988,9,1,1527,0.1
20988,24,1,2210,0.2
20989,22,1,131,0.1
20990,16,1,2872,0
20991,20,2,4963,0
20992,48,1,4805,0
20992,6,1,3871,0.1
20993,53,1,1408,0
20993,25,1,938,0.05
20994,30,3,3732,0.1
20994,10,1,3960,0.2
20995,11,1,4549,0.2
20996,28,1,3031,0
20996,16,1,2872,0.05
20997,5,1,207,0
20997,27,2,2377,0.1
20997,29,1,410,0.05
20998,19,1,2578,0
20998,54,1,273,0
20998,9,1,1527,0.1
20999,48,1,4805,0.05
21000,15,1,3944,0.15
21001,53,1,1408,0.1
21002,24,1,2210,0
21002,20,2,4963,0.05
21003,7,1,2555,0
21004,59,1,954,0.05
21004,25,2,938,0.05
21004,27,1,2377,0
21005,27,1,2377,0.1
21005,41,1,4560,0.15
21006,39,1,765,0.05
21007,60,1,1642,0
21007,40,1,4298,0
21008,49,2,2121,0.1
21009,58,1,124,0.1
21010,55,2,4377,0
21011,8,1,659,0.1
21012,10,2,3960,0.1
21012,55,1,4377,0.1
21012,30,1,3732,0
21012,33,2,2132,0.2
21013,1,1,2760,0.1
21013,40,1,4298,0
21013,38,2,976,0
21014,56,2,2279,0
21015,18,1,4405,0
21015,39,2,765,0
21016,40,2,4298,0.1
21016,8,2,659,0
21016,33,1,2132,0.05
21017,1,1,2760,0
21018,4,2,3867,0.1
21018,29,1,410,0
21018,46,1,1604,0
21019,48,1,4805,0
21020,39,1,765,0.15
21021,46,3,1604,0.15
21021,10,2,3960,0
21022,19,3,2578,0
21022,47,2,365,0.2
21022,56,1,2279,0.2
21023,59,1,954,0
21024,57,1,3486,0
21025,10,1,3960,0.05
21025,33,3,2132,0
21025,55,1,4377,0.05
21026,22,1,131,0.15
21027,8,2,659,0.15
21027,50,2,4645,0.1
21027,54,1,273,0.1
21028,41,1,4560,0.2
21029,54,1,273,0
21030,20,1,4963,0
21030,57,2,3486,0.1
21031,24,1,2210,0
21031,7,1,2555,0
21031,36,1,460,0
21032,33,1,2132,0.1
21032,58,2,124,0
21033,49,2,2121,0.2
21033,38,1,976,0
21033,11,2,4549,0.05
21033,4,1,3867,0.05
21034,26,1,438,0.2
21034,27,1,2377,0
21034,18,1,4405,0.2
21035,30,2,3732,0.05
21036,16,1,2872,0.1
21036,54,1,273,0
21037,31,1,3571,0
21037,6,1,3871,0.05
21037,4,3,3867,0
21038,50,1,4645,0.05
21039,52,2,2641,0.05
21040,47,2,365,0
21040,15,1,3944,0.05
21041,9,1,1527,0
21041,46,2,1604,0.05
21042,50,2,4645,0
21042,3,1,3882,0.05
21042,46,1,1604,0
21043,49,2,2121,0
21043,24,1,2210,0.05
21043,19,2,2578,0.15
21044,3,1,3882,0.05
21045,22,1,131,0.15
21045,41,1,4560,0.15
21045,35,1,2084,0.1
21046,56,1,2279,0.1
21046,56,2,2279,0.05
21047,50,1,4645,0
21047,24,1,2210,0
21047,58,1,124,0.15
21048,52,2,2641,0.1
21048,40,2,4298,0.05
21048,12,2,2578,0.05
21048,40,2,4298,0.05
21049,3,1,3882,0.1
21050,18,1,4405,0.05
21051,33,1,2132,0
21051,31,1,3571,0.1
21051,33,2,2132,0.1
21052,30,1,3732,0
21052,32,1,2083,0
21052,3,1,3882,0.1
21053,41,1,4560,0
21054,30,1,3732,0.05
21054,29,1,410,0.1
21055,42,3,641,0.05
21055,1,1,2760,0.1
21056,52,1,2641,0
21056,26,1,438,0
21057,17,1,1925,0.2
21058,55,1,4377,0.2
21058,3,1,3882,0
21059,36,1,460,0.1
21059,37,1,189,0
21060,10,2,3960,0.05
21060,14,3,3770,0
21060,33,1,2132,0
21060,39,1,765,0.05
21061,55,1,4377,0.1
21062,41,1,4560,0.2
21062,37,1,189,0.05
21063,58,1,124,0.05
21063,24,1,2210,0.1
21063,12,1,2578,0
21064,33,1,2132,0
21064,5,2,207,0.05
21065,51,1,2621,0.1
21065,27,1,2377,0.1
21066,6,1,3871,0.1
21066,48,1,4805,0
21067,4,1,3867,0.05
21068,56,1,2279,0
21069,7,1,2555,0
21070,1,1,2760,0
21070,13,1,283,0.1
21070,9,2,1527,0
21070,29,2,410,0.05
21071,24,1,2210,0.1
21071,55,1,4377,0
21071,48,3,4805,0
21072,55,1,4377,0
21073,46,1,1604,0
21074,8,2,659,0.1
21075,41,1,4560,0.15
21076,37,2,189,0.05
21076,19,2,2578,0.1
21076,4,1,3867,0
21077,1,1,2760,0.05
21077,44,1,1674,0.1
21078,34,1,1026,0.1
21078,25,1,938,0.15
21079,10,1,3960,0.05
21079,32,2,2083,0.2
21080,14,1,3770,0
21081,24,1,2210,0.1
21082,31,2,3571,0.05
21082,45,1,1847,0
21082,27,2,2377,0.05
21083,35,1,2084,0.1
21084,4,2,3867,0.1
21084,49,2,2121,0.05
21084,28,1,3031,0
21084,10,1,3960,0.1
21085,31,1,3571,0.1
21085,47,1,365,0.1
21086,13,2,283,0
21086,1,1,2760,0.05
21086,4,1,3867,0.05
21086,57,1,3486,0
21087,25,1,938,0
21087,21,1,572,0.05
21088,37,1,189,0.05
21089,12,1,2578,0
21089,49,1,2121,0
21089,27,1,2377,0.05
21090,38,1,976,0.1
21091,14,1,3770,0.2
21091,15,2,3944,0.1
21091,20,1,4963,0
21092,35,1,2084,0.05
21092,13,1,283,0
21093,56,2,2279,0.2
21093,4,1,3867,0
21093,37,1,189,0
21094,48,1,4805,0
21095,6,1,3871,0
21095,58,3,124,0
21095,38,2,976,0.1
21096,17,1,1925,0
21097,54,1,273,0.05
21097,56,1,2279,0
21098,47,1,365,0
21099,20,1,4963,0.1
21100,42,1,641,0.05
21100,47,3,365,0.05
21100,60,1,1642,0.1
21101,27,1,2377,0.05
21102,3,1,3882,0
21102,54,1,273,0.05
21102,31,1,3571,0.1
21103,1,1,2760,0
21103,41,1,4560,0
21104,45,1,1847,0.1
21104,17,1,1925,0.05
21105,12,2,2578,0
21106,10,1,3960,0
21106,14,1,3770,0.05
21106,9,2,1527,0.05
21107,26,1,438,0
21108,30,2,3732,0.2
21108,55,1,4377,0.05
21108,41,2,4560,0.05
21109,60,1,1642,0
21109,33,2,2132,0
21109,6,1,3871,0
21109,15,2,3944,0
21110,27,2,2377,0.1
21110,12,3,2578,0.1
21110,46,2,1604,0
21111,27,2,2377,0.05
21112,54,2,273,0.1
21113,5,1,207,0.1
21114,40,1,4298,0
21114,28,2,3031,0.05
21115,42,1,641,0.05
21116,48,1,4805,0
21116,41,1,4560,0.1
21117,50,1,4645,0
21117,59,2,954,0.15
21117,33,1,2132,0.15
21118,54,3,273,0
21118,25,2,938,0.1
21119,46,2,1604,0.1
21120,50,2,4645,0
21120,36,1,460,0.1
21120,4,2,3867,0.1
21121,5,1,207,0
21121,36,1,460,0.1
21121,9,2,1527,0.1
21122,48,1,4805,0.05
21122,6,2,3871,0
21122,24,2,2210,0
21122,11,1,4549,0.15
21123,51,1,2621,0.15
21124,18,2,4405,0.05
21124,41,1,4560,0.05
21125,41,2,4560,0.1
21125,22,1,131,0
21126,39,1,765,0.2
21127,60,1,1642,0.1
21127,38,3,976,0
21127,56,1,2279,0
21128,20,1,4963,0
21128,8,1,659,0.05
21129,3,1,3882,0.05
21129,34,2,1026,0
21129,47,1,365,0
21130,41,1,4560,0.05
21130,17,1,1925,0
21131,59,2,954,0.1
21131,57,1,3486,0.1
21131,50,1,4645,0
21132,19,1,2578,0
21132,41,2,4560,0
21133,60,1,1642,0.2
21134,51,1,2621,0.1
21134,19,1,2578,0
21135,8,2,659,0
21136,1,1,2760,0
21136,24,2,2210,0.1
21137,31,1,3571,0.05
21137,13,3,283,0
21138,12,2,2578,0
21139,22,1,131,0.2
21139,8,1,659,0
21140,30,1,3732,0
21141,23,1,2084,0.05
21141,15,1,3944,0.15
21142,29,1,410,0.05
21143,14,2,3770,0.05
21144,43,1,2654,0.1
21145,49,2,2121,0.15
21145,9,1,1527,0
21146,41,2,4560,0
21146,44,1,1674,0
21147,28,1,3031,0.15
21148,23,2,2084,0.05
21149,14,1,3770,0.05
21150,48,1,4805,0.05
21151,47,2,365,0.05
21151,58,1,124,0.05
21152,48,1,4805,0
21152,53,1,1408,0.05
21153,56,1,2279,0.1
21153,37,1,189,0.2
21153,36,2,460,0
21154,43,1,2654,0.05
21154,34,2,1026,0.15
21155,40,2,4298,0.05
21156,21,2,572,0.2
21157,44,1,1674,0
21157,48,1,4805,0.1
21158,30,1,3732,0.1
21158,36,2,460,0
21159,24,1,2210,0
21160,6,3,3871,0.1
21161,16,1,2872,0.2
21162,24,1,2210,0.05
21163,11,1,4549,0.05
21163,27,1,2377,0.15
21163,27,1,2377,0
21164,42,1,641,0
21164,19,1,2578,0.05
21165,44,2,1674,0
21166,30,1,3732,0
21166,26,1,438,0.05
21166,37,1,189,0
21166,46,1,1604,0
21167,27,1,2377,0.05
21167,59,1,954,0.05
21168,7,1,2555,0
21169,19,1,2578,0
21169,28,1,3031,0
21169,32,3,2083,0.2
21170,47,1,365,0
21170,49,2,2121,0
21170,27,1,2377,0
21170,45,1,1847,0.15
21171,2,2,1368,0.15
21171,23,1,2084,0
21172,25,2,938,0.05
21173,36,1,460,0
21174,38,1,976,0
21174,48,1,4805,0.1
21175,4,1,3867,0
21175,7,2,2555,0.05
21176,13,1,283,0.1
21177,11,1,4549,0.05
21177,38,1,976,0.15
21178,57,2,3486,0
21178,22,1,131,0.05
21179,31,1,3571,0
21179,10,1,3960,0
21180,10,1,3960,0.1
21180,48,1,4805,0.05
21181,39,1,765,0.05
21181,38,1,976,0
21182,14,1,3770,0
21183,57,2,3486,0.2
21184,53,1,1408,0.2
21184,57,1,3486,0.1
21184,20,3,4963,0.1
21184,24,1,2210,0
21185,60,1,1642,0.15
21185,15,1,3944,0
21186,44,1,1674,0.05
21186,3,2,3882,0
21187,30,1,3732,0.1
21187,33,2,2132,0
21187,50,1,4645,0
21187,40,1,4298,0.1
21188,36,2,460,0
21188,28,1,3031,0.05
21188,42,1,641,0.1
21189,25,1,938,0
21190,53,1,1408,0.1
21190,30,1,3732,0.05
21190,50,1,4645,0
21190,56,3,2279,0.1
21191,31,2,3571,0
21192,19,1,2578,0.1
21192,26,1,438,0
21192,59,2,954,0.05
21193,51,2,2621,0.1
21193,6,1,3871,0.1
21194,8,1,659,0
21195,10,1,3960,0
21196,60,1,1642,0.15
21197,5,1,207,0.1
21197,48,1,4805,0.1
21197,33,1,2132,0
21198,51,1,2621,0.15
21199,13,2,283,0.05
21199,39,1,765,0
21200,50,1,4645,0
21200,13,1,283,0.05
21201,31,1,3571,0.15
21201,33,1,2132,0.2
21201,24,1,2210,0.05
21202,11,1,4549,0
21203,36,2,460,0
21203,23,1,2084,0.1
21204,57,2,3486,0
21204,32,1,2083,0.05
21205,4,2,3867,0.1
21205,38,2,976,0.1
21206,38,1,976,0.2
21207,5,2,207,0
21207,42,1,641,0
21208,50,1,4645,0
21208,29,1,410,0.15
21208,31,1,3571,0.1
21209,36,1,460,0.05
21209,4,1,3867,0.2
21209,38,1,976,0
21209,18,1,4405,0
21210,16,1,2872,0.15
21210,5,1,207,0.05
21210,31,1,3571,0
21211,52,1,2641,0.1
21212,32,1,2083,0
21212,28,1,3031,0
21212,18,2,4405,0.05
21213,57,2,3486,0.1
21213,26,1,438,0.05
21214,52,1,2641,0
21214,59,1,954,0
21215,22,1,131,0.05
21216,39,1,765,0.05
21217,29,1,410,0.05
21217,28,1,3031,0
21218,57,1,3486,0.1
21218,50,1,4645,0
21219,19,1,2578,0
21219,4,1,3867,0.1
21220,34,1,1026,0
21220,42,1,641,0.1
21221,1,1,2760,0
21221,47,2,365,0
21222,31,1,3571,0.05
21223,54,1,273,0.15
21224,23,2,2084,0.1
21225,45,1,1847,0.1
21226,7,1,2555,0.05
21226,55,2,4377,0
21227,19,1,2578,0.05
21227,7,1,2555,0.05
21227,31,1,3571,0.2
21228,13,1,283,0
21228,28,1,3031,0
21228,13,1,283,0.05
21229,22,3,131,0.05
21230,51,2,2621,0.1
21231,4,1,3867,0.05
21231,2,2,1368,0.05
21231,13,1,283,0.05
21232,49,2,2121,0.05
21232,11,1,4549,0
21232,15,1,3944,0.05
21233,55,1,4377,0
21233,16,1,2872,0
21234,14,1,3770,0.05
21235,27,1,2377,0.15
21236,39,2,765,0.05
21237,57,1,3486,0.15
21237,56,1,2279,0.05
21238,27,1,2377,0.15
21238,58,1,124,0
21238,52,1,2641,0
21239,7,1,2555,0
21239,9,1,1527,0.1
21239,4,1,3867,0
21240,27,1,2377,0
21241,40,1,4298,0.2
21242,34,1,1026,0
21242,19,1,2578,0
21242,45,1,1847,0
21242,57,1,3486,0.15
21243,43,1,2654,0
21244,2,1,1368,0.1
21244,12,1,2578,0.1
21245,16,1,2872,0.2
21245,12,2,2578,0.15
21246,14,1,3770,0
21246,28,3,3031,0.05
21246,34,1,1026,0.05
21247,21,1,572,0.1
21247,4,1,3867,0.05
21247,54,1,273,0
21248,28,1,3031,0
21249,15,2,3944,0.05
21249,2,1,1368,0
21250,12,1,2578,0.05
21251,27,1,2377,0.1
21251,41,2,4560,0.05
21251,49,1,2121,0.15
21251,52,1,2641,0.05
21252,60,1,1642,0
21253,42,1,641,0.15
21253,15,1,3944,0.05
21253,39,1,765,0
21254,11,1,4549,0.1
21255,13,2,283,0.05
21255,14,1,3770,0.05
21256,45,1,1847,0
21256,46,1,1604,0.15
21256,34,1,1026,0.1
21257,37,2,189,0.2
21258,19,2,2578,0.15
21258,29,1,410,0
21259,34,2,1026,0.05
21259,7,1,2555,0
21259,51,1,2621,0.05
21259,49,2,2121,0.15
21260,45,2,1847,0.2
21260,7,1,2555,0.1
21261,7,1,2555,0.05
21261,58,1,124,0
21261,49,1,2121,0
21262,57,2,3486,0.05
21262,44,1,1674,0.1
21263,60,1,1642,0.05
21264,19,1,2578,0
21264,7,3,2555,0.05
21265,22,1,131,0
21265,49,1,2121,0.1
21265,52,1,2641,0.1
21266,50,1,4645,0.05
21266,52,1,2641,0.2
21266,21,1,572,0
21266,23,1,2084,0
21267,33,1,2132,0.15
21267,12,1,2578,0
21268,2,1,1368,0.15
21269,51,1,2621,0
21270,51,1,2621,0.1
21270,37,1,189,0
21271,34,1,1026,0.05
21272,5,1,207,0
21273,7,1,2555,0
21274,14,1,3770,0.05
21275,43,2,2654,0.1
21275,20,2,4963,0
21276,24,1,2210,0.15
21277,17,1,1925,0.1
21277,51,1,2621,0.1
21278,38,1,976,0
21278,1,2,2760,0.1
21279,7,1,2555,0.15
21279,1,2,2760,0.1
21280,7,1,2555,0.1
21281,28,2,3031,0.1
21282,32,1,2083,0.15
21282,52,3,2641,0.05
21283,27,1,2377,0.1
21283,49,1,2121,0.05
21284,6,1,3871,0.1
21285,57,1,3486,0.15
21286,1,1,2760,0.1
21286,40,1,4298,0
21287,4,3,3867,0.1
21287,10,1,3960,0
21287,15,1,3944,0
21288,20,1,4963,0.1
21288,35,1,2084,0.05
21289,21,3,572,0
21289,21,3,572,0
21290,43,1,2654,0
21290,30,1,3732,0.05
21290,47,1,365,0
21291,17,1,1925,0
21291,2,1,1368,0.15
21291,10,1,3960,0
21291,47,1,365,0.05
21292,13,3,283,0
21293,49,1,2121,0.1
21293,31,2,3571,0.05
21293,8,1,659,0
21294,5,1,207,0
21295,7,2,2555,0
21295,33,2,2132,0
21296,25,1,938,0.15
21296,57,1,3486,0.15
21297,24,1,2210,0.05
21298,48,1,4805,0
21298,33,1,2132,0.05
21299,43,2,2654,0
21299,31,1,3571,0.15
21300,51,1,2621,0
21300,20,1,4963,0.15
21300,17,1,1925,0
21301,49,1,2121,0
21302,20,1,4963,0
21303,56,1,2279,0
21304,20,1,4963,0.05
21305,13,1,283,0.05
21305,28,1,3031,0
21306,13,1,283,0
21306,15,1,3944,0.1
21306,21,1,572,0.1
21306,40,1,4298,0.05
21307,20,2,4963,0
21307,46,1,1604,0
21308,29,2,410,0.05
21309,40,1,4298,0
21310,30,1,3732,0
21311,60,1,1642,0
21312,6,1,3871,0.15
21312,14,1,3770,0.05
21312,33,2,2132,0
21313,52,1,2641,0.05
21313,23,1,2084,0.1
21313,40,1,4298,0.15
21314,15,1,3944,0
21315,4,1,3867,0
21315,50,1,4645,0
21316,17,2,1925,0.1
21317,52,2,2641,0
21317,57,2,3486,0.05
21317,35,2,2084,0.05
21318,4,2,3867,0.05
21318,11,1,4549,0.15
21318,14,2,3770,0
21318,41,2,4560,0.2
21319,5,1,207,0.05
21319,39,1,765,0
21320,28,2,3031,0.15
21321,42,1,641,0.1
21322,52,1,2641,0.1
21322,19,1,2578,0
21323,41,1,4560,0
21324,3,1,3882,0.1
21324,35,1,2084,0.05
21324,13,2,283,0.05
21325,60,2,1642,0.1
21325,45,2,1847,0.05
21325,19,2,2578,0
21326,18,2,4405,0.1
21326,17,1,1925,0
21326,26,1,438,0
21327,43,1,2654,0.1
21328,39,1,765,0.1
21328,10,1,3960,0
21328,37,1,189,0
21328,28,1,3031,0.05
21329,2,2,1368,0
21330,7,1,2555,0.05
21330,11,1,4549,0
21330,19,1,2578,0.05
21330,29,1,410,0
21331,6,2,3871,0
21332,47,2,365,0
21332,13,1,283,0.2
21333,33,1,2132,0
21334,7,1,2555,0
21334,6,1,3871,0.05
21335,35,1,2084,0.2
21336,57,1,3486,0.05
21337,41,1,4560,0.05
21337,15,2,3944,0.05
21337,18,1,4405,0
21337,16,1,2872,0.1
21338,1,1,2760,0
21338,50,1,4645,0
21339,51,1,2621,0.05
21339,14,1,3770,0.05
21340,60,2,1642,0
21340,5,1,207,0
21341,9,1,1527,0
21341,19,1,2578,0.05
21342,48,1,4805,0.05
21343,37,1,189,0.15
21343,8,1,659,0.1
21343,28,1,3031,0.05
21343,37,1,189,0.05
21344,41,1,4560,0.1
21345,22,3,131,0.05
21346,50,1,4645,0.05
21347,10,1,3960,0
21348,30,2,3732,0.05
21348,40,2,4298,0.15
21348,6,1,3871,0
21349,21,1,572,0
21349,41,2,4560,0.1
21349,1,1,2760,0
21350,44,2,1674,0
21350,34,1,1026,0
21350,2,3,1368,0.15
21350,20,3,4963,0
21351,25,1,938,0.05
21351,18,1,4405,0.15
21352,21,2,572,0.05
21352,19,3,2578,0.05
21353,34,1,1026,0.1
21353,1,1,2760,0.05
21353,32,1,2083,0.05
21354,52,1,2641,0
21355,30,2,3732,0
21356,51,2,2621,0
21356,53,1,1408,0
21357,19,2,2578,0
21358,59,1,954,0.2
21358,18,1,4405,0.2
21358,54,1,273,0.15
21359,41,1,4560,0.2
21359,16,1,2872,0
21360,27,1,2377,0.1
21361,48,1,4805,0.1
21361,24,1,2210,0.15
21362,32,1,2083,0.1
21363,50,1,4645,0.05
21363,22,1,131,0
21364,3,1,3882,0
21364,31,1,3571,0.1
21365,4,1,3867,0
21366,58,1,124,0.05
21366,6,2,3871,0
21366,40,1,4298,0.1
21367,2,1,1368,0.1
21368,28,1,3031,0.15
21368,3,1,3882,0
21369,52,1,2641,0.05
21369,1,2,2760,0.1
21370,52,2,2641,0.1
21371,33,1,2132,0.05
21371,57,1,3486,0.15
21371,19,3,2578,0.15
21372,41,1,4560,0.05
21372,25,1,938,0
21372,38,1,976,0
21373,49,1,2121,0
21374,29,1,410,0.1
21374,12,3,2578,0.05
21375,30,1,3732,0.15
21375,50,1,4645,0
21376,2,1,1368,0
21376,29,2,410,0.1
21377,30,1,3732,0.05
21378,44,1,1674,0.05
21378,48,1,4805,0
21378,8,2,659,0.05
21379,49,1,2121,0.15
21379,12,1,2578,0.05
21379,32,1,2083,0.15
21380,1,1,2760,0.15
21381,39,1,765,0
21381,16,2,2872,0
21381,38,2,976,0
21382,6,1,3871,0.05
21382,6,1,3871,0
21382,32,1,2083,0.1
21382,31,1,3571,0
21383,35,1,2084,0
21383,42,1,641,0
21384,1,1,2760,0
21384,1,2,2760,0.05
21384,56,2,2279,0
21384,27,1,2377,0.05
21385,17,1,1925,0.05
21386,55,1,4377,0.1
21387,50,1,4645,0
21387,27,2,2377,0.1
21387,57,1,3486,0.1
21388,57,1,3486,0.15
21388,39,1,765,0.2
21389,39,1,765,0.15
21390,3,1,3882,0.1
21391,40,1,4298,0.1
21391,4,2,3867,0
21392,42,2,641,0.15
21392,43,1,2654,0.1
21393,54,2,273,0.15
21394,13,1,283,0
21395,39,2,765,0
21395,13,1,283,0
21395,12,1,2578,0
21396,44,1,1674,0.1
21396,35,2,2084,0
21396,19,1,2578,0.1
21397,19,1,2578,0
21397,40,1,4298,0
21397,40,3,4298,0.05
21397,57,1,3486,0.15
21398,52,2,2641,0.1
21398,24,1,2210,0.15
21398,44,1,1674,0.1
21398,17,1,1925,0
21399,32,2,2083,0.15
21399,36,3,460,0
21400,33,2,2132,0.15
21401,36,1,460,0.1
21401,43,1,2654,0
21402,6,2,3871,0.15
21403,54,1,273,0.2
21404,1,2,2760,0
21404,1,2,2760,0
21404,8,1,659,0
21404,50,1,4645,0.05
21405,30,1,3732,0
21405,43,1,2654,0.05
21405,26,1,438,0.1
21406,33,2,2132,0
21406,43,2,2654,0
21407,23,1,2084,0
21408,22,1,131,0.2
21408,50,1,4645,0.1
21408,15,1,3944,0.1
21409,12,1,2578,0.1
21409,6,1,3871,0
21409,11,1,4549,0.05
21410,38,1,976,0.2
21410,49,1,2121,0.1
21410,5,1,207,0.05
21411,22,1,131,0.1
21412,60,1,1642,0.05
21412,38,2,976,0.1
21412,14,1,3770,0.15
21413,7,3,2555,0.05
21414,44,1,1674,0.1
21414,30,1,3732,0
21414,43,1,2654,0.1
21415,47,1,365,0.15
21416,17,1,1925,0
21417,8,1,659,0
21418,13,1,283,0
21419,15,2,3944,0.05
21419,15,3,3944,0.2
21419,39,1,765,0
21420,6,2,3871,0
21420,36,1,460,0.15
21421,50,2,4645,0
21421,58,2,124,0
21422,20,1,4963,0
21422,39,1,765,0
21423,12,1,2578,0
21423,22,1,131,0
21423,3,1,3882,0.15
21424,24,1,2210,0
21425,15,1,3944,0
21425,43,1,2654,0.1
21426,32,1,2083,0.1
21427,11,1,4549,0.15
21427,3,1,3882,0.1
21427,20,1,4963,0
21428,40,1,4298,0.1
21428,41,3,4560,0.1
21429,11,1,4549,0.05
21430,9,1,1527,0.15
21431,44,1,1674,0.05
21432,55,1,4377,0.05
21432,8,1,659,0.1
21432,25,2,938,0.2
21432,39,3,765,0
21433,48,2,4805,0.05
21433,52,2,2641,0
21433,42,3,641,0.1
21434,59,1,954,0.15
21435,55,1,4377,0
21435,24,1,2210,0
21436,43,1,2654,0
21437,49,1,2121,0.05
21437,19,1,2578,0.05
21438,44,1,1674,0.15
21438,14,1,3770,0
21439,25,2,938,0
21440,57,1,3486,0
21441,4,3,3867,0.1
21441,14,1,3770,0.05
21441,20,3,4963,0
21441,24,1,2210,0.05
21442,48,1,4805,0.05
21442,57,1,3486,0.15
21442,57,2,3486,0
21443,35,1,2084,0
21444,48,1,4805,0.1
21445,42,1,641,0.1
21446,30,2,3732,0.05
21447,18,1,4405,0
21448,45,1,1847,0.1
21449,51,1,2621,0.05
21450,14,1,3770,0.05
21450,56,1,2279,0.2
21450,2,2,1368,0.05
21450,35,1,2084,0
21451,20,1,4963,0.1
21452,44,1,1674,0.05
21452,29,1,410,0.2
21453,49,1,2121,0.05
21454,25,1,938,0.05
21454,44,1,1674,0
21455,39,1,765,0.1
21455,14,1,3770,0
21456,31,1,3571,0.1
21457,27,2,2377,0.1
21457,41,1,4560,0.05
21457,37,1,189,0
21457,3,1,3882,0.1
21458,49,1,2121,0.1
21458,41,1,4560,0
21458,56,2,2279,0.15
21459,29,1,410,0
21459,37,1,189,0.1
21460,30,1,3732,0
21461,47,2,365,0.15
21462,33,1,2132,0
21462,2,1,1368,0
21462,34,1,1026,0.1
21462,31,2,3571,0.05
21463,49,1,2121,0
21463,1,1,2760,0.1
21464,20,1,4963,0.05
21464,41,1,4560,0
21465,10,1,3960,0.15
21465,52,1,2641,0
21465,58,1,124,0.05
21466,24,1,2210,0.05
21467,30,1,3732,0.05
21468,29,2,410,0.05
21469,46,1,1604,0.05
21469,10,1,3960,0.1
21470,45,1,1847,0.15
21471,33,1,2132,0.05
21471,28,1,3031,0.1
21471,6,3,3871,0
21472,59,1,954,0.2
21472,16,1,2872,0
21473,58,2,124,0.1
21473,10,2,3960,0.2
21474,23,2,2084,0.1
21475,33,1,2132,0.05
21476,27,1,2377,0.05
21477,10,3,3960,0.1
21477,54,1,273,0
21478,22,1,131,0.05
21478,2,1,1368,0.2
21479,49,1,2121,0.1
21479,22,1,131,0.1
21479,12,1,2578,0
21480,36,1,460,0
21480,23,1,2084,0.05
21481,27,1,2377,0
21481,30,1,3732,0
21481,43,1,2654,0
21482,2,1,1368,0.1
21482,6,1,3871,0.05
21482,53,1,1408,0.15
21483,22,1,131,0
21483,5,1,207,0.05
21484,2,1,1368,0.05
21484,33,2,2132,0.1
21485,38,1,976,0.1
21485,3,1,3882,0.15
21486,7,1,2555,0.05
21487,19,2,2578,0.05
21487,5,1,207,0.05
21488,7,1,2555,0
21488,58,2,124,0
21488,31,3,3571,0
21488,2,1,1368,0.05
21489,48,1,4805,0
21489,49,2,2121,0.05
21489,36,1,460,0
21490,19,1,2578,0
21491,35,3,2084,0
21491,52,1,2641,0.1
21492,30,1,3732,0
21492,2,1,1368,0
21493,26,1,438,0
21493,2,1,1368,0.15
21494,19,1,2578,0.05
21495,35,1,2084,0.05
21496,37,1,189,0.05
21497,21,1,572,0.05
21498,6,1,3871,0.1
21498,42,1,641,0
21498,28,1,3031,0.1
21498,22,1,131,0.15
21499,7,2,2555,0.05
21499,48,1,4805,0.15
21499,30,1,3732,0
21500,17,2,1925,0.15
21501,30,2,3732,0
21502,5,3,207,0.1
21503,52,1,2641,0
21503,57,2,3486,0
21504,27,1,2377,0.2
21504,45,1,1847,0.1
21505,25,2,938,0.15
21506,40,1,4298,0.05
21507,7,1,2555,0.05
21507,3,2,3882,0.05
21507,30,1,3732,0.05
21508,31,1,3571,0
21509,52,1,2641,0.15
21510,23,1,2084,0.1
21511,49,1,2121,0.1
21512,46,3,1604,0
21512,46,1,1604,0
21513,2,1,1368,0.05
21513,58,1,124,0
21514,41,1,4560,0.05
21514,50,1,4645,0
21515,35,1,2084,0.05
21515,10,1,3960,0.15
21515,6,1,3871,0.1
21516,18,1,4405,0
21516,4,3,3867,0.1
21516,3,2,3882,0
21517,44,1,1674,0
21517,35,2,2084,0
21518,20,1,4963,0.05
21518,21,1,572,0
21518,8,1,659,0
21519,53,1,1408,0.15
21519,32,1,2083,0
21520,41,1,4560,0
21521,50,1,4645,0.15
21521,41,1,4560,0.05
21522,1,1,2760,0
21522,35,1,2084,0.05
21523,6,1,3871,0.15
21523,58,1,124,0.15
21523,12,1,2578,0
21524,51,1,2621,0.05
21525,30,1,3732,0.05
21525,39,1,765,0
21526,57,1,3486,0.05
21526,3,1,3882,0
21526,4,1,3867,0.15
21526,21,1,572,0
21527,59,1,954,0.05
21528,31,2,3571,0.05
21528,39,1,765,0.2
21528,40,3,4298,0.1
21529,25,1,938,0.1
21530,40,1,4298,0.15
21530,11,3,4549,0
21531,23,1,2084,0.1
21532,27,1,2377,0.1
21532,22,3,131,0.1
21533,56,1,2279,0.05
21533,11,1,4549,0.1
21534,36,1,460,0.1
21534,59,2,954,0
21535,15,2,3944,0.15
21535,52,2,2641,0
21536,52,1,2641,0.05
21536,12,1,2578,0
21536,51,1,2621,0.05
21537,5,1,207,0.05
21537,37,1,189,0.1
21537,37,1,189,0.05
21538,17,1,1925,0.1
21538,56,1,2279,0.05
21539,19,1,2578,0
21539,5,1,207,0.05
21539,9,1,1527,0.05
21539,54,1,273,0
21540,44,2,1674,0
21540,11,1,4549,0.05
21541,22,1,131,0
21541,3,1,3882,0.15
21542,3,1,3882,0
21542,31,1,3571,0.1
21542,14,2,3770,0.05
21543,14,1,3770,0.05
21543,8,1,659,0.1
21544,3,1,3882,0.05
21545,43,2,2654,0
21545,36,1,460,0.05
21545,3,1,3882,0.1
21546,60,1,1642,0.2
21546,53,1,1408,0
21547,29,1,410,0
21548,34,1,1026,0.15
21549,37,1,189,0.1
21549,9,2,1527,0
21550,47,1,365,0
21551,11,1,4549,0
21551,31,1,3571,0.1
21551,8,1,659,0.05
21552,59,2,954,0.1
21553,58,1,124,0
21553,12,1,2578,0.1
21554,6,1,3871,0
21555,10,1,3960,0.05
21556,5,1,207,0.05
21557,14,3,3770,0.1
21557,29,2,410,0
21557,57,3,3486,0.05
21558,52,1,2641,0.1
21559,7,1,2555,0.15
21559,27,3,2377,0.1
21560,28,1,3031,0.05
21561,52,1,2641,0
21561,18,1,4405,0.1
21562,27,1,2377,0.1
21562,60,1,1642,0.1
21563,38,1,976,0.1
21563,7,2,2555,0.05
21564,24,1,2210,0
21564,53,1,1408,0
21564,52,1,2641,0
21565,17,1,1925,0
21566,30,1,3732,0.05
21567,47,1,365,0.05
21567,10,1,3960,0
21568,19,1,2578,0.15
21569,42,1,641,0.05
21569,58,1,124,0
21570,4,2,3867,0.2
21570,29,3,410,0.05
21571,26,1,438,0.1
21572,59,1,954,0.05
21572,43,1,2654,0
21572,2,1,1368,0.1
21573,37,1,189,0.05
21573,5,1,207,0
21573,60,1,1642,0.2
21573,32,1,2083,0.05
21574,15,1,3944,0.1
21574,12,1,2578,0
21574,56,1,2279,0.05
21574,31,2,3571,0.05
21575,16,1,2872,0
21575,43,1,2654,0
21575,50,2,4645,0.05
21576,39,2,765,0.1
21576,60,1,1642,0
21576,59,1,954,0
21577,60,3,1642,0.05
21578,48,1,4805,0.1
21578,28,1,3031,0.05
21579,60,1,1642,0.1
21579,56,1,2279,0
21580,42,1,641,0
21581,18,1,4405,0.1
21581,43,1,2654,0
21581,45,1,1847,0
21581,24,1,2210,0
21582,29,1,410,0
21583,25,1,938,0.1
21584,42,1,641,0
21584,15,1,3944,0.15
21584,37,1,189,0.05
21585,45,1,1847,0.15
21586,50,2,4645,0.05
21587,39,1,765,0
21588,20,1,4963,0
21589,31,1,3571,0
21590,30,1,3732,0
21590,16,1,2872,0.2
21590,9,1,1527,0
21591,60,1,1642,0.1
21591,31,1,3571,0.15
21591,1,1,2760,0
21592,15,1,3944,0
21592,1,2,2760,0.1
21593,53,3,1408,0
21593,41,1,4560,0.05
21594,54,3,273,0.05
21594,17,1,1925,0
21594,12,1,2578,0
21594,45,1,1847,0
21595,41,1,4560,0
21595,3,1,3882,0.05
21596,23,2,2084,0.1
21597,50,1,4645,0
21598,45,1,1847,0
21598,50,1,4645,0.1
21599,60,1,1642,0.05
21600,24,1,2210,0.05
21601,14,1,3770,0.1
21602,34,2,1026,0
21602,4,1,3867,0.1
21603,41,1,4560,0
21603,6,1,3871,0.2
21603,3,1,3882,0
21604,10,1,3960,0
21604,60,1,1642,0.15
21605,13,1,283,0
21605,41,1,4560,0
21605,41,1,4560,0.05
21606,17,1,1925,0.1
21607,29,1,410,0.1
21607,40,1,4298,0.2
21608,34,1,1026,0.05
21608,46,1,1604,0.15
21609,32,2,2083,0.1
21610,34,1,1026,0.05
21610,34,1,1026,0
21610,50,1,4645,0
21611,47,1,365,0.1
21611,3,1,3882,0.1
21612,12,1,2578,0.2
21612,5,1,207,0.05
21612,20,2,4963,0
21612,40,1,4298,0.05
21613,2,1,1368,0
21613,52,1,2641,0.2
21614,7,1,2555,0.1
21615,23,1,2084,0.1
21616,35,1,2084,0.05
21616,29,1,410,0
21617,27,1,2377,0.05
21617,10,1,3960,0.15
21618,57,1,3486,0
21619,37,2,189,0
21619,9,1,1527,0
21620,34,1,1026,0.05
21621,15,1,3944,0
21622,1,1,2760,0.05
21622,43,2,2654,0
21623,38,1,976,0
21623,24,1,2210,0.2
21623,42,1,641,0.15
21624,31,1,3571,0.05
21625,5,1,207,0.05
21625,46,1,1604,0.1
21626,35,1,2084,0.1
21627,12,2,2578,0.15
21627,57,1,3486,0
21628,7,2,2555,0.1
21628,15,1,3944,0
21629,35,1,2084,0
21629,9,1,1527,0
21630,24,1,2210,0.2
21630,56,1,2279,0.2
21630,4,2,3867,0
21630,33,1,2132,0
21631,59,1,954,0.05
21631,7,2,2555,0
21632,31,1,3571,0.1
21632,24,1,2210,0.2
21633,24,2,2210,0
21633,59,1,954,0
21633,20,1,4963,0.1
21634,45,1,1847,0
21635,17,1,1925,0.05
21636,6,1,3871,0.1
21636,30,1,3732,0
21637,16,1,2872,0
21637,13,1,283,0.05
21638,45,2,1847,0
21638,45,1,1847,0
21639,45,2,1847,0.05
21639,58,1,124,0.1
21639,20,2,4963,0.05
21640,34,1,1026,0.05
21641,56,1,2279,0
21641,38,2,976,0
21642,36,1,460,0.15
21642,6,1,3871,0.1
21643,35,1,2084,0
21644,9,1,1527,0
21644,54,1,273,0.15
21645,25,1,938,0.1
21645,20,1,4963,0.15
21646,8,1,659,0
21647,1,3,2760,0.1
21647,39,1,765,0
21648,48,1,4805,0
21649,58,1,124,0.15
21650,14,1,3770,0.1
21650,30,2,3732,0.1
21651,18,2,4405,0.05
21651,47,1,365,0.05
21652,51,1,2621,0.05
21652,35,1,2084,0.1
21653,39,1,765,0.2
21653,16,1,2872,0
21654,18,1,4405,0.05
21655,1,3,2760,0.15
21656,18,1,4405,0.1
21657,51,1,2621,0.05
21658,11,1,4549,0.1
21659,32,1,2083,0.2
21660,16,2,2872,0
21660,7,1,2555,0.05
21660,43,3,2654,0
21661,19,1,2578,0.2
21662,21,1,572,0
21662,41,1,4560,0
21663,41,1,4560,0.2
21663,37,1,189,0
21664,9,1,1527,0.1
21665,42,2,641,0
21665,4,1,3867,0
21666,4,1,3867,0.05
21667,59,1,954,0
21668,46,1,1604,0
21669,31,1,3571,0
21670,50,1,4645,0
21670,8,2,659,0.1
21670,34,1,1026,0
21671,47,1,365,0
21672,2,1,1368,0.05
21673,23,2,2084,0
21673,20,2,4963,0
21674,50,1,4645,0
21674,40,1,4298,0
21675,43,1,2654,0.15
21676,50,2,4645,0
21676,52,1,2641,0.1
21677,17,1,1925,0.05
21678,47,1,365,0.05
21678,43,1,2654,0
21678,46,1,1604,0
21679,6,1,3871,0.05
21679,4,1,3867,0
21680,34,1,1026,0.05
21680,49,3,2121,0
21680,54,1,273,0
21681,51,1,2621,0.2
21681,39,2,765,0
21682,30,2,3732,0
21683,32,2,2083,0.15
21684,19,1,2578,0.05
21685,8,1,659,0.1
21685,48,1,4805,0.05
21686,41,2,4560,0.05
21686,38,1,976,0.1
21687,18,1,4405,0
21688,35,1,2084,0.1
21689,32,1,2083,0.1
21689,14,3,3770,0
21690,47,1,365,0.2
21691,21,3,572,0.15
21691,48,1,4805,0
21692,15,3,3944,0.15
21692,14,1,3770,0.05
21692,21,2,572,0.05
21693,30,1,3732,0.1
21693,14,3,3770,0.05
21694,44,1,1674,0
21694,53,1,1408,0.05
21695,43,2,2654,0.2
21695,30,1,3732,0.1
21696,60,1,1642,0.05
21696,45,1,1847,0
21697,60,1,1642,0
21698,27,1,2377,0.1
21698,22,1,131,0.1
21699,46,3,1604,0.05
21699,33,2,2132,0.1
21699,33,1,2132,0
21700,27,1,2377,0.1
21701,4,2,3867,0
21701,54,1,273,0.1
21702,22,2,131,0
21703,43,1,2654,0
21704,17,2,1925,0.05
21704,34,2,1026,0
21704,59,1,954,0.1
21704,60,1,1642,0.15
21705,27,1,2377,0.05
21705,28,1,3031,0
21706,52,1,2641,0.05
21706,3,1,3882,0
21707,2,1,1368,0
21708,27,1,2377,0.05
21708,47,2,365,0
21708,6,1,3871,0
21709,40,3,4298,0
21710,47,1,365,0
21710,48,1,4805,0.15
21711,4,1,3867,0.05
21712,37,1,189,0
21712,17,1,1925,0.15
21713,51,1,2621,0.05
21713,41,2,4560,0
21713,7,1,2555,0.1
21714,20,2,4963,0
21714,22,1,131,0.05
21714,11,1,4549,0.05
21714,27,2,2377,0.15
21715,41,2,4560,0.05
21715,15,1,3944,0
21715,14,1,3770,0.05
21716,48,1,4805,0.15
21716,24,1,2210,0.05
21716,31,1,3571,0
21717,2,1,1368,0.05
21717,8,2,659,0
21718,7,1,2555,0.15
21719,34,1,1026,0
21720,43,1,2654,0.05
21720,58,1,124,0.05
21721,20,1,4963,0
21721,19,1,2578,0
21722,14,3,3770,0
21722,2,2,1368,0
21722,58,1,124,0.05
21723,6,1,3871,0.05
21723,22,1,131,0.05
21723,1,1,2760,0
21724,33,2,2132,0.1
21724,37,2,189,0.05
21724,24,1,2210,0.2
21724,48,1,4805,0
21725,40,1,4298,0.15
21725,57,1,3486,0.05
21726,41,2,4560,0
21726,16,1,2872,0.2
21726,12,3,2578,0
21727,3,3,3882,0.05
21727,10,1,3960,0
21728,4,1,3867,0
21728,26,2,438,0.05
21728,27,1,2377,0.05
21729,6,1,3871,0.2
21730,42,3,641,0
21730,39,1,765,0
21730,50,1,4645,0
21731,59,1,954,0.15
21732,12,1,2578,0.05
21733,29,3,410,0
21733,39,1,765,0.05
21733,34,1,1026,0
21734,5,1,207,0
21734,28,1,3031,0.05
21735,50,1,4645,0
21735,54,1,273,0.15
21736,26,1,438,0.05
21736,2,1,1368,0
21736,40,2,4298,0
21737,11,2,4549,0.05
21738,55,1,4377,0
21738,57,1,3486,0.15
21738,1,2,2760,0
21738,24,2,2210,0
21739,17,1,1925,0
21739,52,1,2641,0.2
21739,44,1,1674,0
21740,4,1,3867,0
21741,35,1,2084,0.15
21741,14,1,3770,0
21741,4,2,3867,0.05
21741,36,1,460,0.15
21742,57,1,3486,0
21743,28,1,3031,0.05
21743,58,2,124,0
21744,51,1,2621,0.1
21744,41,2,4560,0.05
21745,23,1,2084,0.1
21746,55,1,4377,0
21746,5,1,207,0.15
21746,14,2,3770,0.05
21747,53,1,1408,0.1
21748,56,1,2279,0.05
21749,18,2,4405,0
21749,11,1,4549,0.05
21749,19,2,2578,0.05
21750,48,1,4805,0.1
21750,12,1,2578,0.05
21751,14,1,3770,0.1
21752,60,1,1642,0.05
21752,10,3,3960,0.1
21752,51,1,2621,0.1
21753,2,2,1368,0.1
21753,6,1,3871,0
21754,60,1,1642,0
21754,56,2,2279,0
21754,48,1,4805,0.05
21755,26,1,438,0
21755,29,1,410,0.05
21756,42,1,641,0.1
21757,45,2,1847,0
21757,20,2,4963,0.05
21758,47,2,365,0.05
21759,14,1,3770,0
21759,28,1,3031,0.05
21760,38,1,976,0.05
21760,42,1,641,0.1
21760,13,1,283,0
21760,13,1,283,0.15
21761,26,1,438,0
21761,32,1,2083,0.1
21761,16,1,2872,0
21762,52,2,2641,0
21762,34,1,1026,0.2
21763,50,1,4645,0
21763,31,1,3571,0
21763,16,2,2872,0
21764,10,1,3960,0.05
21764,10,2,3960,0
21764,16,3,2872,0.05
21764,46,2,1604,0.1
21765,23,1,2084,0.05
21765,36,1,460,0.05
21766,60,1,1642,0.05
21767,56,1,2279,0.05
21768,39,1,765,0.15
21769,55,1,4377,0.05
21770,52,1,2641,0.05
21770,15,2,3944,0
21771,18,2,4405,0.05
21771,6,2,3871,0.05
21771,20,3,4963,0.15
21772,20,1,4963,0.15
21773,38,1,976,0.2
21773,32,1,2083,0.1
21774,26,1,438,0.05
21774,11,2,4549,0
21774,55,1,4377,0
21775,38,1,976,0.1
21775,13,1,283,0.05
21775,32,1,2083,0.05
21776,9,1,1527,0.1
21777,6,1,3871,0
21778,33,1,2132,0.05
21778,9,1,1527,0
21779,56,1,2279,0.1
21779,55,1,4377,0.2
21779,30,2,3732,0
21779,22,2,131,0.05
21780,12,2,2578,0.05
21781,59,1,954,0
21781,8,1,659,0.05
21782,29,1,410,0.1
21783,47,2,365,0.15
21783,57,1,3486,0
21783,21,2,572,0.05
21783,23,1,2084,0.2
21784,49,1,2121,0.2
21785,15,2,3944,0.05
21786,31,1,3571,0
21787,50,1,4645,0.1
21787,36,1,460,0
21787,44,3,1674,0
21787,29,1,410,0.05
21788,33,1,2132,0.05
21789,33,2,2132,0.05
21789,10,1,3960,0
21790,15,2,3944,0
21790,4,1,3867,0.2
21791,10,2,3960,0.1
21791,27,1,2377,0.05
21791,1,2,2760,0
21792,48,1,4805,0.05
21793,56,1,2279,0.05
21794,49,1,2121,0.15
21795,46,1,1604,0
21796,43,1,2654,0
21796,52,1,2641,0.1
21796,42,1,641,0.2
21797,56,1,2279,0.1
21797,41,1,4560,0.05
21798,55,1,4377,0.1
21798,19,3,2578,0.05
21798,52,2,2641,0.05
21799,16,1,2872,0.05
21799,32,1,2083,0.1
21799,8,2,659,0.1
21800,12,3,2578,0
21800,24,1,2210,0.15
21800,10,1,3960,0.05
21801,59,1,954,0
21802,54,2,273,0
21803,24,1,2210,0
21804,29,1,410,0
21804,45,2,1847,0.05
21804,10,1,3960,0.2
21805,36,1,460,0.1
21805,54,1,273,0.05
21806,56,1,2279,0.05
21806,51,2,2621,0.15
21807,18,1,4405,0.15
21807,53,1,1408,0
21807,52,3,2641,0
21808,38,1,976,0.1
21808,41,2,4560,0.15
21808,2,1,1368,0.05
21809,34,1,1026,0.05
21810,39,1,765,0.05
21811,39,1,765,0
21812,40,2,4298,0.2
21812,1,1,2760,0.05
21813,26,1,438,0
21813,55,1,4377,0
21813,46,1,1604,0
21814,41,1,4560,0.1
21815,32,2,2083,0.2
21816,44,3,1674,0
21816,31,1,3571,0.2
21816,44,1,1674,0
21816,40,3,4298,0
21817,47,1,365,0.2
21817,44,1,1674,0
21818,24,2,2210,0
21818,43,1,2654,0.05
21818,54,2,273,0
21819,59,2,954,0.1
21820,33,1,2132,0.15
21821,54,2,273,0.1
21822,41,1,4560,0
21823,39,1,765,0.05
21823,50,2,4645,0.15
21824,19,2,2578,0
21824,16,2,2872,0.2
21824,19,2,2578,0.1
21825,16,1,2872,0
21826,51,3,2621,0.05
21826,19,1,2578,0.05
21826,49,2,2121,0.05
21826,27,1,2377,0
21827,36,1,460,0
21827,18,1,4405,0.1
21827,43,2,2654,0.2
21828,4,1,3867,0.05
21829,32,1,2083,0.1
21830,31,1,3571,0.05
21830,45,1,1847,0
21831,49,2,2121,0.05
21832,45,1,1847,0.05
21832,1,1,2760,0
21833,6,2,3871,0
21833,49,1,2121,0
21834,47,1,365,0.2
21835,47,1,365,0.05
21835,22,1,131,0.05
21836,50,1,4645,0.05
21837,56,2,2279,0.15
21838,24,1,2210,0.15
21839,41,1,4560,0.05
21840,31,1,3571,0
21841,3,2,3882,0.05
21841,49,1,2121,0
21842,19,2,2578,0
21842,31,2,3571,0
21843,49,1,2121,0
21844,45,1,1847,0.05
21845,19,1,2578,0
21846,55,1,4377,0.05
21847,52,1,2641,0.1
21847,31,1,3571,0
21847,12,1,2578,0.05
21848,49,2,2121,0.1
21848,38,1,976,0
21849,50,3,4645,0
21849,1,2,2760,0
21850,37,1,189,0
21851,49,1,2121,0.05
21852,50,1,4645,0.2
21852,46,1,1604,0.1
21853,5,1,207,0.2
21853,13,1,283,0.05
21853,31,1,3571,0.15
21854,36,1,460,0
21855,15,1,3944,0
21855,27,3,2377,0.05
21855,20,3,4963,0.05
21855,11,3,4549,0
21856,23,1,2084,0.05
21857,47,1,365,0
21858,23,1,2084,0.05
21859,28,1,3031,0
21859,56,3,2279,0.1
21859,26,3,438,0.1
21860,10,2,3960,0
21860,52,3,2641,0.2
21860,42,1,641,0
21860,10,1,3960,0.05
21861,3,1,3882,0.05
21862,20,1,4963,0.05
21863,6,2,3871,0.2
21864,37,1,189,0.05
21864,7,1,2555,0.2
21864,12,1,2578,0
21864,24,1,2210,0
21865,53,1,1408,0.05
21865,54,1,273,0
21866,33,1,2132,0
21867,12,1,2578,0.05
21867,19,2,2578,0.1
21868,28,1,3031,0.1
21869,20,1,4963,0.2
21870,59,1,954,0.05
21870,50,1,4645,0.15
21871,27,1,2377,0
21871,2,1,1368,0
21872,36,1,460,0.1
21872,11,2,4549,0.1
21872,41,1,4560,0
21873,3,1,3882,0.15
21874,46,1,1604,0.05
21874,1,1,2760,0.05
21874,23,1,2084,0.1
21875,49,1,2121,0.15
21876,15,1,3944,0
21877,47,2,365,0.15
21878,35,1,2084,0.05
21879,27,2,2377,0
21880,11,2,4549,0
21880,12,1,2578,0.05
21880,39,2,765,0
21880,24,1,2210,0.2
21881,30,1,3732,0.1
21881,57,1,3486,0.1
21882,33,1,2132,0
21883,55,1,4377,0.05
21884,52,1,2641,0.15
21884,34,1,1026,0
21885,27,1,2377,0.15
21886,32,1,2083,0.05
21886,13,2,283,0
21886,46,1,1604,0.15
21887,11,2,4549,0
21887,20,1,4963,0.05
21887,56,2,2279,0
21887,33,1,2132,0
21888,7,2,2555,0
21889,56,1,2279,0
21890,12,1,2578,0
21890,60,1,1642,0.15
21891,55,1,4377,0.05
21891,15,1,3944,0.2
21892,15,1,3944,0
21892,55,2,4377,0
21892,28,1,3031,0
21893,9,1,1527,0.15
21894,45,1,1847,0.1
21894,28,1,3031,0.1
21894,56,3,2279,0.05
21895,34,1,1026,0.05
21896,43,1,2654,0.05
21896,4,1,3867,0
21897,14,1,3770,0
21898,29,1,410,0
21898,46,1,1604,0.05
21899,54,1,273,0.1
21899,13,1,283,0.05
21899,3,1,3882,0
21900,50,2,4645,0
21900,8,1,659,0.1
21901,25,2,938,0.05
21901,14,2,3770,0.05
21902,30,1,3732,0
21902,1,3,2760,0
21902,14,1,3770,0
21903,48,1,4805,0.05
21903,14,1,3770,0.2
21903,56,3,2279,0.2
21904,60,1,1642,0
21905,11,1,4549,0.15
21905,53,2,1408,0.1
21906,32,1,2083,0.05
21907,16,1,2872,0.05
21907,12,1,2578,0
21908,9,1,1527,0
21909,13,1,283,0
21910,42,1,641,0.15
21910,26,1,438,0.1
21911,11,3,4549,0.05
21911,17,3,1925,0.05
21911,51,2,2621,0.1
21911,27,1,2377,0
21912,57,2,3486,0.05
21912,40,1,4298,0.05
21912,33,1,2132,0.2
21913,2,2,1368,0.1
21913,5,2,207,0
21913,17,1,1925,0.1
21914,54,1,273,0
21914,7,1,2555,0.05
21915,35,1,2084,0.1
21916,56,1,2279,0
21916,7,1,2555,0
21917,45,1,1847,0.05
21918,31,3,3571,0.05
21918,27,1,2377,0.1
21918,37,3,189,0.05
21919,55,3,4377,0
21919,36,2,460,0.1
21920,16,1,2872,0.05
21921,53,1,1408,0
21921,2,1,1368,0
21922,14,1,3770,0
21923,13,1,283,0
21923,27,1,2377,0
21923,26,1,438,0.1
21924,32,1,2083,0.05
21924,14,1,3770,0
21924,35,1,2084,0
21925,32,1,2083,0
21925,19,1,2578,0
21926,52,1,2641,0.2
21927,4,1,3867,0.1
21928,27,1,2377,0.05
21928,26,1,438,0.1
21928,6,1,3871,0.1
21929,46,1,1604,0
21930,55,1,4377,0
21931,11,1,4549,0.2
21931,50,2,4645,0
21932,47,1,365,0.15
21932,50,1,4645,0.1
21933,56,1,2279,0.1
21934,21,1,572,0
21934,36,1,460,0
21935,20,1,4963,0
21936,22,1,131,0
21937,48,1,4805,0.1
21937,15,2,3944,0.1
21937,1,1,2760,0
21938,29,1,410,0
21938,36,1,460,0
21938,55,1,4377,0
21939,35,1,2084,0.05
21940,44,1,1674,0.05
21940,47,1,365,0.15
21941,17,1,1925,0.05
21942,26,1,438,0.05
21942,59,2,954,0.15
21943,29,2,410,0.05
21944,16,1,2872,0.05
21944,28,1,3031,0
21945,11,1,4549,0.1
21946,27,1,2377,0.05
21946,52,1,2641,0.05
21946,8,1,659,0.1
21946,1,1,2760,0
21947,40,1,4298,0.05
21947,31,2,3571,0.05
21948,47,1,365,0.1
21948,52,2,2641,0.15
21949,53,2,1408,0
21949,18,1,4405,0.1
21950,5,1,207,0.1
21950,29,1,410,0.1
21951,14,1,3770,0.1
21951,55,1,4377,0
21951,46,1,1604,0
21951,28,1,3031,0.1
21952,52,1,2641,0.1
21952,5,1,207,0.05
21953,3,1,3882,0.05
21954,45,1,1847,0.05
21955,30,1,3732,0.15
21955,23,1,2084,0
21956,33,1,2132,0
21956,11,1,4549,0.2
21957,56,2,2279,0
21958,36,1,460,0
21958,40,1,4298,0.1
21959,30,1,3732,0.15
21959,25,1,938,0.05
21960,57,1,3486,0.05
21961,15,3,3944,0.1
21961,30,2,3732,0
21961,16,1,2872,0.05
21962,40,1,4298,0.05
21963,50,1,4645,0.2
21964,55,1,4377,0.05
21965,33,1,2132,0
21966,28,1,3031,0
21967,52,1,2641,0.05
21967,6,1,3871,0.15
21967,15,1,3944,0.05
21967,54,1,273,0
21968,6,1,3871,0
21969,53,1,1408,0.15
21970,58,1,124,0
21971,1,3,2760,0
21971,30,2,3732,0
21972,50,1,4645,0
21972,45,1,1847,0.05
21973,36,1,460,0.05
21973,12,1,2578,0
21973,40,1,4298,0.15
21974,26,1,438,0.1
21975,48,2,4805,0.15
21975,51,2,2621,0.05
21975,31,2,3571,0
21976,36,1,460,0
21977,43,1,2654,0
21978,18,1,4405,0.05
21978,40,1,4298,0.1
21978,56,2,2279,0
21978,21,1,572,0.1
21979,29,2,410,0
21979,22,1,131,0
21980,43,3,2654,0.05
21980,42,1,641,0.2
21980,45,1,1847,0.1
21981,35,1,2084,0.1
21981,10,1,3960,0.05
21982,39,1,765,0
21982,38,2,976,0.1
21982,42,1,641,0.05
21983,26,1,438,0.05
21983,40,1,4298,0.05
21984,10,2,3960,0
21984,29,1,410,0.05
21984,58,1,124,0.05
21984,54,1,273,0.1
21985,27,1,2377,0.1
21985,35,1,2084,0.15
21986,38,1,976,0.1
21987,32,1,2083,0
21987,35,2,2084,0
21988,5,1,207,0.05
21989,38,1,976,0.2
21990,43,1,2654,0
21990,38,1,976,0
21991,40,1,4298,0.1
21991,4,2,3867,0.05
21991,36,1,460,0.15
21992,22,1,131,0.1
21993,26,2,438,0.15
21994,53,1,1408,0
21994,60,1,1642,0.05
21994,11,1,4549,0.05
21995,54,1,273,0.15
21996,13,1,283,0
21996,41,1,4560,0.05
21996,36,1,460,0.1
21997,40,1,4298,0
21997,60,1,1642,0.05
21998,26,2,438,0.1
21998,31,1,3571,0.15
21998,16,1,2872,0.1
21999,27,2,2377,0.1
22000,49,1,2121,0.1
22000,44,1,1674,0.2
